original_index,matbench_id,formula,reduced_formula,chemical_system,spacegroup_symbol,spacegroup_number,nsites,target_n,structure_sha256_hash
2,mb-dielectric-0003,Rb4 Zr2 O6,Rb2ZrO3,O-Rb-Zr,Cmc2_1,36,12,1.867857596285113,6574b68746432fe2cfbe2286be83c502ff9c42cd2f3bbbdfa9467b2a6d7e4747
4,mb-dielectric-0005,Li2 Co1 Si1 O4,Li2CoSiO4,Co-Li-O-Si,C2,5,8,1.7932323701442967,26941259530728dbac3462bbb4d026647ed1d83ec9a7f2643c7b104d65c62aad
5,mb-dielectric-0006,Ca2 Tl2 F6,CaTlF3,Ca-F-Tl,R3c,161,10,1.6774943616398088,0adab91df43408ccd4c107676f13214d294e32b13ea96646ac9008ec72366c23
6,mb-dielectric-0007,Tl2 Pd4 Se6,TlPd2Se3,Pd-Se-Tl,P-3m1,164,12,5.083371584555542,c6159ea56810114fa5c01e05d441fbdf75e65c205a0bc145e5d5b83af95f3c6b
7,mb-dielectric-0008,Ca1 Hg1 O2,CaHgO2,Ca-Hg-O,R-3m,166,4,2.0323401126123875,33b2cf9d0cdcab7b75c71f9e9dfa990d3f003ae896f4544b95a3a121a07268ec
9,mb-dielectric-0010,Li8 Zr6 O16,Li4Zr3O8,Li-O-Zr,P2/c,13,30,2.077186558785705,79e3291af73b4aad2c93912e1be821ebde5586f1abe537d59b8aa21a99a2cbb4
11,mb-dielectric-0012,Rb2 Au2 O4,RbAuO2,Au-O-Rb,Cmcm,63,8,1.8904877677467267,2203b3ca8a6b08a1b97fa4a3353df8a14bdd3b0b6243eb98e5c34094c6798d29
12,mb-dielectric-0013,Rb2 Cu2 O4,RbCuO2,Cu-O-Rb,Cmcm,63,8,2.0107925468995194,a33c68e5213a35b8ac87c26a66a715f9f8c245e17a9e6006253d8e4c5c929103
13,mb-dielectric-0014,Na12 Mn2 Te8,Na6MnTe4,Mn-Na-Te,P6_3mc,186,22,2.2758439460267637,5a735ac726703456e08011afa62d87381ce8bf0f5a4fbed034e9fdeeb2c05762
14,mb-dielectric-0015,Cs3 Y1 F6,Cs3YF6,Cs-F-Y,I4/mmm,139,10,1.451558357995522,140461a52f1b1f477fc8bbdef5ee8deb0a8f73c32903a15d2f1b5a0e4fd1907d
15,mb-dielectric-0016,Si12 N16,Si3N4,N-Si,P31c,159,28,2.0692683892300336,1093481da6d42aec19ab89cba5b33e0493f5b56ec79e3ed19f5c6608c778c704
17,mb-dielectric-0018,Na4 Sb2 Au2,Na2SbAu,Au-Na-Sb,Cmcm,63,8,4.248906133739992,b9045124cf5d7026c3f47f16d384eb0f65da8e8edaf75f426d5b5781e9883541
18,mb-dielectric-0019,Na4 As2 Au2,Na2AsAu,As-Au-Na,Cmcm,63,8,3.5748193427546107,a177edce8a51d4def02020bda21671ba95a1bbd5788e934c29134272dcc3c3ac
19,mb-dielectric-0020,K4 Cu2 P2,K2CuP,Cu-K-P,Cmcm,63,8,2.5537053471377607,4626f1e140eccc2639df82b2a70012b11a770507ace5fcfe2ad2b3496bcbc356
22,mb-dielectric-0023,Li2 As2 O6,LiAsO3,As-Li-O,R-3,148,10,1.9014183302647014,f7de228da8814b6a281cb13c8a6b2a74deabdddcd0eef1f0e0c5f4d23f8f02c4
23,mb-dielectric-0024,Y1 Cu1 O2,YCuO2,Cu-O-Y,R-3m,166,4,2.207225030062263,3593998aeffbe9caaf2a5653918e309f4b6127795a20be5e1f9d7d69ed4e838a
24,mb-dielectric-0025,Tl2 Cd1 Ge1 Te4,Tl2CdGeTe4,Cd-Ge-Te-Tl,I-42m,121,8,3.7103414038782647,7dab307ae8faecc9e8ff5d5523ad574e99d1d207c4bf7bd87e345e2c2abe6a47
25,mb-dielectric-0026,Cd4 I8,CdI2,Cd-I,P6_3mc,186,12,2.1626032152631836,8c19ef9f629bdf7461682dfbb103947edf1caa2d3fe9fc7915a6878c1ff94836
27,mb-dielectric-0028,Cs1 Sb1 F6,CsSbF6,Cs-F-Sb,R-3,148,8,1.4138462905610778,8c748d147e764c0037bbe3fe17d6f97a57b3a7e681b19e4627b1993e9f9d2a1a
28,mb-dielectric-0029,Ag2 Hg1 I4,Ag2HgI4,Ag-Hg-I,P-42m,111,7,2.3173647389509777,1626cd237e40529a89b93a658191e048b92ee8a2ce0afd858311433742b67501
29,mb-dielectric-0030,Al2 Ag2 O4,AlAgO2,Ag-Al-O,P6_3/mmc,194,8,2.4161255486142887,b5d3b7d7efbf30a8664799a6e3d4c92a0d6ad025b52c9801aa0ea0250eabb07b
30,mb-dielectric-0031,Zn4 S4,ZnS,S-Zn,P6_3mc,186,8,2.4219759839161665,c7d6f8198def5226be45b12f963c7c8504e4174f69e451e244d39bb217785ec7
32,mb-dielectric-0033,K3 Cu3 P2,K3Cu3P2,Cu-K-P,R-3m,166,8,2.697724164303435,65c7ab6259ec94d696f8acea9019fd63c87143f5889dd711c1a3f1a8797a0794
33,mb-dielectric-0034,K4 Ge4 N4 O4,KGeNO,Ge-K-N-O,Pca2_1,29,16,1.8898024588123843,a26f8c4fda68ab3b205374d775040651dc6ff6e5f59dc07c639b9b0e7372155f
35,mb-dielectric-0036,K2 P2 S6,KPS3,K-P-S,Immm,71,10,1.9344249791644088,4d75acbe50ebe551d96448aa3cfdca4ddcdeb9b3ddee61940252c46f9f4438fa
36,mb-dielectric-0037,Ca8 Cl12 O2,Ca4Cl6O,Ca-Cl-O,P6_3mc,186,22,1.7971544174054714,1d16807421112d6e209d1644cfaec57a6999bc21bc591250253348385c60619f
37,mb-dielectric-0038,K4 P6,K2P3,K-P,Fmmm,69,10,2.189977168813812,7d46d7f3d1463b3bbba7be5214d8a8517e5e06e7750cbb34a4a842381ee30afd
38,mb-dielectric-0039,K4 Si2 P4,K2SiP2,K-P-Si,Ibam,72,10,2.338098871590616,2e6a2aede384c7717dfe49ea23b94cef47c45c34b1af7b3851ebf6cbb1e3f9f7
39,mb-dielectric-0040,Au4 O6,Au2O3,Au-O,Fdd2,43,10,3.0468834897317616,8b436dd76a336eadbdeabdec93b925a8c50059dacff6b123bbe4c3c10c970818
40,mb-dielectric-0041,Na4 Ge2 O6,Na2GeO3,Ge-Na-O,Cmc2_1,36,12,1.706842015731587,1e4a8cd3b44925813b26f6c755b0a13b492ae533c828fe56ef41a4011b39198c
41,mb-dielectric-0042,Li8 Mn12 Zn4 O32,Li2Mn3ZnO8,Li-Mn-O-Zn,P2_13,198,56,2.464982555719208,f4afba1d769e04bff34e2095eba58b4930705dfddb94511f7075c6be580b1e44
43,mb-dielectric-0044,Cd1 Pt3 O6,Cd(PtO2)3,Cd-O-Pt,Cmmm,65,10,4.168143991434717,a96c56083f0c8213d39fd80422b0e73894c905448397511c95a56d6d3967249c
44,mb-dielectric-0045,Ga2 Ge2 Te2,GaGeTe,Ga-Ge-Te,R-3m,166,6,7.057081313593224,4a130bc33e3c6df7c3638bece8320379f97b1e7cd04226cd1f1aaf2bfe73603d
45,mb-dielectric-0046,Tl2 Ga2 Se4,TlGaSe2,Ga-Se-Tl,I4/mcm,140,8,3.032020338542082,e12ef6cd027bc0a2761a459c961442a1f0d83d729dd730f37ff81582ba3f2173
49,mb-dielectric-0050,K4 As4 Pd2,K2As2Pd,As-K-Pd,Cmcm,63,10,2.928568933796844,799b980b44e94be1982ab4fefd0bdf070029ba7be6facdae8abda523c6403a8e
50,mb-dielectric-0051,Sr1 Mg2 Sb2,Sr(MgSb)2,Mg-Sb-Sr,P-3m1,164,5,3.1864654922552242,b63680afff31f867feb82d5d060cdb1f534635cb4555853ee3779c96194d9a50
52,mb-dielectric-0053,Ag4 S2,Ag2S,Ag-S,P2_1,4,6,2.6869483309757434,4df0504646f7021314a92c26a3c469b1cb86ed9d4a5824de3163efdfb392cfd1
53,mb-dielectric-0054,Ca1 Mg2 As2,Ca(MgAs)2,As-Ca-Mg,P-3m1,164,5,3.013125840938831,560b22cdfa54b4edd526b313aeabbb7a5c65790228c74789c91650c394d42527
54,mb-dielectric-0055,Li2 Be2 As2,LiBeAs,As-Be-Li,P4/nmm,129,6,3.0382326002683424,63eaa3061d05b1b767238de2d434fff9b2a0e4219151325a21b72277d5c3e990
55,mb-dielectric-0056,As4 Ru2,As2Ru,As-Ru,Pnnm,58,6,4.852215988597375,ee1919b3f356ff5bd1b4ba1b44de5ff13210287a7d95a1968218adbef3812574
56,mb-dielectric-0057,Si4 O8,SiO2,O-Si,P1,1,12,1.507309413049181,b5dd922ae4d1b1747d21fd042a2a4253f494e6f7af9759aee61ac500b16066e4
57,mb-dielectric-0058,Ba2 Sn2 Ge6 O18,BaSn(GeO3)3,Ba-Ge-O-Sn,P-6c2,188,28,1.8015767168418597,eab17a2927158f4be5df1526e7ab357ddb9d4a2d2d04c167f5e146ae4d59d983
58,mb-dielectric-0059,Zn4 Ge4 N8,ZnGeN2,Ge-N-Zn,Pna2_1,33,16,2.4532481869282337,32716be2583f3214094e88ba79987e49c51976f85fead535d2c5db728b756d6a
59,mb-dielectric-0060,Bi2 Te2 Cl2,BiTeCl,Bi-Cl-Te,P6_3mc,186,6,2.758195303696484,b508cdb8e8d902a92d125da3e48bee3b290dfe3669ed8852be3a82bbc7236384
60,mb-dielectric-0061,Zn1 Pt3 O6,Zn(PtO2)3,O-Pt-Zn,Cmmm,65,10,3.9697187137965515,71d56f82da01dd0c765397d556ad2135c49710d292ee1ec79082044b00d5a74c
61,mb-dielectric-0062,Rb3 Sb2 Au3,Rb3Sb2Au3,Au-Rb-Sb,R-3m,166,8,2.8633313930921336,d03bd28c85e7b693c7dccbaeeaf55dbe35b66fa4c2218f7dcf844f33910bae74
62,mb-dielectric-0063,K3 Sb2 Au3,K3Sb2Au3,Au-K-Sb,R-3m,166,8,3.1325708292059513,3afbc252a129cc5258238ad658aa7db56bd68876adbe1d6fca5044da926af680
63,mb-dielectric-0064,Ca1 Ti1 F6,CaTiF6,Ca-F-Ti,R-3m,166,8,1.4604641050632508,a1b1a8db77f03145d8c3ad7983e6173ecf1b2f7ae845a867314e6bcd6ff00b8d
64,mb-dielectric-0065,Rb1 Sb1 F6,RbSbF6,F-Rb-Sb,R-3,148,8,1.4052790944625002,7ce2ae08eb93919b4b5e16f45832d5d7f8d74726c50d006d7106f1ee01a10b30
65,mb-dielectric-0066,Ba3 Na3 Bi3,BaNaBi,Ba-Bi-Na,P-62m,189,9,3.968053763076638,5ea16a56b382f55dff70d44e406d4fd4bc0fcab8ba3655d2dae31bbd67ced8f7
66,mb-dielectric-0067,Li1 Fe1 P2 O7,LiFeP2O7,Fe-Li-O-P,C2,5,11,1.8668244873760003,d69fda034647b025d03fe68bc769898aa53f6667246ad0652d104fe0257af21e
68,mb-dielectric-0069,Na4 Ag2 Sb2,Na2AgSb,Ag-Na-Sb,Cmcm,63,8,3.4746702481438385,f90daa3e89ef42c0553002814a8af62b24130d5cf1dce03c3f1cc59cb754c658
69,mb-dielectric-0070,K4 Ag2 Sb2,K2AgSb,Ag-K-Sb,Cmcm,63,8,2.714283883458028,216b6e4c7f5ef7041b6b54c9f0ae743ff15e4e431df446d2f3263c9c762a711a
70,mb-dielectric-0071,K2 Be2 Pb1 F8,K2Be2PbF8,Be-F-K-Pb,R-3m,166,13,1.5250136611268135,16820ee058aa5177ba8c0646a0fa05de5b957872498b51cd59e2f2c796bcd298
71,mb-dielectric-0072,Li8 As8,LiAs,As-Li,P2_1/c,14,16,3.9303519774527405,4b4e918d7594057cd1b78dbcc1e0a2e83df8b296f933dba7d1d783955cc70116
72,mb-dielectric-0073,K2 Al1 F5,K2AlF5,Al-F-K,P4/mmm,123,8,1.350185172485611,1c25007fc76c2db824403b4e9f088da18331440319bea53fefd46e519e6f1590
73,mb-dielectric-0074,Rb2 Na2 O2,RbNaO,Na-O-Rb,P4/nmm,129,6,1.8586097851171806,ad52aec5fc490fdb57661f247e34a4c562ddabfca37f507f24b4631577fbddef
74,mb-dielectric-0075,Na2 Li2 S2,NaLiS,Li-Na-S,P4/nmm,129,6,1.9801239018472219,d8ea2af9a36b8de1fce17d3cf651ee373d29d29508cf383787c4cbbb885b7d79
75,mb-dielectric-0076,K1 I1,KI,I-K,Fm-3m,225,2,1.7655027612552967,c8234dca29ece0054bcf2ac50e91e34f6b8dc107a49868d528bda353c9c5fd76
76,mb-dielectric-0077,Zn8 As8,ZnAs,As-Zn,Pbca,61,16,4.6191629833408845,f75f4747b684285ac0f005336b1dcab2a50484125c4b5fbcc62a151149502ca6
78,mb-dielectric-0079,Rb1 As1 F6,RbAsF6,As-F-Rb,R-3,148,8,1.3964240043888014,89d5e4dc5aaec9ffd14b69c37d15663c3d0eb08cce18e4c4a75b9d81ea2983e7
81,mb-dielectric-0082,Sr1 Cd2 As2,Sr(CdAs)2,As-Cd-Sr,P-3m1,164,5,11.709114967978296,e89df8a9f8cf76467f7a8cb852d7a963b2f52420d273fd604f736ff325f0c264
83,mb-dielectric-0084,Tb5 Ag1 S8,Tb5AgS8,Ag-S-Tb,I-4,82,14,2.951872740592451,5fab003f2c05ff859fe0a6822aebfff438ecefb4ee2bc7854d749c7de3b8a494
84,mb-dielectric-0085,Tb1 H3 C3 O6,TbH3(CO2)3,C-H-O-Tb,R3m,160,13,1.7613562009618193,244931b80f868b313a9a8a8dfbccb6b0820aab1e09b128189fcd704783abb396
85,mb-dielectric-0086,Sr1 Zn2 As2,Sr(ZnAs)2,As-Sr-Zn,P-3m1,164,5,3.8789603418098255,42776e03216fdb4ca9e6985fa9690342c9aff88e9564d1b7fd939a2c40dfb679
86,mb-dielectric-0087,Sr2 C2 O6,SrCO3,C-O-Sr,C2/m,12,10,1.6407889362539392,60b6b26ca0f8e240092c750ffa567d22f0e6dff4e1240ab6639e315ce14f657d
87,mb-dielectric-0088,K1 Y1 O2,KYO2,K-O-Y,R-3m,166,4,1.885771283409888,1ed95f7a32932246c9dfa29eebbc3b20fe454b1476b9e0c50797156303c29113
89,mb-dielectric-0090,P8 S10,P4S5,P-S,P2_1,4,18,1.8867078911868331,1af5311728468dc8489b0f8374cf1d0d2542bc471322b4d2c38884f8543b6ec5
90,mb-dielectric-0091,Li3 La1 Sb2,Li3LaSb2,La-Li-Sb,P-3m1,164,6,4.026095378900008,5fa74ed71875b542376826faffded74a88a9ddae1958b549b141c0f93c80a217
91,mb-dielectric-0092,K4 Ag2 As2,K2AgAs,Ag-As-K,Cmcm,63,8,2.6416650683486123,7d0ae27485002659fabbf7b8a85391bc3efa2b971bc560723ad315a9659674db
92,mb-dielectric-0093,B1 As1 O4,BAsO4,As-B-O,I-4,82,6,1.7483560850124324,b2092210a29b889c175b1f4eff4a3cda1154fe2f6cc034bc0195388f186af30b
93,mb-dielectric-0094,Na2 Y2 F8,NaYF4,F-Na-Y,I4_1/amd,141,12,1.5010968003219318,f6aa39436a9c4349eba400e106c5da7a1d22701c70da98b6bf2a0e6017e0338b
95,mb-dielectric-0096,Rb2 Te2 Au2,RbTeAu,Au-Rb-Te,Pmma,51,6,2.451418976837701,c9d514401d8c1dc8367f25c828af16493dda4ba4145642182c68300d42840e65
96,mb-dielectric-0097,Mn4 Cr2 O8,Mn2CrO4,Cr-Mn-O,C2/c,15,14,2.454645120311013,b04dfaf71ce81a8df956a6a951249887ebe2aa31653f50bfb4c2f64e85115e06
97,mb-dielectric-0098,Cs1 Be4 Al4 B12 O28,CsBe4Al4(B3O7)4,Al-B-Be-Cs-O,P-43m,215,49,1.0,98fd1cd6fd9dbfc2c99ffb90c479a6413ab1304f8d75ee2348c0ffaa8559a977
98,mb-dielectric-0099,Zn1 H2 O2,Zn(HO)2,H-O-Zn,C2,5,5,1.8294292370390646,9da05d57ad5c4fa31ba4980bcdcb2d3255a61f0cf32318640da989579ca69a3a
99,mb-dielectric-0100,Te4 O8,TeO2,O-Te,P4_32_12,96,12,2.3709354693875584,ebb22fcd00df92265a5c20d7e646ba6d2f384e70f1d89b39ec1fef73bbd796a3
100,mb-dielectric-0101,H3 Br1 O1,H3BrO,Br-H-O,P1,1,5,1.6240468999795952,8af559240503d1ec22b5fdb7abadb83103e0ee5580f282934cce1e8ad4d6f165
102,mb-dielectric-0103,K4 Ge2 As4,K2GeAs2,As-Ge-K,Ibam,72,10,2.6771061490597114,77fa627e27bd6f479c3f47a98974700a04d6550fa8fc29b2da708d8b277fe088
103,mb-dielectric-0104,Cs1 Au3 Se2,CsAu3Se2,Au-Cs-Se,P-3m1,164,6,2.271348718272904,77749e5aea628f03018d07eaa1e3b907b8f79a18c62dc65cd93cff8fd0b39f4f
106,mb-dielectric-0107,Sr1 Zr1 N2,SrZrN2,N-Sr-Zr,R-3m,166,4,3.3895555264173876,220cdeae8878866d6b900b6aaa2d14d6384d1b92e599f0c8938a697604ab93ea
107,mb-dielectric-0108,Sr1 Hf1 N2,SrHfN2,Hf-N-Sr,R-3m,166,4,3.3035334618125787,a829a85887a9f00d6fd128d645a43a6713e1c372f7483d9144e160c3cb71ae12
110,mb-dielectric-0111,Ba1 La1 Zn1 Ru1 O6,BaLaZnRuO6,Ba-La-O-Ru-Zn,I-4,82,10,2.6635447558970484,c277fbb1ac5c92c0d904d75d5beb37e0a029a9b3930f6426caf685abbc26ca32
111,mb-dielectric-0112,Tl1 Sb1 F6,TlSbF6,F-Sb-Tl,R-3m,166,8,1.5213994654045815,5e04856fafdf75b07d6016a6d9bfa332adf1f8ff6c07ef601ad0949bd7afd749
112,mb-dielectric-0113,Al2 Cu2 Cl8,AlCuCl4,Al-Cl-Cu,P-42c,112,12,1.7202859258468248,22bc6cf8d6c7317c16057afabcfbd123b1c25e07885d54af2f1f4ec51aae2906
113,mb-dielectric-0114,Ba2 Se2 O6,BaSeO3,Ba-O-Se,P2_1/m,11,10,1.81589940984259,db32ee7137b4df24ec381497cc819375a130307d0a6b63c99b37116fe9d15db5
114,mb-dielectric-0115,K1 Nb1 O3,KNbO3,K-Nb-O,R3m,160,5,2.314658002095917,5f9a42c4197d508b7f3ecf1bd3f4388715b7ef3365807ad0626a68c00c12696d
115,mb-dielectric-0116,Ca2 Gd4 S8,Ca(GdS2)2,Ca-Gd-S,I-42d,122,14,2.8430924477861583,5ad9304d6c331c750eef443ab9f77ef552c74bc831a15f742b498577c51c1eda
116,mb-dielectric-0117,K6 C2 O6 F2,K3CO3F,C-F-K-O,R-3c,167,16,1.4898545790270756,a1f485342d33569a4ffbea68819905088c5f87c283a01d759138ccc46b06b80d
117,mb-dielectric-0118,Sr2 P12 Pt8,Sr(P3Pt2)2,P-Pt-Sr,C2/c,15,22,4.339277973734212,80a532106b63372ce23539d77ff02b63fd79cc7bfacd86bac71a6961fe0c37e3
118,mb-dielectric-0119,Sr4 P2 O1,Sr4P2O,O-P-Sr,I4/mmm,139,7,2.699608860557401,10de98172e985471b4711b4856aa17d4b160d77658cfd590c90d19fb824e70a1
119,mb-dielectric-0120,Ba1 Ti1 F6,BaTiF6,Ba-F-Ti,R-3m,166,8,1.6108441886166378,285801c1f0ac94d050561c5721af1673194b895e0f369fad17367f78719b66b2
120,mb-dielectric-0121,Ba1 Sn1 F6,BaSnF6,Ba-F-Sn,R-3,148,8,1.5332039438161322,48f60a75b927aad6ae1e7d47328e76a794e0c31e08a065b49444b384b95ac3e9
121,mb-dielectric-0122,K2 Zn2 Sb2,KZnSb,K-Sb-Zn,P6_3/mmc,194,6,4.977921085486728,0d0a7dec1f745a1b466e091e4e3105bf0aa3ca0d738ec2b94fd8b6e9cde14387
123,mb-dielectric-0124,Li4 Mn8 O13 F3,Li4Mn8O13F3,F-Li-Mn-O,P1,1,28,2.2661178257098635,2cc9dd852e7895a97f7374708e4e926d0f94e16c88131999c1e46028923dd854
124,mb-dielectric-0125,K4 Hg1 P2,K4HgP2,Hg-K-P,R-3m,166,7,2.2153718273313205,91888146b5516e17b76fdc7789af20af76f225fb58f4f381a41820e23ba3c5d6
125,mb-dielectric-0126,Na4 Cd1 P2,Na4CdP2,Cd-Na-P,R-3m,166,7,2.4708035804841506,3e854f633a71dbf46110f8b364a197db5db223ec456a7f5fa424f61668817ec8
126,mb-dielectric-0127,K2 Na2 O2,KNaO,K-Na-O,P4/nmm,129,6,1.796831748754828,b9b74f68dae84e85eea1f0bf2c9148ffef6e01f8141afdc41dde1f40f08f43b9
127,mb-dielectric-0128,Zn1 In2 S4,Zn(InS2)2,In-S-Zn,R3m,160,7,4.4490205289104585,d83d183213c7fc1157c004e6fcba6da7190c44f21820909732373cab8d38dc51
128,mb-dielectric-0129,Ag3 S1 I1,Ag3SI,Ag-I-S,Pm,6,5,2.8963630067149158,b7e7e1f0a72e4b18deaf43500b2d743f85e5413cb72cc75ca78c8758fae1886b
130,mb-dielectric-0131,Ca1 Pt1 F6,CaPtF6,Ca-F-Pt,R-3,148,8,1.5685820560833765,3a34a88e18b710e15703ac03f01efd4a909e36f39f79593c1245e5db339214ca
131,mb-dielectric-0132,Ba2 Hf1 S4,Ba2HfS4,Ba-Hf-S,I4/mmm,139,7,2.596806821206896,b2897db7825734f8025342c5ea66d545b2a556dff937ca098e5fcaad29315606
133,mb-dielectric-0134,K4 Mn2 Se4,K2MnSe2,K-Mn-Se,Ibam,72,10,2.0910867190689677,afc60c3b61bd6fbd3370685e918e4bb6e3d6c8551f501a257f45f6a90eab194b
134,mb-dielectric-0135,Rb4 Mn2 S4,Rb2MnS2,Mn-Rb-S,Ibam,72,10,2.000526847274647,a4c8e717071e1b0263d0b3cc5e6ef9c177ef3359fb95b5c8c13d17a1e5318344
135,mb-dielectric-0136,K4 Mn2 S4,K2MnS2,K-Mn-S,Ibam,72,10,1.9960270539248668,e48e4ae2dcea0ca05b58909d32551458093cf5b1bb81af927617981f2fc4600c
136,mb-dielectric-0137,La2 Se2 F2,LaSeF,F-La-Se,P6_3/mmc,194,6,2.5115599402230737,dfa341af6d507aeed7c9f3ce3bb069d4708eb20184a12a62571890a98eacc32a
137,mb-dielectric-0138,K2 Zn2 P2,KZnP,K-P-Zn,P6_3/mmc,194,6,2.918650829864154,04b776f5d11ebd582961858f347cb35416e708128ffa8d42b90069668be23bf4
138,mb-dielectric-0139,Cr2 H2 O4,CrHO2,Cr-H-O,Pmn2_1,31,8,2.259266178799361,288b2552d64324bf758c84c245580a87aec70d858b2e8c66c53a7a5872aba274
139,mb-dielectric-0140,Li5 Fe1 Si2 O8,Li5Fe(SiO4)2,Fe-Li-O-Si,C2,5,16,1.738807062327503,2fe6815e74e5b5f8db2bd93d6037ef887a14112786fb165ae72ef0a1e2f94ffe
141,mb-dielectric-0142,Cs2 Ge1 F6,Cs2GeF6,Cs-F-Ge,Fm-3m,225,9,1.420801182431946,e89a222cce78ab160b2e50fda78496b0e4e3c6ba86aa2e95772421a308509149
142,mb-dielectric-0143,P2 F10,PF5,F-P,P6_3/mmc,194,12,1.3042239071570518,55671cbaac6436373523cc99745313aa8f0d23b0384c99c111dca32eb1d7db7b
145,mb-dielectric-0146,Rb2 Pt1 F6,Rb2PtF6,F-Pt-Rb,P-3m1,164,9,1.5347608934293397,a1906743991a8837e27151d1438f4271de123a0b19962fa1df2a965187765c7b
146,mb-dielectric-0147,K1 Sc1 O2,KScO2,K-O-Sc,R-3m,166,4,1.9665045130891439,2db8636f87d039a3595ef4b9d020641a0702ec74f527529577c7ebac09d7fa78
147,mb-dielectric-0148,Rb1 Tl1 O2,RbTlO2,O-Rb-Tl,R-3m,166,4,2.3034223812984687,37b3ab3a81b25a0f5c7687b424c59c4babd6f107fa1dc1271805c44af136cca2
148,mb-dielectric-0149,Ca2 Fe2 O4,CaFeO2,Ca-Fe-O,P-42_1m,113,8,14.019079689242565,1be7a1339ca1538721640fee66fb95192fad77b446bee5ae2c6b715b2a69dc5f
149,mb-dielectric-0150,Rb1 Sc1 O2,RbScO2,O-Rb-Sc,R-3m,166,4,2.007593335314689,2c89826ccdc9700eacd3dc072c339132922560a5d1d0f848c48e358097928932
150,mb-dielectric-0151,Na8 Al6 Si6 I2 O24,Na4Al3Si3IO12,Al-I-Na-O-Si,P-43n,218,46,1.5591555406693711,5aa75fc80d991ffc5851edc4f988341222863828af5a53e4a64b8b55706f2391
151,mb-dielectric-0152,Al2 Hg1 Te4,Al2HgTe4,Al-Hg-Te,I-4,82,7,3.054270234715106,5c2e3735907d6f1f90828cd60de2aa660cfa64006fc7a01ce87c73fd534a6ec2
152,mb-dielectric-0153,C1 S1 O1,CSO,C-O-S,R3m,160,3,1.4748881313509725,b06361478396f06358e293144ef9a0898f0c9fca624753b1f3845518aca006a0
153,mb-dielectric-0154,Li5 Mn5 O9 F1,Li5Mn5O9F,F-Li-Mn-O,P1,1,20,2.270900995933846,a88a24ac882742582f175b41951b32abb97328f380e8c9a0b7c99b6b47ed1e92
154,mb-dielectric-0155,Ca1 Cd2 Sb2,Ca(CdSb)2,Ca-Cd-Sb,P-3m1,164,5,6.256365132140762,094c1dc88b2d9ec9f2b088cf170eba91041caea508a1658f18665daa43706a28
155,mb-dielectric-0156,K2 U1 F6,K2UF6,F-K-U,P-62m,189,9,1.5889969582517507,e1fa0b02f71715d3c771175ba150463922513d68b1ef64991b9786bff5c2b943
156,mb-dielectric-0157,K3 Au1 O1,K3AuO,Au-K-O,Pm-3m,221,5,2.2260123539639207,ca5c3ed9923995e5b2b7bc422d402b968a012fcecba461993928b38e0055fc80
157,mb-dielectric-0158,Zn6 S6,ZnS,S-Zn,P6_3mc,186,12,2.4263989092205533,82ef44ca7a045a43f99f67b73962cf49ba6f92a74301073762a5a149d1c220e0
158,mb-dielectric-0159,K2 Zn2 As2,KZnAs,As-K-Zn,P6_3/mmc,194,6,5.88881292508657,b576c416bfa529c14f2d31a88e9c8968df9cfd3c3a4e74947aea709eb1624ec4
159,mb-dielectric-0160,Sb4 Pd8,SbPd2,Pd-Sb,Cmc2_1,36,12,1.0000000000000047,5eb83ab1eb68b514bf230fff9f101c158a0f018f267d8d80c8b2e5e5e4acfabd
160,mb-dielectric-0161,Tl1 Cl1 O4,TlClO4,Cl-O-Tl,F-43m,216,6,1.5855645682216792,6ad143ad54a0197e602bacbe980f1f16832c29773b83eda748b9507c854cff7b
162,mb-dielectric-0163,K4 V6 O16,K2V3O8,K-O-V,P4bm,100,26,1.8426493607484487,8bf4e999e0477a1c0b21cbabdc6e56a9b53b1f9e6f9561dde9a87e1a77c91c3f
167,mb-dielectric-0168,Be2 H16 S2 O16,BeH8SO8,Be-H-O-S,I-4c2,120,36,1.4714697867551794,9756b329edbdcc7743c23211e5569a512812600692f1ce6d1139328bc9d8cfdd
168,mb-dielectric-0169,Tb4 Yb2 S8,Tb2YbS4,S-Tb-Yb,I-42d,122,14,2.7889780685166143,a8f62efb27ace7ef1ebf2a097615e8736a871ba7bdc438803d1e8906f2cad578
169,mb-dielectric-0170,Al1 Fe1 F5,AlFeF5,Al-F-Fe,Immm,71,7,1.459316735096724,59eda341f04d1bb474da66469f2052a87c15db5e08b44c1edf142a6a6c4e1d39
170,mb-dielectric-0171,Ba4 As2 O1,Ba4As2O,As-Ba-O,I4/mmm,139,7,3.0586418554646158,c5ccdf6eae0cafd96220376a6a5f28ec488006539e8ab8360ccc2f15cba7e987
171,mb-dielectric-0172,Fe5 Cu1 O8,Fe5CuO8,Cu-Fe-O,F-43m,216,14,3.5623479616679803,f00988885b8cf6fdd4296c2ebed07129a35523a9435d749cc374269c8198df03
172,mb-dielectric-0173,Tl4 F4,TlF,F-Tl,Pbcm,57,8,1.9497008317517162,c1508fbd8417ad670fed6eae848a871d0c5c69ea8d5b8de27a6f5f171f420729
173,mb-dielectric-0174,Ba2 Cu4 O4,Ba(CuO)2,Ba-Cu-O,I4_1/amd,141,10,2.4331128895580143,b717f424f23e0c1bc917045a9c842442273b360509a4c1b02b732afbd0ff792a
175,mb-dielectric-0176,Li1 As1 F6,LiAsF6,As-F-Li,R-3,148,8,1.4155093311908904,fc3caea95bc8b1257f6e2a5a80e46f0b836828ff0a403a211904ff859947d596
177,mb-dielectric-0178,Ca6 V2 N6,Ca3VN3,Ca-N-V,Cmcm,63,14,2.825056577604538,9d2932caf4df060334d6d587dec54a8b22d7920ce1a8af22a9a12d928f05ea53
178,mb-dielectric-0179,Ba1 Sb2 O6,Ba(SbO3)2,Ba-O-Sb,P-31m,162,9,1.8561662102301122,26c0448444140e7c7dee477c73f0e50cb4ca22eede25507f648a968e76ffa17e
179,mb-dielectric-0180,Ca1 Sb2 O6,Ca(SbO3)2,Ca-O-Sb,P-31m,162,9,1.8927030934618352,b0754679a880acac4506f08d3071c60a9cf0b042fb15054c028b6941c7d4bf5c
180,mb-dielectric-0181,Sr1 Sb2 O6,Sr(SbO3)2,O-Sb-Sr,P-31m,162,9,1.8584589494166042,819ca8076cd5d2ac5de75e70c73bba9561f37a7521bbac63baac2649957ca4eb
182,mb-dielectric-0183,Ta2 Cr2 O8,TaCrO4,Cr-O-Ta,I4_1md,109,12,2.4011490304990786,1447f4c4bef0498d49f26abcc895cf02dd0024227f900464bedda335429eb926
183,mb-dielectric-0184,Zr1 Pd1 F6,ZrPdF6,F-Pd-Zr,R-3,148,8,1.6488897274630965,92a5802168bdee1e07ec3700371c1666146eccc6492b00ef17e1056dbddf83af
184,mb-dielectric-0185,Cs1 Ga1 P3 H1 O10,CsGaP3HO10,Cs-Ga-H-O-P,C2,5,16,1.5793555647795086,ac4a3cb94da0c101878486280b9fed9a243aab7941b73de7044c286f0f303a7b
185,mb-dielectric-0186,Sr3 Ta1 Ga3 Si2 O14,Sr3TaGa3(SiO7)2,Ga-O-Si-Sr-Ta,P321,150,23,1.849595361153356,ba366aa99d705793d651caa17b4440541fad2abe85ec23f7013030cdc83e3b4a
186,mb-dielectric-0187,Zr1 Pb1 O3,ZrPbO3,O-Pb-Zr,Amm2,38,5,2.4755692274707246,53d202058c9e39a1759432bc9945e2770157ec1fce64d1358cd846af68140107
188,mb-dielectric-0189,Cs2 Nb1 F6,Cs2NbF6,Cs-F-Nb,P-3m1,164,9,1.6105499060879795,2bed0212193e5e4c15fffcc41342126e9cb6c3467ff5479b25e6f243d3fcd722
189,mb-dielectric-0190,Ba2 S4,BaS2,Ba-S,C2/c,15,6,2.230919093108781,d74b198e00bdde4f73d9da147298ec48a989b8e0681d5c7833daa775837b2437
190,mb-dielectric-0191,Ge12 Os8,Ge3Os2,Ge-Os,P-4c2,116,20,4.79557945751432,91d955369232e38232d7a68210053ae866aa650496e0f6468bac02154f2f06f4
191,mb-dielectric-0192,P8 Pt4,P2Pt,P-Pt,Pa-3,205,12,4.4323056452971885,cf6e728533a527ac1e3da2413d3d5a8c4cb6e9a49aaa8844c62856601a9d2a4c
193,mb-dielectric-0194,Sr8 Cu4 O14,Sr4Cu2O7,Cu-O-Sr,P2_1/c,14,26,2.8195241915377616,479aa755ec495046e1c9ccd1353bd5f3b5d2fcfc090200d615e639d7828f847e
194,mb-dielectric-0195,Sc4 S2 O4,Sc2SO2,O-S-Sc,P6_3/mmc,194,10,2.5211395571579667,20312c10c911f9f4414cd0b8d215735dbc854b072c1eeecef4d479a23936d44b
195,mb-dielectric-0196,Zn1 Ga2 S4,Zn(GaS2)2,Ga-S-Zn,I-42m,121,7,2.4576931595841387,b66d753cdcc42b979789e35addce361adf690d9ec73566ffce237f8feee81950
196,mb-dielectric-0197,Si16 O32,SiO2,O-Si,I-42d,122,48,1.4782042033043565,11eac942eedce26bbd066c65f5aadb62419ec945d7b09bb1e33f8b4c877eeef0
197,mb-dielectric-0198,Cs2 Hg1 F4,Cs2HgF4,Cs-F-Hg,I4/mmm,139,7,1.631620973142971,707203542734899f11a07ebf0354dabe00f18eea3d078830d5dc153395563df7
198,mb-dielectric-0199,Rb2 Hg1 F4,Rb2HgF4,F-Hg-Rb,I4/mmm,139,7,1.57942700580517,a4f3dbbd2b7a9de9a349e8746608dba3b99472ac3306e80721cf806970113f30
199,mb-dielectric-0200,Rb3 N3 O6,RbNO2,N-O-Rb,P3_121,152,12,1.526946517290854,25d5b6aab1e6cbef20cdef737f02c074ed094877539aaa26c5487c443161fa1a
200,mb-dielectric-0201,Zr4 S4 O4,ZrSO,O-S-Zr,P2_13,198,12,2.781247561796684,52efb8511a56f3f914dd1fde81ed2e8a24b894884c44fd9aab31382929a896d8
201,mb-dielectric-0202,Sn1 Se2,SnSe2,Se-Sn,P-3m1,164,3,3.859015418471421,784c0afc1145c5545771223a6bf2f5c508c5326afc34b4ecf66e8d3e1245fab3
202,mb-dielectric-0203,La2 Se1 O2,La2SeO2,La-O-Se,P-3m1,164,5,2.333123228635809,c545a4f9263b83fb8104b6feb110761def58ca4c6aedde3ed04a880f1d193fd8
203,mb-dielectric-0204,Rb2 Mg1 F4,Rb2MgF4,F-Mg-Rb,I4/mmm,139,7,1.4509832298594512,81875f254f335d0a939feb123771559559932fd0bb4590b1f274bced1b3c4d76
204,mb-dielectric-0205,Cs6 Cu6 Cl18,CsCuCl3,Cl-Cs-Cu,P6_122,178,30,1.913883747775708,f75b691d2ec7188b98918b63683bf48143dc2d8e39ae788ba51c809f23caf7c7
205,mb-dielectric-0206,Rb2 Na2 S2,RbNaS,Na-Rb-S,P4/nmm,129,6,1.8947872351973105,bf376531c669298aa5130f40645f0f039afffbd84a43e638771e8db40e8da467
207,mb-dielectric-0208,Rb2 Li2 S2,RbLiS,Li-Rb-S,P4/nmm,129,6,1.9404639479602124,37169a2a4c43c58e4fba1ea350849c76b065be583eeec4a2c0682a3120d65928
208,mb-dielectric-0209,As2 F10,AsF5,As-F,P6_3/mmc,194,12,1.347837774610385,dcda2ff1fc189e569e753f0e82af6bf8e62fcf6ae3f8d2a6b3db21d7fdb3c6b6
209,mb-dielectric-0210,Li5 Cr2 O8,Li5Cr2O8,Cr-Li-O,P1,1,15,1.8718011824621403,4daf2413267548dadee39afa333b5cd04910ec6fa28b983094c504b723c6075b
210,mb-dielectric-0211,Ba1 Be1 Si1 O4,BaBeSiO4,Ba-Be-O-Si,Cm,8,7,1.7136056528073587,86305dc174a3670d354cf1d80b128f2d09e26f7404ebab641ba435d0cbe5103e
211,mb-dielectric-0212,Ca3 Cd1 O4,Ca3CdO4,Ca-Cd-O,Cmmm,65,8,2.062161972299945,2965814d5b98d4f74a05f87f72bfbdf5d03a7102843b0c40acc6379885fe8001
212,mb-dielectric-0213,Cs3 Li2 F5,Cs3Li2F5,Cs-F-Li,Fmm2,42,10,1.5073215759529661,3c2aee31673e7e9264e481205c64a5cdf55daebbe940642e6c5159e3e42213c5
213,mb-dielectric-0214,Sr1 Fe1 O2,SrFeO2,Fe-O-Sr,P4/mmm,123,4,2.266571346034946,3f47afdb4e7427b9f87eb93c58538449faf2632c4b85213b07cebe54294ea6af
215,mb-dielectric-0216,Ti6 N4 O6,Ti3N2O3,N-O-Ti,Cmc2_1,36,16,2.9652321438070692,2d21a616060ac1e4009a0541b4e103e1e33f60a393b40760768650cbf8307526
216,mb-dielectric-0217,Mg2 Al2 Se5,Mg2Al2Se5,Al-Mg-Se,P-3m1,164,9,2.417878339922559,5c869f9e84c539b4fc20386dbec7164ddbb751f20692cb28c87a2744c3f80ac2
217,mb-dielectric-0218,K4 Ag2 P2,K2AgP,Ag-K-P,Cmcm,63,8,2.5917249082416105,b3775bdd04b51cfb3dc77e3bd64181d0e87d1f4a72548aed1b222bf0dfdc1329
218,mb-dielectric-0219,Li2 Si2 P2 C2 O14,LiSiPCO7,C-Li-O-P-Si,P2_1,4,22,1.5793628462136242,f7e1ea0777c923b665f213ecb64e7a12976d3cd8fdbf0c5915046384b151d9ec
219,mb-dielectric-0220,Ba2 Sb1 Au1,Ba2SbAu,Au-Ba-Sb,Fm-3m,225,4,4.3378687163168035,76e396c61c689e6070fb77fb51c51d47d360d99ca73d69dc8a6a700ee588287b
220,mb-dielectric-0221,K3 Nb3 B2 O12,K3Nb3(BO6)2,B-K-Nb-O,P31m,157,20,2.122921257764088,21b7e364e4f99f92cb683b6307653c9a292d8bfd5e89c08e0d2424bc14ecda1e
222,mb-dielectric-0223,Sr4 Nb4 O14,Sr2Nb2O7,Nb-O-Sr,Cmc2_1,36,22,2.184187034115888,d8593dbe5ea152cb097f5b6cfc602a50c33efabffa3ce11b5bbef21b6e0e6117
223,mb-dielectric-0224,K12 Sb4 O12,K3SbO3,K-O-Sb,P2_13,198,28,1.7303066202266,bd4bb7fc1546b66ef844f8b5fe6f10dddd6fca18077d40c8661a9b411fe3c62a
224,mb-dielectric-0225,Na6 Ge3 F18,Na2GeF6,F-Ge-Na,P321,150,27,1.3672717359764388,418d157af4057e971b188ffde37a177a04e836a03cdba073d41730735a640e40
226,mb-dielectric-0227,K12 Mn2 S8,K6MnS4,K-Mn-S,P6_3mc,186,22,1.929759311399838,81bff7e2ba35ca9e24cebd9dafec85311f0e07a8ba45c566031c8ee753c8b8d8
228,mb-dielectric-0229,Ge1 Bi12 O20,Ge(Bi3O5)4,Bi-Ge-O,I23,197,33,2.4977329721169017,ba238dc9d5514a2a0e0fdf28ebe6bc3496f1dcb91da00e97cde8954eb17a777f
229,mb-dielectric-0230,In1 P1,InP,In-P,F-43m,216,2,3.6371991971845548,11548de1ad64b8da040f387065358fcdfeac3aed471ca289c2f83d785a50f3f9
230,mb-dielectric-0231,La7 Y1 Al8 O24,La7YAl8O24,Al-La-O-Y,Pm-3m,221,40,2.160555484129025,64e6f1796f0a00bf519cf05996269c7eb45fdc14c8cc9b1b00957ebdf7ccde59
232,mb-dielectric-0233,K4 Nb8 Si1 P4 O34,K4Nb8Si(P2O17)2,K-Nb-O-P-Si,P-4m2,115,51,2.139465353774162,a7e4d8142fd0b3757928d49c056259c57a1da04ee8674f6badaa45d01f676531
233,mb-dielectric-0234,Li4 Nb4 N8,LiNbN2,Li-N-Nb,Pnma,62,16,3.0773463676789232,1ac707590b75eec3f78be2b2c4b3a3848e05cf6d1a6a9e174329f9c36b691844
234,mb-dielectric-0235,Li6 Sb2 S8,Li3SbS4,Li-S-Sb,Cc,9,16,2.4093299206764245,37bb7ddbe5cb908efca0c20bf36a33be210e199a71ef86396e424353d226d6eb
235,mb-dielectric-0236,Li8 Ti12 Zn4 O32,Li2Ti3ZnO8,Li-O-Ti-Zn,P2_13,198,56,2.2361826848448674,c2f0453d70475a9a0107d201bbe115b7787d5248d3f5e23d2b8142a57f9406d7
237,mb-dielectric-0238,Al12 N4 O12,Al3NO3,Al-N-O,Pnma,62,28,1.9045086855494604,af4fc1b14544341cac04222c72c271836c43da07dd54a13579b32b2d23fde244
239,mb-dielectric-0240,Zn8 S8,ZnS,S-Zn,P6_3mc,186,16,2.424527445366089,3e1223df885cdc043753bcb7acc18b5b9ffcd58b9b39ddc0efd5a716fc9439b9
240,mb-dielectric-0241,Na8 Sb8,NaSb,Na-Sb,P2_1/c,14,16,3.76040777930621,03c6a2ba9603d4b7e4d9a6f5a5b46539a2e284375d3a5c53acb79880fd6137de
241,mb-dielectric-0242,Ca1 Pb1 I4,CaPbI4,Ca-I-Pb,P2/m,10,6,2.0860419458869948,43192bd17dad69a975dbaf4d3e7db1e980eeee9f1b14fd27bbe7fcaa58af880c
242,mb-dielectric-0243,Li2 Sb2 W2 O12,LiSbWO6,Li-O-Sb-W,Imma,74,18,2.0207690365033013,d4d58b54afc8947a2207410c9517640b3c251b934fe7075ed22255e8ae7ee387
243,mb-dielectric-0244,Mg2 Ga4 O8,Mg(GaO2)2,Ga-Mg-O,Imma,74,14,1.977507353547221,4882347a42f20c5c8e1e13314548065caa7e3af3a3876aba78faccc57ef9525d
245,mb-dielectric-0246,Na2 H18 O10,NaH9O5,H-Na-O,C2,5,30,1.4453357164802,da51d1812a2663484f8ecf557961f49d70071fd60c11213c2ab439fb66ed7f3b
246,mb-dielectric-0247,Al2 Hg1 Se4,Al2HgSe4,Al-Hg-Se,I-4,82,7,2.670568541216146,6a89d3a2c1fe2dabc27d8b7510587d6bbca871857bd63652cada2640dff8c4da
247,mb-dielectric-0248,Rb2 H2 F4,RbHF2,F-H-Rb,Ima2,46,8,1.387506756740305,99e22982b0d3fb6c16593a706e5d4aeafe9a16c1715c23010cc10b98d2f0878d
248,mb-dielectric-0249,Ba4 Na4 P12 O36,BaNa(PO3)3,Ba-Na-O-P,P2_12_12_1,19,56,1.5823539427068773,f92246268c63332ec7a845d478e1a239d6484d67bcfe9654b8c81456f98fc52a
249,mb-dielectric-0250,Na2 Pd3 O4,Na2Pd3O4,Na-O-Pd,Immm,71,9,3.1279352081951273,a75100736c275709e7fcdc770270fa21cefc0616b4534b3719ec83df35a7f50e
250,mb-dielectric-0251,In2 Hg1 Se4,In2HgSe4,Hg-In-Se,I-4,82,7,2.9445298436252942,31fd2df88f8a1ba8c26f365482f4fcd271c8908af93b6dd09c8815fbe83d75fd
252,mb-dielectric-0253,Rb1 La1 Se2,RbLaSe2,La-Rb-Se,R-3m,166,4,2.262070364363887,666d5b7875f51f5799f04dd1632433afb700bbcb7106445b43019f9843aa473f
253,mb-dielectric-0254,Li2 Al2 Si4 H4 O14,LiAlSi2H2O7,Al-H-Li-O-Si,P1,1,26,1.5511993209556705,fa037b078736494d728f20e1ba6ad953a33bb0fe10c1648868948999093b0e31
255,mb-dielectric-0256,Sr3 P6 Ir6,Sr(PIr)2,Ir-P-Sr,P3_221,154,15,6.252679425654279,ed173cc1e8ad4f6311f700abb0b4ddbb8e73cc271c4f3c54b0fe88853b14d2c9
256,mb-dielectric-0257,In2 Ag2 Te4,InAgTe2,Ag-In-Te,I-42d,122,8,3.5602727423611795,b2e4ea0d381d231e0f1b41980d6863989c416a068576191ee3442993de4179aa
258,mb-dielectric-0259,Ba2 Zn4 Si4 O14,BaZn2Si2O7,Ba-O-Si-Zn,Cmc2_1,36,24,1.73889744761827,a1e825c63d6c971d2d95ee5e0e18f2ffa65e0219c611742f22994aaccaa3156b
261,mb-dielectric-0262,Na3 Ti2 P2 O10 F1,Na3Ti2P2O10F,F-Na-O-P-Ti,C2,5,18,1.7553960174138408,12f8d2d47151ce95b4267fe000f0c93b6dd1f55b302c45383e2316c89a1003c8
262,mb-dielectric-0263,B3 P3 Pb3 O15,BPPbO5,B-O-P-Pb,P3_121,152,24,1.89708820740278,562e78a7cd9f22cc03f6817590a001d9cb9fb090b5de6af585edcf77f9c97bba
264,mb-dielectric-0265,Rb1 Hg1 F3,RbHgF3,F-Hg-Rb,Pm-3m,221,5,1.7387624909687924,c85b57a39649ce971e7e23d5d360cec86d00d5bd5259b1262ae8c0698a115f41
265,mb-dielectric-0266,Li8 P8,LiP,Li-P,P2_1/c,14,16,3.288211266529773,7d0cfc8cc241cb2217bafec42ced4ce682f0ed44b1a7ac17ef3554824422139f
266,mb-dielectric-0267,Be4 P4 H12 O20,BePH3O5,Be-H-O-P,Pna2_1,33,40,1.5288308168880775,bad2fb584ba32a151b617791e2f7aab300d4218c6d3221b9443b5dc5d8e79bb1
267,mb-dielectric-0268,Cr3 O8,Cr3O8,Cr-O,C2/m,12,11,2.485578581276071,9975cfc000280c15b32d2dee0565d0b1a0e6dbaa0a52ab83333e537deb23731b
268,mb-dielectric-0269,Na8 Al6 Si6 S1 O28,Na8Al6Si6SO28,Al-Na-O-S-Si,P23,195,49,1.4715369516257482,d305e09fbcb418edc10562187bb61a7af3485b14f10270c3876855bd2a830d15
269,mb-dielectric-0270,K1 Cl1 O4,KClO4,Cl-K-O,F-43m,216,6,1.4291231577439372,108a9008e500e4ed83105d17fba1816197eab0cc8a5f1ebcadd06e66805f95c8
270,mb-dielectric-0271,Ge6 As6,GeAs,As-Ge,C2/m,12,12,3.7453526759981965,e420a50a0cb05bdf0cb871482b99126de1f2c7b40f44f4a0a47380bd079d4762
271,mb-dielectric-0272,Na3 Li1 Mn5 O9,Na3LiMn5O9,Li-Mn-Na-O,P1,1,18,2.676233235974274,676f35e349596aa612ca0669ea3f3d47bd1ece9b63b7cdddd2209bbeabd779a7
272,mb-dielectric-0273,Na2 Y2 P4 O14,NaYP2O7,Na-O-P-Y,P2_1,4,22,1.6144476867750572,0fc546cab5c1eaea6b2364ff97d882526e6a17c46855ed53e6f17d554cfa91c7
273,mb-dielectric-0274,Na16 Sn4 Te16,Na4SnTe4,Na-Sn-Te,P2_12_12_1,19,36,2.573402740860176,1970d05745ca59195839f7731f6331f434c0d89eed520518f6580621deb7ae6b
275,mb-dielectric-0276,Ba4 Cu2 Ge4 O14,Ba2CuGe2O7,Ba-Cu-Ge-O,P-42_1m,113,24,2.1871217768260336,3c05ec6188210977821f397f57d86aaf2d37a6ebfde5d6806fc738ed2d4d5a06
276,mb-dielectric-0277,Ca2 Ge2 N4,CaGeN2,Ca-Ge-N,I-42d,122,8,2.369647723467211,eeee9f08fd7643414da533620d060ee05ec8f549edd358da9b281557e4a17eed
278,mb-dielectric-0279,K6 Sb2,K3Sb,K-Sb,P6_3/mmc,194,8,2.8448784391135926,5462584742af01b373562daee9b2574d362a9aec5234bc3aba72e1ab2a83bb4f
279,mb-dielectric-0280,Te1 H6 O6,Te(HO)6,H-O-Te,P1,1,13,1.6207319334177384,0fec3806595371a66e02485769bd7dbdbab811fe5ae1c0a17f1a92b42fad798c
280,mb-dielectric-0281,Er4 Cu4 S8,ErCuS2,Cu-Er-S,P2_12_12_1,19,16,2.758497900428178,24faa720a5b2aaefe464720f77be51475e82ed335ea15fce7894d310f1138b14
281,mb-dielectric-0282,Mg4 As16,MgAs4,As-Mg,P4_12_12,92,20,3.7240658784004705,1cfc4529737f0fa13683fb2b606e5af51731443333b727e99760ba674a66dd17
283,mb-dielectric-0284,Li5 Mn3 O5 F3,Li5Mn3O5F3,F-Li-Mn-O,P1,1,16,1.975819492430082,f8cb0e6e49041e048fd46be3cb5a5feb0f3eaf8f980b5e70b18047d401273aea
285,mb-dielectric-0286,Rb1 Fe1 Se2 O8,RbFe(SeO4)2,Fe-O-Rb-Se,P321,150,12,1.781126984056262,d1ddf1010ca96278aa98e705abc12014f59af7e9904526dcecc3b33a1a11f209
286,mb-dielectric-0287,Li4 Co2 Si6 O16,Li2CoSi3O8,Co-Li-O-Si,P2_1,4,28,1.6738875908096895,468b37976e9562f2559162a8ff13823c73bf1e623ac84b028c3adc762e3d1f66
287,mb-dielectric-0288,Al3 P3 O12,AlPO4,Al-O-P,P6_422,181,18,1.5054302817910026,378b63a892aa893db88c64a6f1954ff7130d2e60116ce268d4554e42cbda4642
288,mb-dielectric-0289,Li1 Fe2 C3 O9,LiFe2(CO3)3,C-Fe-Li-O,Pm,6,15,1.8267686407059507,7f6921d9d25d4fcbe4e870671087cf4e2455865b767c1afa3e2d03080f58995f
290,mb-dielectric-0291,Au4 I4,AuI,Au-I,P4_2/ncm,138,8,2.1611725212640165,27351dc672641afeda8c0b96f9ecf8e7451c6445ef4f809d96ed0f9ec9ff3ed9
291,mb-dielectric-0292,Ta4 Sn2 O12,Ta2SnO6,O-Sn-Ta,Cc,9,18,2.460595550669691,b76849b464a22e5d694e8c29f838db960b99315b2cf53bb248f37f1ed0b390d6
292,mb-dielectric-0293,Ag4 P8,AgP2,Ag-P,P2_1/c,14,12,3.774034092762456,401eaede3e5cfba2bea6140cd56bc32e3f72ee9c17ac06753dcdf947e6c957da
293,mb-dielectric-0294,V2 O2 F6,VOF3,F-O-V,P2_1,4,10,1.7100249510850225,cf896d088416c82b907cf9b8214feece9dd8efe1453431253e659e352e71992b
294,mb-dielectric-0295,Li20 Sn2 P4 Se24,Li10Sn(PSe6)2,Li-P-Se-Sn,P4_2mc,105,50,2.2758664284179773,372431f98b2b5faadfff30863b91c29dc1945ba90e57eff41cdb4d4161b06583
295,mb-dielectric-0296,Ba4 Zn8 As8,Ba(ZnAs)2,As-Ba-Zn,Pnma,62,20,4.192254763250917,e5f1739a73a60023656b3e3aaaa76a3dc967de6c860a37fbcb8a35f2a05370c7
296,mb-dielectric-0297,Mg6 Be2 Al16 O32,Mg3BeAl8O16,Al-Be-Mg-O,P6_3mc,186,56,1.7594908354407504,ef379a8babf3332797a8f2b65a3695b00ecde9d2a4d0e2efb1bc34004106bff2
297,mb-dielectric-0298,Nb1 Bi1 O4,NbBiO4,Bi-Nb-O,P1,1,6,2.331677865114876,8a96fea9eb7ec9b3bec0a62a82772714347e7cfacf6900e1c9734fbaf74e90d2
298,mb-dielectric-0299,In4 Ag4 S8,InAgS2,Ag-In-S,Pna2_1,33,16,2.6815496763376707,e32c548598538c89b0c49241cb3803cede22faa58995ce266357cc93d913e139
299,mb-dielectric-0300,Al2 Te5,Al2Te5,Al-Te,C2/m,12,7,3.0009998333909347,318d17507f12ff982cbf0db82e65f1d0d9b3a2ef8910dc8962d9ecdefd8f75ba
300,mb-dielectric-0301,Hg4 Te2 O6,Hg2TeO3,Hg-O-Te,Pma2,28,12,2.177788021517858,2c61f2ee8a013d24dd84f67662be14c9ffc7ccdd8a9815bc34ec329f76acdcc8
301,mb-dielectric-0302,Ag16 P8 Se24,Ag2PSe3,Ag-P-Se,P2_12_12_1,19,48,3.104686242870069,2e80abe1cdd18cd738eec8ed68c45cb3ab1c48cbb6c739500c7320132d7b56db
304,mb-dielectric-0305,Li12 V4 B4 O20,Li3VBO5,B-Li-O-V,Pna2_1,33,40,1.8758513622708313,cb12e3dc10c0db6c27bdee483205a18d4e9ecf767f156cce73916b1674e03092
305,mb-dielectric-0306,Rb2 V2 Br6,RbVBr3,Br-Rb-V,P6_3/mmc,194,10,1.869856678999754,b59ca4b951569b91361aed3dc59e1bd39244f3466c0d5b6261ef4c80b9af4af6
306,mb-dielectric-0307,Ba4 La4 Ga4 O16,BaLaGaO4,Ba-Ga-La-O,P2_12_12_1,19,28,2.085543414396673,1437a198f9d3734c1539a6f3c033707a4039a9cbdf9102a385fc9b05adcd8a14
307,mb-dielectric-0308,Al2 P2 O8,AlPO4,Al-O-P,P2_1,4,12,1.4575808725418977,e802790684d66e6e2347fd22d86ef6abc80340706b24e4ba2f93f5f34d1efa42
308,mb-dielectric-0309,Na4 Mg2 Al2 F14,Na2MgAlF7,Al-F-Mg-Na,Ima2,46,22,1.3771952173408908,9ff89b66079d8b7da80b04ada203af031290d06b8ff328326b801335b41a3a73
309,mb-dielectric-0310,Cs2 Li6 Br8,CsLi3Br4,Br-Cs-Li,Pmc2_1,26,16,1.666487523705673,e02cf30e293376e7511056f479530e97aa4a519a45e596d16db81e7ec5f9dc02
310,mb-dielectric-0311,Cs4 Sn2 As4,Cs2SnAs2,As-Cs-Sn,Ibam,72,10,2.549667298557462,e16c966cf15bd1aad7efffa5bbd26501584369e53bd21ea2b444c1cfb2d39239
311,mb-dielectric-0312,Rb4 Sn2 As4,Rb2SnAs2,As-Rb-Sn,Ibam,72,10,2.5949080908579334,44971a7dd9c2b58414501026ecd9f710ef9d891d1a09157f99f48810b4c00560
312,mb-dielectric-0313,Ga2 Se2 Br14,GaSeBr7,Br-Ga-Se,Pc,7,18,1.9640222334111528,016b561ac150431c1112fd6514f27135c5712e8c44e4d35df4081fb606ebf82a
313,mb-dielectric-0314,Sr3 Ca1 I8,Sr3CaI8,Ca-I-Sr,P1,1,12,1.9900096478100004,f688630fd2e7db9cb93f908a126fd0c35db3417ca1d317fb28983bd1c73a5110
315,mb-dielectric-0316,Ca8 Nb4 N12,Ca2NbN3,Ca-N-Nb,Cmce,64,24,2.5813615270498884,e0b3e048865392ed380cbbfc29771783b5d855a49a1515ca1eb9ba0d2b1dadd0
316,mb-dielectric-0317,K2 Mg2 Sb2,KMgSb,K-Mg-Sb,P4/nmm,129,6,2.7963538164307224,b2bc239eb3fdbe8729136440cb96d877a38fd897644c6112cc223f7e25974766
317,mb-dielectric-0318,K2 S2 O4 F2,KSO2F,F-K-O-S,P2_1/m,11,10,1.4889593681494468,8db0b32b01774e43550eac46a280c6d506644547a80b54d6eededc4fe0c62815
318,mb-dielectric-0319,K30 W14 N38,K15W7N19,K-N-W,P-1,2,82,2.161935089990755,f76e300d845597141a6672796328fe6c1e702a1e342f31dbe1a2a19c1fc2bbea
320,mb-dielectric-0321,Rb4 Mn2 Te4,Rb2MnTe2,Mn-Rb-Te,Ibam,72,10,2.1707563198111353,fb902b0cd9ef5ea42b5d7c2149415ec3f754a7f2386f2d359c5d4651d5122fa1
321,mb-dielectric-0322,K4 Mn2 Te4,K2MnTe2,K-Mn-Te,Ibam,72,10,2.202091203076447,5f7d9bbf7b56571f7c6359b3b916878f39b990068f539109c2b65d8744a9d3f6
322,mb-dielectric-0323,Er8 W4 O24,Er2WO6,Er-O-W,P2_12_12_1,19,36,2.118220872965486,9cfd3d8c5896600f8643011b41e56a57cc396d361bb299352be69a7f930daf83
323,mb-dielectric-0324,Sc4 Se6,Sc2Se3,Sc-Se,P1,1,10,3.2341423415344965,cb542ddcf82ddcef6a17258b4d990eac4cb1c8e72e8f291ed0679e0121b7aa7f
324,mb-dielectric-0325,Rb4 P4 Pb4 S16,RbPPbS4,P-Pb-Rb-S,P2_12_12_1,19,28,2.23498433998988,886ec052a51d1756f0e0d84b85c1d07883cba404ff7529e487b5ee4c7f6af2cc
325,mb-dielectric-0326,Rb4 Cr4 I12,RbCrI3,Cr-I-Rb,C2,5,20,2.2705080195116563,2c017c480334a94c8625b9e46138788faeb69d06217f9b8facf0273f56f26832
326,mb-dielectric-0327,Zr4 O8,ZrO2,O-Zr,P2_1/c,14,12,2.3125022522511554,b500bad553bb8cd30100ac1b9cc4918ce1d95c45b0bf05399a9567d0a0c3e5ec
329,mb-dielectric-0330,Ag3 S1 I1,Ag3SI,Ag-I-S,P1,1,5,2.903175330564794,ce29d28d1a88c9bdc830ebe6471c8dbd4a39bbeb60b67667daaa3d9b06b36c9f
330,mb-dielectric-0331,P4 H12 N4 F20,PH3NF5,F-H-N-P,P2_1/c,14,40,1.4100827398891647,c8e8a116e1e8b5b2f1ad24883ae8a5f311595bd2f039dd78c24b4a9fe0323426
331,mb-dielectric-0332,Zn8 As16,ZnAs2,As-Zn,P2_1/c,14,24,3.669377785583454,26e7d9d98da308c1adaf0cf15367619e0ea0b2d2c2d38386b5a30a9e48f5a623
332,mb-dielectric-0333,Y4 Se3 N2,Y4Se3N2,N-Se-Y,C2/m,12,9,2.6651184463984583,682e182936f2cb8916201b61ffbb6058187fd8a8d0be2152c5ca8827e2638585
334,mb-dielectric-0335,V4 Te4 O18,V2Te2O9,O-Te-V,Fdd2,43,26,2.3174876536715594,cf37fa3e183fd26237892663e6b409b3aeaf88faf8aeb7c386476d2ef51d3bb3
336,mb-dielectric-0337,Li9 Er3 Cl18,Li3ErCl6,Cl-Er-Li,P321,150,30,1.742565445925442,05df1112de1608947049fc3a859d097f79c05ea44e5fcd666c5064b3e380d557
337,mb-dielectric-0338,Rb8 Se20,Rb2Se5,Rb-Se,P2_12_12_1,19,28,2.395379023592439,4e72dc820cc1612534ccdf5231ad6bd8230df11a6c1e349231684dd1dede2563
338,mb-dielectric-0339,K2 Mg2 P6 O18,KMg(PO3)3,K-Mg-O-P,P-6c2,188,28,1.5507784066934536,2d1bf041e33311807902efee1ca3b479845a6c0f3b3317caa2af0cd8ce16c407
339,mb-dielectric-0340,Ta2 Ga2 O8,TaGaO4,Ga-O-Ta,Pnc2,30,12,2.2720269217888536,0b0a75fe6162b7ada313f74143d045e18365d79165bef245b20efbca43b78fc7
340,mb-dielectric-0341,Ba2 Se6,BaSe3,Ba-Se,P-42_1m,113,8,2.852917045177911,121b353b87dbd84d9592118af86bd355a452b90493f230c2a0dccf20c23991ec
341,mb-dielectric-0342,Tm2 B2 O6,TmBO3,B-O-Tm,Ama2,40,10,1.8402106763447856,1f77257d2a41471ac742d8a740de544fce3cfdf6073f56cba8d9e81a26ed8593
342,mb-dielectric-0343,Ba6 Cu6 N6,BaCuN,Ba-Cu-N,C2/c,15,18,3.584953509693908,97ca4ecdc45018e7e6eaee13cdefd2b4c4124c4847ae05a44e2146b0a8dcdf3e
343,mb-dielectric-0344,Sr4 Ta4 N4 O8,SrTaNO2,N-O-Sr-Ta,C2,5,20,2.806005464475554,817ce371b31943aaa2e7e955a42454e8ce00ad6c89428c982349d7d4b09a489a
344,mb-dielectric-0345,Lu2 B2 O6,LuBO3,B-Lu-O,C2/m,12,10,1.8107797748319099,830f5781ac9ca9da022a136bd79e73c41fee824c4794c0cd94dccf7581f6ccfa
345,mb-dielectric-0346,Ca2 Cl4 O12,Ca(ClO3)2,Ca-Cl-O,Fdd2,43,18,1.6660274107388908,046634f19fb4d93991ceb7e28da15c2e4cbad2ecae094f3b704a0975f539e6d2
346,mb-dielectric-0347,K2 Sr1 P4 O12,K2Sr(PO3)4,K-O-P-Sr,I-4,82,19,1.548982031313899,a8282fe15e3e24ae67d439d07cb9f9afa27c193cd7a40b831188d0c15e72ae13
347,mb-dielectric-0348,Zn4 F8,ZnF2,F-Zn,Pbcn,60,12,1.597915308560918,c8ece583e6783cca54be2d461e2c579d8bbc04727740414593db85ecf9bda890
349,mb-dielectric-0350,Ca2 N12,CaN6,Ca-N,Fddd,70,14,1.753947927767144,52ba214a850fefec02fdd9a94b9df5b06c67b7a33fb1ad478b61c78510dfd1b7
350,mb-dielectric-0351,Ti1 Si1 Pt1,TiSiPt,Pt-Si-Ti,F-43m,216,3,4.279369112381033,292f797f5b373f5a918ff153231603d2dc6e98bb8c2334bbb0c8983ad44ea694
351,mb-dielectric-0352,Ag4 S2,Ag2S,Ag-S,P1,1,6,2.944857724679433,eeb2687a779cbbf89a81308af51d4ba7ec2738869314f525d84e415e4529f6f4
352,mb-dielectric-0353,Sr4 Ca4 Si4,SrCaSi,Ca-Si-Sr,Pnma,62,12,4.07602747782691,6f1b095023c3c81cee36735e16a7920f18f9764948a8b9ddf6c523fbcfc9aa70
353,mb-dielectric-0354,Sm1 Sn1 Au1,SmSnAu,Au-Sm-Sn,F-43m,216,3,4.992550951167149,ac53a92d57c3e9ff9f35453cc30e02afcb51dc7964f94048114460b9374a45f5
355,mb-dielectric-0356,Li4 P20,LiP5,Li-P,Pna2_1,33,24,3.726643127534484,1579404f002953088cb631eb4a9fa52b306f444952e998cc9dcfe22b82892834
356,mb-dielectric-0357,Sr4 In4 O10,Sr2In2O5,In-O-Sr,Ima2,46,18,2.069078699969304,f8cbc8835f1e7f461f62885ebd6f605779e7f93fed61920fc6c976f35e60be9e
357,mb-dielectric-0358,Li2 P2 N4,LiPN2,Li-N-P,I-42d,122,8,2.0585636578287563,d42a519b45058321f0ad0559abb20ff001c04184588095433437917d48d2f7d5
358,mb-dielectric-0359,Si8 As16,SiAs2,As-Si,Pbam,55,24,3.418674206959963,23a56bcc31826b85c31eb67ee54378d89d465cc5d3fedd4a515c52e88d97a9fd
359,mb-dielectric-0360,K2 Te2 Pt1,K2Te2Pt,K-Pt-Te,Immm,71,5,2.6623194774481855,e0fe915fa64d0b301fc279fe0c23987e4fdc9fc9173a2197bac690d7fa5f2155
360,mb-dielectric-0361,Rb2 Pt1 Se2,Rb2PtSe2,Pt-Rb-Se,Immm,71,5,2.4242329371026448,6d9b0137d0244738b9db96ad15ec490d9fb06658daab383d2a9e4819fa8e9940
361,mb-dielectric-0362,K2 Pt1 Se2,K2PtSe2,K-Pt-Se,Immm,71,5,2.459783188277644,552b4196d8ed31df51faa763623160ddb3e943721ab8409a33e77999c9f00fe9
362,mb-dielectric-0363,Li2 Ag2 F8,LiAgF4,Ag-F-Li,C2/c,15,12,1.7300095231892412,96e8ba73804bccfdaa0c09d953e58c7adf7041ead371fe93a1b4e3c94ddca21b
363,mb-dielectric-0364,Si8 P16,SiP2,P-Si,Pbam,55,24,2.71422180375886,a274f23d2c6371480afa096d2eda0d1d17eca22f4236462a0c445ea76ea6fdc7
364,mb-dielectric-0365,Y4 B16 Mo4,YB4Mo,B-Mo-Y,Pbam,55,24,5.932677866416368,c75669554dc9dfe475807e8fbfcf67e23d458e52a22b2b3dbf8c895e21772137
365,mb-dielectric-0366,Li2 I2 O6,LiIO3,I-Li-O,P6_3,173,10,1.897450394608513,e36a481eda8b435ddae562fd2452bf478bd1cc75304bff7028b01f544966a97d
366,mb-dielectric-0367,Be8 Si4 H4 O18,Be4Si2H2O9,Be-H-O-Si,Cmc2_1,36,34,1.634634005927117,8c3c86a9e031e3b38c8cf344a6797f72c8b856f8207513e194a145b38675e1c0
367,mb-dielectric-0368,Nb4 O4 F12,NbOF3,F-Nb-O,P2_12_12_1,19,20,1.7765732933562484,bf00e8fdc02d80f6639bb12be249c7155aece19e9b03942bc5dc3ddd91c4a54a
368,mb-dielectric-0369,Co4 O8,CoO2,Co-O,C2/m,12,12,3.7423341949942914,c2ddc088ada0b2bd1b01c65800edd9c3ab2d9674a9b261a20b2ecca720bdfb44
369,mb-dielectric-0370,Ca8 Pt2 O12,Ca4PtO6,Ca-O-Pt,R-3c,167,22,2.1718655575337715,7fa05c2a5072086804bdcfd0c401b5b7f190c02e12efcd10fc511b84c3f3c664
370,mb-dielectric-0371,Li3 Fe3 Si3 O12,LiFeSiO4,Fe-Li-O-Si,P6_422,181,21,1.7162899910368643,8cfd0078f818b0ba9743946b8635e8c7979dc41ca126f64204b5177e18ccd173
372,mb-dielectric-0373,Sn2 S4,SnS2,S-Sn,P6_3mc,186,6,2.474671695397193,e18dbdaaafc9f025d6a0c6012fb7f2773a5de8733e5dbe3465d6ed9374670df0
373,mb-dielectric-0374,Li8 Mn6 P6 O24 F2,Li4Mn3P3O12F,F-Li-Mn-O-P,P-43n,218,46,1.5877462013810648,a713b5c18db1b6f5ca0caf32f87d78a934ff918ed7d2571a4c26284a0e3b6e7c
374,mb-dielectric-0375,Ti1 Fe1 Te1,TiFeTe,Fe-Te-Ti,F-43m,216,3,4.621601526166767,fb66cdae9e841f01aa75a9e56fc544c1e87c5a689f849cea3b6622f753e66e32
375,mb-dielectric-0376,S4 O8 F8,S(OF)2,F-O-S,P4_12_12,92,20,1.3415165547493877,b503cfb510edcc6c1595765a2fa8d58d660de79bcd63e84a66922746d42501a2
376,mb-dielectric-0377,Li1 V1 F6,LiVF6,F-Li-V,P312,149,8,1.6121828887153764,d1084e65e934b193e261407670ef351f2078686e6aeadc26302f52f5b9d04583
379,mb-dielectric-0380,Ga1 Mo4 Se8,Ga(MoSe2)4,Ga-Mo-Se,R3m,160,13,4.019361806721726,3d0ad06f493aba01fe4aa507503a94433d578b1a53d0e66868c246e5d72641a5
380,mb-dielectric-0381,Na2 Li2 Zn2 P4 O14,NaLiZnP2O7,Li-Na-O-P-Zn,C222_1,20,24,1.5884340296866806,6d03c3198a5151afacccf3d691599523e2a3b4b34e26aefae76fc8581128d53b
381,mb-dielectric-0382,Sr8 Sn4,Sr2Sn,Sn-Sr,Pnma,62,12,4.3744332966301664,3f2bc6b48ec56ab73345ee70a767aa66fa520839e30b3a59798d9c5d2b48b011
382,mb-dielectric-0383,Cs5 Te3 H4 N1 Cl18,Cs5Te3H4NCl18,Cl-Cs-H-N-Te,P3m1,156,31,1.7853641085224008,07d6de43bb5b34d90a81f3d8291d6c1f2da77c5545a1e11cc38ff5f2c7af9f6f
384,mb-dielectric-0385,Cd4 H16 Br8 O32,CdH4(BrO4)2,Br-Cd-H-O,P2_12_12_1,19,60,1.7301313052289797,80a9aca87438a1c5e105ce7d181bf7608a0d24274c54f6a99b629ef1dc51c8ba
386,mb-dielectric-0387,Se3,Se,Se,P3_121,152,3,3.113321216964291,00b536c0758deeddcbb4eade986aea0bbb3a6c0556a9e0cfec67e6a460657495
387,mb-dielectric-0388,H16 W6 Se2 N4 O24,H8W3Se(NO6)2,H-N-O-Se-W,P6_3,173,52,1.9988200686071456,47ccec222112bc052aeddbaa7d88019e951f3f1ccd165d0a2f0730c5c1b8d350
388,mb-dielectric-0389,Rb4 Ge4 Br12,RbGeBr3,Br-Ge-Rb,Pna2_1,33,20,1.9944725284311806,adcf9ca1f6db1ed399dfa3c54e7b918971a6202784696014597e17c2dc038fc1
390,mb-dielectric-0391,Ba8 Cl12 O2,Ba4Cl6O,Ba-Cl-O,P6_3mc,186,22,1.7502413166951216,626895ea28e4c5b4dec07a60a889f12d661f49eb6db06b56ad70c8946041578f
391,mb-dielectric-0392,Cs2 Zr1 Cl6,Cs2ZrCl6,Cl-Cs-Zr,Fm-3m,225,9,1.6542822209848804,fde625ee28244095c7132c87672be5956e7f9e304013f5dd71ae7ba4c35ea8ce
393,mb-dielectric-0394,Sm4 Cd2 Se8,Sm2CdSe4,Cd-Se-Sm,I-42d,122,14,3.2736348808829208,dca3b49645bd23a446c3c9aa4384a4323197dc1562ca261125a2df1d9796f389
394,mb-dielectric-0395,Mn8 Be6 Si6 Se2 O24,Mn4Be3Si3SeO12,Be-Mn-O-Se-Si,P-43n,218,46,1.7968305429282974,234279e5cbef085deb219930176019b61ac3ef02c528fc64e484f82d5255512f
395,mb-dielectric-0396,Li2 Be2 P2,LiBeP,Be-Li-P,P4/nmm,129,6,2.8765712228276215,b3182839fa0a001156d793c5a499264bcd69f11d9ea5d6f5b569f87044559ec0
396,mb-dielectric-0397,Ba4 N8 O16,Ba(NO2)2,Ba-N-O,P2_12_12_1,19,28,1.6264896761635674,509921883fd68cb63892804d049d1121ccd5f2e67488ff5354ea7af4a3ab671f
398,mb-dielectric-0399,Zn1 Ga2 Te4,Zn(GaTe2)2,Ga-Te-Zn,I-4,82,7,3.236760726405336,7b61bf8c82eb851952d930effa6f1a813e53d3ba26f86ab73773e2223f113910
399,mb-dielectric-0400,K4 Be4 P4 O16,KBePO4,Be-K-O-P,Pna2_1,33,28,1.5703709752794084,e7cacfa559dbc68e8a721073b1a2c534155d78b8d8c64f2f3174ed2f20f24565
400,mb-dielectric-0401,Li4 Al2 Co2 O8,Li2AlCoO4,Al-Co-Li-O,C222_1,20,16,1.9396056300186384,f1b6251f03724a43ac4039499474faba927fd33683e85634985ec36e54a9360f
401,mb-dielectric-0402,Ba2 Ag2 P2,BaAgP,Ag-Ba-P,P6_3/mmc,194,6,5.310262328736687,5b26cf070606c5dc32d50c99b31112258055e8365abf348113c41b8adf4c2c68
405,mb-dielectric-0406,Y6 Cu2 Sn2 S14,Y3CuSnS7,Cu-S-Sn-Y,P6_3,173,24,2.814122953959193,3c338412e414ed8d26357b12f5d331be217f9c6db50f49cc782b86a0f6c1792a
407,mb-dielectric-0408,K4 Na2 Nb2 O4 F8,K2NaNb(OF2)2,F-K-Na-Nb-O,P1,1,20,1.5964209177224782,265c86552c0799811ee2ae1c61080bc97269b4065c50d90547fff02803d92835
408,mb-dielectric-0409,N8,N2,N,P2_13,198,8,1.2367720080920332,03d0a537805e39ba685b984fa39796cfdc7b2cf6cb444c818be9123e24801fa4
410,mb-dielectric-0411,Y4 Al4 O12,YAlO3,Al-O-Y,Pnma,62,20,2.032404159281974,e1b0f2c35c4fae2834cc3bf45a39fbe4c68d471f12b76f86306ff7472d8ae88a
411,mb-dielectric-0412,Rb2 S2 O4 F2,RbSO2F,F-O-Rb-S,P2_1/m,11,10,1.4761436244485155,97ae2a9cbcfde15959a1f83a41b4c9fe073a97dde6d650cad3510dc780a147aa
412,mb-dielectric-0413,Cr2 Si2 Te6,CrSiTe3,Cr-Si-Te,R-3,148,10,3.4453350103226854,932a7c88bb3e08211773659d422cf0807645ee6867b189c28ffc6dc3d6624137
413,mb-dielectric-0414,Fe3 P3 O12,FePO4,Fe-O-P,P6_422,181,18,1.7517056449833883,bd635df8b8e65579e32e8badf3ac2d988756b46e9d551b75bdb8751ab05b69a1
414,mb-dielectric-0415,Li2 Nb1 O1 F5,Li2NbOF5,F-Li-Nb-O,Cm,8,9,1.6193309317945688,37ef5965e061df6a30fa637b27adf8a2e74aab9aa4d3a2cc24df88c3e1c8e003
415,mb-dielectric-0416,Al2 Sb2,AlSb,Al-Sb,P6_3mc,186,4,3.394573161955062,54f51dd9f1aceaf1a58b8dfd2e736feec6488aaf95600c90429ae05b502e067c
416,mb-dielectric-0417,Cd2 S2 O8,CdSO4,Cd-O-S,Pmn2_1,31,12,1.7520559351801528,4b7ee155bb81f09ba762a2900f79b145b406146882c2cd65103f0d211b9b5c75
417,mb-dielectric-0418,Na2 Nb2 Cu4 S8,NaNb(CuS2)2,Cu-Na-Nb-S,Ama2,40,16,2.2427307016224662,a02c0af6fd15d9da76d86d028ce04a85e80e45862b7c7ea9e5464aa9bcc68907
418,mb-dielectric-0419,Cs2 Na2 Se2,CsNaSe,Cs-Na-Se,P4/nmm,129,6,2.023342284439289,b1e62f4353c054bc8945007250200a77a195395a5ecb7c88b2b4cf847d301d3b
419,mb-dielectric-0420,H3 Br1 O1,H3BrO,Br-H-O,R3m,160,5,1.6238117707008712,1a5451ad12f1d6a22aa475499f22f0aad470dea1d46a3a016010df295a049f5c
421,mb-dielectric-0422,Hg2 F2,HgF,F-Hg,I4/mmm,139,4,2.1093442898969204,022339e27d2ec6b9c74745a240a22700b4caf8274fd098d5f999ece9f23e2b2f
424,mb-dielectric-0425,Li4 Mn1 Nb2 W1 O12,Li4MnNb2WO12,Li-Mn-Nb-O-W,P1,1,20,2.629345736110031,121d4d1864409d8b66858b095d3a25044a1ee3e8c78eb409d71598c851027bc1
425,mb-dielectric-0426,Na8 Be1 Al4 Si7 Cl2 O24,Na8BeAl4Si7(ClO12)2,Al-Be-Cl-Na-O-Si,P-4,81,46,1.5131518980811764,091faf8f826371003f427c6bbf97b52c55be9cbcf08a2b0364c7fa659c09fc6d
426,mb-dielectric-0427,Cd2 Cu4 Ge2 S8,CdCu2GeS4,Cd-Cu-Ge-S,Pmn2_1,31,16,2.9986769304700585,192e6713006c601b93ac7a8e5236bd3e47f808a3a2237dee25a88552c5844438
428,mb-dielectric-0429,Li56 Mn8 N32,Li7MnN4,Li-Mn-N,P-43n,218,96,2.5724535629109684,5f57ccd0fb30e2dd2884a93baf74394c4cb55f075820b8bdd8869ed0bd812794
429,mb-dielectric-0430,Sr4 Al8 Si4 N8 O12,SrAl2SiN2O3,Al-N-O-Si-Sr,P2_12_12_1,19,36,1.8653172205641948,991b80238e1e5ab306e846030f5697eb8fc16086bf3e3cec5a47f43fdc56d268
430,mb-dielectric-0431,Ca4 Zr4 P8 O32,CaZr(PO4)2,Ca-O-P-Zr,P2_12_12_1,19,48,1.800725779604805,8c042be112f575a4ed768765ca89a4ac61bd4a0baf3dd79408e323af3dbb5e9a
431,mb-dielectric-0432,Sr4 H8 C8 O16,SrH2(CO2)2,C-H-O-Sr,P2_12_12_1,19,36,1.5677398806349645,6fcd620d6b8b4c72326682777aec6a4c29ae33e887836b8d8afd4a0b2584b534
432,mb-dielectric-0433,Na24 Mo8 N24,Na3MoN3,Mo-N-Na,Cc,9,56,2.2598399648352685,574f71159e2d374fe26779637aa712d74bdf12dc7cf5d94700e252642a15c8bb
434,mb-dielectric-0435,H24 O12,H2O,H-O,P1,1,36,1.478829700298634,9e1b2dc34dc09a52ee154ff0d709744c646541caaeb752db04a4ea54abb31395
435,mb-dielectric-0436,Na4 Y4 Se8 O24,NaY(SeO3)2,Na-O-Se-Y,Pna2_1,33,40,1.8308372401718291,3ebceaccaaf6eedd1d5ccdce3e83184b07b747e4db396ea622cf90163493d15d
437,mb-dielectric-0438,Fe1 Br2,FeBr2,Br-Fe,P-3m1,164,3,12.891263191130154,041dad6ef6e9098e5588697a9f23ba50139c9816ff2ce63bf3be2f64cbc08adb
439,mb-dielectric-0440,Ca8 Cu8 O20,Ca2Cu2O5,Ca-Cu-O,Pna2_1,33,36,2.516849750514851,3d19a35cddaaebeb57f4cb239e8db8f35ec3c2a03409c54a6b151163449a4738
441,mb-dielectric-0442,As8 S12,As2S3,As-S,P2_1/c,14,20,2.3507873149223855,c5be2a8a0067038b4b7d62a2d3ec4bb68f55bd4ec50bad44892881bdfddf0353
442,mb-dielectric-0443,Tm2 Cu2 B10 O20,TmCu(BO2)5,B-Cu-O-Tm,Ibam,72,34,1.8554555595145183,7b63afa2715275f6bb20ced072894f68f6cbc799dfa611caeb224b35bda54eb5
443,mb-dielectric-0444,Rb2 Na1 Sb1 F6,Rb2NaSbF6,F-Na-Rb-Sb,Fm-3m,225,10,1.5270887335056853,94242b5952ad4864be985c835038b2ab95b5139196ba000cec443865e814d2c0
445,mb-dielectric-0446,La2 Ge4 Pt4,La(GePt)2,Ge-La-Pt,P2_1,4,10,1.0,88a42cf6366a23e87ac704ef7fb862c175b1d85dcad457f6245b66ad9654659d
447,mb-dielectric-0448,Y2 Ag2 Se4,YAgSe2,Ag-Se-Y,P1,1,8,3.0739387573118586,7a8f575f275d2b5f558c94994fb265fff3aab8047560e055e3380244251025b6
448,mb-dielectric-0449,Cs2 V2 N4,CsVN2,Cs-N-V,Fd-3m,227,8,4.355800997903064,96b6adbf150f380221af1e7ef60383d4de8a2dad5e2f9e57dd38fb84d1c321e2
449,mb-dielectric-0450,Rb2 Na1 As1 F6,Rb2NaAsF6,As-F-Na-Rb,Fm-3m,225,10,1.5310127367203703,2c1736602b87879f833d78ba70953f54ee4e359ad8096474eddaa2a4d1cc5609
450,mb-dielectric-0451,Sr8 Zr2 N8,Sr4ZrN4,N-Sr-Zr,P-1,2,18,2.5075953953272982,d8b6af1c7e8499b78ed860fb4b740114ecbdd228b0dd9b9da47ddfee9012e0c2
451,mb-dielectric-0452,K2 Li2 Be2 F8,KLiBeF4,Be-F-K-Li,P6_3,173,14,1.3426342266852485,a7d3c426ed1934138f8dee594dc6a179fcff30e2e641c8f60f03c4db05016fd4
452,mb-dielectric-0453,Y4 Sc4 S12,YScS3,S-Sc-Y,Pnma,62,20,2.8452885032394635,e5a2323c9d931dbc9c7fe1119b3f06456f94b2f4dbdc08a1209fadf1df5bdcbe
453,mb-dielectric-0454,Mg1 H8 Cl2 O12,MgH8(ClO6)2,Cl-H-Mg-O,C2,5,23,1.4449913494550757,bceac9a6e483c1d26c9b09d9b269a762e5a330068633c996b870b73838dcab30
454,mb-dielectric-0455,Ca2 Nd2 Ti2 Mn2 O12,CaNdTiMnO6,Ca-Mn-Nd-O-Ti,Pc,7,20,2.542509652554604,c59f217a71a15ffa841c5379068693d4efcdb3c305270a1f537e6597e4024eca
455,mb-dielectric-0456,Fe2 P4 O14,FeP2O7,Fe-O-P,P2_1,4,20,8.322433898806286,5524cb1d89ce63dc30732bec0346f163cdda46ed20a2c52f8146320f77af26ab
456,mb-dielectric-0457,Zr4 O8,ZrO2,O-Zr,Pca2_1,29,12,2.365286733851381,58431b733580d2f1a1449b7a4989071be1c1ebf2778e6ebdd80a396122690f15
457,mb-dielectric-0458,Zn2 Si2 Ag4 O8,ZnSi(AgO2)2,Ag-O-Si-Zn,Pc,7,16,2.1287804803063497,8274a2a21ce58f340cd996ded2ad2309664eefd42d90748ce5c5b659036c9505
458,mb-dielectric-0459,Li20 Sb4 S4,Li5SbS,Li-S-Sb,P2_12_12_1,19,28,2.622592419725185,a7344ede065e609c37ac17ed079a1cc0535b9527ac6eff55028b537d90792eb2
459,mb-dielectric-0460,Nb4 Te6 O22,Nb2Te3O11,Nb-O-Te,P2_12_12,18,32,2.2219750973702053,d95ccab0cc5d6600bd4343d4baea970d550d72a4d8ddb75c085ee1ed4e6b7443
461,mb-dielectric-0462,Y6 Si12 N22,Y3Si6N11,N-Si-Y,P4bm,100,40,2.2818953379446074,654df17198ce5322993f83eb50d4f98168eac06c4d3e7eea0b3d5045fb452f70
462,mb-dielectric-0463,S3 F18,SF6,F-S,C2/m,12,21,1.3263986328911455,0fadcc403ca215463cb857911b27393fdda315dde8a9932320deff6d38385802
463,mb-dielectric-0464,Na2 Mg8 V6 O24,NaMg4V3O12,Mg-Na-O-V,I-42d,122,40,1.9119105627617627,e9d7243de7000e5c67eb059814ba4504d37501d13aceae806efbc4e0ba4b4e20
465,mb-dielectric-0466,Y2 P10,YP5,P-Y,P2_1/m,11,12,3.6357484328081155,9595064b21e0f140ffdf31bb0762d82099aa8d77340a669c2fae2c521bfdac0c
466,mb-dielectric-0467,Rb2 Na1 Ga1 F6,Rb2NaGaF6,F-Ga-Na-Rb,Fm-3m,225,10,1.4591093173576821,b59e881cf19018c7a06c362f451691d229236145c245cc5782f091055e1c794f
467,mb-dielectric-0468,Al2 P2 S8,AlPS4,Al-P-S,P222,16,12,1.7818750423827892,dca56a63025a67d509d9fb033c0e3a089de4b91188c3f9a07075f66bac206e24
468,mb-dielectric-0469,Te4 O4 F8,TeOF2,F-O-Te,P2_1,4,16,1.80583849407046,808bd8ec8c3f7c4518584acb4c23f7bfec2da97ad8b6c83ceeda4c05a724ebbc
469,mb-dielectric-0470,K8 Be4 F16,K2BeF4,Be-F-K,Pna2_1,33,28,1.3879241093566077,52cb4116feb5534ee2e353b6e6a02379fb64424842ab942637b089ff72980011
470,mb-dielectric-0471,Ti2 Nb2 Tl2 O8 F4,TiNbTl(O2F)2,F-Nb-O-Ti-Tl,Cc,9,18,2.241734744938987,c5eb8b3e8396f7c2b3966d095934f511af0dec4bf80eb9bc977f2767ff7fa39c
471,mb-dielectric-0472,Na8 Be4 F16,Na2BeF4,Be-F-Na,P2_1/c,14,28,1.334291322512941,d955c62c9370c15f54ea9d7577ac7e78a2b93541ce84414237ce129a8b3b297a
472,mb-dielectric-0473,Rb6 Si10 O23,Rb6Si10O23,O-Rb-Si,P-62m,189,39,1.5419268248958315,f6539ad2493862776c936b94250ab94054ab80d5c97c7b96a460212c41c26201
473,mb-dielectric-0474,Sc4 Bi4 O12,ScBiO3,Bi-O-Sc,C2,5,20,2.4000912482653654,afaa98b9d5017bf6b032400335e32d9a1f677b38e72b694d87cd43dcf64a1e2f
476,mb-dielectric-0477,Sb2 Cl2 O2,SbClO,Cl-O-Sb,P4/nmm,129,6,2.4789492397653756,450dad3d4f95efda62f89aff4fc0b7741c7b1355b1da231e0962400cdbfa400f
477,mb-dielectric-0478,P8 Pd8 Se8,PPdSe,P-Pd-Se,Pbcn,60,24,3.6428926235433656,b16394c0bc160dbf799ad0a3cb298912601a177667d8f1f34cd0e76f9d23935f
478,mb-dielectric-0479,Mg8 Si4 O16,Mg2SiO4,Mg-O-Si,Pnma,62,28,1.7014699527173553,c2174ed13a36b2a7a8030d7bd4577269922a223d19578465458e4b46f0de997a
480,mb-dielectric-0481,Y8 Te4 O24,Y2TeO6,O-Te-Y,P2_12_12_1,19,36,2.0124451959411633,2f67a5952133ae43a24125b14574565ecd498a46a845c6ad5345f119b0a2dbcd
481,mb-dielectric-0482,Sc2 Cl2 O2,ScClO,Cl-O-Sc,P4/nmm,129,6,2.060352882396605,b7099baffe9d9f26a6f2c03057890d40fb35f291a1a0abfb33e9677a8d39aa11
482,mb-dielectric-0483,Sn2 Br2 Cl2,SnBrCl,Br-Cl-Sn,P4/nmm,129,6,2.4374430591639813,e6acbd41f136d42f9b7b57b9f0e61ed32fb4a152f1fec1477d0f307e87e8c5a5
483,mb-dielectric-0484,S32,S,S,Fddd,70,32,1.6828874987156275,d2add22c2a21f51075eeac19206c958b3acadda7aca7b4b7f9107bc5013717a2
486,mb-dielectric-0487,Sn2 Cl2 F2,SnClF,Cl-F-Sn,P4/nmm,129,6,2.2784206518258796,e5dc4dd47dcf49abc8df485e8c50226a026cf6a2cbf6d68627cd9c5b9d50ba29
487,mb-dielectric-0488,Ti2 Fe2 O6,TiFeO3,Fe-O-Ti,R3c,161,10,2.4603113624092385,2633a97b0aa9429227ca2814f03483ffcf68c5f70f641a69eeb1ef39100cf847
488,mb-dielectric-0489,Sb2 Br2 O2,SbBrO,Br-O-Sb,P4/nmm,129,6,2.585792270594579,29d6446cff46a7785c875861d64474c7e62a32760f03ab46d393522b6a03b9ff
489,mb-dielectric-0490,Ta2 Ag2 O6,TaAgO3,Ag-O-Ta,R3c,161,10,2.5941644126770416,07bbe52b3d00fb3d2d5aa3349c6bc4cc762f717a3078fa5d09c9d6d64bcb62ce
490,mb-dielectric-0491,Ti2 Mn2 O6,TiMnO3,Mn-O-Ti,R3c,161,10,2.4457458984939606,31e458b57ed19b0d9ac8dc88608386db35397b0351168ce39708b079957b1f64
491,mb-dielectric-0492,Ga2 S2,GaS,Ga-S,R-3m,166,4,2.314519388535018,1af49edfb780eda0c2d6cdb1ab3e5c6e53dac7ce0008a360a753b67c2e74b45e
492,mb-dielectric-0493,Ba1 Ni1 F6,BaNiF6,Ba-F-Ni,R-3m,166,8,1.9785741499035785,c7d6b7ec87ff11da3a14cffdba3cd4d4cc88670edea63fc1d4e92c65c836dbea
493,mb-dielectric-0494,Mn4 Fe2 O8,Mn2FeO4,Fe-Mn-O,I4_1/amd,141,14,2.490724058046844,9c53d1bff00966c374dd76f7f991489f7f676af9f58c73c805bd3cbd9bf1299b
494,mb-dielectric-0495,Li1 V1 Te3 O12,LiV(TeO4)3,Li-O-Te-V,P1,1,17,2.548506229146792,1bf06ac9d23b51b1627f71f9e8290be75ad0f47c7dd1eac926e6d8721da6b751
496,mb-dielectric-0497,Pb2 Cl4,PbCl2,Cl-Pb,P4_2/mnm,136,6,2.0031641636837123,da46ebd601db9de34af18cc1839bc85bfd4be7d906981fc3928646528439cfbe
498,mb-dielectric-0499,K1 Na1 B2 H8,KNa(BH4)2,B-H-K-Na,P3m1,156,12,1.5063297558414412,4af33e3ab6b71abeb5a27a51f8feebbfa46b39732a08daadef738aceaa907b8c
499,mb-dielectric-0500,Ir4 S6,Ir2S3,Ir-S,R-3c,167,10,4.378317789598859,92905987c9554349c31c3239aace3ca8a9efe306ca2d0cd444c7f36cbecd4e19
500,mb-dielectric-0501,Co1 Br2,CoBr2,Br-Co,P-3m1,164,3,3.4788408031567326,db34739a03ee696f90ccad5387c1e4c52a7a639fcf092b72fc42e5da4b59bccb
501,mb-dielectric-0502,Li2 Ge1 Pb1 S4,Li2GePbS4,Ge-Li-Pb-S,I-42m,121,8,2.7184501098971823,72fa93276d08c9098f18352cd7f4505049085945dbeafe864a0f6f6f4fcb3497
503,mb-dielectric-0504,Rb1 Cd1 F3,RbCdF3,Cd-F-Rb,Pm-3m,221,5,1.5443976171957798,85508100265ebc985c4ae0e74c9a5410ea5ab014df12ebcb0559cb5f4842941a
504,mb-dielectric-0505,Ba1 Ag2 S2,Ba(AgS)2,Ag-Ba-S,P-3m1,164,5,2.7395852484150387,45f9b1a05f50421c41e20d82c1b3f7f258aa793142194f50555c867c10c3e37c
505,mb-dielectric-0506,Sr1 Cu1 O2,SrCuO2,Cu-O-Sr,P4/mmm,123,4,2.571078632273492,846ef4f8e6b06b1461641aa5ea9fbabfe3b4286751178e6dde92f5552dac9811
506,mb-dielectric-0507,In1 P1 S4,InPS4,In-P-S,I-4,82,6,2.3333723806256614,8367c8f035fd9385ab3ab81f16ab12fcd132f08959affa6a16f2ea0401360e57
507,mb-dielectric-0508,Pd1 Pt1 F6,PdPtF6,F-Pd-Pt,R-3,148,8,2.517154875383449,bd5101e7dab683247cd0b6a5fb16d311203dd4f70480ae51a4be827c1e536067
508,mb-dielectric-0509,Mg12 Sb4 N4,Mg3SbN,Mg-N-Sb,Pm-3m,221,20,3.2797004333964472,b3d88dd5f97aa48f0877c10b5843c599e34d95e699ca176911b115136b2a2d7e
509,mb-dielectric-0510,K2 Se1,K2Se,K-Se,Fm-3m,225,3,1.8155807151939771,fb0a9fdf0c34258c1d4abfc469885b6cedb436d9b91a13062f882dfbdd92796d
510,mb-dielectric-0511,Au4 S2,Au2S,Au-S,Pn-3m,224,6,2.6387197653407615,da8dd828079fdb2c25fa5020aaaf645dcefeb683cda6a74bfd420f6e00963991
511,mb-dielectric-0512,Sr6 Y2 Al4 O15,Sr6Y2Al4O15,Al-O-Sr-Y,C2,5,27,1.8698023959766445,371481d208707d2b3125918859c6e9d5abad22f802c1d5c4ce7d7058ba4096e3
512,mb-dielectric-0513,Y4 P8 O26,Y2P4O13,O-P-Y,C222_1,20,38,1.6560536424484178,7c1501e992dc1221fa540170d326c69e550af1aca166a1b814d3253ce05e3d37
514,mb-dielectric-0515,H12 Cl4 O20,H3ClO5,Cl-H-O,Pna2_1,33,36,1.485373129329238,3ac455bdaf95adace8fe74153e6f61998f88c03ff7303daa11c801a205e3db58
515,mb-dielectric-0516,Sr2 Li2 Ta4 O12 F2,SrLiTa2O6F,F-Li-O-Sr-Ta,Imma,74,22,2.1244904487115646,450e5efd761d3fe0f96951ea5aef7f68b6a4f692ceef8c022a7b223093f4306d
516,mb-dielectric-0517,Tl4 Sb4 Se8,TlSbSe2,Sb-Se-Tl,P2_1,4,16,4.08656334834051,26dffd6aed7c1089bcda8ee7cabdb89c011131db0b10415221585efe5f46d736
517,mb-dielectric-0518,Li4 Co4 P4 O16,LiCoPO4,Co-Li-O-P,Pna2_1,33,28,1.6791650703052792,8e3d6bf14aba0c0b5c69c0bf84a9ca591310afe4220f6a8988bb608b40cc74c3
520,mb-dielectric-0521,Na2 H18 O10,NaH9O5,H-Na-O,P1,1,30,1.4326295171234376,266648bbaf435334608eb53129f78538a59aad665851ffba887ea4beaacd8499
521,mb-dielectric-0522,Li7 Ru1 O6,Li7RuO6,Li-O-Ru,P1,1,14,2.1686893891626497,d1e4ce4fff6d338df95c9d1ceaf8ba77ea515c6e1f9c57c385e7618c267edcbf
522,mb-dielectric-0523,Y2 P6 O18,Y(PO3)3,O-P-Y,Cc,9,26,1.5731309544980672,9ad20fcee4071c5fdf85a26dc89f411c0ad105e555bfe97cfb2fc51b2851bad0
523,mb-dielectric-0524,Rb16 Nb16 N32,RbNbN2,N-Nb-Rb,Pbca,61,64,2.644064106635843,d402b3202d26ddaa70cb328079ff6538b7afecfd4479595f4dfc122b9a19a17c
524,mb-dielectric-0525,K8 As8,KAs,As-K,P2_12_12_1,19,16,2.7182301227085244,13543fca0d4e6ae82b6b7abf021e7977c4712a364256d348d447d01204e27202
525,mb-dielectric-0526,Ba6 Zn6 Si6 O24,BaZnSiO4,Ba-O-Si-Zn,P6_3,173,42,1.7746869207459255,b9cfe6ffc988e23d74b9aa2452b74870fa2023d4d16d61670deb402aad5d8994
527,mb-dielectric-0528,Ca10 P6 Cl2 O24,Ca5P3ClO12,Ca-Cl-O-P,P6_3,173,42,1.7308339993579203,0cd9be5e8eb09cd1fd319b74fd2ce5229891472d6687a83de8817fa9a92436e6
528,mb-dielectric-0529,Al6 In6 S18,AlInS3,Al-In-S,P6_1,169,30,2.326079820929052,4816df334dfda5569f3e5d428f2d4d1eff48e55d5d555c36fb80cf50072af086
529,mb-dielectric-0530,H12 N4,H3N,H-N,P2_13,198,16,1.4046074184625397,b480fa48790cef104778819fd1c28b416d0a330d5aae32b2ee5c38f2ac209fe2
530,mb-dielectric-0531,Rb14 Nb2 As8,Rb7NbAs4,As-Nb-Rb,Pmn2_1,31,24,2.461332769050134,1ead2dc5626c89ed7355a738f580f6d1c60791d3bce993407fb0360f03c03f84
531,mb-dielectric-0532,Sr4 Sb2 O1,Sr4Sb2O,O-Sb-Sr,Cm,8,7,2.9222677968142743,224b215bed18a41795dc51beec25de504bda2b92fc402732231e652c98f8e8c0
533,mb-dielectric-0534,Mg108 W36 N144,Mg3WN4,Mg-N-W,P31c,159,288,2.2736556467504045,3e22e5ca1a424f82997cf56ad1161c603152b3946ff621bcc1bf275358bb7f31
534,mb-dielectric-0535,Cd2 Ag4 Ge2 S8,CdAg2GeS4,Ag-Cd-Ge-S,Pmn2_1,31,16,2.646006235820316,a18ae54574028f8ec23b2a6159755d998f16eb3280986ce785eb06b9af073362
535,mb-dielectric-0536,Al1 Tl1 F4,AlTlF4,Al-F-Tl,P4/mmm,123,6,1.6448124513147389,5bc16d71efa7a1fcacdf09da12eddedb06f59c5600f5a4fe698cfdff4466d7c5
536,mb-dielectric-0537,Ca20 Co8 N16,Ca5(CoN2)2,Ca-Co-N,P4/ncc,130,44,3.171589769605563,9a5a1026cabf7e0ab18ee2e02d2b24125314edb4e22d047bad89eca524ac4ae8
537,mb-dielectric-0538,Te4 S2 O14,Te2SO7,O-S-Te,Pmn2_1,31,20,1.9858150299897857,1df6454c71e25369f687c267abc2e928250d9cb39f85a70583bb8f230c1290f6
538,mb-dielectric-0539,Li2 Cr3 Co1 O8,Li2Cr3CoO8,Co-Cr-Li-O,R3m,160,14,2.800877362541969,1b2dc431870af2fcb0c219c29a9ea391e8496e7f9728cd77fcf4b39247a9b9fe
539,mb-dielectric-0540,Na4 P4 H16 O20,NaPH4O5,H-Na-O-P,Pna2_1,33,44,1.5001562140879416,66bdc324c3a5256240aebcafeccf2c1ad22d05d27d6bd876a035188cac320307
540,mb-dielectric-0541,Cs6 C3 N6,Cs2CN2,C-Cs-N,P-1,2,15,1.6437987508613499,1441aa4bf1398f15ff2fbbddf5488cfda8e69eb34785340f6e86137b1b6a9ff2
541,mb-dielectric-0542,Be1 O1,BeO,Be-O,F-43m,216,2,1.7643505887436313,7ed14597c4a09a9ec86cb5e58f526c5588ba0e371d2d4e14054237a5d70d3614
542,mb-dielectric-0543,P4 Cl12 O4,PCl3O,Cl-O-P,Pna2_1,33,20,1.4281689909344295,dac8c8ab319115e006f5e00dcef805a71f19a0a1b5928a7001f36a59b71521ab
543,mb-dielectric-0544,Ba1 Si1 F6,BaSiF6,Ba-F-Si,R-3m,166,8,1.480138169226103,db319d99e561ebdefc283c620c26132d6f801bf896636c9e6d344585c1b10ece
545,mb-dielectric-0546,Rb1 Ru1 F6,RbRuF6,F-Rb-Ru,R-3m,166,8,1.5334072083653119,678bf6baa6a77b1808ca6d7da8fdcd4e95edf14fe484e87764df0953d5b3436d
546,mb-dielectric-0547,K1 Ru1 F6,KRuF6,F-K-Ru,R-3m,166,8,1.5490951122079855,f857313eee6783644e3f83d2edc4c76746851eb651213f34889e7a5dd5c17b84
548,mb-dielectric-0549,Sr2 Li2 N2,SrLiN,Li-N-Sr,P4_2/mmc,131,6,2.6145331641933076,9125810906ad1eebd0ff691b7a803982915e715c77ef15902795609826c75437
549,mb-dielectric-0550,Ag2 I2,AgI,Ag-I,P6_3mc,186,4,2.2289628380332758,aeb732a34d7ce1c44d93d1e544a1fa8343156802c7638a1f7322c2b7c75c56d2
551,mb-dielectric-0552,K1 Os1 F6,KOsF6,F-K-Os,R-3,148,8,1.5129709184250635,d8b444318faa17fcfbdf8c39737d0bfaaded6d847541500a07c055e97ac5914c
552,mb-dielectric-0553,Li4 Si4 N4 O4,LiSiNO,Li-N-O-Si,Pca2_1,29,16,1.8308711951782226,628ce96e724ebd295ddaaf6c51a154c07ba16d832ba771a4f19d68eb1ac9b77f
554,mb-dielectric-0555,Li1 Sn1 P1 O4,LiSnPO4,Li-O-P-Sn,I-4,82,7,1.8610882121310997,02c13dcf5e1710cbede7c00649aa4a573320ec1387f43dc8c5760603ae73fef5
555,mb-dielectric-0556,Tl3 As1 Se3,Tl3AsSe3,As-Se-Tl,R3m,160,7,3.234553034551897,0839b677e52a6760140ca6dbf30ef67fcd2e8d75296962d966bba6de6cdd0a3d
556,mb-dielectric-0557,Rb1 La1 O2,RbLaO2,La-O-Rb,R-3m,166,4,1.9365816963574352,08ed9d8855af5c4b28f145c6c4a4a1b8c6f46af1e0e067637fc9920c3a4f7e81
557,mb-dielectric-0558,K2 H6 F8,KH3F4,F-H-K,R-3c,167,16,1.3263986328846589,b145d7f8a3d5efcdb76e3856bef24875ccf98d680ae7dc140ddc232f5d22f8f8
558,mb-dielectric-0559,Ca4 Mg2 Si4 O14,Ca2MgSi2O7,Ca-Mg-O-Si,P-42_1m,113,24,1.6972034841664292,796ace2fde17568fab8831e13df530dcc3bb8e6141bb8d01f92d11073c8cec30
559,mb-dielectric-0560,U1 C1 O5,UCO5,C-O-U,Imm2,44,7,1.8410779451180224,d45c339df05560f5b585fdb35ac498328e22cec14f0347651606a7bd47853d6f
560,mb-dielectric-0561,Al2 O3,Al2O3,Al-O,R3m,160,5,1.8111663829330193,5b8b542867b4684e7f1fb661596912dc0aab289f47715426d569be2a12a036d9
561,mb-dielectric-0562,Mn4 Si4 N8,MnSiN2,Mn-N-Si,Pna2_1,33,16,2.4154613775978007,468dcd1466e186ef3c4a0130fb42b63042cee32e95dfbe56769ec2d9a19562d1
562,mb-dielectric-0563,Al4 Hg2 O8,Al2HgO4,Al-Hg-O,Fd-3m,227,14,2.143739489770159,0b7388d3616833a36ced2d1f19860e40c72d9a04663abcce6341a7099741e7eb
563,mb-dielectric-0564,Cs1 Cl1 O3,CsClO3,Cl-Cs-O,R3m,160,5,1.536564674851008,920392286b7c5fe08c8ceba6f1a9131b3028263685b68aa4f16a436137dad192
564,mb-dielectric-0565,Cs2 Zr1 F6,Cs2ZrF6,Cs-F-Zr,P-3m1,164,9,1.4999332207357325,7c0d19aa491a6932b6335b798349d14450699dbeed5cfec5618392db2a34fdd4
566,mb-dielectric-0567,Na3 Sr3 As3,NaSrAs,As-Na-Sr,P-62m,189,9,3.0118313919164423,ffb73839e2d943cf5f02bcfe986e13c70c36f28a01d03dad59e97c02c18a86a4
567,mb-dielectric-0568,Mg3 As2,Mg3As2,As-Mg,P-3m1,164,5,3.359315406448186,d848c075d98e34fd25d6c70dfdde1db76bf41c398e68c32b959db43154a69aec
568,mb-dielectric-0569,Mn8 O2 F12,Mn4OF6,F-Mn-O,P6_3mc,186,22,1.699909017173174,b4f6acda31930eb54c288a95b1779ec0652801b58110d90e6699d41795e804cf
569,mb-dielectric-0570,Al2 Cu2 O4,AlCuO2,Al-Cu-O,P6_3/mmc,194,8,2.358862790979302,4d467977a766c98afbc0b8d1fdadab4411ab9794bdf437403cefc25161cbb6f2
570,mb-dielectric-0571,Na8 Al6 Si6 Br2 O24,Na4Al3Si3BrO12,Al-Br-Na-O-Si,P-43n,218,46,1.5248754047462372,1e86dfa5a69f7a7e5e592e9009e00c72e16a11d3621697bd025e83ea2f2e3fc4
571,mb-dielectric-0572,Li6 As2,Li3As,As-Li,P6_3/mmc,194,8,2.7488179277646254,d6fdbfae62d70c7faa0158a8af1263d70d14db440eda2b53e1c8a4754630227c
572,mb-dielectric-0573,K1 As1 F6,KAsF6,As-F-K,R-3m,166,8,1.3940349110870147,3307ed47d050f0cf2cff626b0c5bd6ffaa4df89e4587c90a9d1af65c780a0c3d
574,mb-dielectric-0575,K4 P2 Au2,K2PAu,Au-K-P,Cmcm,63,8,2.577056719075719,da5fe2bf9411fa268d51b9406b9f593d263e9f81e0726086274fc837344bd65b
575,mb-dielectric-0576,K4 Ni2 P4,K2NiP2,K-Ni-P,Cmcm,63,10,2.9382402329739166,13b326bb1e9a8d79ae155de47aad5e88fcb8d4428c3516d1494f39ec4148dfca
576,mb-dielectric-0577,Sr4 Cu2 Si4 O14,Sr2CuSi2O7,Cu-O-Si-Sr,P-42_1m,113,24,2.1817338670577278,06b2a614d0d017a5f3d5d48079b59ac120cacc9beff71b818468e614247c949f
578,mb-dielectric-0579,Al4 Pb2 O8,Al2PbO4,Al-O-Pb,Ama2,40,14,1.9122249693311018,c3975bbf235acfdbeb491fd908a97befce1f7fe03715800798470ba5604f7aa0
579,mb-dielectric-0580,Be2 O2,BeO,Be-O,P6_3mc,186,4,6.547365882551681,5d26ff720dbeb10bb77b4a43071598034621ba0caf3323951d2aed35820f5a80
580,mb-dielectric-0581,K4 P4 Pd2,K2P2Pd,K-P-Pd,Cmcm,63,10,2.7624740722764938,fb4502c1d30bf092e0b16230995dbc408517670bb1285fc6e8cabe1a604d722e
581,mb-dielectric-0582,W1 O1 F4,WOF4,F-O-W,I4,79,6,1.5708245181008178,14d0e1345507d420710c0f6c70ee0b48dfc3ad25d8170e7dc776d99611aec46b
582,mb-dielectric-0583,K2 Ge1 F6,K2GeF6,F-Ge-K,P-3m1,164,9,1.4250946167418732,9b5ed2c1124c90b64adf6d4159682a39e67cda2983cc84228b7fd5e04cc562a2
583,mb-dielectric-0584,K2 Re1 F6,K2ReF6,F-K-Re,P-3m1,164,9,1.5011889732253347,810cf631d382f1cba6bfe8215919f81faee05962511ba6993c7f56f2d7ac3b66
584,mb-dielectric-0585,Tl3 Sb1 S3,Tl3SbS3,S-Sb-Tl,R3m,160,7,2.9509236407154518,6670cd74929dfb22522edbb826f52395fce1e58576e4353ccfb1576b1238f17b
585,mb-dielectric-0586,La2 B2 O6,LaBO3,B-La-O,P2_1/m,11,10,1.919334606923278,a47b191d7fa4aa837d6684c0f8a2691fb8173cdbf4deba8789bba07eb657cbdb
586,mb-dielectric-0587,Na8 Al6 Si6 Cl2 O24,Na4Al3Si3ClO12,Al-Cl-Na-O-Si,P-43n,218,46,1.5095125040886543,484fa6b4a80064937fee39570320d8385018d2bd4554e3eb78fa9303a4a1b68c
587,mb-dielectric-0588,Rb1 Mg1 F3,RbMgF3,F-Mg-Rb,Pm-3m,221,5,1.4783500938546321,7a3168df20079f8288bd0a1ff22044a3431cd8214485daf4ee9402006f5c31af
588,mb-dielectric-0589,Cs1 Sr1 F3,CsSrF3,Cs-F-Sr,Pm-3m,221,5,1.4823231766386171,6b104a6a7533a9d79827dceea586525d025869fcca7151e7564aa6c1a60b5c98
589,mb-dielectric-0590,Na1 Cr1 S2,NaCrS2,Cr-Na-S,R-3m,166,4,2.9248136692787794,1001d34b9e12edda5ea5d5fc7f3c8d265cfb197a21b2122ebcd96ce2be0270fa
590,mb-dielectric-0591,Cu1 Bi1 W2 O8,CuBi(WO4)2,Bi-Cu-O-W,P1,1,12,2.494546184512659,d71f582299961eb14269fb8dcf87ff422f804412e8b316f5dac53e7984fb6533
591,mb-dielectric-0592,Na4 In4 Br16,NaInBr4,Br-In-Na,P2_12_12_1,19,24,1.7455671475674222,61f4840e936e4132ca428c9cde5a70b6dd5ab5ab0e8df3ad9a136106787ba6f4
592,mb-dielectric-0593,Li4 Cr3 Ga1 O8,Li4Cr3GaO8,Cr-Ga-Li-O,P-1,2,16,2.084862665341133,74dfec586de82097b88de4bd776f0d686a8311a4628b19d792349548e1325146
593,mb-dielectric-0594,Fe1 Sb3 P4 O16,FeSb3(PO4)4,Fe-O-P-Sb,Pm,6,24,1.9943882102873887,14cbf6a247476fbfc201ec6601f12259fd6d841d7473dc58717db8fa096e1f58
594,mb-dielectric-0595,Sr4 Ta4 N4 O8,SrTaNO2,N-O-Sr-Ta,P1,1,20,2.6978671205231737,a7b525ab5856796154f853970c26d30f5d37db42a20b97188bbadb72f046e7b1
595,mb-dielectric-0596,Ti4 H8 S4 O24,TiH2SO6,H-O-S-Ti,P2_12_12_1,19,40,1.9198159634020477,27f111e447d95a732b1b7743758eef003e5f64c9d330b73726dfa15f8c266db2
596,mb-dielectric-0597,Br4,Br,Br,Cmce,64,4,2.5112413928851183,5fffb17e60b5080623cee7b4e2014ead521e235cd9180c87337bf7a3698ea8ef
597,mb-dielectric-0598,K18 Li6 I4 O26,K9Li3I2O13,I-K-Li-O,P-62c,190,54,1.8318792718589991,be458207a72518a6ec7d1412d9dfd97d4b76732c9104e28accb41c1234bb20d0
599,mb-dielectric-0600,Mn6 O5 F7,Mn6O5F7,F-Mn-O,P1,1,18,3.2523260394165083,2098df5e7808078d19559d1b2f9fd583f9deac23a69cb1882d4079523590ca69
600,mb-dielectric-0601,Na4 H32 Se4 N4 O24,NaH8SeNO6,H-N-Na-O-Se,P2_12_12_1,19,68,1.512175585042954,51f9f060cc8d5bd5c335b0851e58a6995108632cd0e6870dfff1eab414ac3e17
601,mb-dielectric-0602,Tm6 Ta2 O14,Tm3TaO7,O-Ta-Tm,C222_1,20,22,2.131031596825037,ded2f65900579a2e838239332f4653b5b1381258d3239437f8f094bf8493e43b
603,mb-dielectric-0604,Na1 In1 O2,NaInO2,In-Na-O,R-3m,166,4,1.9847281929775569,8686a17a36d298f4b06547bcd5e2f825f6005fab0a4eff3f48725daa1e037d26
604,mb-dielectric-0605,V2 P4 H3 O16,V2P4H3O16,H-O-P-V,P1,1,25,2.2260923161450425,3e612b4eaaeb62eb5e47e4ce27286718f3bf07f8f9c30b1264c9f0ac32def511
605,mb-dielectric-0606,Ga1 N5 O14,GaN5O14,Ga-N-O,C2,5,20,1.5725938233801293,d2207915696d36450f46c1b18738008d6295d6dedaf4ebd85131f4206b02d2b4
606,mb-dielectric-0607,Na5 Li1 Mn2 P2 C2 O14,Na5LiMn2P2(CO7)2,C-Li-Mn-Na-O-P,Pm,6,26,1.6065551136930638,675dc947bdb40a07afbdd0f1db90287961a90eaee310f50be885b4c37869915d
607,mb-dielectric-0608,Li24 Ga8 N16,Li3GaN2,Ga-Li-N,Ia-3,206,48,2.2873797236138986,4d4bf76d7f4cbfd99bebca9542d8e96caaa1c3a860af7fce229be3b7ccaac384
608,mb-dielectric-0609,Nb2 I4 O2,NbI2O,I-Nb-O,C2,5,8,2.5926021567947246,7a330ce8fe5cd57d3828c512a0906e063bef4fdc75462d57d896b8529fe4861b
609,mb-dielectric-0610,Ti2 Cu1 Sb3,Ti2CuSb3,Cu-Sb-Ti,P-4m2,115,6,1.0,e28da59d415fee993d96e371b745d8ff4cf422c780b347ebc76eeadec5d15dd4
610,mb-dielectric-0611,Rb4 B12 O20,RbB3O5,B-O-Rb,P2_12_12_1,19,36,1.5459902975115982,70a8d55dbf8657c871974d4111cb034d64dde3a1f885bdcd974ca95c1606b0bd
611,mb-dielectric-0612,Cs1 Sn1 F3,CsSnF3,Cs-F-Sn,P1,1,5,1.679777366200652,8b25ba27e81312b5e8236fd3e8752834694b7f105cc75c72157ae7e1e56603b4
612,mb-dielectric-0613,Tl4 P4 H8 O16,TlP(HO2)2,H-O-P-Tl,P2_1/c,14,32,1.7048949136725895,5f980f24064f5971c3e5daa175b77978d753ab5ac9e0f63b7df5d418ea85fede
613,mb-dielectric-0614,Ba2 C2 O6,BaCO3,Ba-C-O,P1,1,10,1.6388129850596131,cf2e299badd7691d64fe298b73af21ec00bc14d115c40af052314036b9a98c89
615,mb-dielectric-0616,Li4 Cr3 Co3 O12,Li4Cr3(CoO4)3,Co-Cr-Li-O,P-1,2,22,2.5721376323983907,5e587af64f88e1bb9d2e6945bc15abbd5c6f5d803aa59dc34ec5c99c867ff7d1
616,mb-dielectric-0617,Rb8 Sn2 O6,Rb4SnO3,O-Rb-Sn,Cc,9,16,1.9463585658009332,4dc5f37f2968a88cb41094a3d271fa87653ebfb7951e8a101bf5179a895791ba
619,mb-dielectric-0620,Sc1 Ni1 Bi1,ScNiBi,Bi-Ni-Sc,F-43m,216,3,4.74940680506524,42a7013007285fa87e9c6437da077f37e9cc0d50509f1fb8c2194cd295c3eb18
620,mb-dielectric-0621,Re12 S16 Br4,Re3S4Br,Br-Re-S,P2_1/c,14,32,2.685951104047379,4593e3693e8e562f113afb604e6a0ca45ebca465bb07909a5d2669776c06f309
624,mb-dielectric-0625,Ba24 Mo8 N32,Ba3MoN4,Ba-Mo-N,Pbca,61,64,2.4005983281951466,5eee9a64af4f3f8287c053f498342eefde9cdcfb3e1d5800a5fb53846b270102
625,mb-dielectric-0626,Na1 Tl1 O2,NaTlO2,Na-O-Tl,R-3m,166,4,2.3170745923829665,ff7e944a7a701108da2cbecd0c8fb4456b06a7ed54df543597be7a050cc707dd
626,mb-dielectric-0627,Zn8 S8,ZnS,S-Zn,P3m1,156,16,1.6824585185575176,f459e1394fc5c2c050bc967309abe01da522495daad9d60286983c7af8bd8ed9
627,mb-dielectric-0628,Nb1 Cu3 Te4,NbCu3Te4,Cu-Nb-Te,P-43m,215,8,3.1343651669835784,0f65971656233b24c16f1b8eaac1fa718aac34ed6c78cb749c9147f13a49026d
628,mb-dielectric-0629,Ba4 S12,BaS3,Ba-S,P2_12_12,18,16,2.4116733471457805,c883373499bab7c19bb69e27f6244451a4fbcc19750242fb958ac3aacdd97257
631,mb-dielectric-0632,Ga2 F6,GaF3,F-Ga,R-3c,167,8,1.51624536272974,8c343d85c9a9efe25096c6df95cba805b3abc51603e5209859d5edc098dd915b
632,mb-dielectric-0633,Li4 Ti2 B4 O12,Li2Ti(BO3)2,B-Li-O-Ti,P1,1,22,1.783482081023898,2dfda6dea3b1325a2e12b270b6ffd6c230cb514759900a743ae1733c6051e6b5
633,mb-dielectric-0634,Li2 Sb2 P8 O24,LiSb(PO3)4,Li-O-P-Sb,P2_1,4,36,1.6078812145180377,53bc1319032bd7cbf1fab33b67e0ab4f63e3ca65eb5e9b9826a2e44cdbdbe201
634,mb-dielectric-0635,Li4 Mn2 P4 O14,Li2MnP2O7,Li-Mn-O-P,P2_1,4,24,1.6159223372427278,d4fa9cf22da8aae361f5cb794afce04ac83a480fa19cf5fe4861f87831f6ede7
636,mb-dielectric-0637,Tl12 Ag4 Te8,Tl3AgTe2,Ag-Te-Tl,P2_1/c,14,24,4.144353588518561,71fc2a39ec97eb89a762d4f2e854db19f831740e0af72ba3d7fa81d0b7a9820f
637,mb-dielectric-0638,K2 Hg1 O2,K2HgO2,Hg-K-O,I4/mmm,139,5,1.745257860603978,56c5374374dd77312e1b69b2eae8a6a8749e61fb9496a3e606a733684144cd14
638,mb-dielectric-0639,K2 Pt1 F6,K2PtF6,F-K-Pt,P-3m1,164,9,1.5334464451033167,8e362b32dbfd65b7b745893e64cdf0b4918b7745297110269978922abc30ef53
640,mb-dielectric-0641,Cd1 Pt1 F6,CdPtF6,Cd-F-Pt,R-3,148,8,1.737312004218016,4f3aa7e0631d97cecdffedbebec1f6720a79d88d4e6ede79557842cf44bfc170
641,mb-dielectric-0642,Hg1 As2 O6,Hg(AsO3)2,As-Hg-O,P-31m,162,9,2.266044277296151,692ccb743745d33f952cbb9bb208ccf082b4b686cb9d76b0e75e509643de16f2
642,mb-dielectric-0643,Pr8 Sb4 O20 F4,Pr2SbO5F,F-O-Pr-Sb,P2_1,4,36,2.090681866441345,fe8f7851f0b27e02ce18ebdffaf2211b6c3d4051def9bccb10db1c0d66998df5
643,mb-dielectric-0644,Li6 Ti3 V3 O12,Li2TiVO4,Li-O-Ti-V,P-1,2,24,2.776422938482776,6e0508b98a3d232162edb3d57b12afd65ddb3db7be9356db928818887058128a
644,mb-dielectric-0645,Zn6 P4 S16,Zn3(PS4)2,P-S-Zn,P-4n2,118,26,2.353148599925923,9fae8dead5f99fc2eadf6c87c8556c8eec6aabfd506bc64fbb01abd0365ea545
645,mb-dielectric-0646,Rb2 Al2 F8,RbAlF4,Al-F-Rb,P4/mbm,127,12,1.4292189008919054,3374fb1c709dc6c1f949134ea972f2e7b64008a4bb9b474e4b94de41c201a13e
646,mb-dielectric-0647,Ti1 Ag1 F6,TiAgF6,Ag-F-Ti,P-1,2,8,2.0031853800052226,28cb28c31e6f628256f558e574106c6664cd13c2540e539b190255ede7612198
647,mb-dielectric-0648,Cs2 As2 F8,CsAsF4,As-Cs-F,P2_1,4,12,1.4678818072310862,45c0c9f0d89edbc3f1592f9633014b78c528001da52c625881d14154a3c45241
648,mb-dielectric-0649,Li24 Y8 N16,Li3YN2,Li-N-Y,Ia-3,206,48,2.442198190155747,a01565fdf57b1aed2ab6bac73b5c55ed4cb06d9ca2d3f55f7b2ffba16c6f5ae9
650,mb-dielectric-0651,Zr4 Mn1 O9,Zr4MnO9,Mn-O-Zr,P1,1,14,2.2866911320362733,3913ad3d3243a8c9565feb3e8bfd23a0c712a5741673bdfd7a01c541491df4b1
651,mb-dielectric-0652,Si16 H48 Se8,Si2H6Se,H-Se-Si,P4_32_12,96,72,1.6382013510758273,5e39f63d04c9f4bc2a4c2f51afd33cafb198f0bba955e05fd2aa760900ebaf23
652,mb-dielectric-0653,Ca16 Ge4 N16,Ca4GeN4,Ca-Ge-N,P2_1/c,14,36,2.4674507087275317,f6fac691aef8e670f51fdf7365321bf050623c947423fa20fa9a50d0fc6c5556
653,mb-dielectric-0654,Na4 Cu4 P4 O16,NaCuPO4,Cu-Na-O-P,P2_12_12_1,19,28,2.031307953019433,8832e658e768b6e40d64a0ecbd65bc30be0f5d6f959c326142612142b16def2a
654,mb-dielectric-0655,Sc16 O24,Sc2O3,O-Sc,Pna2_1,33,40,2.1271267788576527,c5f9ec2c53f943ac9509dce20ca71423fc8a6d96b1b208957a86952143dc5f10
655,mb-dielectric-0656,Lu8 Cu8 O20,Lu2Cu2O5,Cu-Lu-O,Pna2_1,33,36,2.358350200175255,797989718677ee2184cadc64db0839d21dfedb1b69d00ae93b8200eaaa1b4a46
658,mb-dielectric-0659,Sn4 P4 S12,SnPS3,P-S-Sn,Pc,7,20,2.6576186709157508,ff47d74ee7f6fa0a563b9b2138662b443832d2e7bf677fe652821dee75c6fab3
659,mb-dielectric-0660,Si12 O24,SiO2,O-Si,Cmc2_1,36,36,1.4181368058124717,96409a824fb7c134b94b8c40ba7144bc473f65c70ec309af9355bdeef47e308c
660,mb-dielectric-0661,K2 Al2 F8,KAlF4,Al-F-K,P4/mbm,127,12,1.4014278433083882,b8d32a19aeb7effeb9dce2874fa99d77fb8ade2f7cdf2f27b6a5325713a7c58f
661,mb-dielectric-0662,Mn2 P4 O14,MnP2O7,Mn-O-P,P2_1,4,20,2.2686490840733096,d0f162151a58ad4f961ad506f1387a567df4969e36a63a3ab8b8e575595c9274
662,mb-dielectric-0663,Ca2 Sb1 Au1,Ca2SbAu,Au-Ca-Sb,Fm-3m,225,4,7.758024039663723,4f9d0b8278674b8b4d7314555c598d622b9604b040d0a2af7be31f5eb9cd7315
663,mb-dielectric-0664,Li8 H6 Cl2 O6,Li4H3ClO3,Cl-H-Li-O,P2_1/m,11,22,1.504659429904322,df8de1ee4dbc223f461439d836aa963211713bd11f1c7ffd28e4e02b078ef98e
666,mb-dielectric-0667,Li4 V1 Te3 O12,Li4V(TeO4)3,Li-O-Te-V,P2,3,20,2.255754788683084,55b3d3876371106983f5ab018db919a16cf58f9869f0e378405ca41e4650842f
667,mb-dielectric-0668,Mn1 H2 O2,Mn(HO)2,H-Mn-O,C2,5,5,1.7824285866947565,bebd4fc59b30105c4f13f2d91ab195bf569b2a2fa38be0137571d50970666676
668,mb-dielectric-0669,Dy2 Ta14 O38,DyTa7O19,Dy-O-Ta,P-6c2,188,54,2.3597290804949065,335c823622877fd0506e285e736b3f9abc5e68bbc534a6d2f3e30245bd9c919a
669,mb-dielectric-0670,Na2 Nb2 O4,NaNbO2,Na-Nb-O,P6_3/mmc,194,8,2.8642106533330756,38c132a66c406de3d17b3f4a4ced7366458f1b3f6b6726ae20ccd39bee5cb161
671,mb-dielectric-0672,Sr6 B6 N10,Sr3B3N5,B-N-Sr,P-1,2,22,2.104916071169268,cd573e96f80d92b757eb28de401eaf23e26faeee787311797c0ebf19f42606d4
672,mb-dielectric-0673,H2 Br2,HBr,Br-H,Cmc2_1,36,4,1.5814582932639525,5c15a8b8dc3d2aea45d7eac8ca231e55b632c2146a7970298946ea796512147d
673,mb-dielectric-0674,Li2 Mn8 P6 O24,LiMn4(PO4)3,Li-Mn-O-P,I-42d,122,40,1.7894874498954538,0cbfaa0b9ab914a77f301be4cfa37e56ded61fc1c2e092f2e56537ce918e3899
676,mb-dielectric-0677,Rb2 H2 O2,RbHO,H-O-Rb,Cmc2_1,36,6,1.6190845149857576,62950a9154469ab081f218622e3f07e74ac37638fd5b3056c32e99fdb885514c
678,mb-dielectric-0679,Ba1 Cl2,BaCl2,Ba-Cl,Fm-3m,225,3,1.7686152775547814,84fa6b9088c55e57a2c37029e80e5c6155109fe4bd4f85214959e289340dfdf8
679,mb-dielectric-0680,W4 O12,WO3,O-W,P2_1/c,14,16,2.560060611261642,2e6730037c8e2c7fb910d5418792d1b3f8239d6d66201b5c31e2f2759fff61e6
680,mb-dielectric-0681,Li8 V4 P4 O24,Li2VPO6,Li-O-P-V,Pna2_1,33,40,1.848816648561993,fb707117ef751dd6ca911efa0d7db17571fc72b9082709db1f8b019020e74611
681,mb-dielectric-0682,P8 H24 O24,P(HO)3,H-O-P,Pc,7,56,1.5861023506276846,cb679dfc3427fa2d79c5317dabbbf3e3721e319a376c88419729f36ae7c4e168
682,mb-dielectric-0683,Zn4 Pt2 O8,Zn2PtO4,O-Pt-Zn,Imma,74,14,2.4285375571867664,aeec94ceb78bb061a0cad0e3ca8904b7b5f4bcf182267b116280da921ee2352e
683,mb-dielectric-0684,Mo2 H4 O8,Mo(HO2)2,H-Mo-O,P1,1,14,1.8626207343418038,63ddc4fbdbc208cab0a86db805141048ab640f33cc0b1aadb083bf3d44fd7ecb
684,mb-dielectric-0685,P4 H4 S4 F8,PHSF2,F-H-P-S,P2_1/c,14,20,1.5618365258033038,fee1adffab109b06fd5e4db1394e709866afeb250d0f6c6bc39c9bb7f50debdf
685,mb-dielectric-0686,Li4 V2 O1 F7,Li4V2OF7,F-Li-O-V,P1,1,14,1.6530282312572082,b8f7b9d19573fcc2816d3528c9ccb6ee1fd79095253254e0d785d67286055947
686,mb-dielectric-0687,Na1 I1,NaI,I-Na,Fm-3m,225,2,1.8256505689627254,318d54f5433b5e5e358111c28b138cabc7ec11b36226e4de2733b3bbc193127e
688,mb-dielectric-0689,K1 La1 O2,KLaO2,K-La-O,R-3m,166,4,1.9148087807054448,7ae6338f95e6a8cbf6e00d25bd3b7dd9d05f3adcac4b5f411b440ef7f6a992f3
689,mb-dielectric-0690,Na6 Sb2,Na3Sb,Na-Sb,P6_3/mmc,194,8,3.3130046785358043,89841d10aa15629d24c1f10837b06bf0c5cdfd80f65e8b9210ccd1880f62453c
690,mb-dielectric-0691,Li6 Sb2,Li3Sb,Li-Sb,P6_3/mmc,194,8,2.879409661718893,c7a117d07f22b05aa79ba3c55e58c5f3c17e5822ceadea9d583168b33c0b626d
691,mb-dielectric-0692,Ge4 Se4,GeSe,Ge-Se,Pnma,62,8,4.826662062612906,a5a4dc51b72c91cdfda36a94a2499c79ddf627b2db6e668a1e656c816bf02ce4
692,mb-dielectric-0693,Rb2 Sc2 O4,RbScO2,O-Rb-Sc,P6_3/mmc,194,8,2.0121631809241114,044820a1ad994ca5ab8e4b20ba60ad0ef7cbf03cb2aba8866d54d72da5117ff5
693,mb-dielectric-0694,La5 Tl1 Te8,La5TlTe8,La-Te-Tl,I-4,82,14,3.5325052016946823,63126810933410a4d8614d1fc2825c05c8e27ddcf732ec6fe466a1b092ff6aa3
695,mb-dielectric-0696,Na1 Cr1 O2,NaCrO2,Cr-Na-O,R-3m,166,4,2.070657142068659,42d7860c49a4bcc2b3bff6cec417435c86e0e8362bce53bd346d81784e92d786
696,mb-dielectric-0697,V1 Cu1 O3,VCuO3,Cu-O-V,P1,1,5,2.7361072103751103,45edc92065b03cdd6559d97c156a798eb89116b08ab29c027a65cfb8ff219175
697,mb-dielectric-0698,K2 Nb2 Se4,KNbSe2,K-Nb-Se,P6_3/mmc,194,8,3.408127540649576,2113dd21f5a9638646b37603ced15c87191ef9cb9c39622453921a5e8ecaacc5
699,mb-dielectric-0700,Na2 Nb2 Se4,NaNbSe2,Na-Nb-Se,P6_3/mmc,194,8,3.514626106240422,2ef565df3ed30e48556b9482f73f7df7ccb88e7516f4a59326a882b775b49ac1
700,mb-dielectric-0701,K2 Nb2 S4,KNbS2,K-Nb-S,P6_3/mmc,194,8,3.259093278812375,4cc4b64e6d08a4abffd5a32c28c9b92e4a0058baf3715de753f329a63c5b7c72
701,mb-dielectric-0702,Li2 Nb2 S4,LiNbS2,Li-Nb-S,P6_3/mmc,194,8,3.464969889239056,cb9f3417d827fe60d27f8975e10e1835452011fe982cdffdd97180fce1161bc3
702,mb-dielectric-0703,Ca1 Pd1 F6,CaPdF6,Ca-F-Pd,R-3,148,8,1.6362305257308203,f9092e38cfa7a0922069ebc1a0a7261c12c30335f82eab5f9982b2bcabf8048f
704,mb-dielectric-0705,Sm8 Ge8 O28,Sm2Ge2O7,Ge-O-Sm,P4_12_12,92,44,1.9445047355732168,e0b098c3826ab74d21b00fa132ef9025c6af1d9e7bf7a5b71b67ad2252931c02
705,mb-dielectric-0706,Li6 Mg2 P2 C2 O14,Li3MgPCO7,C-Li-Mg-O-P,P2_1,4,26,1.5972285371855837,5907d0781ad5585ace2590d611c7d5a3f2353d88a9b1bec05e8552b5471eabe4
707,mb-dielectric-0708,Ti1 Zn1 Bi2 O6,TiZn(BiO3)2,Bi-O-Ti-Zn,P4mm,99,10,2.5031388961328798,1754bca52a1938021ede476b10c63e283117df2ad88ffc3a239e7edc10aa65ff
708,mb-dielectric-0709,As1 S2 N1 F6,AsS2NF6,As-F-N-S,C2/m,12,10,1.5620499351777215,bc8032dd7896ef0538d292ab6ddc3560557be6db72a0f84f3144c87f034b585a
709,mb-dielectric-0710,Ce3 Zr5 O16,Ce3Zr5O16,Ce-O-Zr,C222,21,24,2.576975164712841,934c065cf4ce4d18cbb1176dfdcd95ec4b9b6597b444aa783b00aaf9e11a862b
710,mb-dielectric-0711,Rb4 P4 H12 O16 F4,RbPH3O4F,F-H-O-P-Rb,Pna2_1,33,40,1.4825653442597395,ab1c440491264dbcec7f3ecde31d610900aad901c3840fe565365aa44d8e9f65
711,mb-dielectric-0712,Y6 Ta2 O14,Y3TaO7,O-Ta-Y,C222_1,20,22,2.128489135513718,1ea6a5639e7099864ee28dbbf124757dc1d6bd3ab671a19b55ebc2b4c20c3dbf
712,mb-dielectric-0713,Sb4 Pb4 O14,Sb2Pb2O7,O-Pb-Sb,Ima2,46,22,2.3621115553673584,bc2c7e16c9f17278f7a009509b42c0afe68cca2866f009692077683523fe318a
713,mb-dielectric-0714,Sr2 Cu4 Ge2 Se8,SrCu2GeSe4,Cu-Ge-Se-Sr,Ama2,40,16,3.1804087787627586,42f449611f5844c0a063622eec03444701f6b7839f38082fd680b0145f5bd397
714,mb-dielectric-0715,Yb8 Cu16 As12,Yb2Cu4As3,As-Cu-Yb,P-62m,189,36,1.0,4505c441f25626b7556c24b168a366ed97fe31d9a1113da621e40a7a587998fb
715,mb-dielectric-0716,La8 Te4 O24,La2TeO6,La-O-Te,P2_12_12_1,19,36,2.037764870309297,c18c06c912970608bed3e5a9cfbcc2a89e77b6c945c11acefe8d2b870e53000d
716,mb-dielectric-0717,Li2 Tl2 P2 H2 O6,LiTlPHO3,H-Li-O-P-Tl,C2,5,14,1.824284700003447,48b2540daaa3f98e00449f9fcf81b83e4b6f5004d09735aeeb75aea4af574289
717,mb-dielectric-0718,Sr2 Ti2 O6,SrTiO3,O-Sr-Ti,I4/mcm,140,10,2.538092656569759,ebcd8c1c17d77138b72742e49fb48daee434740d4330b8ded069d4ebc18bc33d
718,mb-dielectric-0719,Be2 Si2 N4,BeSiN2,Be-N-Si,I-42d,122,8,2.1387452707915746,e63463452461e6f3ea5709424f782fbed0acc422fa9812230509294923a827e3
719,mb-dielectric-0720,Na10 Mn2 O8,Na5MnO4,Mn-Na-O,Pmn2_1,31,20,1.8512152765143226,8318d09b670d5fc3c75f2913f90bfd9f3b1c1e2b41d89a20e33cdb67c5cb1098
720,mb-dielectric-0721,K2 Pr2 Si2 Se8,KPrSiSe4,K-Pr-Se-Si,P2_1,4,14,2.3016443397420607,1751aa639d609ec87f360a40abf1d4b95f6053f10b24a8c54f03213779a0db5b
722,mb-dielectric-0723,Ca2 P1 I1,Ca2PI,Ca-I-P,P1,1,4,2.4137852017112045,dba64a57e85c1e436e5cad73c1d46ce794ef677939f43d041b2032c4c32cd88a
723,mb-dielectric-0724,Sm6 Nb2 O14,Sm3NbO7,Nb-O-Sm,C222_1,20,22,2.2350011931391296,d19a9437fbbde3a66690adb94cb1534687422c733c105cc641f618b45664b678
724,mb-dielectric-0725,Cs2 Sb2 Cl12,CsSbCl6,Cl-Cs-Sb,Cc,9,16,1.6622489785428256,f55a22eaa1b643f41cd07319696d863ae1376f22dd6e251ddf172bfa87c73fbc
726,mb-dielectric-0727,Na4 H8 N4,NaH2N,H-N-Na,Fddd,70,16,1.551502927271919,48e2facd0f16090c2af6e47035dcd598e2f6e84921f456f3d0cdb713fef2622e
730,mb-dielectric-0731,Li2 Sb2 O6,LiSbO3,Li-O-Sb,P1,1,10,1.8620329778233269,77af2d0220b6142a8fbd1dd4297efce4082157087aa13e820e20aa5d7bf4bb19
731,mb-dielectric-0732,Nb2 Cl4 O2,NbCl2O,Cl-Nb-O,C2,5,8,2.1399259332977025,342fa0dd3de4855b8066bb5256bf6260a71b1b17469f03f86575bfe3f89e56e8
732,mb-dielectric-0733,K12 As4 Se12,K3AsSe3,As-K-Se,P2_13,198,28,1.9861112758352688,3c6980004e7e4ce6f21f0a613ecdeb1e5ae02a7fb6582a07bbac4133c555282a
734,mb-dielectric-0735,Na2 Mg8 As6 O24,NaMg4(AsO4)3,As-Mg-Na-O,I-42d,122,40,1.7660846525577418,0552cddb0b453eaaaad6144bd40e96cbfdfd676c7ff76ec35f04543ffdc700d6
735,mb-dielectric-0736,Er8 Te4 O24,Er2TeO6,Er-O-Te,P2_12_12_1,19,36,2.0090711784304705,ed80eee463f9528be32f20843c458730add624626b6ff9829ee8767812aa7546
737,mb-dielectric-0738,Sm5 Cu1 Se8,Sm5CuSe8,Cu-Se-Sm,I-4,82,14,3.328011468329599,144a44b775dce8601344f2f7194b8c7c1a8ec7383ec131f5b6791a21a69e713c
738,mb-dielectric-0739,Pb2 W2 O8,PbWO4,O-Pb-W,P1,1,12,2.168356059322362,6bed704b5877b231111d93e3782ea6ac93163083f411be8511b8b342cce722c9
741,mb-dielectric-0742,As4 H24 N4 O16,AsH6NO4,As-H-N-O,P2_12_12_1,19,48,1.5323355811744808,98b466680544d456b62ecc92d6f2a58c1fcf4a29dde45aa51666afd430210b5f
742,mb-dielectric-0743,Ba10 Cr2 N10,Ba5CrN5,Ba-Cr-N,C2/m,12,22,3.848759323903397,3b18bdb84afc56ca6f3fe2e8e24ae873b28424981079be27e5206a470e36053b
744,mb-dielectric-0745,Y6 Tm6 O18,YTmO3,O-Tm-Y,P6_3cm,185,30,2.0147716165031353,df01c19ac0795f87c35fdc3037eaf92d8906fa81399e913aa84d6d9363eec573
746,mb-dielectric-0747,Rb4 Fe4 O8,RbFeO2,Fe-O-Rb,P4_12_12,92,16,1.920796970010105,96764d63dc9f28436ad482ade38099791999eaba2234122a50560c74d892f592
747,mb-dielectric-0748,Li4 Mn1 Te3 O12,Li4Mn(TeO4)3,Li-Mn-O-Te,P2,3,20,2.4183468182486423,5f7d492fe9ff8206ce8101e2686c9f77313846ad290d1f7da573d2006552c360
748,mb-dielectric-0749,Be4 H16 N4 F12,BeH4NF3,Be-F-H-N,P2_12_12_1,19,36,1.3551129104248103,2203df9be86ea3570f04580adff912ed001418d980657743eaaa529da0525f8c
749,mb-dielectric-0750,Si6 O12,SiO2,O-Si,Pmma,51,18,1.418684836976369,f98e8beafcb65ae506be508ba34f32711ced44f84886afd422fc42839bcd6640
750,mb-dielectric-0751,Ca10 P6 O25,Ca10P6O25,Ca-O-P,P-6,174,41,1.7084904643183305,617916d2e98d5830a4e75a761f9b5751f25049ee10ffda41f9f57996b94f3796
751,mb-dielectric-0752,Li6 Cr2 O8,Li3CrO4,Cr-Li-O,Pmn2_1,31,16,1.8487436274399973,438acb4d7c9931dfd457c3edc35936cc8241ece7f0213f0acda508a70215716a
753,mb-dielectric-0754,H14 S2 I2 O20,H7SIO10,H-I-O-S,P-1,2,38,1.5751190431202335,56c02ec6653d4ebfbbe2bc23b39381e4ffc3be9417f97f9cc3d063be1bd259a9
754,mb-dielectric-0755,La8 Al7 In1 O24,La8Al7InO24,Al-In-La-O,Pm-3m,221,40,2.2122386851332303,f0fc507ee043d11a2b0539095ab58f2c629dbe19ff52aef116176f1c3618641e
755,mb-dielectric-0756,La8 Al7 B1 O24,La8Al7BO24,Al-B-La-O,Pm-3m,221,40,2.215851980616033,9f4907e44940827147ee079759792a8c4e27b81b8ff004db7be81d59b5eb6c2e
757,mb-dielectric-0758,La7 Sc1 Al8 O24,La7ScAl8O24,Al-La-O-Sc,Pm-3m,221,40,2.238972978845436,a1dbb74bd394cde8634ef004e5ed5d7cd1855f9fb0204b2dc5573c0543a73f69
758,mb-dielectric-0759,La8 Al7 Ga1 O24,La8Al7GaO24,Al-Ga-La-O,Pm-3m,221,40,2.1883783950679088,4dc3a236014cae1f22eb37ccc936873a39fbe9180de1d8625e317eab2e9308ed
759,mb-dielectric-0760,Nd6 Ga2 O12,Nd3GaO6,Ga-Nd-O,Cmc2_1,36,20,2.0675217048437484,1d84813049de7ad9121702588bda27c2491b9c29ad64f701fefc409cb959c497
760,mb-dielectric-0761,Li4 S2 O8,Li2SO4,Li-O-S,P1,1,14,1.5198253189100384,ed90a20053013c5943104e4f72988d195dfd06a271a390cdbd6cc31ec5249f59
761,mb-dielectric-0762,Mn1 Tl2 Ge1 Te4,MnTl2GeTe4,Ge-Mn-Te-Tl,I-42m,121,8,3.8187916500729218,94605c4afb0655a0b0ad3ac0e3a933f72683f8d6d61eecb8035be925f4868363
762,mb-dielectric-0763,Mo3 H24 C8 S13 N2,Mo3H24C8S13N2,C-H-Mo-N-S,P31m,157,50,1.834389635092104,f2968f4f69b8540e76502cd43b920ed9c37b56693923d7e7d9eb2948f399ff96
764,mb-dielectric-0765,Ta18 Fe4 S12,Ta9(FeS3)2,Fe-S-Ta,P-62m,189,34,7.5311893925638795,569a733e30413422fbe847368323a478fc61f3cceafc5ee9bd83b9f65295d4f7
765,mb-dielectric-0766,Ba6 As28,Ba3As14,As-Ba,P2_1/c,14,34,3.256634254359348,f9d89668977798af4e52afdf0cadc1ad023036d390293b82e02e362df15d7eff
766,mb-dielectric-0767,Ba12 Ge4 O20,Ba3GeO5,Ba-Ge-O,P4/ncc,130,36,1.9634995968083786,567c909de6b1ba6406c92b14ba51f0151506580b8d0c1e266f8ddac2efd24347
767,mb-dielectric-0768,Na8 P8,NaP,Na-P,P2_12_12_1,19,16,2.8509445218500247,54343af5fdfeb59026db6eb516c9e2a5340c7790df3852a699085338e59f50f1
768,mb-dielectric-0769,Li2 Zr4 N6,LiZr2N3,Li-N-Zr,Cmcm,63,12,3.0435652887143174,e1a8469c0688a9794e567fec08fe6a24e4a3feeb6abdf540602e2a73386d61af
769,mb-dielectric-0770,Mg1 H8 Cl2 O12,MgH8(ClO6)2,Cl-H-Mg-O,C2/m,12,23,1.48144074018054,79001e4c238a5d9148b2fefffa0d443e43163e92752729880fb0bf5cb7336ef5
770,mb-dielectric-0771,K4 Sn2 Te10,K2SnTe5,K-Sn-Te,I4cm,108,16,3.904350949048168,6f7ff2d97f982682929f6e80c2520a3b9cc6df7f109eadecc7050308319c1853
771,mb-dielectric-0772,K6 Li4 Nb10 O30,K3Li2Nb5O15,K-Li-Nb-O,P4bm,100,50,2.3076683759442846,31d61c920f01f231ca3f89e751e0d765bbfc042d0e18bed2f83e56c393db0630
772,mb-dielectric-0773,Li2 V2 F12,LiVF6,F-Li-V,Cc,9,16,1.472299896125275,b18658e34e64281f9fea900ed917ed5608e7456054f73c161fcac370a1391ba8
773,mb-dielectric-0774,Cr3 Sb1 P4 O16,Cr3Sb(PO4)4,Cr-O-P-Sb,Pm,6,24,2.0128384601518987,c552a49e91a8a3e1f0049e03211001bef7d8a8189d9b106dfd98ef064bd3419e
774,mb-dielectric-0775,H14 C6 N6 O10,H7C3N3O5,C-H-N-O,C2/c,15,36,1.5686512253100326,ac241254d39b06bb2ff038254c5483b64fd76f7183945977966621aefb551765
776,mb-dielectric-0777,K1 Ca1 C1 O3 F1,KCaCO3F,C-Ca-F-K-O,P-6m2,187,7,1.5468760993262087,45e6075144f2084efbc6904d8a773eea2511aa5dd87a54885e4dcfe00fcdcfe7
777,mb-dielectric-0778,Li4 Cu2 P2 O8,Li2CuPO4,Cu-Li-O-P,Pmn2_1,31,16,1.7875701384840819,1a7b5ec0e73ce7eb42d34ffbfaff921f1665bf13498c5afdeda3d957a46b4f28
778,mb-dielectric-0779,Li2 Ag2 F4,LiAgF2,Ag-F-Li,Pc,7,8,1.7123831346985405,b3888e00f0920a1fc653565b4c1873232cfbc99ad2f6cb24167e82deb0706de0
779,mb-dielectric-0780,Li2 Co2 O4,LiCoO2,Co-Li-O,P6_3mc,186,8,2.550713233587814,caae04be68a5a9da5a5b5c53231113e265abb17386bf54b77213b77e32aaf746
781,mb-dielectric-0782,Sr4 Ca2 I12,Sr2CaI6,Ca-I-Sr,P1,1,18,1.8819310640509552,1f1307d5c0c2d61d77522ff5f02255e249ed99e0c9903b550b7a8b9848a91488
783,mb-dielectric-0784,Ca8 Si4,Ca2Si,Ca-Si,Pnma,62,12,3.970222495864264,42b4c95aadc746b59e5913ac8a225c6ab22780184ab9769bafb265773194fcc9
786,mb-dielectric-0787,Rb24 W16 N40,Rb3W2N5,N-Rb-W,I4_1,80,80,2.246558627471508,943950cabbcda1b5da9eb384bd9fcf0a3b702d71dd62183888cfa6390bcef093
790,mb-dielectric-0791,Ba2 Br4 O12,Ba(BrO3)2,Ba-Br-O,Fdd2,43,18,1.690463052933525,a5ef75766af229298845c69a6650cb1b4e091b50eaed26b617039baffe282b89
791,mb-dielectric-0792,Sm12 Nb4 S12 O16,Sm3NbS3O4,Nb-O-S-Sm,Pna2_1,33,44,2.592334147700356,4109cdde0fd4fe08f0b76919d8784b859f9fe42495d631e8ab8d7a9e4f9b1b91
792,mb-dielectric-0793,Na12 Mo8 N20,Na3Mo2N5,Mo-N-Na,I4_1,80,40,2.4588685067187575,c0424d9e916030aa86c9d0514717835ba8e05c1e7e599eba4c83baec477b44f0
793,mb-dielectric-0794,Li4 Si2 O6,Li2SiO3,Li-O-Si,Cmc2_1,36,12,1.6632907142168505,77b64f272fc4be3c01f1226b6a138c40bd15828e4ebc6ce955c60d5c4fbe4286
795,mb-dielectric-0796,Li4 H4 Se2 O10,Li2H2SeO5,H-Li-O-Se,P2_1,4,20,1.5337752986231936,6141f39a42cde28f3fbe2b23c52154f44490864e54dab823a22f1395154ab052
796,mb-dielectric-0797,Ca4 Al4 H20,CaAlH5,Al-Ca-H,P2_12_12_1,19,28,2.2024567343461405,54ea671803335dd33269ed279436a05c61b17df45c9dc71337c1a55b3efcf106
797,mb-dielectric-0798,Zn4 H8 O8,Zn(HO)2,H-O-Zn,P2_12_12_1,19,20,1.648181118688113,3e8bf398e62f3f4f94b7be9ff570091ccb07afe885776121b0b4ef80a32c6027
798,mb-dielectric-0799,Li20 Si2 P4 O24,Li10Si(PO6)2,Li-O-P-Si,P4_2mc,105,50,1.5872554929815175,d5fe9ac904ff6d3ac2ce88b04c821819e462ce5e841fb589bbc89c5bde0ddf07
799,mb-dielectric-0800,Li4 Mn4 Fe4 O16,LiMnFeO4,Fe-Li-Mn-O,P4_322,95,28,2.636611082431385,178f37d1e9ac42b9619882252d7eb059337b705091e9df98d156610179786226
800,mb-dielectric-0801,B2 S2 O9,B2S2O9,B-O-S,C2,5,13,1.605534905672665,f0859cc6b196133eb8891ae2b5574bfab4cfb5012b8bb7cc475b2d7682c00746
801,mb-dielectric-0802,Zn4 Sb2 N6,Zn2SbN3,N-Sb-Zn,Cmc2_1,36,12,7.238739531161485,a8ca550c3654a1438765fc6f721bdde44dc520414edbc53b3bf83346950763f2
802,mb-dielectric-0803,Li4 Cu2 P2 O8,Li2CuPO4,Cu-Li-O-P,P1,1,16,1.7823563990777302,a8db066866eb6f24e7ab9c76f36592dcd11b734b57c9b0f3cee7693e29c8922b
803,mb-dielectric-0804,Sb4 As4 O20,SbAsO5,As-O-Sb,P2_12_12_1,19,28,1.8697029175780842,a5c23b3b868cca7ce61a5cefa667e657e5f6859ab236486624ed4dcb3579619a
805,mb-dielectric-0806,Li4 Mn6 Ni2 O16,Li2Mn3NiO8,Li-Mn-Ni-O,P6_3mc,186,28,2.5537376529314844,58f3365bf838c56930b88499a7ec0043ef80f7ac1b6f470d5e11bcc5e82c6b75
806,mb-dielectric-0807,Rb2 V2 Cu4 S8,RbV(CuS2)2,Cu-Rb-S-V,Ama2,40,16,2.3742796802398827,7938bdb950dcef7e2a8decd618232847ca990a55a056430731fc65c4d3d79620
807,mb-dielectric-0808,Li2 Tm2 O4,LiTmO2,Li-O-Tm,I4_1/amd,141,8,1.9356482979439564,bc34b81ae1e2a7fff1a760a9dad1aecf6d7ed8a5fbae48c1b86f5813d2c9b57a
808,mb-dielectric-0809,Li2 H6 Se4 O12,LiH3(SeO3)2,H-Li-O-Se,Pc,7,24,1.7599024594183243,6b47da527ee8c8a24924806202f237e8ff25e4c566e9fe9ac276187dc9432277
809,mb-dielectric-0810,Li1 V2 O3 F3,LiV2(OF)3,F-Li-O-V,P1,1,9,2.303076420790244,243731d11a3dacd286daf7a0faffde55383b2ebb3ecb0530a967971a23e131bb
810,mb-dielectric-0811,Rb4 V6 O16,Rb2V3O8,O-Rb-V,P4bm,100,26,1.8311113201186504,22987b513a0ae5787d453dd1470614daba0f6797434980e7f8a2b63da8e43050
811,mb-dielectric-0812,Ho3 Al9 Cl36,Ho(AlCl4)3,Al-Cl-Ho,P3_112,151,48,1.533763562830553,76ee97ade224b8453b940455552a256d6de2f28cbecbf8ee2cf3b83045de6aac
813,mb-dielectric-0814,Rb32 Si32,RbSi,Rb-Si,P-43n,218,64,2.415749987064059,71d055ccfdf59c47d12ff39ceed06f3517218a94765d3ccd19ba65b981fbf628
814,mb-dielectric-0815,Na5 Fe2 P2 C2 O14,Na5Fe2P2(CO7)2,C-Fe-Na-O-P,Pm,6,25,1.6610088299986046,3c2949a54af71063424a56ab3371c0695b6c31e08f5845b09270853e6597e4d5
815,mb-dielectric-0816,Li4 Ni2 P4 O14,Li2NiP2O7,Li-Ni-O-P,P2_1,4,24,1.6422428768810862,ed8f7444b2ae13dde36cfe0086a0fb5d4af05be96bf448ef43f86e3e5a3945c6
816,mb-dielectric-0817,Sr1 As2 S4,Sr(AsS2)2,As-S-Sr,P1,1,7,2.4586686099052337,465cdd911ed85ed39e321b7fece494ab69012fead9793aa4ef3ae899d262e05e
817,mb-dielectric-0818,Na8 Sn4 O8,Na2SnO2,Na-O-Sn,P2_12_12_1,19,20,2.0741740524845063,4d31637dcafde239c0bfba1691f6c68f66911a75472015cbc77bccb98add5e0a
818,mb-dielectric-0819,Sr4 Al6 W1 O16,Sr4Al6WO16,Al-O-Sr-W,I-43m,217,27,1.6490184959544876,10dc5a7b6c14566a350207ab29e1e96b4d4d02bb00f64f344658e4c8a829e972
819,mb-dielectric-0820,Li2 Mn1 Cr3 O8,Li2MnCr3O8,Cr-Li-Mn-O,R3m,160,14,3.4640852087287515,0f00d55e87e5701b5a595eef85bde92a27b72081ea57e91d68fa221d99a953e9
820,mb-dielectric-0821,Li6 Mn1 Fe1 P2 C2 O14,Li6MnFeP2(CO7)2,C-Fe-Li-Mn-O-P,Pm,6,26,1.64869190572405,581ea38d7f176ee68b81a29001e45d603746f5a6b3ff5aa18794059b2dc83d90
821,mb-dielectric-0822,Li6 V1 Cr1 P2 C2 O14,Li6VCrP2(CO7)2,C-Cr-Li-O-P-V,Pm,6,26,1.6667857290805757,25adc0b82766962213fdef47d0205dc6551f334c4a361f072393a527fe4bd202
822,mb-dielectric-0823,Li2 Al2 Si4 O12,LiAl(SiO3)2,Al-Li-O-Si,P1,1,20,1.4722768082123685,76468bc5ef8b95bdda9ed5e5b9aa54b65e647114a880bcd7af79f987cf0b0200
824,mb-dielectric-0825,Ba12 B8 N16,Ba3(BN2)2,B-Ba-N,P2_12_12_1,19,36,2.126598300886496,237c5a97cb7b40e7d0a37f4543d462bbbc6dbcd8cca1dde700b6a568ce4abf85
825,mb-dielectric-0826,Na6 P2 S6 O2,Na3PS3O,Na-O-P-S,Cmc2_1,36,16,1.8597443372678943,13e1d28cfaae964a4dc7accfb9472e51f42b6db208a1c56eee4714a47b16c026
826,mb-dielectric-0827,Cd2 H4 O4,Cd(HO)2,Cd-H-O,P1,1,10,1.8629579526477063,d3c9424c431a7756e46dbaa58acaee81719028c4b2a85d5932af4692895d2b00
828,mb-dielectric-0829,Li12 Cr4 B4 O20,Li3CrBO5,B-Cr-Li-O,Pna2_1,33,40,1.915645409081058,5e2d3cd0dd6ef21fcb1af41c5233809e7d4255671e0b10f162b9afabbfad3def
829,mb-dielectric-0830,Ta2 V2 O8,TaVO4,O-Ta-V,I4_1md,109,12,2.4537425836192894,9f62d34f486aa0635a3e4865526d249a46c75a20c55693b1785481ecf9dcc69c
831,mb-dielectric-0832,Si12 O24,SiO2,O-Si,Cmc2_1,36,36,1.4251095864295253,c0a7ee9cb2d57bda0ea7606e554f9e0657262f38488ec690b673716a854ddbf1
832,mb-dielectric-0833,Na4 Fe2 O4,Na2FeO2,Fe-Na-O,Cmc2_1,36,10,1.9488813885577199,e00b2ee9b92f82db3b06abc0c7f5a96af831024275068d47f9de048712c014da
833,mb-dielectric-0834,K2 F4,KF2,F-K,P4_2/mnm,136,6,1.4022600804891128,985509f800ac9d85919dd704124383d31525469e8c0fa1e58e11feef820be3ed
834,mb-dielectric-0835,Li6 Fe1 O3 F3,Li6Fe(OF)3,F-Fe-Li-O,R3m,160,13,1.5653498011626745,81e3f54face64f9f91ae3ec49461d28b6899ee5fd320fc72500abbf7f061e9d0
835,mb-dielectric-0836,H16 Pt2 O12,H8PtO6,H-O-Pt,Cc,9,30,1.9901777977524184,65d41e031d4aac62c1c4ffd92b63f552955127a5cbdd60e8616aea5543dd7592
836,mb-dielectric-0837,Li2 Ni1 Sn1 O4,Li2NiSnO4,Li-Ni-O-Sn,I-4m2,119,8,2.055940660622286,39959105f1a8cc4ab638f12471f93a640ffa7b2f0312d83f67bd723109071cec
841,mb-dielectric-0842,Na3 P1 S4,Na3PS4,Na-P-S,I-43m,217,8,2.040749127158947,a147e04cba09d17edb8053953e10db653444d407b75d382f18c55dcac488e28c
842,mb-dielectric-0843,Na2 Nd2 P2 C2 O14,NaNdPCO7,C-Na-Nd-O-P,P2_1,4,22,1.8409822559347677,1af91c513b5f43da43af8c996669a1a19843d0b803086dc445edd5b83155ec02
843,mb-dielectric-0844,Mg4 O4,MgO,Mg-O,P6_3mc,186,8,1.7425722366662435,42d57d549fa6bae503dea4414a6d81949349536589b9eba74838fae45f3672da
844,mb-dielectric-0845,Ag4 O6,Ag2O3,Ag-O,Fdd2,43,10,3.832268518775791,09ee5615d5352eb55291c46bc2e1d2a1316a2ceb4306dc25a877d7679e339897
845,mb-dielectric-0846,Li3 Cu3 P2 O8,Li3Cu3(PO4)2,Cu-Li-O-P,P1,1,16,1.9010909148872042,7111e3f863aa29fe306473eb54820debff8ff88ee840130c890b8a9988f4b4b3
847,mb-dielectric-0848,Ba4 Ge4 O12,BaGeO3,Ba-Ge-O,P2_12_12_1,19,20,1.7944085376524488,dffd39c2f21b3df231b9a54918aabebd863d289dd109f9ba901e372992764825
848,mb-dielectric-0849,Li3 Fe2 Si2 O8,Li3Fe2(SiO4)2,Fe-Li-O-Si,P1,1,15,1.7940222964054824,7f25221b642880d01e51e76ac56e6ee8373bd3fe2dc850d30e2f34baaacf1a5b
849,mb-dielectric-0850,Li2 Fe2 O4,LiFeO2,Fe-Li-O,I4_1/amd,141,8,2.311773273620328,76e2dd2b2dd6009c7e55c6345335c6b6ca5261c1641c4dd45af65cc901efead2
850,mb-dielectric-0851,Li2 Fe3 O3 F5,Li2Fe3O3F5,F-Fe-Li-O,Cm,8,13,1.818178942421968,1cdb120e45ece26a9bf7821e32355feaa18391fb9d77a07fde7c3a4c9f8bd53c
851,mb-dielectric-0852,Al6 In6 Se18,AlInSe3,Al-In-Se,P6_1,169,30,2.634722502782157,ac4d3831915672199a5dd3e6399cf93126cf6dd445f1022ae7057c767fdf5195
854,mb-dielectric-0855,V1 Fe1 Sb1,VFeSb,Fe-Sb-V,F-43m,216,3,5.620228465107094,584a3ee4846a97ff24918da69d03e9885005ea999bf63081f915ee8228a42baf
855,mb-dielectric-0856,H20 N4 O4,H5NO,H-N-O,P2_12_12_1,19,28,1.4318625399574267,0921995459aadab24096b2ef150ac7e5d4488f9309f665d1c27d2093a11eeae4
857,mb-dielectric-0858,Li1 Mg1 Bi1,LiMgBi,Bi-Li-Mg,F-43m,216,3,3.6064636418519442,518677fa294b08284d430370161378a7e01247057b10efc7a1821256b442fe55
858,mb-dielectric-0859,Sb2 O4 F2,SbO2F,F-O-Sb,C2/c,15,8,2.0569959487887512,9e6c2be1f9a26aba5e0b9adab31f3ec7359aa0dec7916095cf7c141ad273f0f3
859,mb-dielectric-0860,Bi1 Pb1 F5,BiPbF5,Bi-F-Pb,P1,1,7,1.8367575597594075,bc53ac34c364835ca430112f979c3272df62fc4abf3007a4c67b2bf2ee14a8bf
860,mb-dielectric-0861,Li4 V4 N8,LiVN2,Li-N-V,Pna2_1,33,16,3.1170839471103973,fc21db2b72db2492761b43d772f5f5e56388a303a0270937efdff6fefbd08409
861,mb-dielectric-0862,Na24 P8 O32,Na3PO4,Na-O-P,P-42_1c,114,64,1.5333344927531847,c474a419da0c43b0c998e83f4ddde6c02fbea34d58b777dc2357b2df6a0e0a06
862,mb-dielectric-0863,Zr8 N8 O4,Zr2N2O,N-O-Zr,Cm,8,20,3.0408572626548844,481d3592504ab63ea68e469cfb052f67715fc4aeb1a47dcc92f7938e1a2f7ee7
864,mb-dielectric-0865,Ba2 Sn4 H4 O8,BaSn2(HO2)2,Ba-H-O-Sn,P2_1,4,18,2.094770154456092,03693b533df8a64927cfaa16808a104954653511faff7cd15dc89b6f11e5fa29
865,mb-dielectric-0866,H20 C3 N4 O10,H20C3(N2O5)2,C-H-N-O,P1,1,37,1.5316679288232167,a7c3863d9c283d2de576ab1cc0c521c0cf8327cfae5483b507cad9805e0d1f27
866,mb-dielectric-0867,Ca6 Ga2 N6,Ca3GaN3,Ca-Ga-N,P6_3/m,176,14,2.5660291632533463,a403c5c2e9d83b92caa7043f1ed04c30b702606d48f9363c1f2e0c97c0cf3efe
867,mb-dielectric-0868,Bi2 O2 F2,BiOF,Bi-F-O,P4/nmm,129,6,2.2562196929214826,17eb847602e433c68fbbb04b39771661178f7eac00920b59450ed42a86680a48
868,mb-dielectric-0869,Ca8 Sn4 S16,Ca2SnS4,Ca-S-Sn,P4_122,91,28,2.32673397705883,0801e394b2eca01d72148408b20e01894febb5734b19ba3386cc4078757a67da
870,mb-dielectric-0871,Na2 Y6 F20,NaY3F10,F-Na-Y,P4_2/mmc,131,28,1.6316670411984588,3a987c74f8be2ec19e4a5f960cdcbad6906a723464dcacaba95a510c09894451
871,mb-dielectric-0872,Zn4 Cl8,ZnCl2,Cl-Zn,Pna2_1,33,12,1.6775838776844114,d071e336e3706f95eac5d639cf207e3a4636255606d25721cea872f276c887ac
872,mb-dielectric-0873,Na4 P2 H22 O16,Na2PH11O8,H-Na-O-P,Pmn2_1,31,44,1.47347175066236,744d9b61ec7a4da5d8fa67904a1f413d7837764f981e4530a556bbf21a20cc97
873,mb-dielectric-0874,Na6 Zn2 P2 C2 O14,Na3ZnPCO7,C-Na-O-P-Zn,P2_1,4,26,1.6120453881120511,08b32f609fb308c263f9aa9ce76f060bf33692719bd348cd15a10fcafd8515b8
875,mb-dielectric-0876,Ba8 Na8 O12,Ba2Na2O3,Ba-Na-O,P4_32_12,96,28,1.977800377523812,300facb7cf7f902cb702d10c4a9f28d3c74d8f11fb01639015096034f6766b7e
877,mb-dielectric-0878,K4 Ge2 F12,K2GeF6,F-Ge-K,P6_3mc,186,18,1.409515046626567,a75fbfbbc5fff9a83b1b220f35a7b2d44a8bbf911f25a5dc593ddc9591a7d0f9
878,mb-dielectric-0879,Ta2 Zn4 N6,TaZn2N3,N-Ta-Zn,Cmc2_1,36,12,2.6203751639793875,fba9da9a2b1beb447f91493382c2ddce862363aed23eee6aeff6e76d102779c5
879,mb-dielectric-0880,Ba3 Nb1 Ga3 Si2 O14,Ba3NbGa3(SiO7)2,Ba-Ga-Nb-O-Si,P321,150,23,1.8991429646027216,1400a6fb557f2007b0bc616776116a04eb738908a12575fe915347fa00f88181
880,mb-dielectric-0881,Re4 S4 O26,Re2S2O13,O-Re-S,Pba2,32,34,1.8426869873457439,9da5c4dfc579e46932333ef629fde6860e14b95b4c77c7a81eba5e273fd80aef
881,mb-dielectric-0882,Na2 Ge4 N6,NaGe2N3,Ge-N-Na,Cmc2_1,36,12,2.29217487698183,8ea2691c87c4061445f785c84dee3bd7775f64c1f9e899997e9432b50bff9d06
882,mb-dielectric-0883,Ca6 Sn3 S12,Ca2SnS4,Ca-S-Sn,P-62m,189,21,2.7665583312122646,e9173dfb2c5ee8a8e784ab99218a22d06c1271b35fa0101344384f6158e14bf5
883,mb-dielectric-0884,Pb4 F12,PbF3,F-Pb,P4_2/mcm,132,16,1.8582238831744684,6af9698b13e1eb0ddb455075729db0d5afbd03f5dc2e66336e2db67976a69399
884,mb-dielectric-0885,Re2 H8 N2 O8,ReH4NO4,H-N-O-Re,I4_1/a,88,20,1.6231240453725853,6d8dcc50114c221b0a894f2bb0b6942903702b68b352f85e8b617a0baed395be
886,mb-dielectric-0887,Mn1 Sn3 P4 O16,MnSn3(PO4)4,Mn-O-P-Sn,Pm,6,24,1.875361209651801,d66237cc5274e0d6ac0053b356faf6d370df6a1e1910998dfb7303d43a209607
887,mb-dielectric-0888,Li4 V1 Ga3 O8,Li4VGa3O8,Ga-Li-O-V,P1,1,16,1.8694682844773447,f05d0ee6ddf696256e80e3eca842bddafaf63bc4f3149d1fb2c749178e131d53
888,mb-dielectric-0889,Si4 C4,SiC,C-Si,P6_3mc,186,8,2.6689549765154656,8de7778a88cab06aa4b34066f636e88d6fa9c3c2782828a8c6bc6df9b4131fec
889,mb-dielectric-0890,Ba2 H6 Ru1,Ba2H6Ru,Ba-H-Ru,Fm-3m,225,9,2.1047372757662663,73916d199f405eebbcbda105474dddcc18fc7d313b607330f9f5478060f59f28
890,mb-dielectric-0891,Si8 O16,SiO2,O-Si,I-42m,121,24,1.502462201410294,123879ec544613d0f2fa5d792afbd8a47664af6d9194156a4d7be4489df87dcd
891,mb-dielectric-0892,Sr2 H8 O6,SrH4O3,H-O-Sr,P1,1,16,1.6634666613230737,fafaf3af9a8f65928705440f7a12a30c07ad0c2885488d9a9c1b75ae14faf1ca
894,mb-dielectric-0895,Li2 Ni2 F6,LiNiF3,F-Li-Ni,R-3,148,10,1.519310384446241,b4a27c30efbe2c887f16c21f666334cec5f9781ef45d44ee1b49d121b562bad2
895,mb-dielectric-0896,Mn2 Cu4 Ge2 S8,MnCu2GeS4,Cu-Ge-Mn-S,Pmn2_1,31,16,3.0769890044219093,28d825707f459565308f7bb7ebf0348a5e1f802b1471cf130de6ed8e5e9f23ec
896,mb-dielectric-0897,Sr3 C3 N6,SrCN2,C-N-Sr,R-3m,166,12,1.774527636677812,37288c3841437466215e23fee8a197a0526fa17eff546c4104b15bb2b51ca63e
897,mb-dielectric-0898,Rb2 H2 O2,RbHO,H-O-Rb,P2_1/m,11,6,1.5587388064286674,5767c6e98540bd004ff65fbb26123712ce39ff76fc1256412186de0574e9259a
898,mb-dielectric-0899,Ba2 C2 O6,BaCO3,Ba-C-O,P2_1,4,10,1.6527233081593946,1367d4b30087419ad08d42e1a04481032b3ddb787743f36a3f13c1a23cbf8f01
899,mb-dielectric-0900,H8 C4 O8,H2CO2,C-H-O,Pna2_1,33,20,1.4438513312203118,aaac94b5305071b7c59acdad1282b8793bb922ef49f1a650406972cc883a6d02
900,mb-dielectric-0901,Li7 Cr2 O8,Li7Cr2O8,Cr-Li-O,P1,1,17,1.961179067126032,f1244037136b0082a6e41db37631b14e6d97c821bd4280858c3c9b1178c01792
901,mb-dielectric-0902,S2 O4,SO2,O-S,Aea2,41,6,1.555350764297237,735b0febb5668cf6fd6435e5314aec6457221e65bb1f86986d76f1ae4d5bd369
902,mb-dielectric-0903,Na4 Sr1 Si3 O9,Na4Sr(SiO3)3,Na-O-Si-Sr,C2,5,17,1.6181245316723927,9c290f6799117eb9ca21c91fd27e813a906b26b6c456c67fecf4c32c8b244358
903,mb-dielectric-0904,Rb6 Te6,RbTe,Rb-Te,P-62m,189,12,2.0603434988693805,83390e4c51db5eb4b8c585eae2acdd5141244d56ac1ae36c53ab2e691946e771
904,mb-dielectric-0905,Cd2 Si2 P4,CdSiP2,Cd-P-Si,I-42d,122,8,3.2845073197259484,baedacd574697cdba3c23af88c46c20215cadef08fe14a9689529ac73d023ec1
905,mb-dielectric-0906,B4 H16 N4 F16,BH4NF4,B-F-H-N,Pnma,62,40,1.3661381091724707,9b304d21761e200365158285ee4a33d99061a738a5c81a9b4177f037c689fa19
907,mb-dielectric-0908,Li6 Zn2 P2 C2 O14,Li3ZnPCO7,C-Li-O-P-Zn,P2_1,4,26,1.6447807351336126,34c21ef79e63189d87d725ae9744625f83cd5e34cb891d5fd20f317b13ef0986
908,mb-dielectric-0909,P2 I6,PI3,I-P,P6_3,173,8,1.9080003494059827,ffa51c77c82e51e65a7a793d02af0d4babd4c95c3fdb9757df836e3adb6949c9
912,mb-dielectric-0913,Sr2 H1 N1,Sr2HN,H-N-Sr,R-3m,166,4,2.3668797321931287,34ead0fbed0ca6e06ffdfa3553bc50dded726f7e3dd27de4c56081ed8ee1bad1
913,mb-dielectric-0914,Ca2 Pt2 O6,CaPtO3,Ca-O-Pt,Cmcm,63,10,2.7034455792562144,6148e43a4dea10dde248c614bfac21c487716abda63cdc06ffbd2c7d6d969d23
914,mb-dielectric-0915,Hg6 Te4 Cl4,Hg3(TeCl)2,Cl-Hg-Te,I2_13,199,14,2.5795623659838123,1cf8ffe2d641544debdf26c2a8927dc16688ce353b5a73c440b1db77cd09f654
915,mb-dielectric-0916,Li4 Cu4 O8,LiCuO2,Cu-Li-O,P1,1,16,2.4536751347044023,e6b5adfc7375be2a5ecf8c91bf1216b10647b76094449b5dfff19cd85646d141
916,mb-dielectric-0917,H14 Cl2 O6,H7ClO3,Cl-H-O,Cc,9,22,1.5032187687315066,c6a368645a8cec57e8f2dcede105bb2dd875809b6fe52c27ecd50690b263b357
917,mb-dielectric-0918,Na2 Cu2 P4 O14,NaCuP2O7,Cu-Na-O-P,Cc,9,22,1.9716058219143542,b90dca151f1a6fdfa4e66f0e2928cf07c09d0874a877507acf0f69ea7ed6243e
918,mb-dielectric-0919,Fe4 H4 O8,FeHO2,Fe-H-O,Pnma,62,16,2.453266394014315,35cc9af72a6fa462934707ea8dc154562b336b4515418f898836ae4feb9f579b
920,mb-dielectric-0921,Er2 Ag2 Te4,ErAgTe2,Ag-Er-Te,P-42_1m,113,8,3.3504765830152183,742053a94730f6e968f2a0a7ec756e8ebf324e4e81cc2b2866f4102bfea95a5c
921,mb-dielectric-0922,Li8 Fe6 P6 O24 F2,Li4Fe3P3O12F,F-Fe-Li-O-P,P-43n,218,46,1.6031624995614135,987384cfe7432ac6195e8ea2ae7ec672a50b9b3921c323ab5b0270474473a0ba
924,mb-dielectric-0925,Ba3 Ge12 O27,BaGe4O9,Ba-Ge-O,P321,150,42,1.8635054780350553,6a26e685699d8908113ebf63a1daa21db0b8ca7623d0ed9ce6afb1d97ba6ec6c
927,mb-dielectric-0928,H12 N4,H3N,H-N,P2_13,198,16,1.477986129840196,2e7501dc10ef2d3e23a99a9bbff30b4d4875a961d4ec298ba7cc44ed3b7abebd
928,mb-dielectric-0929,Pr4 Be4 Ge2 O14,Pr2Be2GeO7,Be-Ge-O-Pr,P-42_1m,113,24,1.9654799244289762,46867152d59712478806075972620c8119640e1a5e6f1a4545f40a0f1546d892
931,mb-dielectric-0932,Y2 Se1 O2,Y2SeO2,O-Se-Y,P-3m1,164,5,2.3504771892894416,e176b76a4bc741747154238dab194bb8b1978c630de6305ccb54d81760ea6efa
932,mb-dielectric-0933,Fe8 O4 F12,Fe2OF3,F-Fe-O,Pnma,62,24,1.7917728650696771,f3621b18ef39295a56b84af889946abf0a867d30a2f0d20c7696a1ae6d3389f2
933,mb-dielectric-0934,Cs4 Te2 O6,Cs2TeO3,Cs-O-Te,P321,150,12,1.6928090067498236,d46de9ef70afa99b1e7ae7e57f6e60aef4f017514fea163839f0ac55f574498d
935,mb-dielectric-0936,Na4 Cl4 O12,NaClO3,Cl-Na-O,P2_13,198,20,1.4147349575097095,81bc34c98ae65022318d61919457ca4e4083bf27d1468d5ae0e656df6ef637a5
937,mb-dielectric-0938,Na6 Ca6 Al2 As8,Na3Ca3AlAs4,Al-As-Ca-Na,P6_3mc,186,22,2.882288327006858,9438ffd593d1551988fa48560d5686d248ed3b00ca2e177c82cf651864ccc3a7
939,mb-dielectric-0940,Li6 Ca6 P6 O24,LiCaPO4,Ca-Li-O-P,P31c,159,42,1.6581097671746763,ec3540e9b79d8ad25278e56ca43b8c45e7a14579b81e9a282efc7cade2bf635b
940,mb-dielectric-0941,K2 Pt1 Cl4,K2PtCl4,Cl-K-Pt,P4/mmm,123,7,1.8265534028145287,38f0f81291b882fb0cf1067488d7a890f6b2e4afe59bf133b78b7e77778fe6ee
941,mb-dielectric-0942,V2 Zn4 P4 O18,VZn2P2O9,O-P-V-Zn,I4cm,108,28,1.7319541949293389,cff9dfd3f503b7406037cb6ab653775bcf1c45fd35d5657f5b5fae60abcbaa5a
942,mb-dielectric-0943,Be6 Cd8 Si6 Te2 O24,Be3Cd4Si3TeO12,Be-Cd-O-Si-Te,P-43n,218,46,1.8986123880350094,eca03bfa94636411878a805527cf87382306f7559a14cc848fc0906062af8df0
943,mb-dielectric-0944,Hg3 Br6,HgBr2,Br-Hg,P3,143,9,2.1314016514960272,b273672746675362795d8610ab1c6032113e907fed3c320ed6994fa2e415efa9
944,mb-dielectric-0945,Mn1 H2 O2,Mn(HO)2,H-Mn-O,P1,1,5,1.7542421915649695,f39eb9146ffc21e33c7856b8f959cfe7b2d8faa4e1a316ecba823080c2f08efb
945,mb-dielectric-0946,Li4 Ti1 S4,Li4TiS4,Li-S-Ti,I-42m,121,9,2.010650972529378,01170de5d5f3a8aad9107a66e0b05b0d63a7ad3a012730c89cd1fc2041a682d4
946,mb-dielectric-0947,K1 Ag2 Sb1 S4,KAg2SbS4,Ag-K-S-Sb,I-42m,121,8,2.564470380669922,3c8b375c523052faac0e459c4b1c18154c7d0be846282b456c936712ac671091
947,mb-dielectric-0948,Ba2 Sr1 I6,Ba2SrI6,Ba-I-Sr,P-62m,189,9,2.1066830959274974,4aa59e8ef685dfb97340345d2cd41f0f5b512defdd6f21d4a911145fb6ca00df
948,mb-dielectric-0949,Li4 H8 Cl4 O4,LiH2ClO,Cl-H-Li-O,Cmcm,63,20,1.6181264886693294,1773a75e68eab1c4cda7321b53f18eb6bf8c66e0ae59f4366cfd973649f64e54
949,mb-dielectric-0950,Be4 H8 O8,Be(HO)2,Be-H-O,P2_12_12_1,19,20,1.627956797133552,7ff4dece5c4e0f203262c785ee418d93824d98bf1b77f555b4b4cb8ec119ee9b
950,mb-dielectric-0951,P2 H12 N2 O4,PH6NO2,H-N-O-P,Cmme,67,20,1.593423986263543,3691b14cfa2aa79318ef5dc65efad27d083c5176510567c7aed939c2ca0bf77c
954,mb-dielectric-0955,Tb4 Pb2 S8,Tb2PbS4,Pb-S-Tb,I-42d,122,14,3.112475060141045,f68a83a3a13fdbdb338eb017ca82ef1a8123b1c4c9073cede014663a242cc35f
955,mb-dielectric-0956,Rb4 I2 O1,Rb4I2O,I-O-Rb,I4/mmm,139,7,1.7139539083650999,442adf89fef762b11168197b4a97ce9c1d3f5dfd7669f74e2eb2866232c8e2e6
956,mb-dielectric-0957,Ca2 Sn1 S4,Ca2SnS4,Ca-S-Sn,Cmmm,65,7,2.3399290587536954,7881a6f36a3b4a7f6be8700081a74fd9fde9b7541ae641355b5eb1dd70d82b49
957,mb-dielectric-0958,Dy2 Ag2 Te4,DyAgTe2,Ag-Dy-Te,P-42_1m,113,8,3.356026718209099,6d0bccdb7504db0944aa88209a26575a85313bcfbd7f37d5fd12bd2e057fad93
959,mb-dielectric-0960,Rb2 Ni2 Br6,RbNiBr3,Br-Ni-Rb,P6_3/mmc,194,10,2.0363279860245185,14372ef00390f8fcf639290e961bd32ead06dfe9f1a450a1c14c19ca0ea7ecac
960,mb-dielectric-0961,La6 Cu2 Ge2 Se14,La3CuGeSe7,Cu-Ge-La-Se,P6_3,173,24,3.0028257802720857,45c15b880a35494e32ee74ba968b36a518ce70eeab936905ea4248862c67a4a4
961,mb-dielectric-0962,Ga2 Ag2 Se4,GaAgSe2,Ag-Ga-Se,I-42d,122,8,4.777830749200304,19003411cc3d442490147b2380b964826b5e11fab9a3e31825a17ab0e7dd1cda
962,mb-dielectric-0963,Ca3 P1 Cl3,Ca3PCl3,Ca-Cl-P,Pm-3m,221,7,2.09036695343186,bd8a50bfe2efafb9efa94891c8e84aef93fe5b186e6752d4dee6e5c2fb0f3ddb
963,mb-dielectric-0964,Sr1 Hf1 O3,SrHfO3,Hf-O-Sr,P4mm,99,5,2.0857646080035015,3a99cf7e3503f25e64b6218c868c9624996f00e9e20f34647a83f16d48db8ac9
964,mb-dielectric-0965,Tb6 Cu2 Sn2 Se14,Tb3CuSnSe7,Cu-Se-Sn-Tb,P6_3,173,24,3.1239333646329057,b3f9af2da2e5288b7d89786029f4810353f22111addbac0c22e09d2f331be60b
965,mb-dielectric-0966,Li4 Al20 O32,LiAl5O8,Al-Li-O,P4_332,212,56,1.7777693888690962,8d47788ad7415328a1d0b81bf619441322638ca6b3e2ce7ebe7934d1067a884c
966,mb-dielectric-0967,Ca4 Zn2 Ge4 O14,Ca2ZnGe2O7,Ca-Ge-O-Zn,P-42_1m,113,24,1.8211511926983623,7249ab7e8c20108bd5e979135da9a2537bdf10684c87eea58afe7c9c97c30e3c
968,mb-dielectric-0969,Li3 Mn1 O1 F4,Li3MnOF4,F-Li-Mn-O,Cm,8,9,1.8491408815988033,bb5479c5e1fe2df058ebd9fe53a8760f7e7649eddae4da35c2f1f18dad5b9e7d
969,mb-dielectric-0970,Si12 Ru8,Si3Ru2,Ru-Si,P-4c2,116,20,4.609096838499563,6921b5f1ccc4cdd1fe4b3f7d296388f43a919366d368467d8b3ca5bfeee96419
970,mb-dielectric-0971,Mn4 Ge4 N8,MnGeN2,Ge-Mn-N,Pna2_1,33,16,2.71209175115199,01a3ad75e70ef02b7ab6c83230893fe41ff8b39f84937714df4dd2aa6537c9bc
971,mb-dielectric-0972,Nd4 Se3 O4,Nd4Se3O4,Nd-O-Se,Amm2,38,11,2.7503797313583207,5c70d0f92750fccc46c0b8cdf7605183537741542a889967c17fccb988175999
973,mb-dielectric-0974,Cs2 V2 Cl6,CsVCl3,Cl-Cs-V,P6_3/mmc,194,10,1.7561899100040366,0f85670a66c6edd76b047f1aa27aff240135db7ead08fd870f484272bd6de418
974,mb-dielectric-0975,P4 H4 N8,PHN2,H-N-P,P2_12_12_1,19,16,1.9346109858745935,12cd522288c9120be0a4edcfe8e59697b6ba1474c6ab0281902434fc78a33795
975,mb-dielectric-0976,Ge4 Pt4 Se4,GePtSe,Ge-Pt-Se,Pca2_1,29,12,4.844981940110819,ca512d230dcfeb4362cf36b722e2d49f2e2a9a716630aceb4a874e4f5b2c8e11
976,mb-dielectric-0977,Na6 P2 S8,Na3PS4,Na-P-S,P-42_1c,114,16,2.019813027650497,e1e4b8ea3d5d6675257b173970ed9f3e6bb8904a31371859d1789ef99c354623
977,mb-dielectric-0978,Pb4 O4,PbO,O-Pb,Pca2_1,29,8,2.2918422720597507,dbb73d2463736d46dfcf3f422bc1739474f66a1015bfe6712da3a168dc2314f4
978,mb-dielectric-0979,Ba4 Na1 Cu1 C2 O10,Ba4NaCu(CO5)2,Ba-C-Cu-Na-O,I-42m,121,18,1.9326168787423956,be4fd807f72cc2761b8a81c46c293bff22530d3a3a826c9ebc6a7f5b7147a265
980,mb-dielectric-0981,Sn2 B8 O14,SnB4O7,B-O-Sn,Pmn2_1,31,24,1.982969574485028,f76a21527e1314ae68a85b9c07e2ac114f82c419dcb05e231bb64e9bf95687a9
981,mb-dielectric-0982,Si2 H16 N4 F12,SiH8(NF3)2,F-H-N-Si,P6_3mc,186,34,1.4093733833583277,a7c5412ebd7a0a97f557a308f3ad2e256afa2e54db2c5c8a08235f8c2198b43b
982,mb-dielectric-0983,Li4 As4 H8 O16,LiAs(HO2)2,As-H-Li-O,Pna2_1,33,32,1.5783707844905561,1190ee50b603bca6fcafc53a9382229d841d2c7fa2181da64c6d98b19f42d897
983,mb-dielectric-0984,K2 H2 S2,KHS,H-K-S,P2_1/m,11,6,1.6736188335460376,8da756f06d72a66d71270cfecc37dafa04b97c4db3f4ef4115d421d0652242ed
984,mb-dielectric-0985,Na10 Sr1 Sn12,Na10SrSn12,Na-Sn-Sr,I-43m,217,23,3.8979812296452447,283eb52f320f79d815db2b5108232b20dfe2cc511344b5397ad23d1c9e7b8e76
985,mb-dielectric-0986,Na2 H2 S2,NaHS,H-Na-S,P2_1/m,11,6,1.8111690515612653,b0536d5589a1c96be5c0b17abbcc2709219edb54b51f3b257ba6295228540515
986,mb-dielectric-0987,Hg1 H12 Cl2 O14,HgH12(ClO7)2,Cl-H-Hg-O,P-3m1,164,29,1.5341664373695225,cf127889faef407909464828354ee5c4f6f130ca8d3702f9d03a3350201b449a
988,mb-dielectric-0989,Li4 Mn2 F8,Li2MnF4,F-Li-Mn,C2/c,15,14,1.4562508941342034,677fe474874d7d7971eb34be5e420faab619caa29ac78bdb086a09f4a0c00a48
990,mb-dielectric-0991,Li4 Cr2 C4 O12,Li2Cr(CO3)2,C-Cr-Li-O,P1,1,22,1.6411450850929106,27e4d7c6e4ee90da6bc4c69339ae94ed1b99c5bd4658cec4128974b4c4c069c3
991,mb-dielectric-0992,Be2 Al2 H10,BeAlH5,Al-Be-H,P2_1,4,14,1.8787723828784229,bde4f8a297df3f62b3bb48e49d5a7c5b18bd6d2c21178a301a4d7056f2c8a84f
992,mb-dielectric-0993,Na1 Sc1 As2 O7,NaScAs2O7,As-Na-O-Sc,C2,5,11,1.8444036073123116,a25682cb9b7dd4282cdbeec631956634e9f39d1d17b396a2bb18051d232ca154
993,mb-dielectric-0994,Sr2 B8 O14,SrB4O7,B-O-Sr,Pmn2_1,31,24,1.7774847397375877,e95423a9bcefb34e43abd1180a8fa4ca6ea3de1bd293029c28b5e6c3fbd8722c
994,mb-dielectric-0995,In2 Sn2 Br6,InSnBr3,Br-In-Sn,R3c,161,10,2.2885041693939168,ab454cde83292aa8d13d111b8196ff3e82413ba6edde0c53b347cd31d2bd6b00
995,mb-dielectric-0996,Y4 Si6 N8 O6,Y2Si3N4O3,N-O-Si-Y,P-42_1m,113,24,2.1203586174670233,4d54d9856a31807b6da182ab512ce418d3551d9b43519e8234c79f5f38530052
997,mb-dielectric-0998,Rb3 Ta1 O8,Rb3TaO8,O-Rb-Ta,I-42m,121,12,1.6243719812079171,b74815822ef48d521179388274ae4b1be86978cd15190fd4e5d0e6ec2bd55353
998,mb-dielectric-0999,Cs2 Ta2 N4,CsTaN2,Cs-N-Ta,I-42d,122,8,2.499849328792971,6893c23715526e5f689f7143291648a894cb0ac8e1ef10f19bdec4f4de5e2829
999,mb-dielectric-1000,Na2 Hg1 O2,Na2HgO2,Hg-Na-O,I4/mmm,139,5,1.902222910176397,bbe8619e6b85b35ab5eb05498440159bf03fa42712d8937b7d22a6f4a747e2a8
1000,mb-dielectric-1001,Ba2 Pr4 Se8,Ba(PrSe2)2,Ba-Pr-Se,I-42d,122,14,2.9700853523089195,531cf0f33546fdcf94fee1fe98352bbdbc3cbf3972d655d7528811688de7a301
1001,mb-dielectric-1002,K2 Bi2 O4,KBiO2,Bi-K-O,C2/c,15,8,2.029869043395006,181afe31b2d24777dd7661c7f37ca33d95a127bfb228cab24aed3a59735881d7
1002,mb-dielectric-1003,Li8 Nb4 Cr12 O32,Li2NbCr3O8,Cr-Li-Nb-O,P4_332,212,56,2.167000461467418,2f7defef9fa7ea379a01e7bc39028cba5969a96f97e87326e7f59fa69b2dc3a1
1004,mb-dielectric-1005,Li1 Fe5 O8,LiFe5O8,Fe-Li-O,R-3m,166,14,2.3251537583566426,2d6d19dca5e444d329049681b4cc590c4262905119554c9f8123348e38d67b62
1005,mb-dielectric-1006,Sc2 C1 Cl2,Sc2CCl2,C-Cl-Sc,P-3m1,164,5,2.5907225504351845,699f5369803504004ddb5e6580b331e37bdab9d725cc353b7c1da63cc8212b00
1006,mb-dielectric-1007,La2 I2 O2,LaIO,I-La-O,P4/nmm,129,6,2.1139903815612158,a1b1daf20ac81b947b50b0e261ba3b6d7b43ecfc529e604a95d0d100d613a2f0
1007,mb-dielectric-1008,Mg4 Zr4 N8,MgZrN2,Mg-N-Zr,Pnma,62,16,2.6422860682875853,c81880730e4b29e0b4c12051645720e4fb96cee835723485f638164def38432e
1008,mb-dielectric-1009,W1 Br6,WBr6,Br-W,R-3,148,7,2.2081808500815043,b171bcc0144757b0aba2141735ad06e5a5c9ac771694a560cd5f292eadadea98
1009,mb-dielectric-1010,Ce3 In3 Ni3,CeInNi,Ce-In-Ni,P-62m,189,9,1.0,a75d54edde1bc92f79e8877baa1cd62cb191cc2d528508d944157eee353f2b6e
1010,mb-dielectric-1011,Bi8 Se12,Bi2Se3,Bi-Se,Pnma,62,20,4.0358394418014205,f91d52d5521f9adcebc63d731074f491818d74b1c74b5e4b01abaf29b2260ec2
1011,mb-dielectric-1012,Ag6 Sn2 P14,Ag3SnP7,Ag-P-Sn,P2_1/m,11,22,4.017005518210467,dc8986569a472eac0cd8a12b802ef860ac340e7addaf7ddf6ba157a97f35f7fe
1012,mb-dielectric-1013,Rb2 Te5,Rb2Te5,Rb-Te,C2/m,12,7,4.089172695464663,3180f59860601d7c07b33aa8a2a7a8b2cdb874578504632e577d1c36f5515fe3
1013,mb-dielectric-1014,I8 O16,IO2,I-O,P2_1/c,14,24,2.261489184880912,66ebc0303ab681f6ed10cfb10ee8ae211af17d8365d0898658ec3a49eed4d44c
1014,mb-dielectric-1015,W6 O18,WO3,O-W,P6_3cm,185,24,2.4066584025712205,1eaa3783e8a7198461e8ef9688f14910cca8709513b07bc542a16ddeaf27b924
1015,mb-dielectric-1016,Re6 Cl18,ReCl3,Cl-Re,R-3m,166,24,2.0051600102426073,0dc302644845d0ea413d5345246ddab4f7870738c0e0a8d0fb40fefead4ff340
1016,mb-dielectric-1017,Hg2 Br2,HgBr,Br-Hg,I4/mmm,139,4,2.317397966118755,370904a4869d3a713e73a22a374e4809aa52dd32b25b860e6ccf35e00bc8a968
1017,mb-dielectric-1018,W3 Cl18,WCl6,Cl-W,P-3m1,164,21,1.806746615697215,6b5c4454f9c070e98199dc89dc1bd1fface596fa30a0f7fa4e44be340e49aa77
1018,mb-dielectric-1019,Si12 O24,SiO2,O-Si,P4_32_12,96,36,1.5304803167633356,26b8fbe4cebe02335cdf9b73934cd90e817d23fb697022a59a88941be4da3a51
1019,mb-dielectric-1020,Al12 P12 O48,AlPO4,Al-O-P,P6cc,184,72,1.3566852988073503,4d0cf59558b96934d5fdee26bedb8c19f25b976d7d80b797af735344fbea2c0d
1020,mb-dielectric-1021,Zr2 Mn2 O6,ZrMnO3,Mn-O-Zr,R3c,161,10,2.221732807217524,e005d11b6f969995e21da09293b9b010358167c9bf8be8a0c6a06f0b22db6cfa
1021,mb-dielectric-1022,Li1 P2 W1 O7,LiP2WO7,Li-O-P-W,P1,1,11,1.739958045471212,8f9476c8761a29c6c2412db7e0195671233138fced4b22b8e4243db700060057
1022,mb-dielectric-1023,Na4 Pt1 O4,Na4PtO4,Na-O-Pt,C2/m,12,9,2.247837350759881,e7e8b81965082fd65920f7c0972deb0343c4f418c486a1da508f7ebca8126469
1023,mb-dielectric-1024,B2 I6,BI3,B-I,P6_3/m,176,8,1.6647322106973774,718b8cf1081e199ab225701a4669ea041f04e81c1ab10d92d707d700507e188a
1024,mb-dielectric-1025,As8 S10,As4S5,As-S,P2_1/m,11,18,2.108316864230802,0306c136cc8f65e8faf098ab05f830c143ad2435eaae3af6a62c606389874081
1025,mb-dielectric-1026,Sr12 Ga8 N16,Sr3(GaN2)2,Ga-N-Sr,Pnna,52,36,2.4799270822613577,660fed7752287b315de1cafba6b9bb98c98fbbd130cc1e4b853522f63fdd4a3b
1026,mb-dielectric-1027,Tl1 I1,TlI,I-Tl,Pm-3m,221,2,2.8835741710592426,d9660afecc8a56c948ba44c6c73024a2c7cd99b6c01c650b3cdea81248b93631
1028,mb-dielectric-1029,In2 I2,InI,I-In,Cmcm,63,4,2.908321394436285,fd3be7ea55c543e9902220407ac81b0d360f9bc32c32d9b59f636613f7dce979
1029,mb-dielectric-1030,P4 Br12 O4,PBr3O,Br-O-P,Pna2_1,33,20,1.5779181432085339,5cd8c9a0cae67ac043c12fb405618ff3ab8632915444ecc1c0341e6a2b5f41d3
1030,mb-dielectric-1031,Mg1 I2,MgI2,I-Mg,P-3m1,164,3,1.9165942015286754,3c89d898c7f148312a1179fe0377c974206e58d8fecc75982c440a5fbfdc1211
1031,mb-dielectric-1032,Cs2 Ga2 S4,CsGaS2,Cs-Ga-S,C2/c,15,8,1.9031402120355356,5d58e952c10539a0a4699f96784b5e3d0e509980cba84f1751866de81d90aa95
1032,mb-dielectric-1033,Cl8 O16,ClO2,Cl-O,Pbca,61,24,1.7623847480048165,9b9f63a7f68e69a8823023ffc75b4f1e70bd8a88b04b61d5eabfa7a7feae3150
1033,mb-dielectric-1034,As2 Pb1 O6,As2PbO6,As-O-Pb,P-31m,162,9,2.1273701292127396,b7f6fd38a95c2f4b32dec878ad695fdf1da61edf1b0e2e4bccdccc7cfa5a4c50
1034,mb-dielectric-1035,Li4 Mn4 Nb4 O16,LiMnNbO4,Li-Mn-Nb-O,P4_322,95,28,2.1318487282168967,2b92993a11758d3beb2fc5d90ab9d712f27b55bf995f507af392a01ce4b8e8db
1035,mb-dielectric-1036,Mg1 Cl2,MgCl2,Cl-Mg,R-3m,166,3,1.607859446593521,f4521050982d1e40023ad6ca32370ef95a1e3922de3f995df7756ea2accb2d21
1036,mb-dielectric-1037,Ho6 Cu2 Sn2 S14,Ho3CuSnS7,Cu-Ho-S-Sn,P6_3,173,24,2.819181205007346,0f69deac3ac343b3447b148f2a4f990b307c8f66fb849a7317996c4c5966bc24
1037,mb-dielectric-1038,As2 I6,AsI3,As-I,R-3,148,8,2.4040244036453635,df30e9fc3235dff5dc110ed78564421ce2fe82e88b48dfc3f27a8e3978a97c83
1038,mb-dielectric-1039,Te2 Mo1 W3 Se2 S4,Te2MoW3(SeS2)2,Mo-S-Se-Te-W,P3m1,156,12,1.0000000000274398,f71833f18f116d6f63e6fcbb23797b81db7d198d1cea7cfdeffd8307f54f4f68
1039,mb-dielectric-1040,Si4 H12 I4,SiH3I,H-I-Si,P2_1/c,14,20,1.6557978942693057,f64f7517ab17ae7c976ded7a8887974ffca47a62d09ece90facb0c3887bc3d7b
1040,mb-dielectric-1041,Tl2 In2 S4,TlInS2,In-S-Tl,P6_3/mmc,194,8,3.138567029712764,a013198b4758a120cc03bc1cbf2f670a5cc7dfd1102b49725edb29c38f5d63c2
1041,mb-dielectric-1042,B2 Br6,BBr3,B-Br,P6_3/m,176,8,1.4903019828209472,fe6ca4de725be9967ef0eaa9f6f822d0c078c39c2bd5a13c85d41cf9acf3df16
1042,mb-dielectric-1043,K2 Li2 Mn2 P2 C2 O14,KLiMnPCO7,C-K-Li-Mn-O-P,P2_1,4,24,1.7822210861730932,df187b167bf5dbe224964f4195141ece8bcbbba57397d93f0722390e29b11026
1043,mb-dielectric-1044,Ti1 Mn3 O8,TiMn3O8,Mn-O-Ti,R-3m,166,12,2.623760532772251,ace78f3981c5ac68ac4a03c6024ab6b48fc30e92f0cb0df3473e38f06e994e2f
1044,mb-dielectric-1045,Ba2 B4 S8,Ba(BS2)2,B-Ba-S,Cc,9,14,2.1721831567956387,fd4e4d73c26d83045a680ba9586023fa1cb1f22850a23cb410b776534a0521eb
1045,mb-dielectric-1046,Nb4 Fe4 O16,NbFeO4,Fe-Nb-O,P4_322,95,24,2.3028654614052755,58e5a841639e9b13aac786e9bb96a32456e48a487ccf20e1a7efbc02434842b0
1046,mb-dielectric-1047,P4 Cl12,PCl3,Cl-P,Pnma,62,16,1.5215124054702938,d20c99b800d7b854a0426e3c604227df3b00b6a33dcca695746a14895108a6b4
1047,mb-dielectric-1048,Ca4 I2 N2,Ca2IN,Ca-I-N,P6_3/mmc,194,8,2.382170648799115,627b33224344dc157c967b97e5a73e0f6913114f30ca3c6e431e1fa3f556565e
1048,mb-dielectric-1049,Ca2 As1 I1,Ca2AsI,As-Ca-I,R-3m,166,4,2.4976873303117837,9541ffee84ac585791c9722806aa68bcfa73370b8699faf97306cb5f7cd2f8a9
1050,mb-dielectric-1051,Co1 Cl2,CoCl2,Cl-Co,R-3m,166,3,3.956008088995544,3f8e7f9405bb75715e2ecc53d62b42fcbf877827b0079c422453b4fd9b2d6b82
1051,mb-dielectric-1052,Li2 Co2 Si2 O8,LiCoSiO4,Co-Li-O-Si,P2_1,4,14,2.0844681758606143,9a9a869741ba4abe1fa4a1e0782982f4b6c5f64528e1f0dcff8fe3bf03ad9da7
1052,mb-dielectric-1053,Ba3 Zn3 O6,BaZnO2,Ba-O-Zn,P3_121,152,12,2.048316625915045,74e696a6be4f51facd353886abb1c0247b024e9945fa52b20b5a7a3ccae4e48c
1053,mb-dielectric-1054,K6 Ta6 Si4 O26,K3Ta3Si2O13,K-O-Si-Ta,P-62m,189,42,2.013362279041374,6476590d7ee4995b2ce372241c645d6617e8b696b3b3c8b8d0d121dc2083520f
1054,mb-dielectric-1055,Zr2 S1 N2,Zr2SN2,N-S-Zr,P-3m1,164,5,3.089380520428003,466de9d9f6557b68fd1a854ca67cb02bd68385a9c1013dfc453d75f56ef41dc2
1055,mb-dielectric-1056,Na1 C1 N1 O1,NaCNO,C-N-Na-O,R3m,160,4,1.468609546475842,cbb745599dff2f609404b0af132b06710f2401e88320faf0ac1c6993377c0571
1056,mb-dielectric-1057,Nb2 Cl8,NbCl4,Cl-Nb,C2/m,12,10,1.8897089723023,2d0db5bc9ff763ec7b56a53b820b5ad65ec42d13868d8e8a5fe61d9ccf77ba0a
1057,mb-dielectric-1058,H20 N4 F8,H5NF2,F-H-N,Pmna,53,32,1.4029730337156638,7cd61e00f393e4e049af0d4c4c9da6be46493b201cc768ff8b4026e89cd6a285
1058,mb-dielectric-1059,Li2 U2 O6,LiUO3,Li-O-U,R3c,161,10,2.3526397230912046,04cd1c22f9d20496ce3913ded8a69c05c15976173c83c1b10266cf1b9ed05aad
1059,mb-dielectric-1060,Li4 Mn2 P4 H3 O16,Li4Mn2P4H3O16,H-Li-Mn-O-P,P1,1,29,1.912022227904268,2841de0473b08cc7a472656182f2a167dff99518530560097112c51f7256ce82
1060,mb-dielectric-1061,C4 O8,CO2,C-O,Pa-3,205,12,1.365772064926404,770502553a8de0ab6aacbce9f06ed9089ed1aac487fd7f5a9d1776d2f5469330
1061,mb-dielectric-1062,La2 Br6,LaBr3,Br-La,P6_3/m,176,8,2.1009521650861567,22ceeb2ccac99fe0de28c5f2ca4bb241c2c69a1ca5503016c34698db9feb9912
1062,mb-dielectric-1063,Bi8 O12,Bi2O3,Bi-O,P2_1/c,14,20,2.5747491787227226,a7266e1dbfd20bce0b9ca34c780a4a65be6a7a8ac32e745516b8215ef244ae08
1064,mb-dielectric-1065,Cl4 O14,Cl2O7,Cl-O,C2/c,15,18,1.4789636010846696,68cf45ce84ed3b885ddc871f8421b9a4fc535fd4be27e0f2ed78c7c10c254655
1065,mb-dielectric-1066,Fe8 O8 F8,FeOF,F-Fe-O,Ama2,40,24,2.139403343613977,59f3d3bdb3693414a74254cbb3e483f96620cc9e34ba9c2744721bd3a4f39415
1068,mb-dielectric-1069,Na5 Sb1 O5,Na5SbO5,Na-O-Sb,P1,1,11,1.8199857142296474,734142220a847c37de3247b48896dfb1f6c9501b15e8473159d4bf39b7fe1a34
1069,mb-dielectric-1070,La1 Cu1 O2,LaCuO2,Cu-La-O,R-3m,166,4,2.1889913963589094,1c2d8b1f96244025b11432f74f6de9d628a39d13784e89f71955c0cdbe518514
1070,mb-dielectric-1071,Cr4 O1 F11,Cr4OF11,Cr-F-O,P1,1,16,1.864304159733599,6c64f878da97bd02ab87d6c39b6a538de20bd290cb80e4a2e6eea1a5b742e84a
1072,mb-dielectric-1073,K4 Na4 Ge4 O12,KNaGeO3,Ge-K-Na-O,Pna2_1,33,24,1.6824014582336366,cc96c44aed2f32d13dd5ec57c7a345b61221ed35f77b1505d4e44d87e429d17b
1075,mb-dielectric-1076,Rb6 Sn8 Au2,Rb3Sn4Au,Au-Rb-Sn,Pmmn,59,16,3.370262106523269,f8ca289ceba89f5f32fa53404ef584e5315d14156cdc85ee4cbe5aeeea884c64
1076,mb-dielectric-1077,Mn2 F6,MnF3,F-Mn,Pbam,55,8,1.8697730873595013,0b52f2bc37c3845974c813fcab4a4f3591a007c7e3142973d8897cb4c506326d
1077,mb-dielectric-1078,Pb8 O12,Pb2O3,O-Pb,P2_1/c,14,20,2.731151588616055,ff02b2d9e780bdd795e99d562ad5b73e54572a6d40ba6c052408147c8f8161b2
1078,mb-dielectric-1079,Ga2 Co1 S4,Ga2CoS4,Co-Ga-S,I-4,82,7,2.914581101976749,3e4c8c98e22e59a4b057b3db911f6fa9ecdaff232a1e325a62006a4bca9c7216
1080,mb-dielectric-1081,Li4 Cr4 Si4 O16,LiCrSiO4,Cr-Li-O-Si,P4_322,95,28,2.023139309752709,cc7bfe9cc1feae0799df87913230c798f6049549aff03f917e3826466cc1a277
1081,mb-dielectric-1082,Al2 P2 O8,AlPO4,Al-O-P,P6_3mc,186,12,1.4188558771066218,279e19c8f7775a17a16e4934f756778b9b6f1d26f6ed48cca6894199e63c9805
1082,mb-dielectric-1083,Cs16 Nb16 N32,CsNbN2,Cs-N-Nb,Pbca,61,64,2.7662565559494534,f1ddabc49eba47c9314a514f587e4126d3373db950b045277bd7a61e800f7f5a
1083,mb-dielectric-1084,Hg2 S2 O8,HgSO4,Hg-O-S,Pmn2_1,31,12,1.978532368533134,c7a6520cc4ab9cb241b5e5248db6d6b507b7c679c173b68aef068d6428bb1e0e
1085,mb-dielectric-1086,Na4 Hg1 P2,Na4HgP2,Hg-Na-P,R-3m,166,7,2.4545567828021437,a5bbbb7c400176ca6d59e901443c33747aa35a3314ce67d37f9e799f12d0290e
1086,mb-dielectric-1087,Na4 Br2 O1,Na4Br2O,Br-Na-O,I4/mmm,139,7,1.730238230225339,e86ad68566d51a7f156eb8368d99ffab791a9446e1daa53315cc9c4f8a217ba4
1087,mb-dielectric-1088,Ba2 Pb1 O4,Ba2PbO4,Ba-O-Pb,I4/mmm,139,7,2.2782106282489907,686e92f97f73d0ea0b5bf12cc776a3f82d606d62d319948fbd1ce84c368320b4
1088,mb-dielectric-1089,Na3 Cl1 O1,Na3ClO,Cl-Na-O,Pm-3m,221,5,1.697742029873797,ee5a6ee07ef267e53c49691b9d3d92bcbee74e4700d8e8b99cbb1216485945ad
1089,mb-dielectric-1090,Sc2 Cl6,ScCl3,Cl-Sc,R-3,148,8,1.7503333016038731,575babc1e832180d8ad6877c1fa3895d2cac8be1a52dbb4b1287840dc00a95e1
1090,mb-dielectric-1091,Tl4 Te2 I12,Tl2TeI6,I-Te-Tl,P2_1/c,14,18,2.504263031978337,d21b90b95569a4ed3b8d515a19c78e7a0e13741bbd87af92605989e3d47e68cd
1091,mb-dielectric-1092,Mo4 Br12,MoBr3,Br-Mo,Pmmn,59,16,2.123205124334434,e31f3776414ed3d7902587cb8a72d9f0b572e7b8325c42f6a3c46084bc8fa54a
1093,mb-dielectric-1094,K1 Mn1 F3,KMnF3,F-K-Mn,Pm-3m,221,5,1.4916417130128814,686a9baa33cda7a2bbad97112d06ef2956f557e55e23bb54d2c561ccac34ebbb
1094,mb-dielectric-1095,Li1 Mn1 P2 O7,LiMnP2O7,Li-Mn-O-P,C2,5,11,1.9762737664605075,1336101372f25ff7795e7db3ab4a2ceafde4bd25572f610fc489bf3f6a33ec2c
1095,mb-dielectric-1096,Na4 Li12 Si24,Na(LiSi2)3,Li-Na-Si,Pnma,62,40,4.036871726143071,e5fb8cace904caa5d61808a8a4fb677ef040501fe6006db548f8235818160539
1096,mb-dielectric-1097,Li2 In2 Te4,LiInTe2,In-Li-Te,I-42d,122,8,2.6795377710841595,8868d5c2bbfa526a39195d5398e96b043d52162e37db2610da8f05feb38dd46b
1098,mb-dielectric-1099,Be2 Ge2 P4,BeGeP2,Be-Ge-P,I-42d,122,8,3.259410478394316,d3d11cdfbb0c3d8f8fd0084fb364433d86b1068539dcc3c0a28c128acdb78d62
1100,mb-dielectric-1101,Zr1 Ni1 Sn1,ZrNiSn,Ni-Sn-Zr,F-43m,216,3,4.686844247465455,3bdb0a1708d2cdc6569cf1ee5bd3cf06d32c0357a5e2597375d280a62534f721
1102,mb-dielectric-1103,Tl9 Bi1 Te6,Tl9BiTe6,Bi-Te-Tl,I4/m,87,16,4.581522581434256,3383d8ad352ca52fdff43ffbae5877b92cc235119e5e22b3a1f9f97f7a34b3c6
1103,mb-dielectric-1104,Ag1 P1 F6,AgPF6,Ag-F-P,Fm-3m,225,8,1.3670726632723826,6dc54b47870c99c9141550e4905382d09fc803af0142884ce9421970a9f69271
1104,mb-dielectric-1105,S8 O20 F8,S2O5F2,F-O-S,P-42_1c,114,36,1.4124446891825535,886bfd2e7e2422e6031b3aa9db07a8e82661d1dc241698cc285a335a2ef624f3
1105,mb-dielectric-1106,Mn1 Ga2 Se4,Mn(GaSe2)2,Ga-Mn-Se,I-4,82,7,2.7818834746744274,e78f7a3e8404f527cccf3ce46dc97c5853a2cc30a0045c18042e7ecb743e8a7a
1107,mb-dielectric-1108,Li5 Ti1 Si2 O8,Li5Ti(SiO4)2,Li-O-Si-Ti,C2,5,16,1.790722386822331,8140ff9e40c1b0dfd08274b08443d6b33bd84d602f7b176276e76d2a82164bab
1108,mb-dielectric-1109,K2 Li2 Si4 O10,KLiSi2O5,K-Li-O-Si,P2_1,4,18,1.5716018367682487,505a5d63c45f285bc79d24baec59ff4d6224198e27999f7b3583226736838e1d
1111,mb-dielectric-1112,Li16 Co2 O12,Li8CoO6,Co-Li-O,P6_3cm,185,30,2.001639744479775,3e959d6faeb02766a98f748436328c2133a100b2543c9dee8e10a8788d6c4419
1113,mb-dielectric-1114,Rb2 Pt1 Cl6,Rb2PtCl6,Cl-Pt-Rb,Fm-3m,225,9,1.7561791859982072,4a8204b32b1398e39ddc72a50a6483cf008bdb552ae932569dbe7da53b20f47f
1114,mb-dielectric-1115,Pr4 Se3 O4,Pr4Se3O4,O-Pr-Se,Amm2,38,11,2.7354047232539465,e1b73767981d2eaf0c4d85628c565dab163731ef1fe0432bb85ed3194b93898a
1115,mb-dielectric-1116,Mg4 Nb2 N6,Mg2NbN3,Mg-N-Nb,Cmc2_1,36,12,2.3871189050122044,8ff37f17add6c4d9aafcf9f450efa3e635b0709443685abc67dfcbe042d113e3
1116,mb-dielectric-1117,Li3 Ti1 P2 O8,Li3Ti(PO4)2,Li-O-P-Ti,P1,1,14,2.0594421125985707,ea24574da6862d228d21dbc768f152dfe530876462c3e4d8df6e0548b25e8b18
1117,mb-dielectric-1118,Rb4 Br2 O1,Rb4Br2O,Br-O-Rb,I4/mmm,139,7,1.6664197150378055,93834cb6cc314df8e50d3623c2076019a5aab1e96ade65f35af4fc943f88918a
1118,mb-dielectric-1119,K30 Mo14 N38,K15Mo7N19,K-Mo-N,P-1,2,82,2.2717997270886356,4e69714cf9249b6d2c8d067d70787ef7dffda49cde974a862cd6ffa01bb048c5
1122,mb-dielectric-1123,Cd4 P8 O24,Cd(PO3)2,Cd-O-P,P2_12_12_1,19,36,1.671341975778745,765b5f99bd403c276a7f5e8d2d33e99245ad5a3b899bb54586241cf093b3e5f0
1123,mb-dielectric-1124,Rb8 Co4 Br16,Rb2CoBr4,Br-Co-Rb,Pnma,62,28,1.7714400921284352,d89267ff1f9abf060e9f64f24f8eb5946718dac82132153ee9aab8ac20591a5d
1124,mb-dielectric-1125,Cs1 Br2 F1,CsBr2F,Br-Cs-F,P4/mmm,123,4,1.8703325907442234,71550b483087245d6ff6e3b61d5987bc5b5cca55b87ba3b003606cbfa305eafc
1126,mb-dielectric-1127,H4 I1 N1,H4IN,H-I-N,Imm2,44,6,1.702366783823823,24fb4f6ac0234b0b4d13542fe41e8227ab8792747f10f6de099aa7c753f71a67
1128,mb-dielectric-1129,K1 N1 O3,KNO3,K-N-O,R32,155,5,1.425395851450874,93713b8754131d64a2755cc869518a8f1410aed4b1adff7b05669f01587ba3cb
1130,mb-dielectric-1131,Zn8 S8,ZnS,S-Zn,P3m1,156,16,2.42466492530412,b7cd20518d22088732bc53ad343ea4a3bc82f7c5c07062f3e5b8adca096cb65c
1133,mb-dielectric-1134,Be8 P16,BeP2,Be-P,C2/c,15,24,3.1419739017499264,16efee0d7fcf1bf128196432e340a8d737a31c16b9a92953dd425042f2df2bb3
1134,mb-dielectric-1135,P4 H12,PH3,H-P,P1,1,16,53.79349929746778,39cb97e9fb00301293f8385ed14cae275910973e2f40d8787cbe2c2fb843775b
1135,mb-dielectric-1136,Dy6 Cu2 Sn2 Se14,Dy3CuSnSe7,Cu-Dy-Se-Sn,P6_3,173,24,3.1276584425626357,4de5118271a761534325d2e9cf875789a1abf1b747f454c808898bdefc8c285b
1136,mb-dielectric-1137,Mg1 Br2,MgBr2,Br-Mg,P-3m1,164,3,1.7397317800933187,a14a4a129f949996e2e0f5056c8e8894dd59b78475a7437df9d8b5992f5d08a8
1137,mb-dielectric-1138,Ge8 As16,GeAs2,As-Ge,Pbam,55,24,3.622246080357692,55457524792f0a92b98b19eeb6b0b42874c1bb11ad39759893374d6caaf9182e
1139,mb-dielectric-1140,Rb1 Bi1 S2,RbBiS2,Bi-Rb-S,R-3m,166,4,2.7297285579339134,433797cf6240acc3057b6d0db6741885b8ef0e8b7307ae0a4abad7c05b0b53d2
1140,mb-dielectric-1141,Cs2 Pb1 Cl6,Cs2PbCl6,Cl-Cs-Pb,Fm-3m,225,9,1.716243863790927,cedc1fbce0d0d66dc31454ca0dc2e3b999bcfec7e9ce36db53c4da0a2b2548b4
1141,mb-dielectric-1142,Fe6 P24,FeP4,Fe-P,P2_1/c,14,30,4.441396176879518,26aa6adcdc4dae18ff67149e8e2d1d655f435d25fdad9664b93f86cf5b10d5cc
1143,mb-dielectric-1144,Te4 Mo2 W2 Se2 S2,Te2MoWSeS,Mo-S-Se-Te-W,P3m1,156,12,1.0000000000062306,425ed25ffcbbd0aeb3c1724306a713fbd682ab7faecabf56a217a5e9cabc1821
1144,mb-dielectric-1145,Rb2 Ca2 Sb2,RbCaSb,Ca-Rb-Sb,P4/nmm,129,6,2.4857067405468416,a70ea6900b021b8d1ed0d1a1d96076ee99d87b2de5867e5eb61a91b05d633c85
1145,mb-dielectric-1146,Mg4 Ta2 N6,Mg2TaN3,Mg-N-Ta,Cmc2_1,36,12,2.2931774898598674,29455c24f29b39b37f8e7a6aa5082e3a77fb2a11c2318c0e4a1ba74fa06bd7fe
1148,mb-dielectric-1149,Na2 Mn2 Cl6,NaMnCl3,Cl-Mn-Na,R-3,148,10,1.7524414398204657,eb9812ef9b20bbc3b0033362e3447f05f6f0113ac9ad4b770ffdc3f0b1972ec4
1149,mb-dielectric-1150,P12 Ru3,P4Ru,P-Ru,P-1,2,15,4.176761105609625,32f5c56c7ced630dd5d2197f4041f9592b943d5a8b69acd5f2a744ac146665fb
1150,mb-dielectric-1151,Na12 P8 W2,Na6P4W,Na-P-W,P6_3mc,186,22,2.530437445713027,d39cafc8ebf1b1677e5a92ca76f913ff7699a8a81a65af64716e672b4e8012a8
1151,mb-dielectric-1152,K6 Re3 H27,K2ReH9,H-K-Re,P-62m,189,36,1.6562727231145609,71af33417dd841cc7c73d6fdb6fd8a58bd589516be7412a8813352eb909312e4
1152,mb-dielectric-1153,Tl2 Sb2 O6,TlSbO3,O-Sb-Tl,R-3,148,10,2.003728774061003,9fa1e0c45e1ae2f3ce5f4c66115f0f4f1f1fdffc234ffd8929b4f678c1cc8fc3
1153,mb-dielectric-1154,Cs2 Pt1 Br6,Cs2PtBr6,Br-Cs-Pt,Fm-3m,225,9,1.8765469174346099,aa2616a4486ddffa0a45b15f68c5b22ab83c577eb575feb05046154848c78728
1154,mb-dielectric-1155,Ba1 La1 Mg1 Bi1 O6,BaLaMgBiO6,Ba-Bi-La-Mg-O,F-43m,216,10,2.2643177780514834,1fa916a6b2400963f3466b8cd456bc180be02456f440529fa006d1c3b596fe53
1155,mb-dielectric-1156,B12 Pd6 O24,B2PdO4,B-O-Pd,I-42d,122,42,2.1753906928794806,0958a9eefc45f87934bf9e10f05b46a5d54603dd78d61aa184d459b50573c977
1157,mb-dielectric-1158,Al2 Zn1 Se4,Al2ZnSe4,Al-Se-Zn,I-4,82,7,2.5052069774771106,433ce53446d4c3fb252ae852e7d03692b9c472b6349c79bdbf7ba76d4d88813e
1158,mb-dielectric-1159,Re1 Ag2 Cl6,Re(AgCl3)2,Ag-Cl-Re,R-3,148,9,2.039985784264191,9c6403661012e73f9839e09185e09b90f9398b49df6b0691a8451ce03aaa68e8
1159,mb-dielectric-1160,Li12 Mo2 N8,Li6MoN4,Li-Mo-N,P4_2/nmc,137,22,2.2570044306558197,48b2c4eb034e2ffdcde2701855a7c7994b54ff2303077f1e8c7620c76598f938
1161,mb-dielectric-1162,Mg4 N8 O24,Mg(NO3)2,Mg-N-O,Pa-3,205,36,1.564354461632738,39a963fba34d4dd8a9d9fbab2e82866c5b14c627fe5b820b5cf966f33942f46a
1163,mb-dielectric-1164,Ge4 Cl16,GeCl4,Cl-Ge,P2_1/c,14,20,1.4722997883130549,83603cf7018c058f9c2b0cf42341820da1280557f271e7464cb0bb5bdf2c7114
1165,mb-dielectric-1166,K2 Mg1 F4,K2MgF4,F-K-Mg,I4/mmm,139,7,1.4119107620526208,221549e772a87c7633da187f806457ba8416d98fa8ab77f287bb5779ca17e088
1166,mb-dielectric-1167,Na8 Sn2 S8,Na4SnS4,Na-S-Sn,P-42_1c,114,18,2.0213898683826437,74229a9e46f9e583011becc1aec0bc0d6a7263977418654d4918b9815018e3c0
1167,mb-dielectric-1168,Rb2 Ni2 Cl6,RbNiCl3,Cl-Ni-Rb,P6_3/mmc,194,10,1.871153476691138,6f39ffa889e5905386179b055d902bfc746a84fa42511641f5d022db12192d10
1168,mb-dielectric-1169,K2 Ca2 Bi2,KCaBi,Bi-Ca-K,P4/nmm,129,6,2.7073464868760335,60fc65f455cff527d5f3d548895ec6a9437ea7ebdf911d65b9592c3b2762c016
1170,mb-dielectric-1171,K4 Zn2 Br8,K2ZnBr4,Br-K-Zn,P2_1/m,11,14,1.6649324310613929,5450db6e79dc44fcd05e9549c60915021938ff97f9f02e403695246a2cf5c3f0
1172,mb-dielectric-1173,K2 Sn1 Cl6,K2SnCl6,Cl-K-Sn,Fm-3m,225,9,1.6603231613152925,92d69abc07e4ef0528f9f3d6c2d326e21c238c050b84865e325b44ddaed21cfc
1173,mb-dielectric-1174,Ba2 Be4 Si4 O14,BaBe2Si2O7,Ba-Be-O-Si,Pmn2_1,31,24,1.7393777623046696,4e1bfbd557ea8dcb00818225cee1a126e390b0e3e8fcd618ac9cca3796dd7b95
1174,mb-dielectric-1175,As2 Cl10,AsCl5,As-Cl,Pmmn,59,12,1.5938423175877008,0bbcfce0f078e70a792cb37ea37e9e7c20133c6ab06f314c6e53e65aa0d54597
1175,mb-dielectric-1176,K2 Pt1 Cl6,K2PtCl6,Cl-K-Pt,Fm-3m,225,9,1.7842934175745917,b998eb0c6bd49146cb4537cf275aecad44c5782453ce10f227ff35fd71b74a99
1177,mb-dielectric-1178,Li8 Al4 Fe4 O16,Li2AlFeO4,Al-Fe-Li-O,Pna2_1,33,32,1.8370946264867976,2df7c731f452581f446a6e2d46adaa6915f62ce18e421cc17c53d3f8d8c1960c
1179,mb-dielectric-1180,La3 Ge3 B3 O15,LaGeBO5,B-Ge-La-O,P3_1,144,24,1.9194414986309645,33d23c1e3e937ef95927be5745e60ffdb479e9847c26fbb46fa8cf1ef0ce61b6
1181,mb-dielectric-1182,P4 Pb4 S12,PPbS3,P-Pb-S,Pc,7,20,2.7529512043138964,a917875ce02998e70f2d66ff23c66a9096693baad1e364f60b95377a46fb4e3c
1182,mb-dielectric-1183,Hf5 P7 Pd9,Hf5P7Pd9,Hf-P-Pd,Amm2,38,21,12.629558939250412,47900439a8d5aeaf3391e766edfedfe7bc820b5c9d37df6348ed5b85de7589a1
1183,mb-dielectric-1184,Ag8 Ge1 Te6,Ag8GeTe6,Ag-Ge-Te,P1,1,15,4.637978618608183,6acc6635d2fc0adeb995a0a1acd43e5204a1361446069675244ee17ede3256d5
1184,mb-dielectric-1185,Fe1 Si4 P4,Fe(SiP)4,Fe-P-Si,P1,1,9,4.110912753472964,daf85136292212af163412f32e16d2e8e4fe06b75166eae37b1e5b44f0c51bd7
1185,mb-dielectric-1186,N4 O10,N2O5,N-O,P6_3/mmc,194,14,1.741646730348454,a36afba6415fc015be5ceb09b03dc87e3a2935dcdf0d2cffda169e8789d30c72
1187,mb-dielectric-1188,Be2 Br4,BeBr2,Be-Br,Ibam,72,6,1.5857700547862241,b1c5814642c58ce0c98435db8dce146e6eaa837242ecb809a1480a368fd238a1
1188,mb-dielectric-1189,Al2 H6,AlH3,Al-H,R-3c,167,8,2.1195911555375093,61bab63766548df843e35c1e1a98238e458bc118a58a82f5636ebb5c737a3dfa
1189,mb-dielectric-1190,Li5 Cr1 O5,Li5CrO5,Cr-Li-O,P1,1,11,2.1354795714312043,5d03e345e677576d353c07057c9ec0effc1e9545a49dd0fb80820ef285f3619c
1190,mb-dielectric-1191,Li20 Sb4 S4,Li5SbS,Li-S-Sb,P2_1,4,28,2.4675171861644283,0f7c93b53daaf179cb7f3b39e002bb122ff8e54972938384c1b70fb65551b739
1191,mb-dielectric-1192,Ag1 Cl1 O4,AgClO4,Ag-Cl-O,I-42m,121,6,1.6784913861361737,ef586645d547e2a001c0f45c1dcebb47a6a6d0193cc2958067d046f2024e765b
1192,mb-dielectric-1193,Si6 Cl12 O6,SiCl2O,Cl-O-Si,P-1,2,24,1.4659467930317254,02d624f0990d890cbc0104a5fae669ec3c03675bf17267c9875f8fceade2ad97
1193,mb-dielectric-1194,P4 Br12,PBr3,Br-P,Pnma,62,16,1.6105899540230593,6a4559993d2e75f16810ee1f34e7073b1c6c1c826ea38aa770ef17ed2c082940
1194,mb-dielectric-1195,Rb2 Mn1 Br4,Rb2MnBr4,Br-Mn-Rb,I4/mmm,139,7,1.795811608530613,2138290d59b486dedd64d69d3416fc10df9aa681903e8b2a0ba5189be7f387b7
1195,mb-dielectric-1196,Re8 P32,ReP4,P-Re,Pbca,61,40,4.280809892220552,c2d0274ef225f26132ef598e9b6498595b061b691286fcd4b026662ffdff8254
1196,mb-dielectric-1197,Li4 Al2 Fe2 O8,Li2AlFeO4,Al-Fe-Li-O,C222_1,20,16,1.9257127684747448,5ee4f0787b60a4eeef4c2b454031b1b973b91e98440b0fb195a334cd88702ac0
1197,mb-dielectric-1198,K8 Se20,K2Se5,K-Se,P2_12_12_1,19,28,2.5590657800585483,dd50922517519ef30fb7423495846782a0cee69265e7262f734efab6e22bf660
1198,mb-dielectric-1199,Li4 Fe4 Si4 O16,LiFeSiO4,Fe-Li-O-Si,Pna2_1,33,28,1.7692414570468704,38256e79f8e3ad4e636295b8115e3dc428ee0de69a228d1df5534bfeb2821b8e
1200,mb-dielectric-1201,Li3 Co3 Si3 O12,LiCoSiO4,Co-Li-O-Si,P6_222,180,21,1.9610854137441354,4ebfbccc73965008758a1a3ff147e6a17ecd2765eb48aeb51502e06697da0702
1202,mb-dielectric-1203,K2 Tb2 Ge2 S8,KTbGeS4,Ge-K-S-Tb,P2_1,4,14,2.1679759377508474,28eb9fe26e8f3a606bc378d9f768cd2078d6c58db80cff46c12309f7852c1f3f
1203,mb-dielectric-1204,Pt2 S2,PtS,Pt-S,P4_2/mmc,131,4,3.803105047194989,94ecd7f034e400bd8146557eb636f1fc242e59e82c6e65d6b89271473e647230
1204,mb-dielectric-1205,Ga1 Cu1 I4,GaCuI4,Cu-Ga-I,I-4,82,6,2.1651668911810624,4c207d31a981b34615e0c04c37aab2f575134adfcdc078876569507d7f38b256
1205,mb-dielectric-1206,Ca1 H1 N1,CaHN,Ca-H-N,I4mm,107,3,2.1389273791630545,0c33259356af44c653f0265bdd8a3195ace24c80a0af4effdc0876da2dfe7444
1206,mb-dielectric-1207,Rb6 Os4 Br18,Rb3Os2Br9,Br-Os-Rb,P6_3/mmc,194,28,1.978720125064011,da5c0edfc9e09e96d3b7b0742c4d500854e8a4a2317c7eee43ad247f2f71e325
1207,mb-dielectric-1208,Li4 Mn5 O10,Li4Mn5O10,Li-Mn-O,P1,1,19,2.3700902233178103,abfeba73563804275a015522f87ba00e2e108a723843014312f116c4e690209c
1208,mb-dielectric-1209,Li4 V4 P4 O20,LiVPO5,Li-O-P-V,P2_12_12_1,19,32,1.6700068862133473,0d3a878e54f61a20f4037363b64ce6d1c82167d8db33c998d8d147a5c6859928
1209,mb-dielectric-1210,B3 H18 N3,BH6N,B-H-N,P1,1,24,1.5127701962514553,5e802b032f257bcc79e8c2e450ed840aace845ca2fbaf8d92afdeee87fb47826
1210,mb-dielectric-1211,Ge12,Ge,Ge,P4_32_12,96,12,6.274542798749032,f3c0b3f1913424dc50d3bea084c6fe262f8a7beb8e92b63d8ce502e9f61fb07f
1211,mb-dielectric-1212,Rb4 Sn2 Te10,Rb2SnTe5,Rb-Sn-Te,I4cm,108,16,3.4914101735545193,cf12178a3d9224cccb316472f0335dc35224b62d41aa72d4fa9c6dd674b751ce
1213,mb-dielectric-1214,Rb2 Au2 Br6,RbAuBr3,Au-Br-Rb,C2/m,12,10,2.5451749121294864,b4d4cd0ac1ec5dec2630a89dcb5a2c0a03c2cec82d58b8e847f8900cd5f34206
1214,mb-dielectric-1215,H12 N4 O16,H3NO4,H-N-O,Pna2_1,33,32,1.5432996036630953,772feb10c446e62e58d8d3d6a91bb56698d1c318a972217490ab3b17c126e9b3
1217,mb-dielectric-1218,Na6 S2 Cl1 O8 F1,Na6S2ClO8F,Cl-F-Na-O-S,Fm-3m,225,18,1.4815532390029094,77cd125c67bf17dcb1593cf0f8a9f90559dd82f940a399a36ce4a7b31f67654b
1219,mb-dielectric-1220,Mn4 O2 F6,Mn2OF3,F-Mn-O,Cmcm,63,12,2.605789771515218,71eeec1412ebe88cbb150197b361851175b91b5d001afc9f8916b3ba71002d6e
1220,mb-dielectric-1221,Li1 Co2 B2 O6,LiCo2(BO3)2,B-Co-Li-O,P1,1,11,2.1969107856260344,38281ad422eb6a1ab2a5c725eec704c60654d1267c87a30c24ebff911dc08309
1221,mb-dielectric-1222,K2 Mn1 Cl6,K2MnCl6,Cl-K-Mn,Fm-3m,225,9,1.8597763306376458,57e6a08e80effc2298682943c5f225046e4661a1956d260dc96109626ec21d9b
1222,mb-dielectric-1223,Li4 Mn2 P4 O14,Li2MnP2O7,Li-Mn-O-P,P-42_1m,113,24,1.5881504966469644,22979c78c113ac983418c78507a16760619343e99c1ec2ac86508440a6039466
1223,mb-dielectric-1224,H28 Se8 N4 O24,H7Se2NO6,H-N-O-Se,P2_12_12_1,19,64,1.6795158032401283,0efccdea9f543000b8f7afa1c2f5f222dc78943e026e40eac1134dbafc3c08a1
1224,mb-dielectric-1225,K2 P2 H4 O8,KP(HO2)2,H-K-O-P,Fdd2,43,16,1.5093424616920663,a9b0b054eaddfc800086ee5ba1da6b683daf81b1c8653463185ac56729212833
1225,mb-dielectric-1226,Lu4 Ga4 O12,LuGaO3,Ga-Lu-O,Pnma,62,20,2.1040287545563627,3f08f329c2c63d4ccb5fffc5285e61ed0cb9237d4ccc75a82d3965de8ad90cd3
1227,mb-dielectric-1228,Li4 Ag2 F6,Li2AgF3,Ag-F-Li,C2/c,15,12,1.6274776524953398,5428ced7a08d69205e057c3e66167fbd31e3239490f3d100bc44f00293f9adf6
1228,mb-dielectric-1229,H8 C2 N4 O2,H4CN2O,C-H-N-O,P-42_1m,113,16,1.5327221970511595,5efe72b8a4116674ad099588a70130b2050e49c8d0d0819928c5f66dd4db05f9
1229,mb-dielectric-1230,Na4 H16 Br4 O8,NaH4BrO2,Br-H-Na-O,P2_1/c,14,32,1.5470401847829722,f96847852a2d02a2d81f2e16f425b9cf07c4e036ddfc1df16ccfdd262bf64a29
1232,mb-dielectric-1233,Pd3 Pb2 S2,Pd3(PbS)2,Pb-Pd-S,R-3m,166,7,8.521518820022639,951c3667a93dbf8f868918f224864e5e7195dde71c3ee94442cbbae5b40090fc
1233,mb-dielectric-1234,Na1 N1 O2,NaNO2,N-Na-O,Imm2,44,4,1.5593802187650836,44f3985c6dd2cd5acfa4b822e85dd69d4ce361030080b8a1fb9de3f0ca2aa833
1235,mb-dielectric-1236,Ba1 La1 Mg1 Nb1 O6,BaLaMgNbO6,Ba-La-Mg-Nb-O,I-4,82,10,2.273992524174167,4bd823410c5c1be835e4a8206f466b0eaf0aa50606042b0882f348141949915f
1236,mb-dielectric-1237,Ga12 N4 O12,Ga3NO3,Ga-N-O,P-6,174,28,2.036567373466112,31dcd233528185c450663fd861d1377c2d058f5ecf08d7ec852346924489c3a3
1237,mb-dielectric-1238,Rb4 B12 O20,RbB3O5,B-O-Rb,P2_12_12_1,19,36,1.5377284112178804,b8feae92afebfe84bd4dc935e4d81492a7b8327942e54f918c2c7cd1c197bf66
1238,mb-dielectric-1239,Rb4 H8 O4 F4,RbH2OF,F-H-O-Rb,Pnma,62,20,1.4234933555634648,abd2191c8ff39efb1e59fef8be674ea9d617c848b28450d45f3c3afb14ceeda1
1239,mb-dielectric-1240,Mg4 H8,MgH2,H-Mg,Pbcn,60,12,2.0134547424762244,a0d6d5ece17c06375e9fcb9e598779819edf07f2b1185c862ace7ced44f4742f
1240,mb-dielectric-1241,Ca4 H8,CaH2,Ca-H,Pnma,62,12,2.1101342769280507,af18fe3970650b2ea51229a619de832c580bd0db75439b2a179953e6a1a2e491
1242,mb-dielectric-1243,Re2 H6 O10,ReH3O5,H-O-Re,P1,1,18,1.6819879111733633,9db109e5c0528411f164fe1b0da3f031115480f10e73ba9cabf72ffedae548e1
1243,mb-dielectric-1244,Si8 O16,SiO2,O-Si,P2_12_12_1,19,24,1.4637417805063841,087f85bcd59db5b79da2c94d8b50591f66d25591de10dae7bec447965476ec58
1245,mb-dielectric-1246,Li6 Cu1 B4 O10,Li6Cu(B2O5)2,B-Cu-Li-O,P1,1,21,1.725186559960014,67e3ce8953505c03aea07d9a4a914b593c1198d803a12862f74f7f60afb0d4da
1246,mb-dielectric-1247,Li10 Sb2 S8,Li5SbS4,Li-S-Sb,Cmc2_1,36,20,2.432617931365302,47872db6a3ed85eebb849ce673189fbd0b5199869bb2c246435e057eec051c6d
1248,mb-dielectric-1249,Na2 Bi2 Se4,NaBiSe2,Bi-Na-Se,I4_1/amd,141,8,4.828912049356761,85311a06cb71471052673199875fc514bbb20a85f93042f7eb3084184a49d192
1249,mb-dielectric-1250,K1 Mg1 H3,KMgH3,H-K-Mg,Pm-3m,221,5,1.8843391414498618,1132f9ef2b33d658ec72a46c5bbac39789a7ecc06d840a1589bea07a84993e5c
1250,mb-dielectric-1251,Y6 In6 O18,YInO3,In-O-Y,P6_3cm,185,30,2.109298303543937,bc72dc614e8d9308285938d890b91d43a0f96dcecdfd821fbdb946589cc88b4f
1252,mb-dielectric-1253,Re4 H8 O18,Re2H4O9,H-O-Re,P2_1,4,30,1.7631987976402435,80bb3b25927d49a5082498b0e50f0e285e69b1253d03f179fe2e4c52915235a9
1253,mb-dielectric-1254,Si4 H16,SiH4,H-Si,P2_1/c,14,20,1.4883995879243361,ef8bddedc1006b28325a5ded769aef5aa85b37e9fc86b2e13ba440d10d220899
1254,mb-dielectric-1255,Cd2 Br4,CdBr2,Br-Cd,P6_3mc,186,6,1.8813882285872463,b54358ddec5c21d79415fe0e30875a0c0a01fadd6de2a64120e7c8dcf46b9c95
1255,mb-dielectric-1256,B4 S4 F28,BSF7,B-F-S,Pnma,62,36,1.3953494186045299,4236bd95dc828f9bcb5114db4265de0c9a6e2cea561d134c7ed8e23442bbd2c6
1257,mb-dielectric-1258,Li2 Ti1 Co1 O4,Li2TiCoO4,Co-Li-O-Ti,I-4m2,119,8,2.4361432634391598,da9e6021aabaaa6a20caf7ff0a51f48179f163913c624b643cc3c3723b99a2ad
1259,mb-dielectric-1260,Ca5 P8,Ca5P8,Ca-P,C2/m,12,13,3.086853846022823,41645c5bb1748978cda881f367b50275b81c0175a6acd28227b7b5b871e23017
1261,mb-dielectric-1262,Zn3 Te3,ZnTe,Te-Zn,P3_1,144,6,3.0332658966862756,3a8bd527c0a0993f08806bb2e723211286794ffcd66eda17516ec83859d83d47
1262,mb-dielectric-1263,Mg2 Si2 N4,MgSiN2,Mg-N-Si,I-42d,122,8,2.115017730422135,863a8850f258fb0d39b0201f5847e24f444e2b36ada42ddecfa41e494c695bca
1263,mb-dielectric-1264,Nb2 Se4 Cl4,Nb(SeCl)2,Cl-Nb-Se,P-1,2,10,2.316053899775795,2d91c0fd2063c47959ef7d58083af2c5f286e61df5dfaa584f1d8c3130daf6a7
1264,mb-dielectric-1265,Cs4 Ce2 O6,Cs2CeO3,Ce-Cs-O,Cmc2_1,36,12,2.0298408804632935,aadd626c7acded76d0f60dacf455cac1b76f51eb61ffb654cdaae01a84b62f34
1266,mb-dielectric-1267,Nb2 S4 Cl4,Nb(SCl)2,Cl-Nb-S,C2/m,12,10,2.153128189402566,43fb071894a8fb4f30b8f34ad28cdfe33cb789e40ddd93bea47aa6e4ca961889
1267,mb-dielectric-1268,Hf4 O8,HfO2,Hf-O,P2_1/c,14,12,2.1933991884743644,7a7f9f2998cb9abc743660a05ec1c173824e0a6576efe48657bca70cbf8eef4d
1268,mb-dielectric-1269,Y2 Ag2 O4,YAgO2,Ag-O-Y,P6_3/mmc,194,8,2.2104598314981168,6b681f322474d423d5635248383c122df0bf46db498443570c397e9f1621dce9
1269,mb-dielectric-1270,Se4 O4 F8,SeOF2,F-O-Se,Pca2_1,29,16,1.5631165450257807,d265569496e1b713f14c32680c74e5f60bd82f3b994d099625f62a866d96e32d
1270,mb-dielectric-1271,Na2 B2 F8,NaBF4,B-F-Na,Cmcm,63,12,1.3243866504893247,4c4d3db0855db79a6b29bd66faea6e1ebf284d89f0a10d2e2e39c2d4e2eba0fe
1272,mb-dielectric-1273,Sr2 Ca1 I6,Sr2CaI6,Ca-I-Sr,P-31m,162,9,1.889790993734492,3cb1a810b3edc45c12fc36cc677fdb9e3f6d79bee76eca2af462965d91cca138
1274,mb-dielectric-1275,Rb6 Ge8 Au2,Rb3Ge4Au,Au-Ge-Rb,Pmmn,59,16,3.005605873474875,b808b4d2e5059ddc9983a00a000a161c9b67f225df2443eb444ccce8487be3f0
1275,mb-dielectric-1276,Al2 Ag2 Se4,AlAgSe2,Ag-Al-Se,I-42d,122,8,2.6408996573137724,ceed82485c5f09c7bf2d88c8ab560d090ea5787c27d8df75ab69c75882b86da9
1276,mb-dielectric-1277,Li2 H12 Cl2 O14,LiH6ClO7,Cl-H-Li-O,P6_3mc,186,30,1.492201952373301,d9a071d6f51154fdbf7f7cbb9f8f23c50e7f31ca377ab53b14c93a92e4c12b98
1277,mb-dielectric-1278,Mn4 In4 Br12,MnInBr3,Br-In-Mn,Pnma,62,20,2.2909968718151204,a64f678e31a6f0fa5a1e81687af3972f33ff543f11f290794082710f066a9b75
1278,mb-dielectric-1279,H16 O4 F8,H4OF2,F-H-O,P2_1/c,14,28,1.3621062122071588,2956fcd4987b646eb0762bb2adbbccbfa28183f695f3cc87eea3430383a574a9
1280,mb-dielectric-1281,Na4 Si2 O6,Na2SiO3,Na-O-Si,Cmc2_1,36,12,1.5933306834008645,cdcac5da1753ecfa7090748ee5c3bdb24d7804bc26c6448e149c8cbf2221eddd
1281,mb-dielectric-1282,Na1 N3,NaN3,N-Na,R-3m,166,4,1.5203069865474197,04a40ee3f57643269db128ab65faa71ee2d7e01f99cd65972fe5ab7269fccd4c
1285,mb-dielectric-1286,Ba1 Li1 H3,BaLiH3,Ba-H-Li,Pm-3m,221,5,2.2318902302756745,a1d4ab291eeac36e9c4ce44aceee1f47fc757d4516b7bd07d5773f4fbb116d0c
1286,mb-dielectric-1287,Tl1 I1 O3,TlIO3,I-O-Tl,R3m,160,5,2.11046329826731,4dd4b1c0d9b3b2a17bb42d98032e0cf9b7902ad98d4fc21a36d07041fe7a48a8
1287,mb-dielectric-1288,Hg2 As2 O6,HgAsO3,As-Hg-O,P-31m,162,10,2.20903432899236,e7664e5d353e2954c95b9789a924b79237bb617cd5aba4d168c57b689bcf30a4
1289,mb-dielectric-1290,Rb6 Sm2 P4 S16,Rb3Sm(PS4)2,P-Rb-S-Sm,P2_1,4,28,1.9775178886675084,7a7c095c0ab5ddbed37a99034897ff1e6d3e0834d9242492e1e31d694e5a91ca
1290,mb-dielectric-1291,Si4 N4 O2,Si2N2O,N-O-Si,Cmc2_1,36,10,1.8606119065153448,f86531908de332d63895cb89b6037317557fe406cf6a1cec554691c7e906369c
1295,mb-dielectric-1296,Br16 O24,Br2O3,Br-O,P2_1/c,14,40,1.8274754900317178,766f39aff43a91c21111ae351756141647aa2f3c78ad845cf8d126f43aaca7fc
1296,mb-dielectric-1297,Ba2 Pb2 O6,BaPbO3,Ba-O-Pb,C2/m,12,10,2.979498727414845,13b5c3098cd66a6d39813632069944b609a09d7a8bee162567287c29dc67430e
1297,mb-dielectric-1298,Hg4 H4 O4 F4,HgHOF,F-H-Hg-O,P2_12_12_1,19,16,1.8915602025840996,a97cb318b0dce33df7a048cf200f6d1ab0efd09ff93593100e4e09c31c20a3e7
1300,mb-dielectric-1301,Ir2 Br6,IrBr3,Br-Ir,C2/m,12,8,2.2709762951940657,63323380695bbe84ed542fa809071264ae1b7504c74b5a1db9404b2c2ae8a515
1301,mb-dielectric-1302,Lu8 Ge8 O28,Lu2Ge2O7,Ge-Lu-O,P4_12_12,92,44,1.9240281529471788,fe14b764ce5a0eb0e61cc956ab47e7c3225fb9f0573611e050702fec56dd05b3
1303,mb-dielectric-1304,In2 Hg1 Te4,In2HgTe4,Hg-In-Te,I-4,82,7,3.3378099107049226,0d7fad729e42be20ae5aeb127b9f0e39588657d588210984f5d46af7d038e223
1304,mb-dielectric-1305,Li4 Nb1 Fe1 W2 O12,Li4NbFe(WO6)2,Fe-Li-Nb-O-W,P1,1,20,2.3630992361727,13f17a4d8a72ad0fb498d7f649fca0427058f96dd23df1ea05239c7d61b34e0b
1305,mb-dielectric-1306,W4 O8,WO2,O-W,P4_2/mnm,136,12,2.370661505833573,d5f02109d0a1197d9a961fbf72a2b40cb1ad2fe6a8d0c1cd708deb540603d5e1
1306,mb-dielectric-1307,Li6 Cu2 F8,Li3CuF4,Cu-F-Li,Pmn2_1,31,16,1.5263746809570273,a58b8894f11f1056b9aba973628acbb1475b66c22e64f22031ec9b38d430490b
1307,mb-dielectric-1308,Li4 Cu1 F7,Li4CuF7,Cu-F-Li,F-43m,216,12,1.557654647218054,992e9629d2a8d76783f2a61280deb0f3c27750cf6275da1b19eee403e2c3a672
1309,mb-dielectric-1310,Sr2 H2 Cl2,SrHCl,Cl-H-Sr,P4/nmm,129,6,1.8732453122856065,01d4df08f9ee548060a88e0fa0b98db2dc79fc02dc358fdeecd8e9afaca29cd0
1310,mb-dielectric-1311,Fe3 H10 S2 N1 O14,Fe3H10S2NO14,Fe-H-N-O-S,R3m,160,30,1.8208415636732347,759c9e26389246db23eeed484d95858d8b13f61f08edd3a5a9cb6796df3f47d6
1311,mb-dielectric-1312,As3 H5 O10,As3(HO2)5,As-H-O,P-1,2,18,1.7291616465790585,5ba181f2c3a4a89617f4d09aa54f43606957e6a12230b9aa1e99d00c172cf052
1312,mb-dielectric-1313,Ba2 H2 I2,BaHI,Ba-H-I,P4/nmm,129,6,2.107291705799967,4925ed7dbb3f30c252508c5e58d98572777ff9470978c28878d0f0740dcf31ad
1314,mb-dielectric-1315,Tl4 P20,TlP5,P-Tl,Pmc2_1,26,24,3.28359559020291,53ce99211066ccd1c3e23e0d8c7958d16f27bd3e611a03565b02d11a9de8169f
1315,mb-dielectric-1316,Li4 Fe4 Si4 O16,LiFeSiO4,Fe-Li-O-Si,Pna2_1,33,28,1.790884325317151,6beaa4310834d22c8e3e081353afda292549112927ba2d5409cdbcca34c8f541
1317,mb-dielectric-1318,Bi1 Te1 I1,BiTeI,Bi-I-Te,P3m1,156,3,3.159292853366615,85230a3478253ef2353f28b4bb44880ab22c9147f870efb1964de81b4b57702c
1318,mb-dielectric-1319,Sc4 Bi4 O12,ScBiO3,Bi-O-Sc,Cc,9,20,2.4066020997802435,83ece08fe59c8d761d5996bc3594153b383284c2a20e01cf9352bcfe3ee80a0c
1319,mb-dielectric-1320,K1 Au1 O2,KAuO2,Au-K-O,Pmmm,47,4,2.076655805215042,70f249d8f43937cf8f68a0cef9f267eb85e0841e963f529763f469381121360c
1320,mb-dielectric-1321,Zn1 In2 Se4,Zn(InSe2)2,In-Se-Zn,I-4,82,7,2.7739002024826585,99e83345e73230c36cbf3eb86047e718305054a767a4833712aa845136727509
1321,mb-dielectric-1322,Li4 Fe4 C4 O16,LiFeCO4,C-Fe-Li-O,Ccc2,37,28,1.7578994093330065,519c912654289f9f108cc3ae0fde293a6af9a66eda59659346d3fe6ba8c0f313
1323,mb-dielectric-1324,N4,N2,N,P2_13,198,4,1.1814080582085091,4145a7994009116c737277ebc7d1ee4c2a3482696ac4f030272d6b05aee30c2d
1324,mb-dielectric-1325,Si6 P4 Pt2,Si3P2Pt,P-Pt-Si,P1,1,12,4.356951954443994,c22aa76b0b3c63af83216cafe498912fc0fac64f62243d40ca748429779edeb2
1326,mb-dielectric-1327,La2 N2,LaN,La-N,P6_3mc,186,4,2.653584996440352,1c1b339852190927f32da5a6ed7acfea8cb1e1bfb2a77d9d86dfe57a30be46d0
1327,mb-dielectric-1328,Cs1 Bi1 F6,CsBiF6,Bi-Cs-F,R-3,148,8,1.4780298824223237,bbbe51f5b61474027eb8346023fc0b8b738b286afdae9c37d7893f353ac5edfc
1329,mb-dielectric-1330,Al3 P3 O12,AlPO4,Al-O-P,P3_221,154,18,1.5717294084330677,960bbee9b277aa1e5bf8b9f110ae362fe67da9a76d84495b2c6915bbdf659322
1330,mb-dielectric-1331,Mg1 H12 S1 O9,MgH12SO9,H-Mg-O-S,R3,146,23,1.5241391012602485,63973c04a2c96252e42ba327924652087193a6979cbb92bcc0a5df6176f3b028
1331,mb-dielectric-1332,Mn8 Si2 O14,Mn4SiO7,Mn-O-Si,P6_3,173,24,2.4295187452113503,4c24aab3fb6487dab352dd638eebf1072847c0473683ad30335b7a0cab0a750f
1332,mb-dielectric-1333,Na2 H2 O2,NaHO,H-Na-O,Cmcm,63,6,1.5303805626923854,975205cfbc5dd7e7e50f03d57f6147f19f70a2f98b348a06144c89773db5f037
1333,mb-dielectric-1334,Li8 Mn8 F24,LiMnF3,F-Li-Mn,Pna2_1,33,40,1.4810002250731316,b55b04a9c4a59ae22aa2217be556838d42084c0f5f84174c34ede885f119a1ff
1334,mb-dielectric-1335,Cu16 Ge2 S12,Cu8GeS6,Cu-Ge-S,Pmn2_1,31,30,3.3740822455891615,19315523da1a6d3baf0c74e152eb0f29599425af8a96ef1e3f1c40feb0cf62fc
1335,mb-dielectric-1336,Na64 Ge32 N64,Na2GeN2,Ge-N-Na,Pbca,61,160,2.227327471807113,6b276d197cff8614ad5316e3b7cdd791b21704f2e19c1eb9b885275cb9587d17
1336,mb-dielectric-1337,In12 Se18,In2Se3,In-Se,P6_1,169,30,2.7781061294822194,854d62206f406a3dd7f508b78d24f193e0d099641a0f16757353ec627606e14d
1339,mb-dielectric-1340,Si12 O24,SiO2,O-Si,R-3m,166,36,1.3335416503977675,4613f242f85da4dc1fbc215975bd68f24395cce305b3241ad28d917beb47d96b
1340,mb-dielectric-1341,Na8 Si8 O20,Na2Si2O5,Na-O-Si,Pna2_1,33,36,1.5451816505943026,a24eea151e2a7c939170ff1bbc9ff3755030284ae9c7791c9986678ef9b81946
1342,mb-dielectric-1343,Si1 Bi12 O20,Si(Bi3O5)4,Bi-O-Si,I23,197,33,2.4927569743826474,2e00afca11ede103ea7baa9fa923c8d3d8a7ab63d87174c3ef98930f2e08fa21
1343,mb-dielectric-1344,Zn1 In2 S4,Zn(InS2)2,In-S-Zn,P3m1,156,7,4.609312819354603,524c91692c7407dbf7d75e841f1a8fdd666143f1acb898b2c977b1cd99e6f981
1344,mb-dielectric-1345,Ge2 S4,GeS2,Ge-S,I-42d,122,6,2.3576052115087744,9d1de542d7b508a90ad7d12f427a116218e0f8837b112ea5c0df9e8ffc30675a
1345,mb-dielectric-1346,Ba2 Nd4 Se8,Ba(NdSe2)2,Ba-Nd-Se,I-42d,122,14,2.976920836479645,819963764bb512fbf5c5b8d6ec4c70e70d37dfb0e95acaff06cc5931dc16b5f6
1346,mb-dielectric-1347,K2 Li4 As2,KLi2As,As-K-Li,Pmmn,59,8,2.5269928769191257,695824d6473400a4a5b58c3a948680fdbda863b5adde20988ca961f733c41575
1348,mb-dielectric-1349,Al2 H6 O6,Al(HO)3,Al-H-O,P1,1,14,1.620936971836557,efe40514a00fa859cdf0a3d2e21cfa1dca29a409dd72df832dc1e758a43b5ef6
1350,mb-dielectric-1351,Rb3 Au1 O1,Rb3AuO,Au-O-Rb,Pm-3m,221,5,2.530833261990999,6aaa2f9d334a027f9ee24ddf6f2e6c89965a8431797c47174df3b93c6ed8b9a8
1351,mb-dielectric-1352,Zr6 Ni6 Sb8,Zr3Ni3Sb4,Ni-Sb-Zr,I-43d,220,20,5.89550676362941,f0a1d258931b45077a2b689462c4e639db46a79e7dc68c6a32d00680d23e0c22
1352,mb-dielectric-1353,Y2 Cl6,YCl3,Cl-Y,C2/m,12,8,1.615343100807625,067fd31db54484c0843407fb10a3feb09db0e7e3e7b45bd20d44eb9031cda5fa
1353,mb-dielectric-1354,Ge20 Ir16,Ge5Ir4,Ge-Ir,P-4c2,116,36,6.536015529357317,c9d34d463a05060ba3a44fe70f4f8e0be57f5b752ee2d7a95bd22ff269bb71b1
1354,mb-dielectric-1355,Sr2 Li2 Pr2 Te2 O12,SrLiPrTeO6,Li-O-Pr-Sr-Te,Pc,7,20,2.0124442021250344,6e592398809d46219c5114d7c74fef6e072df429ee50a7bc648ae55d09dc16e3
1355,mb-dielectric-1356,Sr4 Pr8 O16,SrPr2O4,O-Pr-Sr,Pna2_1,33,28,2.1090906413270467,7ab365bbbfe169c0c941689a7ed5da12f2808a09cb06dc171747b734f73297d9
1356,mb-dielectric-1357,Rb1 Ca1 H3,RbCaH3,Ca-H-Rb,Pm-3m,221,5,1.773426626618649,37d6a574de46f92f3b4382fff648ae601d0521b47e2ebd6b5bede6b910be9847
1357,mb-dielectric-1358,Na8 Ti8 O20,Na2Ti2O5,Na-O-Ti,Pca2_1,29,36,1.8113919141551524,0359987577ccb32d21b01643c31d5e28c0679da9332f3bed6bb3d6a6dc5919cf
1358,mb-dielectric-1359,Ba2 P20,BaP10,Ba-P,Cmc2_1,36,22,3.106381925434583,b0c27be271d392e3c69751c9164e04ebb69be03578067654c43a3c2dbf28ec52
1359,mb-dielectric-1360,Na3 Ca3 Al3 F18,NaCaAlF6,Al-Ca-F-Na,P321,150,27,1.3977362650610023,c22a25f3ee0edf59986a3a6244676278d25970f03e50c2147f8cf62bbd3f83ae
1360,mb-dielectric-1361,Rb1 Au1,RbAu,Au-Rb,Pm-3m,221,2,2.3006520814760334,f948c089152cafc42457b0b4d55f6fbf7a27e61a2ef5a6b15c5493b39a44284e
1362,mb-dielectric-1363,V1 Ag3 O4,VAg3O4,Ag-O-V,I-42m,121,8,2.31109396895352,8daabcbe09554db4277db08c4667949f4f020bcb362e249f420d740a919bd4f5
1363,mb-dielectric-1364,Na4 V2 P4 O16,Na2V(PO4)2,Na-O-P-V,P4bm,100,26,1.6442475482724614,47f9b3f97f41f08f087e2594ec0705e66b4320f11a9e55ea4c168832c1732b81
1365,mb-dielectric-1366,Mg2 H4 Se2 O10,MgH2SeO5,H-Mg-O-Se,C2/c,15,18,1.6453976216502404,83400cec74ccdd753f810d2a6e0e761c106c57918e70e0ebae3e45ceafbc6059
1366,mb-dielectric-1367,Li5 Br2 N1,Li5Br2N,Br-Li-N,Immm,71,8,1.9310988236407396,df1bdf5a9291c9596f7f78e710a0ba2d873f16b4b60aaaf3dc28778ef047f866
1367,mb-dielectric-1368,Li4 Cu2 P2 O8,Li2CuPO4,Cu-Li-O-P,P1,1,16,1.7863446849175926,cf341b42480835a406f7e149b94953c35812efafa5ce1a6ac19735d3dff00c74
1368,mb-dielectric-1369,Zn2 Si2 As4,ZnSiAs2,As-Si-Zn,I-42d,122,8,3.6269163210639417,f43688b4836ae75d6633bb50ab88078752596c9b41bef58896943ec25948b783
1369,mb-dielectric-1370,Ba4 In4 O10,Ba2In2O5,Ba-In-O,C2/c,15,18,2.2392489068137706,59fd8b4056ae5b78fb9915c4ce5929352cd4073ab896dcd55c62f6432aafd062
1370,mb-dielectric-1371,Sn4 O2 F4,Sn2OF2,F-O-Sn,C2/m,12,10,2.084470516302243,fb29df4588d1a83f6bb63643a334d0951a928dea9ed66f5b5acb720e308ac15a
1371,mb-dielectric-1372,Li2 H12 Br2 O14,LiH6BrO7,Br-H-Li-O,P6_3mc,186,30,1.5597008260133314,f219de9d307c8a15ae1a4914cf251a8bf258be7e68b5a9ed0b7848668a280ce4
1372,mb-dielectric-1373,Mn1 Se1,MnSe,Mn-Se,F-43m,216,2,2.636810573401129,96fc7cabfc891b9ad618165615cbab11f1491fc38080db7b779e833fda498304
1373,mb-dielectric-1374,Cs1 Sb1 S6 O18 F6,CsSbS6(O3F)6,Cs-F-O-S-Sb,R-3,148,32,1.4983324063771708,aba37cd1bf88652812945911076803e5ad4b826f881d36a3617de462b638ece8
1376,mb-dielectric-1377,Si2 Se4,SiSe2,Se-Si,Ibam,72,6,1.877853118771935,4403c38f9d4c7cd4b92bac01b4f182a02a57f31c7372394499e661539a44ef60
1377,mb-dielectric-1378,Li2 In2 Se4,LiInSe2,In-Li-Se,I-42d,122,8,2.4285076350164796,bbf54a3cf6d2084b03d50b1900c6d2049670105ab8ba08b4462d5fd00c60fa44
1378,mb-dielectric-1379,Li4 V2 P4 O16,Li2V(PO4)2,Li-O-P-V,P2_1,4,26,1.988345375766829,ad2424687679c64ed8953b2e808f21d9f54bb30f2c2899f0d075d0b21d83a2c4
1379,mb-dielectric-1380,Ba6 Mn6 O18,BaMnO3,Ba-Mn-O,P6_3cm,185,30,2.2523545458030103,61da748e8683b349225e8b28ef8bc17898a85d8d9036b129b93f7a5b0322509e
1380,mb-dielectric-1381,Y1 Ag3 Cl6,Y(AgCl2)3,Ag-Cl-Y,R-3,148,10,1.93097505594108,222d20ddccd57f9ac74626cc9e936c1a0037200547d09ed28c58b6f7b7228a62
1381,mb-dielectric-1382,Ta6 N10,Ta3N5,N-Ta,Cmcm,63,16,3.290997822333249,00a9d889078d0bfff5583b99120f3fa8411a988bf047f4da2491a5025fd3492f
1382,mb-dielectric-1383,Nd5 Ag1 S8,Nd5AgS8,Ag-Nd-S,I-4,82,14,2.9553537295333476,1f28842121f45566fa0de3f569bcf2a2e56c335ccff09e36d7c201eb84265a1b
1383,mb-dielectric-1384,Cu2 H2,CuH,Cu-H,P6_3mc,186,4,3.6552009976652817,f6e5d499914503ade5bcada9324c91278aaaf5c167a6972e47541f47fac2fcf3
1384,mb-dielectric-1385,Hf1 Ni1 Sn1,HfNiSn,Hf-Ni-Sn,F-43m,216,3,4.565018291310565,38bc0bfe8fdf065f09d62a5021dfbee7b5273b27888b35623e6c2efc6fa7cb5f
1386,mb-dielectric-1387,Li8 Ti14 O32,Li4Ti7O16,Li-O-Ti,Pnnm,58,54,2.2162835257851525,912426a8ea0d1e81354c2b653543d531cd59d66e4a12130fc3b5b46d4c446b28
1388,mb-dielectric-1389,Li2 Nb2 O6,LiNbO3,Li-Nb-O,R-3c,167,10,2.601542298970624,99597043c5886a691dfe6519bdcb3f50b95cbc480ede699d3ab5cbfec6325800
1389,mb-dielectric-1390,K8 Si40 N56,KSi5N7,K-N-Si,Pna2_1,33,104,2.0251073222589135,9c0f6d5e954c321a70795e758e6d9bcece0b60ccdfe14b4b60ed2ddbc5f48bc4
1390,mb-dielectric-1391,K2 Sb4,KSb2,K-Sb,C2/m,12,6,3.9301399466158076,08033690501a8e8c4a52fd221b08757006f11595e6e05ca3bf67671f35a03efc
1391,mb-dielectric-1392,Li2 Fe2 Si1 O6,Li2Fe2SiO6,Fe-Li-O-Si,C222,21,11,1.797799117439617,51df969e4c404cfba02b8e40fae42cb534284ad2e41fff8e016d4cf2c8b30453
1393,mb-dielectric-1394,H24 O12,H2O,H-O,R-3,148,36,1.4459137825711954,54974a72570a3101a709ec53f7aa25a5b32604ac2a803264b62b9bcdd2eb95cf
1394,mb-dielectric-1395,Cr4 P4 H20 O20,CrP(HO)5,Cr-H-O-P,P2_12_12_1,19,48,1.621797973443877,6adabb95851a09e44d39d3b7796bffccf7e8d8d692b1259e5dffa5163c91eb9b
1395,mb-dielectric-1396,Na2 Ru2 N2,NaRuN,N-Na-Ru,P6_3mc,186,6,4.443108521444562,f1f0cfc787f86881c1d7fff4c2c743b3a9411533706ace7ab922852b0faecc5a
1396,mb-dielectric-1397,Ca8 Sn4 N8,Ca2SnN2,Ca-N-Sn,Cmce,64,20,17.407039744501844,4b2c4446d01e390fa6996eb53f37efb511ad9275e496e6b77a08e2161e0fbf37
1397,mb-dielectric-1398,Rb4 Co2 I8,Rb2CoI4,Co-I-Rb,P2_1/m,11,14,1.912764142979125,07f2ac7ffbad6017b8f7a74d03dff862462652d37ef31922108afd12fbee2f30
1398,mb-dielectric-1399,Li4 Sn4 P12 O36,LiSn(PO3)3,Li-O-P-Sn,P2_12_12_1,19,56,1.7304536977336318,098d6353b76ee93f5cb640007ca295cf9bb5821a5e28d734fb4c4bb2f3c92b30
1399,mb-dielectric-1400,Si6 Ag6 Sn4 P12,Si3Ag3(SnP3)2,Ag-P-Si-Sn,I-43m,217,28,1.0000000000000016,4caac352a02155ebda9447bdaf7ebc7e352d0b046c586c90e47ab6ce85f486c4
1401,mb-dielectric-1402,B2 H12 N2,BH6N,B-H-N,Pmn2_1,31,16,1.5171266701674362,4beda52fe65fc17c88acf4af26c3d59178a49dfbb5428c78700aacaeea31c1a2
1402,mb-dielectric-1403,Na8 Ta7 V1 O24,Na8Ta7VO24,Na-O-Ta-V,Pm-3m,221,40,2.4251146364656666,32e41588dac9fac926b85a6f43d63e466fdd873b3018879c7162b6b330abf0a4
1404,mb-dielectric-1405,Nb8 Si4 Te16,Nb2SiTe4,Nb-Si-Te,P2_1/c,14,28,3.9661064030103885,f626aa2882d0feec7c4e7cf8a8e58e266af483466538d356bf3c7b2b6f2bceda
1406,mb-dielectric-1407,W1 Se2,WSe2,Se-W,P-6m2,187,3,2.1562831446728055,3eb0d38ed76555d73fb6692060f4e44dc02eacd70da2049ab29109573fa96bb3
1407,mb-dielectric-1408,Ca2 Pr4 S8,Ca(PrS2)2,Ca-Pr-S,I-42d,122,14,2.773072363522693,a3e2ce2fc595b64f7a78c38d89464e715a61020cf8b2f3707a9db62b42bc25a1
1408,mb-dielectric-1409,Au4 Br4,AuBr,Au-Br,P4_2/ncm,138,8,2.192335132531825,42c0f4ac476d6f06288c403abccc85fbca2132288b1d7d5ac849ac04927e064b
1409,mb-dielectric-1410,La1 O1 F1,LaOF,F-La-O,F-43m,216,3,1.939753077069349,4ba3aac1197a15bab127673e31c5d860edf27793b39e79c652d9bfffef91215f
1410,mb-dielectric-1411,Ti1 Cu4 S4,Ti(CuS)4,Cu-S-Ti,I-42m,121,9,3.1293641526674394,d678b977e9d3c724f2988d3242b925548c74b4dab90ab03d2e14e273854e5c2a
1411,mb-dielectric-1412,Si24 Ru16,Si3Ru2,Ru-Si,Pbcn,60,40,4.521283003750153,1f1912d9ff5bdfe6406052b2c64d2e06f232a26f37dc7f5064fb10864a0cb36b
1412,mb-dielectric-1413,Li1 Sn2 P4 H3 O16,LiSn2P4H3O16,H-Li-O-P-Sn,P1,1,26,1.6937288252058926,b7e24f587af87b5ae3083b2fa0ca1e330e052d930a3bd3b277bb2f5b27cfb7bd
1414,mb-dielectric-1415,Ca2 Cl2 F2,CaClF,Ca-Cl-F,P4/nmm,129,6,1.7373855837627599,bdbb0fc64076c1211539fd8c1a6052d91021d3a8c7876d19839022991e572fbf
1415,mb-dielectric-1416,Fe2 Bi2 O6,FeBiO3,Bi-Fe-O,R3c,161,10,2.6882451525112145,663523578b8db472bc8804dcd7ae1b2d6b2ab3a19cd5b4c9edee7dd569e2d5ff
1416,mb-dielectric-1417,Dy1 Cu1 Se2,DyCuSe2,Cu-Dy-Se,P3m1,156,4,3.177078007645803,6c5b3265ef3a273104cd8c5b40b25bd6eb9cbc552b1f90d3a6948c5e3bb4b89e
1417,mb-dielectric-1418,Hf4 O8,HfO2,Hf-O,Pca2_1,29,12,2.2388924345160786,34375f3e8f6eb0de0a3963daf6a4948e8f714c789426cd1e3edad5cbf915bbbc
1418,mb-dielectric-1419,K4 Ag2 Bi2,K2AgBi,Ag-Bi-K,C222_1,20,8,2.970066609802995,7b1bb701ccdc28ee0bdd36bda8969a5cbd19b274ae5e667d1fd2226b97234b95
1419,mb-dielectric-1420,Mg6 Si4 H8 O18,Mg3Si2H4O9,H-Mg-O-Si,P6_3cm,185,36,1.589339485446709,c0bd425f9f5fe9a48ef29282af5dfd3355bfa9b00d036bbd3010f18c06b71b51
1423,mb-dielectric-1424,Na2 Tl2 O4,NaTlO2,Na-O-Tl,I4_1/amd,141,8,2.45904300153966,032bf92fc76c3414ed18acc2cfe2c21d864d570fc70048765d286916e8f4afe3
1424,mb-dielectric-1425,Li2 Zn2 Sb2,LiZnSb,Li-Sb-Zn,P6_3mc,186,6,4.307759162255941,37a1b988a68b9b21b8bea8f7cec6a4503aec63c1306a38ad88576a5bf972ef31
1425,mb-dielectric-1426,H16 S4 O20,H4SO5,H-O-S,P2_1/c,14,40,1.4860462083439174,12c233ddd6e7509a2e8d52c62916b7850240b9e6ccdbe82b883475a3594af8d5
1426,mb-dielectric-1427,Ta12 Ge4,Ta3Ge,Ge-Ta,I-4,82,16,1.0000000000000018,b9e3881b3181d67ad43440d515a4ff5e6f854911eb20564a4bd2bdf405f42599
1427,mb-dielectric-1428,Na1 Co1 O2,NaCoO2,Co-Na-O,R-3m,166,4,2.378215367315042,139c3c97d8664658075ab341dcd746bff61ca00df3bf311f663a936b13661752
1428,mb-dielectric-1429,Cu4 Sn1 P10,Cu4SnP10,Cu-P-Sn,R3m,160,15,4.121486139731639,ceb6040ae9126d65f30601e50dc2148721752cd1146ea3649079083366fe489d
1429,mb-dielectric-1430,Dy1 Sb1 Pt1,DySbPt,Dy-Pt-Sb,F-43m,216,3,4.84877489681672,a8cab9a17a3f77ae75257ac4d91ba9d2b8028a300251791f1ce6f04a5240d448
1430,mb-dielectric-1431,K6 Te6,KTe,K-Te,P-62m,189,12,2.213652938771866,c271cb4a845d5820531b160c30ae1a796e8a80729039c13c3b4d3cbb2302f745
1431,mb-dielectric-1432,Al1 P1,AlP,Al-P,F-43m,216,2,2.8523700671546828,0c4d8b5f6335058a2bca3d0651f873a8a52cd4f6c80f7e7737d76895f0047482
1432,mb-dielectric-1433,Li4 V1 F8,Li4VF8,F-Li-V,P2,3,13,1.4630416945528242,7f871b67db504ef4229ee1a62ede7b8b801b0bbbbeacbceb9c2c50085954b2d2
1433,mb-dielectric-1434,Ba1 In2 Te4,Ba(InTe2)2,Ba-In-Te,I422,97,7,2.9142582818503464,a3717acd0eb364e6e8d6d1b99809d994b542956d39c55a621625a701fda643f3
1435,mb-dielectric-1436,Ba8 Mg4 O12,Ba2MgO3,Ba-Mg-O,P1,1,24,2.003748035777196,746c12cc9527f16bed0365d4568603f27e1731f7ee9dd5c33347610f8a4edeaf
1436,mb-dielectric-1437,Al4 Fe6 Si6,Al2(FeSi)3,Al-Fe-Si,P-1,2,16,5.444967095094944,e3e4f693822a0461a21f7e3acd7c8e2c1834dd8f48457d8c0c5ac23115a026d0
1437,mb-dielectric-1438,Li1 Cr1 P2 O7,LiCrP2O7,Cr-Li-O-P,C2,5,11,1.8353147777243375,a93e0cb0a5b8afffff593a9d3874b6756a2853efd58b7385b01aad643b58291b
1438,mb-dielectric-1439,Ca4 Ni14 P8,Ca2Ni7P4,Ca-Ni-P,Pmn2_1,31,26,1.0,f6521fe445dd93b83d8e82d1e2159b0c65323ef056410dbd0b8d6a3047d6efdb
1439,mb-dielectric-1440,Sc2 Cu2 O4,ScCuO2,Cu-O-Sc,P6_3/mmc,194,8,2.4303062221319567,bc909a80b80b3bfdc4dbc38333da315c821b7493be17664c362d93263c4aa08f
1440,mb-dielectric-1441,H8 S4 O16,H2SO4,H-O-S,P2_1/c,14,28,1.47975223151265,f1b655dbb699deebda503b5cd6edf811c842c6e59d94b71224a0c45c06ebb10b
1441,mb-dielectric-1442,Mg2 Si2 P4,MgSiP2,Mg-P-Si,I-42d,122,8,2.9335940982578577,66e4d7a5711436834406c7f0036c13a83cdb99099d59c2eea90ac90d1dfdfb64
1442,mb-dielectric-1443,Er1 Cu1 W2 O8,ErCu(WO4)2,Cu-Er-O-W,P1,1,12,2.290187546905275,3270836aa90828d6d59de47cb8924c2083633c6474f3cb50f9485860bc92fdd6
1443,mb-dielectric-1444,Mg4 B16,MgB4,B-Mg,Pnma,62,20,3.407100429006068,7db10b8dd0241e946451d42128a241b7d1a058ecdad7e5884664d9036dc1e732
1445,mb-dielectric-1446,Os1 Cl2 O1,OsCl2O,Cl-O-Os,Immm,71,4,11.357103822133508,7fd5ffc3aa4198204a4ce86866329b46c6f8ea5fff314bb87e490ade708b5858
1447,mb-dielectric-1448,H8 C2 N4 O2,H4CN2O,C-H-N-O,P-42_1m,113,16,1.4514554764098004,7901b38186ecc8bbecb66dbdb5591cca95fa3b3f4af9de3a57af19502159a59b
1448,mb-dielectric-1449,Li1 H1 F2,LiHF2,F-H-Li,R-3m,166,4,1.3758633653434522,bee03cd77570984c09b5532524db200cf251c82f81ecba65c6f4ba3ab99f40e6
1449,mb-dielectric-1450,Te12 Cl8,Te3Cl2,Cl-Te,P2_1/c,14,20,2.9842363623993773,71a8a5ea119371370bce3a1569c61c3f67a18b35ced1929ce31fafdddade4b44
1451,mb-dielectric-1452,Cr2 Cl6,CrCl3,Cl-Cr,C2/m,12,8,2.0057417580555184,c4f51fd66c01d5ea53553439f1b2526f9df455ca67dadf3fcd488e344ff77660
1452,mb-dielectric-1453,Rb1 Ca1 F3,RbCaF3,Ca-F-Rb,Pm-3m,221,5,1.4550130583606462,d5542f5aebcd53c44b60636fa60f946b0bce4ae087266a4e7feebdaee43fdc69
1454,mb-dielectric-1455,Rb2 Sn1 I6,Rb2SnI6,I-Rb-Sn,Fm-3m,225,9,2.1786018452209284,94ba7aa64a89269a7f9a9e78aa912ae50acbdc7f2e619d5fb436896a0b4ca6ef
1455,mb-dielectric-1456,H48 C16 S2 N4 O8,H24C8S(NO2)2,C-H-N-O-S,P4_2/nmc,137,78,1.5125926968839516,a3902f97eb90bfa7a0400c44d7bb84f70706376535c0b48f0c1fc1c46aaa83a3
1456,mb-dielectric-1457,Li3 Nb1 S4,Li3NbS4,Li-Nb-S,P-43m,215,8,1.743191326274887,4695547a8e7c50fe5885895ce84b46ebfa07cf7f5c5e8b202480e0f476972d8f
1457,mb-dielectric-1458,I2 Br2,IBr,Br-I,Cmcm,63,4,2.132369573971553,54fed55a2a0eb7c4cc3744f135be2c6644b854ce4afc187ac0fff4bf4a7cfc60
1458,mb-dielectric-1459,K4 P4 H12 O16 F4,KPH3O4F,F-H-K-O-P,P2_1/c,14,40,1.4717336715588185,b6fad7d5cc8d2ec4f62f9eb3aada76878c289a13e138cd1c9068ef31f2c41a68
1459,mb-dielectric-1460,Cs4 Br12,CsBr3,Br-Cs,Pnma,62,16,1.7941571837495174,7ea6f812de28e9c95966b28158bc484abbe272125f19fd2d01d5b0d6981e5341
1460,mb-dielectric-1461,Co8 As8 Se8,CoAsSe,As-Co-Se,Pbca,61,24,5.384298159153769,3c7e7617ee29f4ff7450575dfefe668e7ff409d793b01a7c7adcdba166cb302d
1461,mb-dielectric-1462,Li4 N1 Cl1,Li4NCl,Cl-Li-N,R-3m,166,6,2.0100429514482308,8879e930da298618c9281e46dcf44c34b1f1629cbe981fdafaa55bf650b76c66
1462,mb-dielectric-1463,Li5 N1 Cl2,Li5NCl2,Cl-Li-N,R-3m,166,8,1.9109404316548775,c0f116bf7de643d0ee41c1327f002fc04e1ee6b36489973450fe2625bcd728ed
1464,mb-dielectric-1465,Li4 Mn4 P4 O16,LiMnPO4,Li-Mn-O-P,Pna2_1,33,28,1.7287985230596805,f90ccfe6f8ac5f40691dd47ebc2f5cc17bd92503176024194a638252a16fc334
1465,mb-dielectric-1466,Cu2 H12 S2 O14,CuH6SO7,Cu-H-O-S,Cc,9,30,1.7365171080834954,6a810e770db6b8631f2dc87d275f7dc7cef9bd63815fc8805b03e9b04ffb0103
1466,mb-dielectric-1467,Si3 O6,SiO2,O-Si,P6_422,181,9,1.5337222695129675,a2c5491b876badf0aa105db1e4f4395f0aba0d7cb7a8880091e2186a806c8ecc
1471,mb-dielectric-1472,Li12 B20 H8 O40,Li3B5(HO5)2,B-H-Li-O,P4_12_12,92,80,1.5943914199468083,ad774578a8105f071985803492feeb33a8b2fefe1b0cff01ce63888690571f69
1473,mb-dielectric-1474,Sr4 Ca4 Sn4,SrCaSn,Ca-Sn-Sr,Pnma,62,12,4.255467071897043,d081ffa37e479409be5c37d09e2b40a8d65e06510352b54caf8b0b911488044d
1474,mb-dielectric-1475,Na12 Co4 O8,Na3CoO2,Co-Na-O,P4_2/mnm,136,24,1.9054022327872546,2d82b5ab3e53ad1199f9f9b435864909bd6ac27d2a304cd86f396ee7d554af6c
1475,mb-dielectric-1476,Sb2 Pb1 O6,Sb2PbO6,O-Pb-Sb,P-31m,162,9,2.108717461713005,ac4e3cdd67665e10b884eb05edc1eceac91b7ffa9ef756bb0d2814078989b731
1477,mb-dielectric-1478,Sr10 Ge4 N12,Sr5(GeN3)2,Ge-N-Sr,C2/c,15,26,2.3963963222583473,1d6b89f96ddae4940cf3db124587311d7d0d114cff25030901012ea2e14ea480
1478,mb-dielectric-1479,Ta1 Tl3 Se4,TaTl3Se4,Se-Ta-Tl,I-43m,217,8,2.7057512819917515,7c2d1945568eacda35f7138bffa0ec0ca01e745b2d73aafbbe325a08835cf3a1
1479,mb-dielectric-1480,Al4 B12 H48,Al(BH4)3,Al-B-H,Pna2_1,33,64,1.4406168817558678,f9dbcb9b8bd48a6c867c6dfa5cfcdabea7dd1a1e259fdaad11b328357a8dd799
1480,mb-dielectric-1481,Se4 F16,SeF4,F-Se,P2_12_12_1,19,20,1.5185519418182571,9a08842a6e6ea7c75d5fb9f8136c20ddb1cbb37be07abdc9d09d7c5cb35d2e91
1483,mb-dielectric-1484,K6 Se6,KSe,K-Se,P-62m,189,12,1.883386046459939,5efc4548cf965784ae2266a1510f10311a61ed314ada8fce3b01d92d823feb9b
1485,mb-dielectric-1486,Y4 Cl6,Y2Cl3,Cl-Y,C2/m,12,10,2.5561038059200243,768de1b33db1515f1ac72f9feb170964875424a8d03c6b1b8b2acbcbdd89b106
1486,mb-dielectric-1487,Tl8 O6,Tl4O3,O-Tl,P2_1/m,11,14,2.8554042329122744,c34a883600fefeffc67331a20ff476be0cd33f928d4912ea2d42aca98d03441f
1487,mb-dielectric-1488,Li1 Co1 P2 O7,LiCoP2O7,Co-Li-O-P,C2,5,11,2.1918826282862973,944193dee80eb3d521824fbec0730db74eec4304efcdfbd04604f80afaf4a4e5
1488,mb-dielectric-1489,Na12 Zn2 S8,Na6ZnS4,Na-S-Zn,P6_3mc,186,22,1.9887080395741021,5223cce1e38c6c5187989cdde801e711d91491e7110dc3a5390ab422d547db1a
1489,mb-dielectric-1490,Al4 B6 O15,Al4(B2O5)3,Al-B-O,R3,146,25,1.6415439886477827,0ee7f1dd8abaf6d0b6381096ec89d3f8f1aa6411305bed1c7c57c89c98071c96
1490,mb-dielectric-1491,P2 H8 Br2,PH4Br,Br-H-P,P4/nmm,129,12,1.9681632723599602,7cb0f119aa7c00f1d375759b521f5456c2573398be7b499682fb81668070cf3a
1491,mb-dielectric-1492,K2 Pt1 Br6,K2PtBr6,Br-K-Pt,Fm-3m,225,9,1.983003866192229,7719edcec7fe5a9449876514abc00ce0ca699936da48ab8ddd0d3ca0b70de96a
1492,mb-dielectric-1493,H12 Cl4 O20,H3ClO5,Cl-H-O,P2_1/c,14,36,1.472299788313055,586bbe9f4a38ed35f12e05b9251adeeb5e13232fbaac4a21d4abb5b62f66165d
1494,mb-dielectric-1495,Rb8 Sn4 O8,Rb2SnO2,O-Rb-Sn,P2_12_12_1,19,20,1.9421892286798421,a868919a137d729387e1dd16f12031bd46b3fa1f651b8bb7a6714fc1ff2a4832
1495,mb-dielectric-1496,Ti12 Zn8 O32,Ti3Zn2O8,O-Ti-Zn,P4_332,212,52,2.3218740275906438,de114680566259c3b909ba47dbe61761cfad30eb7c12206019cd070b037a7c40
1497,mb-dielectric-1498,Rb4 Na2 N6 O18,Rb2Na(NO3)3,N-Na-O-Rb,Pmc2_1,26,30,1.4755953600722207,c7a30a195cb171debd6a6a7edd2471f0d2e321693e012294a893d791dcae96dd
1498,mb-dielectric-1499,Ca1 Mg2 Bi2,Ca(MgBi)2,Bi-Ca-Mg,P-3m1,164,5,4.092799001498444,a33732920e35c7b1d6a369d74f60128904ef34f2274982e4639462fbf31cdd59
1499,mb-dielectric-1500,H12 O4 F4,H3OF,F-H-O,Pnma,62,20,1.388044187577134,0631e2d871369f88b0264e8665865759fe8ba3552eb5f34321b987d6bdea8e8e
1500,mb-dielectric-1501,Ba2 Au4 F16,Ba(AuF4)2,Au-Ba-F,I-4,82,22,1.615600404390475,819544ee2d6b202b83848315e455830b8ba245a8300ebbbbc27db221a635cbac
1501,mb-dielectric-1502,Ba1 Mg2 Bi2,Ba(MgBi)2,Ba-Bi-Mg,P-3m1,164,5,4.133848811942693,4bbe7a64e8e8b1f610febf3f869af35f86bbc95ca25e80aa16da11c64532f873
1502,mb-dielectric-1503,K2 Tl2 O2,KTlO,K-O-Tl,C2/m,12,6,2.2294862636939423,1381b58f31d83d219fbf3bdf59ef1a8065fcbbf9a5a3343cbe13cf4fed516473
1503,mb-dielectric-1504,Ga12 Ru4,Ga3Ru,Ga-Ru,P4_2/mnm,136,16,4.5745598887287615,de57a55c1a19105dc2f3970680791317a93f8df38bb24cde2aac90350b66c2a3
1504,mb-dielectric-1505,Sr6 Sc2 Rh2 O12,Sr3ScRhO6,O-Rh-Sc-Sr,R-3c,167,22,2.217881872419827,bcc301fa0b8ce9efc46e8c43609d1adefb22022d07c2a73c049f71e607ca55fd
1505,mb-dielectric-1506,Br8 O4,Br2O,Br-O,Pna2_1,33,12,2.332243340648655,a06f5b912a2a74bfb7b7f57716c21818d63c0e2ea08f32bb8441b90cd7666b0f
1507,mb-dielectric-1508,Ag1 As1 F6,AgAsF6,Ag-As-F,Fm-3m,225,8,1.5056560032092374,62ac0a88aa0a42072f348230e587947e0cefe74b30b24da157b113f0409d01ae
1508,mb-dielectric-1509,K3 Br1 O1,K3BrO,Br-K-O,Pm-3m,221,5,1.7346184018394362,0b3a5d7fb58bdba63ac16243f046c3a75bccb0113893db371bb616e998d43b02
1510,mb-dielectric-1511,Li4 Mn1 Cr1 W2 O12,Li4MnCr(WO6)2,Cr-Li-Mn-O-W,P1,1,20,2.9124194981721527,536c9dd6f944f13b594cc95d56f57cc9f83a5f56cd9d64439b8f3a4ab65d5f20
1511,mb-dielectric-1512,Re8 P20,Re2P5,P-Re,P-1,2,28,4.3537723106902755,a9762c5f03aa8be4e7962a249bf3f46ce697334c3cf2af43057c51705a236fb4
1512,mb-dielectric-1513,Bi1 F5,BiF5,Bi-F,I4/m,87,6,1.570562531913663,3017dd3cdb744c1f7f13f1c9c01ce38fc680638db188adf8bb6a7c134afb8658
1513,mb-dielectric-1514,Na4 Zn4 Si4 H4 O16,NaZnSiHO4,H-Na-O-Si-Zn,P2_12_12_1,19,32,1.6516897408411786,09782ce09e6e5f11780e27db53b61f93ac1c84631d267281115313f53ea4b613
1514,mb-dielectric-1515,Li4 Ga20 O32,LiGa5O8,Ga-Li-O,P4_332,212,56,2.023872772681129,0c92600cc7890c13cd21c267f399a48473a0dc5134a8ef767669ae3f9964764a
1515,mb-dielectric-1516,Cs1 Sc3 Cu2 Te6,CsSc3(CuTe3)2,Cs-Cu-Sc-Te,P1,1,12,3.4427291360356844,ddac664bd911b179c0308c84cbe9cc778a7d70edbf542b5499d4946b35135d17
1517,mb-dielectric-1518,H8 C2 N10 Cl2,H4CN5Cl,C-Cl-H-N,Cc,9,22,1.6097258565772412,b2ede0624fb2083bd6d8e5c24e8c953121d0b716a716664dff9ce3ea38f428a8
1519,mb-dielectric-1520,Ca4 Mg4 Fe3 H22,Ca4Mg4Fe3H22,Ca-Fe-H-Mg,P-43m,215,33,2.2046763934872615,1458f0ac80a12ead8d1fdcd5f3c08559c077a5f7ce8dfa7ce40101e12933ad15
1520,mb-dielectric-1521,N2 Cl2 O12,NClO6,Cl-N-O,C2/c,15,16,1.631461512461313,b26f54256e195e7cf875c52451ec3c7477104be01eafcbcc5a5b4bd2733ae21b
1523,mb-dielectric-1524,K2 Mn2 P2 H4 O10,KMnPH2O5,H-K-Mn-O-P,Pmn2_1,31,20,1.6307691436864997,736085ab3fed5cc4ca31619bbdadb3d5c7e0c72da17d9d87501f4a95d44c5886
1524,mb-dielectric-1525,Na20 Sn4 P12,Na5SnP3,Na-P-Sn,P2_1/c,14,36,2.8539446385660674,19ac9e2f86f288ae6d0e327a836ea370daa30ef9b12800fad06f1ece6523ae7f
1526,mb-dielectric-1527,La6 Cu2 Si2 S14,La3CuSiS7,Cu-La-S-Si,P6_3,173,24,2.664318111637571,2cbeb902a8b104fbb5cf57033eab481d3067aa2ec0bc076c2e6b5e2fd1e7266c
1527,mb-dielectric-1528,Sr2 Ge2 H4 O8,SrGe(HO2)2,Ge-H-O-Sr,I-42d,122,16,1.7483757223968386,2e533a37c0a1c72e708d508714a282cc7bcd03cb053d56fc423cdf53805594dc
1529,mb-dielectric-1530,La4 Si12 N20,LaSi3N5,La-N-Si,P2_12_12_1,19,36,2.3172083059866093,ea98da325465fff73bc7a648a818de2031ecc0f2415eba9eaceb58de1bf0fd69
1530,mb-dielectric-1531,Li2 Y2 Se4,LiYSe2,Li-Se-Y,I4_1/amd,141,8,2.6530735038774558,41cb56b184e7cd50ee50ec2f0a4567a63276f7cebfc9e08fa85b878211ae5ecd
1531,mb-dielectric-1532,Cs2 S2,CsS,Cs-S,Immm,71,4,1.73137710123117,cdb75e8ef9ca57e1dee253e4f2a833c436331e5030349371a16043f6efd6bc6d
1532,mb-dielectric-1533,Ba6 V4 S8 O6,Ba3V2S4O3,Ba-O-S-V,P6_3,173,24,3.0854183941025997,b8a69b08bf5c4d3fd8d69972b8a789757e039cc326856adc24474a5f9e869926
1533,mb-dielectric-1534,La8 Mn2 Se12 O2,La4MnSe6O,La-Mn-O-Se,P6_3mc,186,24,2.9193538668827066,829511ad390229951b67c5645eff07240f14ebf0d63ab4c0ae4c4da480a2a5cb
1535,mb-dielectric-1536,Be2 Si2 P4,BeSiP2,Be-P-Si,I-42d,122,8,3.0780945946044826,82271f47f1c4d6e000581537a15e0c3223bdd2155486e259aa1e184c3b5f4215
1538,mb-dielectric-1539,Cd1 Se1,CdSe,Cd-Se,F-43m,216,2,2.9350330492176746,03a980fe0018a8c5c509454b89e5abd11481c832ed0a7f0c31a08c1e241d9260
1539,mb-dielectric-1540,Ca8 Ti2 N8,Ca4TiN4,Ca-N-Ti,P-1,2,18,2.498974256236613,09f22d2bbff9aa356c3b24eb5cef2229dcd7714e5058ee0454cbaa41ab4f8574
1541,mb-dielectric-1542,Lu1 Cu1 S2,LuCuS2,Cu-Lu-S,P3m1,156,4,2.8691650959650197,630bcdacde778b794bb783ee86701a57f6807d1ea9042188092ac0f6c62693b8
1542,mb-dielectric-1543,P2 I2 Cl12,PICl6,Cl-I-P,P-42_1m,113,16,1.7585979263796105,2a3cee65056a00bad996377b60aebcc649289df41910c7d31fb4216bb5382b17
1544,mb-dielectric-1545,Rb2 Ti1 Cl6,Rb2TiCl6,Cl-Rb-Ti,Fm-3m,225,9,1.7530299484036267,4b7bdd44fbb3317a68941e1c776d31469572930e7f10d0419aa472fefbd3b534
1547,mb-dielectric-1548,Cs2 Se1 Cl6,Cs2SeCl6,Cl-Cs-Se,Fm-3m,225,9,1.7558718632064272,ccd02f44525e93634279b7cec025878c7f5a49d1a839b0d35ae68a9c2b0e68b0
1548,mb-dielectric-1549,Zr4 W8 O32,Zr(WO4)2,O-W-Zr,P2_13,198,44,1.903898106517258,90d0604a0207c8979772b4dec906e3517344e42c8dbeca5996454b521f6ff8cc
1549,mb-dielectric-1550,Rb2 Zr1 Cl6,Rb2ZrCl6,Cl-Rb-Zr,Fm-3m,225,9,1.6748913397590939,189289677d61b4247cc32c36714913477484bdd2a0654d22a508d69eb2e7c206
1551,mb-dielectric-1552,Tl2 Sn1 Cl6,Tl2SnCl6,Cl-Sn-Tl,Fm-3m,225,9,1.8766607755976161,f37ce7fb6c9c9ab7e736b01e115f89765b19a292133bd83d1e585b31ef71b02c
1553,mb-dielectric-1554,Y6 Cu2 Ge2 Se14,Y3CuGeSe7,Cu-Ge-Se-Y,P6_3,173,24,3.138998407135626,ce01bd10245d846e3e8da8541a7dbafe34ddef3a37cdd5759889d6590de7788f
1554,mb-dielectric-1555,Mg1 Se1,MgSe,Mg-Se,F-43m,216,2,2.157275133125121,3e7a101fd134c86ab7f287c1adae7e734bf44e00da87d33f882992f5926a7344
1555,mb-dielectric-1556,K2 Ti1 Cl6,K2TiCl6,Cl-K-Ti,Fm-3m,225,9,1.7903914841918407,ca8b722d7c5a5cf36d914d73d3d1003f6c0f4e0e67f8c81215fadb5bc1a335a7
1557,mb-dielectric-1558,Nd6 Si2 Ag2 Se14,Nd3SiAgSe7,Ag-Nd-Se-Si,P6_3,173,24,2.9840115616398,2aa8410243adf40bd9ae6a0bb5b137c5329d1c9f11368d963d2b6a81c4dc7019
1559,mb-dielectric-1560,La6 F18,LaF3,F-La,P6_322,182,24,1.746158163893905,c6276b29fb2a1997bfd21ecf7cb11612f36043a49fa20a525d216eb0716a64cb
1560,mb-dielectric-1561,V1 B1 O4,VBO4,B-O-V,I-4,82,6,1.918886395803566,fc02000ac344597e7a1493d26383e2da28e6c6650ecc30ce27b84c45e53e1078
1561,mb-dielectric-1562,Li2 Co1 Sn1 O4,Li2CoSnO4,Co-Li-O-Sn,I-4m2,119,8,2.1109744195513125,b4f314822270aba393ee69413ff4f2416096da94a0fcbecea90f898e74afd64b
1562,mb-dielectric-1563,Rb2 H2 O2,RbHO,H-O-Rb,P2_1,4,6,1.5813944268693163,3b26a1d14e28d6a3ea4204fa5bdfe56c2a70962cb3565c662a117e2d3dce250a
1563,mb-dielectric-1564,Na6 O3,Na2O,Na-O,P3,143,9,1.8630840918577305,20f868dca724d3e8c44546ad24fd8c7da89b79d1a4c1595e81a4a9e1449cf2aa
1565,mb-dielectric-1566,Hf1 Sn1 Pd1,HfSnPd,Hf-Pd-Sn,F-43m,216,3,4.411198703300496,45aa6c16c30ac0a704fc1d4c8f09933a7a1bc38b310b11d302874d3aa0f7b484
1566,mb-dielectric-1567,Li4 O4,Li2O2,Li-O,P6_3/mmc,194,8,1.7775451236654127,feb3d977deddc3a059f69a6bfd2c63167628a523f55820cfb1ad9bfe10b6ee81
1569,mb-dielectric-1570,Pd8 Br16,PdBr2,Br-Pd,C2/c,15,24,2.0549939172659366,90b2ba3a10ae5edb1f7fe8a966219ad7c6e8cebf04a66f942ddf4c863e0a27be
1570,mb-dielectric-1571,Ba4 Ca2 Si8 B4 O28,Ba2CaSi4(BO7)2,B-Ba-Ca-O-Si,I-42m,121,46,1.6674758369063902,ab89439d4700dbecff77c01eb1a85efcbcc037e1ad29102dddab372e767eaf80
1571,mb-dielectric-1572,Li2 Mn2 F6,LiMnF3,F-Li-Mn,P6_3,173,10,1.5123728596700794,7d10b0c5e8bc2ebafaf2688df3383c4d7543db283456295d2cb9828a2647ab99
1572,mb-dielectric-1573,Na16 Be8 Si8 O32,Na2BeSiO4,Be-Na-O-Si,Pca2_1,29,64,1.649506592893766,5f2328433ab753bb3a47dea862b1cdad6285cbee9375a65e91fa8b6c319f827b
1573,mb-dielectric-1574,Al2 Cl2 O2,AlClO,Al-Cl-O,Pmmn,59,6,1.7307821931138532,c64a58fc3001761188f76135c03b923295b04a2d3c8e2c1aeb79dec2c4cb0a79
1574,mb-dielectric-1575,Ga2 Hg1 Te4,Ga2HgTe4,Ga-Hg-Te,I-4,82,7,3.4071138323611474,93403371ae5ed1190e7dbcb0b37692260320c1b07092b733e0219b3a09f0c9c2
1575,mb-dielectric-1576,K1 N1 O2,KNO2,K-N-O,Cm,8,4,1.426835192538601,dd2b1a8b9303c8e24c03b8f2e9e4ec585acbfcd4527c537588b84875f1b13f44
1576,mb-dielectric-1577,Ba2 P1 Cl1,Ba2PCl,Ba-Cl-P,R-3m,166,4,2.3332276642739673,466208413a86161d30f4feea2956406a94c0b0f5a6017ec5194909c7aaa430fd
1577,mb-dielectric-1578,Sr10 Sn4 P12,Sr5(SnP3)2,P-Sn-Sr,Pbam,55,26,3.203227539009158,5fe8224912498268da3d61b17e5177d8c14cc70e801c1e2219b1a9446c0cbb4a
1578,mb-dielectric-1579,Rh2 Br6,RhBr3,Br-Rh,C2/m,12,8,2.47473904348934,9ef0f00e02c65b4363a46c1d5c18faae732e9e487d225d1897e06579547d0d32
1579,mb-dielectric-1580,Li4 Mg2 Cl8,Li2MgCl4,Cl-Li-Mg,Imma,74,14,1.6594175685058743,da7b0b6b43b202b00a587eb824541a608d89288396628f1a337881557bbdc34f
1581,mb-dielectric-1582,Ba3 B3 P3 O15,BaBPO5,B-Ba-O-P,P3_121,152,24,1.6891586663188236,19c88660222660af846f683c721c048df872e1cafa0cb56432253dd12411fb87
1582,mb-dielectric-1583,Cs2 Ge1 Cl6,Cs2GeCl6,Cl-Cs-Ge,Fm-3m,225,9,1.6533348118273044,8ac01fc549b8252b846aa4d2de83d30ea776a962eb1be81e877915ad6502b302
1583,mb-dielectric-1584,Cr1 O3,CrO3,Cr-O,Amm2,38,4,2.180544045263322,a3b1e1a42d526364bdb0a3c4a8b207783018df30f1083eaf0e8cfb208028b10f
1584,mb-dielectric-1585,Bi4 S2 O4,Bi2SO2,Bi-O-S,Pnnm,58,10,3.27523978765932,ae1579e66959c18eb0eb6c179a3a7d5d34cd64420341c1add7436c80ae306cff
1585,mb-dielectric-1586,Na1 Li5 N2,NaLi5N2,Li-N-Na,Pm,6,8,2.642863724573529,fe7ded80d111bd7d33123e33767667990eb6b6a00d1a45b5a38be80823aeb074
1586,mb-dielectric-1587,Ti2 Si4 O12,Ti(SiO3)2,O-Si-Ti,C2/c,15,18,1.9062658010174847,45418800d95e66ebe56d3dbbe7947350e54fee0fdc4e14b6fe646e3ee91e5286
1587,mb-dielectric-1588,Sr6 Y2 Rh2 O12,Sr3YRhO6,O-Rh-Sr-Y,R-3c,167,22,2.2048431539081776,eb7b0063551753da86fd9a43e6431905907965029d6e3129fd9dd88680ade461
1588,mb-dielectric-1589,Tl2 Pd1 Cl4,Tl2PdCl4,Cl-Pd-Tl,P4/mmm,123,7,2.0953317955238817,cf0736c6fb436e604ca8f4f4c61c2bcebd16e4bbda06b6ea3824308f079cac4b
1589,mb-dielectric-1590,Cs4 H4 O4,CsHO,Cs-H-O,P2_12_12_1,19,12,1.6107941105761054,441da7fe56506a5f272fcc67bcd21dc9aa41447c319093070c67796ae2471531
1591,mb-dielectric-1592,Li4 Mn2 O4 F2,Li2MnO2F,F-Li-Mn-O,Cc,9,12,2.4168534640450723,49c0a13b5ffab4d4d51be159bcb80a91a682d4e69183f4dd6577d5f9215252db
1592,mb-dielectric-1593,Ba4 Li1 Cu1 C2 O10,Ba4LiCu(CO5)2,Ba-C-Cu-Li-O,I-42m,121,18,1.9898938832678155,9271d3404f5428518385445c797fc9db4150ab578bf374ddfa3de4b2778b3b93
1593,mb-dielectric-1594,Ga4 Te6,Ga2Te3,Ga-Te,Cc,9,10,3.4164796696864603,0ce77299b7840acc421fa86cc1e0f11b56209ffb929c5a6303aa41b607b51d9d
1594,mb-dielectric-1595,Rb4 Li2 As2 O8,Rb2LiAsO4,As-Li-O-Rb,Cmc2_1,36,16,1.6236860328688343,1396e205761b77f921012c46ea78dafc58fbbd3fe1dd153c45aa07d09b97864b
1595,mb-dielectric-1596,Tl1 In1 S2,TlInS2,In-S-Tl,R-3m,166,4,3.139212799413256,7bd3191f0a750c21792194cb041700b83d4bb8690c217d8b561957a777a3cba5
1596,mb-dielectric-1597,V1 Cu3 Te4,VCu3Te4,Cu-Te-V,P-43m,215,8,3.3643555103466687,08e0b21923e5d5d63bfbe49ad719e2ff260dff94b8afa5fed55e7239aa0eae2e
1597,mb-dielectric-1598,Zr4 O8,ZrO2,O-Zr,Pnma,62,12,2.1864478803148577,725842e4329abba7a8bc3e5dcced9fd884b175c4c293e00927b3a40a2471b6f0
1598,mb-dielectric-1599,Rb2 Mn1 Cl4,Rb2MnCl4,Cl-Mn-Rb,I4/mmm,139,7,1.6880298180620785,5d18bf12b7fa5fc1675750bca8f0fd45ffa013675285cebf29fc189ad159943d
1600,mb-dielectric-1601,Ti1 Mn1 O4,TiMnO4,Mn-O-Ti,I-4m2,119,6,3.064483806450933,6d49a9aa22e39621fb48abbef2bd9597150a06af859e39a31f45f04a41f84bb2
1602,mb-dielectric-1603,Cu4 Pb2 O4,Cu2PbO2,Cu-O-Pb,C2/c,15,10,2.9683639152457935,819db5bf63c907fd832112d2a9a927659b8fe3291891a82157252b724ebb81ed
1603,mb-dielectric-1604,Al2 Si2 H4 O9,Al2Si2H4O9,Al-H-O-Si,P1,1,17,1.5992804632083768,54dca421d87f29b990f55e1e75641ce0206fb1d7369e69ac99b45c8959dbb330
1604,mb-dielectric-1605,Al2 Ag2 Te4,AlAgTe2,Ag-Al-Te,I-42d,122,8,2.9595749131702456,79df11aa415284b5b62139d18df64aa4c9d319f5d7ec6590eb94b31a8b021a50
1605,mb-dielectric-1606,Si8 Te8 Pt8,SiTePt,Pt-Si-Te,Pbca,61,24,4.854688455503607,14b2fb8aaa9a82913ebc487c91632d4462853985ee639ed584df0a25b37e4330
1607,mb-dielectric-1608,Cs2 Hf1 I6,Cs2HfI6,Cs-Hf-I,Fm-3m,225,9,1.9499841024993012,0d72d210fb9600ebb492cb89823bf9e2916cac1caa0dff72220c64e87c7214d1
1608,mb-dielectric-1609,Ba4 Sr2 I12,Ba2SrI6,Ba-I-Sr,P4_2nm,102,18,1.793234228984044,86f32a6950e3b157ff3bf8ba173a4898e4b4202d065c36911caacaea0e8f2d56
1609,mb-dielectric-1610,Li2 Fe2 P4 O14,LiFeP2O7,Fe-Li-O-P,P1,1,22,1.789563354564459,ab380cd709be36bc06dcb729e43dd49bea8041b56a1031bb7eeb934de4d9ac4e
1611,mb-dielectric-1612,Cd1 Cl2,CdCl2,Cd-Cl,P1,1,3,1.7699448202321637,d942a558a71b3683e992adc4d2c7677bb067ce3f11faf8567ef688253017993c
1614,mb-dielectric-1615,Na4 H36 O20,NaH9O5,H-Na-O,P2_12_12_1,19,60,1.4487609648707869,684caec85025ebe4d0a64a778f44dcb035b5b38d9a707676c077326806f841ba
1617,mb-dielectric-1618,Li24 Al8 N16,Li3AlN2,Al-Li-N,Ia-3,206,48,2.145332142116927,9546b4a178e19aacd9f246aa242a5dec06b08c22dcad1f29c177da9e765a4438
1618,mb-dielectric-1619,Cs2 Na2 Te2,CsNaTe,Cs-Na-Te,P4/nmm,129,6,2.077923643127116,04fcebef68adc731b50aa3324331d356964592cfff50ab64eab787b3905ebbb2
1619,mb-dielectric-1620,P4 W8 O32,P(WO4)2,O-P-W,P2_12_12_1,19,44,2.1883925607623507,6608ed0b0838e6447472776db4eae5038b11864fb2636049131b22ebbccc459a
1620,mb-dielectric-1621,Fe2 H2 O4,FeHO2,Fe-H-O,Pmn2_1,31,8,2.276794823137708,6986ec1a6faa2e6d4b744b049e3e26160558a056a4ace23dffad75e51f2732c5
1621,mb-dielectric-1622,Sr2 H8 O6,SrH4O3,H-O-Sr,P2_1,4,16,1.6348819529250422,5baa5eb9163c8d14e2bab05f86faa8fd587735862fcd9c50a9f98fceaded27d5
1622,mb-dielectric-1623,Ag6 As2 S8,Ag3AsS4,Ag-As-S,Pmn2_1,31,16,2.9347391706930277,4e85eeb45d9c969d466397d1e939b4a17293fbdf1d77781f87c101341a52b21f
1623,mb-dielectric-1624,B6 O9,B2O3,B-O,P3_121,152,15,1.6502434163884208,5ab8850d461fa047842df74ba7c35c7f875cd3849ed421b1e6b4ba6d873180a7
1624,mb-dielectric-1625,La3 Ti2 N3 O4,La3Ti2N3O4,La-N-O-Ti,I-4m2,119,12,2.9673174754313023,20303cad69b27324207e2b4988e68a22ede3280d12c417dd2de20c189b4d1aae
1625,mb-dielectric-1626,Al6 Cd4 Te1 O12,Al6Cd4TeO12,Al-Cd-O-Te,I-43m,217,23,1.8712217933745856,677738a5ef0fd02a39620f67637462a84f459f5d03bfcad33645e0d75179d810
1626,mb-dielectric-1627,Sn1 I4,SnI4,I-Sn,P-43m,215,5,1.7485759920575374,6cc95fd957407b21bdde73f002d197354a79f9e57e3b3a9039e7bf15dc1841f2
1627,mb-dielectric-1628,Li4 H8 N4,LiH2N,H-Li-N,I-4,82,16,1.6372271273915133,5c8db497c94b8278b33f9d002df3a2ceb4c9c3152626e822fb62f5f1b11060d3
1629,mb-dielectric-1630,K2 Nb2 Cu4 Se8,KNb(CuSe2)2,Cu-K-Nb-Se,Ama2,40,16,2.457614968487402,6dd257d548075622e8a850a9974caa98245afd4d3b18a4c8faf278d217a8c268
1630,mb-dielectric-1631,K2 Cu2 O4,KCuO2,Cu-K-O,Cmcm,63,8,2.0346396077274553,2baeedd924cb107c7d0bc458d9cf310a6bdccc097378f7a47a57fe701749f67d
1634,mb-dielectric-1635,Ac2 N2,AcN,Ac-N,P6_3mc,186,4,2.6273773361789265,c326f8051c3a201411c7790db078852d8a6a0b9266a4992b51e7dc0fa9d9ae34
1636,mb-dielectric-1637,Si1 Ni1 H12 O6 F6,SiNiH12(OF)6,F-H-Ni-O-Si,R-3,148,26,1.4073615976969538,900a0ca2f762043ea5f0dc7eae7671b44c081b605cf6134d0bf2f066130b1811
1638,mb-dielectric-1639,Ca6 P6,CaP,Ca-P,P-62m,189,12,2.8633229530273616,3a3796ba2280b464ff3f9c5179e09f0bc6e287ad4d06b6d62d08b92937600438
1639,mb-dielectric-1640,Tl8 Ga8 S16,TlGaS2,Ga-S-Tl,C2/c,15,32,2.5990382836735604,4778ad6fe85ddee50ed59a511f56876e7c1b225606f70f8c0bb6d54f8441097e
1640,mb-dielectric-1641,Li6 N2,Li3N,Li-N,P6_3/mmc,194,8,2.3616378497419253,eab8913169c71714e3a6240b6961877bc043a70149e23af77030543d362958d4
1641,mb-dielectric-1642,Na2 Sm6 Si2 S14,NaSm3SiS7,Na-S-Si-Sm,P6_3,173,24,2.625547434980624,0d66889cd599ce475b4ec0110f13f12c9636c660391c931d5adcd5f9533f91b8
1642,mb-dielectric-1643,Na1 H1 O1,NaHO,H-Na-O,R3m,160,3,1.5637727882698613,8b242ad707439d0082f1274a95f48cf281cb4ba529438e52bd707db8ab35f55b
1644,mb-dielectric-1645,K1 Cr1 S2,KCrS2,Cr-K-S,R-3m,166,4,2.7826196889501897,bcdfdc3b0be9deb3d00584564cbde5aaefcadca2fd0fd6465ca070a3eac98136
1645,mb-dielectric-1646,Rb2 Pt3 S4,Rb2Pt3S4,Pt-Rb-S,Fmmm,69,9,2.4602496485790484,d26960e16bb9d12e351cbabdecc912198d064b5a1cc6c97fdb70e1e37c6809f9
1646,mb-dielectric-1647,Cu6 Se4,Cu3Se2,Cu-Se,P-42_1m,113,10,22.78068624222428,855da81d56f560a579e91d4b43d1a80e236f8f7973cce141c36403dcc2f5170e
1647,mb-dielectric-1648,Sr4 Li1 Cu1 C2 O10,Sr4LiCu(CO5)2,C-Cu-Li-O-Sr,I-42m,121,18,1.941713246937697,af58a0dcd698578a87b394365eae2085bc5d89970c75bba824c0511ba3108330
1648,mb-dielectric-1649,Fe2 Ag2 O4,FeAgO2,Ag-Fe-O,P6_3/mmc,194,8,2.6875973160675155,9758997f3e3ff6b2f7dc7f39417c8b67ac8f07e331ad016bbd7b5f31cfd42361
1649,mb-dielectric-1650,K2 V2 Cu4 S8,KV(CuS2)2,Cu-K-S-V,Ama2,40,16,2.426106689052785,cfa45c42dfe60c92721522a482c63419004fec4247953c9da84a0129c563cf92
1650,mb-dielectric-1651,Sr2 S6,SrS3,S-Sr,Aea2,41,8,2.378514522413797,d2926d18a430366f69df7f4f79be6d83f6637dafa9b37ac8c48434e01f3dc850
1651,mb-dielectric-1652,Be4 Si4 N8,BeSiN2,Be-N-Si,Pna2_1,33,16,2.136540661911212,82dae1321c5e328d3024ebccfd268fc213d40b537e7e27db3724cf7da0318d02
1652,mb-dielectric-1653,Mn4 F8,MnF2,F-Mn,P-42m,111,12,1.5903109758786174,45cd887485a8d280f44d4b172ef80cef76f8e531bab362d4ef6aca5d61e00f8b
1653,mb-dielectric-1654,Ba2 Y2 Si8 N14,BaYSi4N7,Ba-N-Si-Y,P6_3mc,186,26,2.3048464157075617,b2625e0ed5949cc9e2e7294ea38754963ba63bc372c53a1d133758c0ca5b2d57
1654,mb-dielectric-1655,Ba2 Zn1 N2,Ba2ZnN2,Ba-N-Zn,I4/mmm,139,5,2.6801008644976996,ec961c801ff4e32e817a8cd58aed5bee364f921dcace04e7c6f4e99fd0757d8f
1655,mb-dielectric-1656,Yb2 B8 O14,YbB4O7,B-O-Yb,Pmn2_1,31,24,1.7817507307888685,cff349c98685137f06c68668ca63b23b9cb6ff4525ca908007e024e6ad9e5d0e
1658,mb-dielectric-1659,Na8 V8 N16,NaVN2,N-Na-V,Cmce,64,32,2.530654460806532,d3ad78b559f0e29078b44486b35cc46468dc9767d0dbd262c5bde33293214c07
1659,mb-dielectric-1660,Li1 Al1 Ge1,LiAlGe,Al-Ge-Li,F-43m,216,3,4.069957002229881,3e5de64c0c9cb4500b93094795f4eed65035e2d50f6b38a311a41e9deb8c212a
1660,mb-dielectric-1661,Mg4 Mn2 N6,Mg2MnN3,Mg-Mn-N,Cmc2_1,36,12,3.8912506130206177,8603c77496bc12b29bc7919ed8c992e5849cbc430061d518881b0ec7d9341ff3
1661,mb-dielectric-1662,Al2 H6 O6,Al(HO)3,Al-H-O,P1,1,14,1.6175864737317756,c239f18c5fe740e484b7d93e0fe8b090ffd43ab71b58420fdbab5db9ca42a9b4
1662,mb-dielectric-1663,Fe1 P1 O4,FePO4,Fe-O-P,I-4,82,6,1.7062743038562116,b3c8ffb8c011df41e56692ba3abd5b111d170094bec3efb13b60ca15b012c97b
1664,mb-dielectric-1665,Li4 Sn2 Te2 O12,Li2SnTeO6,Li-O-Sn-Te,Pnn2,34,20,1.9590753771443643,4d6371bf08db4a64a84caac2d573e231b97ff5bbb55dbefe00fd1f48b53a296b
1665,mb-dielectric-1666,Li2 Mg2 B6 H36 N4,LiMgB3(H9N)2,B-H-Li-Mg-N,P6_3,173,50,1.597725153046886,aab2898f279054875cf3a8ee2c6fa853869fe9fd55bb8c2b8fd4bab9c0074125
1666,mb-dielectric-1667,Ba2 Si6 Sn2 O18,BaSi3SnO9,Ba-O-Si-Sn,P-6c2,188,28,1.6992752376626206,756bf6aad6e74f243ab9e6ac7faf6b48950388b8875d20956d0900a5003460ca
1667,mb-dielectric-1668,Ge3 O6,GeO2,Ge-O,P3_221,154,9,1.7622453480337852,15f93606adebda70468dcbd4812ea67327af453747f67e25b50ef71e90fcf7d3
1668,mb-dielectric-1669,Rb6 C3 N6,Rb2CN2,C-N-Rb,P-1,2,15,1.662063195145829,22f1f109004eabc636efca97409dc1aa099b22aa99cb4f9ffba3379211a97fa6
1669,mb-dielectric-1670,Na2 Ag2 N4 O8,NaAg(NO2)2,Ag-N-Na-O,F222,22,16,1.6384614734561012,8082b2dfed8310ed510d558c7eeb7d7e0a09860a1be4d1791d6dff688d275d39
1670,mb-dielectric-1671,Li4 Nb4 Zn4 O16,LiNbZnO4,Li-Nb-O-Zn,P4_322,95,28,2.1444212894547254,cc37abce12805bca32f9e5996078ea6d9a85f1b91b19045673bd1d8917a87991
1671,mb-dielectric-1672,Se32,Se,Se,P2_1/c,14,32,2.240461262032144,c134d8d25a1200921d1e5341d256a17b265a4dc9aeac34afa2370b3b5e3a5225
1672,mb-dielectric-1673,Li4 H4 Se2 O10,Li2H2SeO5,H-Li-O-Se,P2_1,4,20,1.5515458957654673,fea7a1a54eee4209f97856b8059623a5e6fbfe4f2f046d0877a2d5074797016d
1673,mb-dielectric-1674,K3 Mn1 O4,K3MnO4,K-Mn-O,I-42m,121,8,1.6869762891042661,16fbe614fe19cd880db6a686ab3330ae38c8f012a8571b3a4bbe5ec0c77e38a5
1674,mb-dielectric-1675,K1 Al1 F4,KAlF4,Al-F-K,P4/mmm,123,6,1.3915219485632746,c95f696eab6c9489c5853737253bb05d99d7384bc142d93deaffdc238ef0da7d
1676,mb-dielectric-1677,Mg2 C2 O6,MgCO3,C-Mg-O,R-3c,167,10,1.6632959247630321,6e7f9dcf6c6cb38fa1873f61e35ceaada076437c0dece3cd45ba1100675c0490
1677,mb-dielectric-1678,Fe2 F4,FeF2,F-Fe,P4_2/mnm,136,6,1.5545631755148024,a867cc9671612ca3e2bab2cc1f7bb9b2649182cb8703c54a96c3e5f820691df6
1681,mb-dielectric-1682,Li2 V2 O4 F4,LiV(OF)2,F-Li-O-V,P2_1,4,12,1.6769200935047561,5c7c721384ccf3a7596c2da7e55ebf66c078c1ab85d743b2fca94997043454d8
1682,mb-dielectric-1683,Sm1 H3 C3 O6,SmH3(CO2)3,C-H-O-Sm,R3m,160,13,1.7493558814603722,409b0fe7c3e9cc0517773267de761d86a7e3e041d8b45f2c0c83d975ec745038
1683,mb-dielectric-1684,Li3 Mn1 P2 O8,Li3Mn(PO4)2,Li-Mn-O-P,C2/m,12,14,2.14640971547062,d0dce0152e92748099c0f6252191936543fa4450ebd6994be7813315303e7ce5
1684,mb-dielectric-1685,Mg4 Ti4 N8,MgTiN2,Mg-N-Ti,Pnma,62,16,2.937404806968219,2f0e6fc9046bc11c1a288dfd25d8981c3320dd681c3c86eac0c7a80418219dd0
1685,mb-dielectric-1686,Ca4 P2 O1,Ca4P2O,Ca-O-P,I4/mmm,139,7,2.71393975614788,53748eebbee42865c715d6037807d9e301431c0d5a793d08a3e5a499aabd8a81
1686,mb-dielectric-1687,Ta1 Ga1 Fe2,TaGaFe2,Fe-Ga-Ta,Fm-3m,225,4,6.347627115702377,90e0ca65b6a3221ab490b10aaf84e72024b867d7390dce1b218d6dffed95bd38
1687,mb-dielectric-1688,Er2 B2 O6,ErBO3,B-Er-O,Ama2,40,10,1.8449619688943906,123b900699f22b5cce026943401d939683bf66cbc93cc8e77b7fc3a60a0b29f5
1688,mb-dielectric-1689,Ca8 Cd4 Sb8,Ca2CdSb2,Ca-Cd-Sb,Pnma,62,20,3.6642871066552627,6bae5f5bd6360bf2ec524123eb2f093e28c15c3fe39de52712f7328a1cd18719
1689,mb-dielectric-1690,La2 S2 F2,LaSF,F-La-S,P4/nmm,129,6,2.3563664118015826,d0e04e24a3a737cfeed9579edc5521a95dd75b49efc8ee866dd442453fe9897a
1691,mb-dielectric-1692,Li3 Mn2 Cr1 O6,Li3Mn2CrO6,Cr-Li-Mn-O,C2/m,12,12,2.286368663769399,70d6fb216a65b4d7812c018058888fb5cce545e8d65627f1dca7a44279f7e387
1693,mb-dielectric-1694,Ag6 Ge10 P12,Ag3Ge5P6,Ag-Ge-P,I-43m,217,28,4.306622806794214,0c2fbefd8f7c8b953945c1b3cdb02553f353bdcba7d14ccb37a6be578ac8ceea
1694,mb-dielectric-1695,K6 Ta2 F16,K3TaF8,F-K-Ta,P6_3mc,186,24,1.4645236995920095,bfefc8830ef6904fc8903046f3daba4ad6c3cc96516eafe284102ccc5b80f365
1695,mb-dielectric-1696,Zn2 Cl4,ZnCl2,Cl-Zn,P4_2/nmc,137,6,1.67908705353038,bf4c8b8b83b0bada4da1175c77963270c9ba9a93ca30383b6f6d955120b44276
1697,mb-dielectric-1698,Ba2 Fe2 Si8 O20,BaFe(Si2O5)2,Ba-Fe-O-Si,P2_12_12,18,32,1.6522054956935592,4168c19e7d59ebadcc77e2daa60987f77ea32c5a0e29d44758002e663ae0c392
1698,mb-dielectric-1699,Li14 I2 N4,Li7IN2,I-Li-N,P1,1,20,2.2637930455002384,a3105077074ed9755a7cfdcd19c36d8bd80f9b303fd4f4a1d14ace4477314f9a
1699,mb-dielectric-1700,Li2 Ca2 Pr2 Te2 O12,LiCaPrTeO6,Ca-Li-O-Pr-Te,Pc,7,20,1.9833143136342932,3cc0a4eaf76f2b13f97eba141871fed1a2d41531814dcfe6450813738069b65c
1700,mb-dielectric-1701,Zn10 S10,ZnS,S-Zn,P6_3mc,186,20,2.4315290122353237,6a49ad272a6f60dc4fae6d5d7c1e0ddb007de376504b91360fbfb6fb48e3ee79
1701,mb-dielectric-1702,Li8 Mn4 Si4 O16,Li2MnSiO4,Li-Mn-O-Si,Pna2_1,33,32,1.7306192533310152,7b24a2370ab74f1bafc61a4406e05acd611c0637ac9621ff477480d596bb0cf2
1702,mb-dielectric-1703,Ba4 Y4 F20,BaYF5,Ba-F-Y,P2_1,4,28,1.5319397290146022,412a2977b12168fab22b3c1a4a36591297935cbfcf29971eed4999f9dac1a8d3
1704,mb-dielectric-1705,Ca12 Al4 As12,Ca3AlAs3,Al-As-Ca,Pnma,62,28,3.1563692221707313,748891b7823a335adec42518d1b9bcce3e407be1fbe88e899fc044c06fdf9ac6
1705,mb-dielectric-1706,K4 Zn1 As2,K4ZnAs2,As-K-Zn,R-3m,166,7,2.2602366395284093,bf8ba04f159c50a4ea0854aa4d36c4aa3090189961c53c6b756244340c004740
1706,mb-dielectric-1707,Rb2 Mn1 F5,Rb2MnF5,F-Mn-Rb,P4/mmm,123,8,1.5142806873231924,8c40a0b7b1869b65120fc24ea63e575903e15a275d223739fca021a5df49518d
1707,mb-dielectric-1708,Tm2 Cl2 O2,TmClO,Cl-O-Tm,Pmmn,59,6,1.711168703936971,84bc2e8a765f2d9e2cfafd439f9785e1d90b882798af264d1d2f12188b698d30
1708,mb-dielectric-1709,Li8 Si2 O8,Li4SiO4,Li-O-Si,P1,1,18,1.642120275741092,d9f370ca9ca741cfb21abc7aa873d8648ea9772721ea3d1730ae18545cac093e
1709,mb-dielectric-1710,Si8 O16,SiO2,O-Si,Cmce,64,24,1.4286357128393508,6a05948936c4743df8fd054209b56282eb707339e6e9ea7d07050d79998b6fee
1711,mb-dielectric-1712,Li12 V4 Si4 O20,Li3VSiO5,Li-O-Si-V,Pna2_1,33,40,1.838348806220771,7a4b42a2f5182ac9733b47474726804fd50d86b45b2000dd6980299f5c40b3e2
1712,mb-dielectric-1713,Nb1 Cu3 S4,NbCu3S4,Cu-Nb-S,P-43m,215,8,2.5281028460092365,b8889bf37ef21cb8865443dcd5a8332b2883526029d88204091d73e1560db702
1713,mb-dielectric-1714,Li5 Sn2,Li5Sn2,Li-Sn,R-3m,166,7,10.537710062708628,9b8c89da94171f0e1693ae61f61efaccb5b00c5d534fd1a6bba2d6b40974f27d
1714,mb-dielectric-1715,Na2 Ti2 P2 C2 O14,NaTiPCO7,C-Na-O-P-Ti,P2_1,4,22,1.7149613212353605,81a643f05fa74bc8cda13bfe9aa560b5a4ea1de3864f0acac58eddb1e5c350f4
1716,mb-dielectric-1717,Ca4 Sn4 N8,CaSnN2,Ca-N-Sn,Pna2_1,33,16,2.4514909748967053,dba061cbfe7f35984cbe7333d54d38bcb1b188f982cb052af2a0e726fbb0028d
1718,mb-dielectric-1719,K5 Nb1 C8 N8,K5Nb(CN)8,C-K-N-Nb,I-4,82,22,1.7065727838761129,82ce2eebeff0855294225584d21224b73e3fbe156d486b1792fd480fb09b0158
1719,mb-dielectric-1720,Rb2 Sn2 I2 O12,RbSnIO6,I-O-Rb-Sn,P6_322,182,18,1.7405997050825281,94bc3781d49884f41eaaefa3e63454275141b313705aea8c97c887dad876eab0
1720,mb-dielectric-1721,Li8 Ga6 Si6 Cl2 O24,Li4Ga3Si3ClO12,Cl-Ga-Li-O-Si,P-43n,218,46,1.6146900631390535,88b09661918c322a06187ecb6da5f06e3c0a34202ff73b6e560c6aed21bca468
1722,mb-dielectric-1723,Cs2 Sr2 Cl6,CsSrCl3,Cl-Cs-Sr,R3c,161,10,1.5920353848663875,b6ace61b4f7d794c9b9c08925756ad46a741cea55ddaf5d8154758bb21692c21
1723,mb-dielectric-1724,Na24 Pb4 O16,Na6PbO4,Na-O-Pb,I-43m,217,44,2.016808039121887,409e86c2f6a38c903bd2fc16b9ecf7a14a02430e6cf9d02b99520747408c33ca
1724,mb-dielectric-1725,Li4 Mn2 F8,Li2MnF4,F-Li-Mn,P1,1,14,1.4506344063790486,6f0a1e850f40a3df078db6495780d2054af7b9de830562d722a66e2b2922709e
1725,mb-dielectric-1726,Ba1 Ca1 I4,BaCaI4,Ba-Ca-I,P1,1,6,2.0035971817375535,333b38d3e2dcced49dce0fd6cc973540413784a534de1733a00a02bd5996e512
1726,mb-dielectric-1727,Ca4 Sn2 S8,Ca2SnS4,Ca-S-Sn,Ama2,40,14,2.3793570560132413,c2cc8b8c59584f3ca6ab9e957ecf04153d8be4ee0afb0701b3af05a1025787c5
1727,mb-dielectric-1728,Sr3 Te1 O6,Sr3TeO6,O-Sr-Te,R3,146,10,1.9012928057859373,2b1e4a6b088acf89c0f544ea94255cc896fd9dd02f8b81cc19030a0064986f78
1730,mb-dielectric-1731,Ca4 Si2 B4 O14,Ca2SiB2O7,B-Ca-O-Si,P-42_1m,113,24,1.7732908202924114,83d89aa7cdd528ae1ae8d5c71a7cd4a335b05c6a01465bf3f79aa4e6ffd40d03
1732,mb-dielectric-1733,Li56 V8 N32,Li7VN4,Li-N-V,Pa-3,205,96,2.2600982279538213,b3780f1ce793eb92b0034c427e8c50691a36588252bb44e9a805745dca9dcc65
1734,mb-dielectric-1735,Na2 B29,Na2B29,B-Na,Cm,8,31,5.736370443663834,da407a84a7fc8aee0cadf86a5e10388c2e96e27c0f826bfbd96443b182d5df49
1735,mb-dielectric-1736,Li2 Mn2 P2 O8,LiMnPO4,Li-Mn-O-P,Fdd2,43,14,1.7362721630897655,bad4e2187ab3b52de8bd4275ae3c2952dc4b4a1236ce46b005873c3f0d05704b
1736,mb-dielectric-1737,K1 Zr1 Tl2 O1 F5,KZrTl2OF5,F-K-O-Tl-Zr,I4mm,107,10,1.716611099424289,992ef5ded5740e50b4cb58e21503573ac6127ddf7c31dbf247d4f8e37b1e4627
1737,mb-dielectric-1738,Ru8 O32,RuO4,O-Ru,P-43n,218,40,1.6184276319934734,84ece6540bedf5b08ee98b67fcd68384a352238869fde9f7f69debddac53c346
1739,mb-dielectric-1740,Ba2 C2 O6,BaCO3,Ba-C-O,C2/m,12,10,1.647627182748978,cf7a0aec47c2fc2e32232c1f937ee5c3feb91e90b240733f0562dcec3dcd4d64
1740,mb-dielectric-1741,Sc2 Cl6 O24,Sc(ClO4)3,Cl-O-Sc,P6_3/m,176,32,1.7576095633632554,b43ddac77334eb76fcfba1ad3f6a5354cbbd8cdfb294fcd3acd5f02b31259f83
1741,mb-dielectric-1742,Y6 Ga2 O12,Y3GaO6,Ga-O-Y,Cmc2_1,36,20,2.0359487550852764,f67ea0cd50857dc68f7831afc326652b4b6c227f9aa3dc8f4204e326ec9061c5
1742,mb-dielectric-1743,Sm4 B4 S12,SmBS3,B-S-Sm,Pna2_1,33,20,2.6088740866511744,2f0f199532a0e92304c46ad7a4dea22d901ee471df908b8d3084716601cf6068
1743,mb-dielectric-1744,Al4 H4 O8,AlHO2,Al-H-O,Pnma,62,16,1.7590717248973484,dbd4741e5e15749dea8d2f9c603ae12ababfd6c37f07a09b30af1ff5697a0513
1745,mb-dielectric-1746,Li4 Fe4 P4 O16,LiFePO4,Fe-Li-O-P,P4_322,95,28,1.8326684551949561,0e89feb63a4fc88ae0eca2f3489f930acbae2c98e21baeac7d2806293e4fc04b
1746,mb-dielectric-1747,Na8 Zn8 O12,Na2Zn2O3,Na-O-Zn,P4_32_12,96,28,2.017929549480523,0f68dd5d1cf350d3bdb8141528ed99cb63ae335b0329d414d587705bab88bff3
1748,mb-dielectric-1749,Tl3 V1 O4,Tl3VO4,O-Tl-V,Imm2,44,8,2.2713476909828962,46f50b3b6fa1e2b26a1cee01f78d14547674eaf3ddcc605d7a9ac0a766d833fe
1749,mb-dielectric-1750,H16 S8,H2S,H-S,I4_1/acd,142,24,1.439851844230278,077d2162ad2f3615a8afc6f8e161b30f85885aa562800877822c1638d0f31020
1750,mb-dielectric-1751,Ag4 S2,Ag2S,Ag-S,Cm,8,6,2.968741764900859,354b31b5d0956e6a40c2c3c4d268c67ac15c7e129b419ef69afdd43cb6bc01f9
1751,mb-dielectric-1752,Ba2 Ni2 F8,BaNiF4,Ba-F-Ni,Cmc2_1,36,12,1.5807213543189704,788820e13d3ed4b0e4c6729aee161628bf87fdfadfbc8af5f1b05f81cfe8af5c
1752,mb-dielectric-1753,Tl9 Bi1 Se6,Tl9BiSe6,Bi-Se-Tl,I4/m,87,16,4.091578901846914,6da46d3b07bb26648a23860f7329328d2496e666d255052ac9349f78af9a8c01
1753,mb-dielectric-1754,Li4 Ti1 Mn1 W2 O12,Li4TiMn(WO6)2,Li-Mn-O-Ti-W,P1,1,20,2.65760594019003,9e4cc013ec85fa7db0ceb34556c99690bc409f0fc1bf1b3007fc7c96bd6aa9ba
1754,mb-dielectric-1755,Na6 Si6 B6 O24,NaSiBO4,B-Na-O-Si,P6_3,173,42,1.6225940137117896,810483e4086380ed393e7eca955ac7e7badc03eafbd3631ed3fd7aa77ed7facc
1755,mb-dielectric-1756,Li2 Fe2 O4,LiFeO2,Fe-Li-O,P6_3mc,186,8,2.1956737007123683,e647e6af1397d652e475b74fe8608b9a2d3eee7dcd9bc9727fbb4536c5d6648a
1756,mb-dielectric-1757,Ta4 Ga4 O16,TaGaO4,Ga-O-Ta,Pna2_1,33,24,2.279260186990507,8f223f26b79e3e4452a14598ea1933c7cc5e480c1fca7fae7a0658879958589a
1758,mb-dielectric-1759,Rb2 Th1 F6,Rb2ThF6,F-Rb-Th,P-62m,189,9,1.5274773320740316,bfb5f92a17f1152a6caf8c19668ee82589d65e35a7e7880519d14bf804335ad4
1759,mb-dielectric-1760,Li8 Al6 Si6 Cl2 O24,Li4Al3Si3ClO12,Al-Cl-Li-O-Si,P-43n,218,46,1.560350922068494,4930ae9474caf93c636a27bf19bcef7aae8a4da003326384e775fb7963bbab71
1760,mb-dielectric-1761,Mn1 Al2 Te4,Mn(AlTe2)2,Al-Mn-Te,I-42m,121,7,2.8586002985144088,e4e400fc32cbf5296a13890ae8fa1cf223db88085db0f134c028f22b57f96343
1761,mb-dielectric-1762,Na2 Cu2 O4,NaCuO2,Cu-Na-O,Cmc2_1,36,8,2.3380071285890756,bfcebd2a3fbbc9f760e5ed880f1d262cd1626c6a236ef70e0021ffd3fe0d5690
1763,mb-dielectric-1764,Zn4 Sn2 O8,Zn2SnO4,O-Sn-Zn,Imma,74,14,2.136373952908682,a415695f690ac690b59f98f9b11559475b67be4120272cd38de220b3d32c10d9
1764,mb-dielectric-1765,Pt1 Se2,PtSe2,Pt-Se,P-3m1,164,3,3.9091346015906843,aa0b0d2439442a61ec508408982760f0c030d5253d0a01f551f65877c4b7a767
1765,mb-dielectric-1766,Cd2 Se2,CdSe,Cd-Se,P6_3mc,186,4,3.1103054512378905,cc918c68e98b9929a34d1e2b2cd90294b07f40bd575b739c17e592bcf2e2e5a2
1766,mb-dielectric-1767,Pb4 O6,Pb2O3,O-Pb,P2_1,4,10,3.2425822014766768,d901a83fbefc77d095d0148616ed381ec3a08a06b5a36a2c9844e417b16c2220
1767,mb-dielectric-1768,Rb2 P2 H4 O8,RbP(HO2)2,H-O-P-Rb,Fdd2,43,16,1.50628782110193,7f56066cae39bb289d13730398e3902f12566bd1b30ad30f0df67ac7500bc587
1768,mb-dielectric-1769,Ti3 Te1 O8,Ti3TeO8,O-Te-Ti,P1,1,12,1.9743602339323323,08a5d0f532f99e12ff5d5358c48a9e356e30c135267e90b1f1486389793a15df
1770,mb-dielectric-1771,Li16 Sb8 S16,Li2SbS2,Li-S-Sb,P2_12_12_1,19,40,2.795451662969689,67c5146cb2779c50b29b8e92277859ddaf560abf6d9e4aa326160a8acb8e97e1
1775,mb-dielectric-1776,Ag2 Au2 S4,AgAuS2,Ag-Au-S,Pccm,49,8,2.512070062717201,40cdfdb39ba8a33fc70ac40a135743f7b8a597390c18067fd1a76c1bd87fab2d
1777,mb-dielectric-1778,Al5 P5 O20,AlPO4,Al-O-P,F-43m,216,30,1.3355908804720116,7753443e3681cc29a9cc0220fed8387dce8bb24da316602e0e68c5dac74d6f60
1778,mb-dielectric-1779,Cs4 Li2 As2 O8,Cs2LiAsO4,As-Cs-Li-O,Cmc2_1,36,16,1.6811203605532432,d05468a56c1de16ae83781e39783d6e173cfe21ee5b0a34a4f7d24a55e6b700f
1779,mb-dielectric-1780,Li10 Re2 N8,Li5ReN4,Li-N-Re,Pmmn,59,20,2.0884277180054216,f6d65acab2cd4a82bddee9663778a470e491fc2a5cdec435b75059f1f02de65b
1780,mb-dielectric-1781,Ba1 Al2 Te4,Ba(AlTe2)2,Al-Ba-Te,I422,97,7,2.6117797510460186,27b110ae9000662f21e5d4ee059ccb053d9f8975f9672067d8502d0f682768c4
1782,mb-dielectric-1783,Ba1 Ag2 Sn1 S4,BaAg2SnS4,Ag-Ba-S-Sn,I222,23,8,2.576896712456024,97ea55b3625cf68ff6eca1b54bb7900dc2fbd8f9ce9e0b237c68b16edbfad3a1
1783,mb-dielectric-1784,Ag4 S2,Ag2S,Ag-S,Pc,7,6,3.945262179712099,63d0f3b078f24bf535c9e4a475f5f564fd95e7cd77b7140225b80edc9c7cc0b0
1784,mb-dielectric-1785,Li2 Ti3 Co1 O8,Li2Ti3CoO8,Co-Li-O-Ti,R3m,160,14,2.34192428001704,c885bdd21740fa0f1da0ee0b91b769138382933b877025f0856532dfeae6c3da
1786,mb-dielectric-1787,Zr4 P6 H8 N2 O24,Zr2P3H4NO12,H-N-O-P-Zr,R3c,161,44,1.7644941673654462,55d044f6ec7ee0bf7945903112f83c198ffe7cb9bf74d2d80e2f4741eac339b8
1787,mb-dielectric-1788,Fe4 Ge4,FeGe,Fe-Ge,P2_13,198,8,9.805193878756297,d581dfcaa1cc194331fe23aecbd0edb2dfa68eabd6d0b45c4a7ef6089cdde828
1788,mb-dielectric-1789,Na8 Sn2 O6,Na4SnO3,Na-O-Sn,Cc,9,16,1.9461523578589628,4c7f778171ecaf44addb0b07c7492aac330350642520dfcbb52b8ed6a381fca3
1790,mb-dielectric-1791,Ba2 Zn2 F8,BaZnF4,Ba-F-Zn,Cmc2_1,36,12,1.5812619433014041,90013fc9c687d3824cfbe56d100280d2c82876f9418c3852c3b7e8228c6cb8c8
1791,mb-dielectric-1792,Tb8 Ge8 O28,Tb2Ge2O7,Ge-O-Tb,P4_12_12,92,44,1.9397551391863872,7b1a52cacdc4b3ea3d910c1c31208e34cceebba902be4e4218a9374ed6f37b21
1792,mb-dielectric-1793,Na8 Ga6 Si6 I2 O24,Na4Ga3Si3IO12,Ga-I-Na-O-Si,P-43n,218,46,1.6038802947851187,b5964a750fe0a35db64816cc7edc7c84d4b7684288ebbe422bbcac957bd0dfb2
1793,mb-dielectric-1794,Li2 Se1,Li2Se,Li-Se,Fm-3m,225,3,2.079663434308561,93d83bf0cc1500bc84ecadf670045ef0325db1c43e51890e3d7ad63ecdcf406f
1794,mb-dielectric-1795,H28 N4 O24,H7NO6,H-N-O,P2_12_12_1,19,56,1.4740558560199362,510eba9b0d2355841dd412534c96e69ab601ee605c2e1bac5107d6019891aeb3
1795,mb-dielectric-1796,Ti4 P4 H4 O20,TiPHO5,H-O-P-Ti,P2_1,4,32,2.033852993704314,a3bd78553bcc8abe08ed329250e2b40c0a068f9bd3a2e59f13d9269cd68670dd
1796,mb-dielectric-1797,Y4 Mo4 N12,YMoN3,Mo-N-Y,C2/c,15,20,2.8057945992772413,cf6523417ae9976669c981315e2d04bf034c691eccc968523805ec941b068c4d
1797,mb-dielectric-1798,K1 Zn1 As1,KZnAs,As-K-Zn,P-6m2,187,3,5.3136282331378855,7bb443ddba7ada1ca8bc9a234208aabd48761106a18c2135d55bfc3e2f187bee
1798,mb-dielectric-1799,Y1 Cu1 W2 O8,YCu(WO4)2,Cu-O-W-Y,P1,1,12,2.269638150307959,6dea61c206e24594e1bff8d7f596a98ef2e649b04cd53e1b361c1ecb16a45b3a
1799,mb-dielectric-1800,Cs1 Li1 H4 S1 O5,CsLiH4SO5,Cs-H-Li-O-S,Cm,8,12,1.5593747678690544,64d75f5a623a601ee95c5b0b47dc187e0f0274e20f14e18c174d612cf05aad11
1800,mb-dielectric-1801,Li4 Fe2 F8,Li2FeF4,F-Fe-Li,P1,1,14,1.45899659880992,b6840efe5c03d69277ea64947d615922bf4ddbe0f7e3ec8c60fc9055a72d82f6
1801,mb-dielectric-1802,Al2 P2 O8,AlPO4,Al-O-P,C222_1,20,12,1.5142383123757854,07fb5d3541f1519913b116af93c0bb23064497fe2d501778fff32fe0edd1321b
1802,mb-dielectric-1803,Si2 Sn12 O16,Si(Sn3O4)2,O-Si-Sn,P6_3mc,186,30,2.318972976700393,0357643066fe11817cb2b4b53c588319b859e2b45c849d1d8dfffc6d84ef8e87
1803,mb-dielectric-1804,Y8 W8 N24,YWN3,N-W-Y,C2/c,15,40,2.653020731166645,b677a619a4250fe89783de567a88ccef5464ab9e6b573aba6601bdfe84adb356
1804,mb-dielectric-1805,Na6 Sr6 Al2 P8,Na3Sr3AlP4,Al-Na-P-Sr,P6_3mc,186,22,2.6926501815126294,9975afaab78e93204d7c907ef8bdf183e6156c5ca427764dad32836871322ce0
1805,mb-dielectric-1806,Mn8 Be6 Si6 Te2 O24,Mn4Be3Si3TeO12,Be-Mn-O-Si-Te,P-43n,218,46,1.9059464840335891,efa19075bcec3f924b18eb4fb3580bfeb50a00103158fd33fb6506684442ca7f
1806,mb-dielectric-1807,Li6 I3 N1,Li6I3N,I-Li-N,Cm,8,10,2.0759295909704276,44073fede38f0dd4c257329c4ee3678a2e4429e02d7c5ffd13b36adc234d5861
1807,mb-dielectric-1808,Li2 V2 P2 O8,LiVPO4,Li-O-P-V,Fdd2,43,14,1.776708004522221,83f5efcc1a46c4321e2112ce507e43db76cbd8c9632d633e18f3789c06171d09
1808,mb-dielectric-1809,Ga4 S6,Ga2S3,Ga-S,Cc,9,10,2.4215091712951793,f9bc03bd0178befb91dc25555099cf56d447bcff83becc5d6bdf5b0368de6b7e
1809,mb-dielectric-1810,Co4 As4 S4,CoAsS,As-Co-S,Pca2_1,29,12,4.8775632577480055,21b8802dcfd1f127cf0d0e0a20aa4c99477f99ea51f772311ef008c3b7537488
1810,mb-dielectric-1811,Mn8 Be6 Ge6 S2 O24,Mn4Be3Ge3SO12,Be-Ge-Mn-O-S,P-43n,218,46,1.8362399080730165,cdc138adb3b99fdc65c018e9bd9cd30ec2f149d2f1728e80dbd4b49006b4053e
1811,mb-dielectric-1812,Li12 Mn2 S8,Li6MnS4,Li-Mn-S,P4_2/nmc,137,22,2.0774182702664863,2e0c2dc963d2194fe7c39740c76364b43a560bd83c2466a44ed02ea24a9419f0
1812,mb-dielectric-1813,Li4 Fe4 Si4 O14,Li2Fe2Si2O7,Fe-Li-O-Si,Ama2,40,26,1.80792044441489,238f0cbc8d44947e633add9b43ea284148aa111ededcdd6c20c36218f42c0a17
1814,mb-dielectric-1815,Na4 Fe2 O6,Na2FeO3,Fe-Na-O,Cc,9,12,2.2735801430050064,e5fc97cf2305a638f7a8241fc0b88eecebe63e5bb7945d467159f4e105457afb
1816,mb-dielectric-1817,In6 Te3 O18,In2TeO6,In-O-Te,P321,150,27,2.1423336963850135,9b3e71a55b6f6da1d163b55c4c48aa17b631c3f09efd074a8a348823b23ec087
1818,mb-dielectric-1819,Li2 V2 F8,LiVF4,F-Li-V,P1,1,12,1.484587639826923,4c8dcb5760a6a09a6ca62d7e2b337d45aaee6fadedb40e1c8434cbb4151e5fd2
1819,mb-dielectric-1820,Li2 H4 I2 O2,LiH2IO,H-I-Li-O,Pm,6,10,1.8278899492766696,2288cbd4b867f60e4e585161c5d99ef36b49219ef718d21b61b3310fce54cb29
1820,mb-dielectric-1821,Sb4 Os2,Sb2Os,Os-Sb,Pnnm,58,6,4.679173716230961,b8767e917f7a54c328e9515ad154e0a60ce862ff1d48a9358b7346340fd1df55
1821,mb-dielectric-1822,Zr6 N4 O6,Zr3N2O3,N-O-Zr,P1,1,16,2.448498575176863,48525ef540707627187416e97812b081ad5fd606387619cd8942fdcacb7ab841
1822,mb-dielectric-1823,Ge3 As4,Ge3As4,As-Ge,P-43m,215,7,4.5930006531678185,ab56c8c63eef8725c7255bcde5e78da38c7c81aff7ddad4182cc5861ab36070d
1823,mb-dielectric-1824,Li6 Ge3 F18,Li2GeF6,F-Ge-Li,P321,150,27,1.4448813100043916,42127952a7dc9c366a31ce051c113b4cd986821b7853603735d64e9a439c4709
1824,mb-dielectric-1825,K2 H4 Pd1,K2H4Pd,H-K-Pd,I4/mmm,139,7,1.6762863717157637,8ae8fd2d79148010c4103238e831169667f906a4395832a5965e0268f0a9676a
1825,mb-dielectric-1826,Sn4 I2 F6,Sn2IF3,F-I-Sn,C222_1,20,12,2.185614177601649,358c81963e092fa83a4a9d4b2edd4bba7424c8a6a7f1825072769ef804ba0d14
1826,mb-dielectric-1827,Rb2 H6 Pt1,Rb2H6Pt,H-Pt-Rb,Fm-3m,225,9,1.6350730870514623,294ffc941a8e6ac992f5829059a65a3245defb5325a5719f4161537a5be285fe
1828,mb-dielectric-1829,Li4 Mn6 Te2 O16,Li2Mn3TeO8,Li-Mn-O-Te,P6_3mc,186,28,4.0477872967832695,99407b4439f1759de1d8f950e6bf6f2e8a23a2635f90554dcaaf7b041c8e5262
1830,mb-dielectric-1831,Na4 Co2 P4 O14,Na2CoP2O7,Co-Na-O-P,P-42_1m,113,24,1.6059334772441023,45a12d20acea5b6236f1fd5fb89afd687e1c8ae387c5387ad53d7fb6a6bcba7f
1832,mb-dielectric-1833,Na6 Pb1 O5,Na6PbO5,Na-O-Pb,I4mm,107,12,1.9468952206012522,3df48a4b98e0012080b7ccfa05967ad3f95b15a21e36872d69a3efa3567d4ce7
1833,mb-dielectric-1834,Ge1 I2,GeI2,Ge-I,P-6m2,187,3,2.3826490859265603,978de57e363a2fa075fd325922e5b28ffdcb037fb0042651b1b6517da27d10a3
1834,mb-dielectric-1835,Rb6 V6 Br18,RbVBr3,Br-Rb-V,P6_3cm,185,30,1.8599254465345347,63222315969c5c7830613e259b6d8f5079cfe5d62fe01bd8e9c01015fbf14a7b
1835,mb-dielectric-1836,Ba1 Ti1 O3,BaTiO3,Ba-O-Ti,Amm2,38,5,2.420043801256498,2d28ef8ed0f871457edec51451932a3760515f6d4eb29ba12427aecf1619b14b
1836,mb-dielectric-1837,Ba1 Sr2 I6,BaSr2I6,Ba-I-Sr,P-31m,162,9,1.8216138449188402,835e8f5f8ba6e91ed67b77e82a52ac34fa963effaebd96daa8be1c1042312ac9
1837,mb-dielectric-1838,K2 Bi2 F12,KBiF6,Bi-F-K,P-4c2,116,16,1.4444168373430157,f90b810a4029ff3e5763b66c5061659e40884d37f3957f39a44fc705085b6011
1838,mb-dielectric-1839,Sr3 Cu6 Sn3 S12,SrCu2SnS4,Cu-S-Sn-Sr,P3_121,152,24,3.0541305363938407,e9f2bfab25632e162cb468394e02d2920a2347442bdf53d81b394128c622903a
1839,mb-dielectric-1840,V2 F8,VF4,F-V,P1,1,10,1.5606059720506007,96ef45e71f9622e76c6a129374237599d9c66411e56d7ceb2ff4e41478c8f120
1840,mb-dielectric-1841,Na2 Ca2 C3 O9,Na2Ca2(CO3)3,C-Ca-Na-O,Amm2,38,16,1.5965164160341938,3c4be2811b5d6ec48dc3231e1828af2ea9fd87259d8f327b79cbf9bedc9ff1cf
1841,mb-dielectric-1842,H2 F2,HF,F-H,Cmc2_1,36,4,1.3192199715488442,d3c00fb5beca178958e8170c40c223c56864ba9d80e32c9e0720fda288e543bf
1842,mb-dielectric-1843,Ba1 Ti1 O3,BaTiO3,Ba-O-Ti,Cm,8,5,2.5469589710083667,4e74d3c9f23aa12ea0ba96c490c7e157d0dccfe968818b0b5506e48dfba8267d
1843,mb-dielectric-1844,Li4 Mn1 O2 F3,Li4MnO2F3,F-Li-Mn-O,P1,1,10,1.8539090402611749,0532145048d8420f8302002a774fbabe4982a73932e976b845aa57c0e46783a6
1844,mb-dielectric-1845,C6 N8,C3N4,C-N,P-6m2,187,14,2.073978141961324,a1cd8c1542c20ec4cdf4f2f9faddad70649626c3dfa8b2c1c552214895f25d81
1846,mb-dielectric-1847,Fe2 Sb2 O8,FeSbO4,Fe-O-Sb,I4_1md,109,12,2.3191748532613925,c45b9830eb7c9a72488d6e139dd7afead8884e49f2e77447fa5da3940c2f5859
1847,mb-dielectric-1848,Li4 Zn2 Ge2 O8,Li2ZnGeO4,Ge-Li-O-Zn,Pc,7,16,1.808552367687114,2abca1090082c9677aac243b8acb87fc2d0dd9af45669bf5573abfc8c4821bbc
1848,mb-dielectric-1849,Mo1 S2,MoS2,Mo-S,P-6m2,187,3,2.1111606602372395,f78c2dd5d25fdfa45169e5353e7867c65ffe63c7fbbd6dcf41ee5e3b641d1e78
1849,mb-dielectric-1850,Li4 Cr2 O6,Li2CrO3,Cr-Li-O,Cmc2_1,36,12,2.1290401593206267,9441728fbc74a774551b49f014a949f53955037e9694a25761a848d44780ffc8
1850,mb-dielectric-1851,Mg3 N1 F3,Mg3NF3,F-Mg-N,Pm-3m,221,7,1.6768121540590053,41fb5e7dc0dc5831be4fc587be31a2ce0e92526d2c9494c8c920faf1c1157bcc
1852,mb-dielectric-1853,Si4 O8,SiO2,O-Si,C2,5,12,1.5620517490360768,f3dd098fc7aff637d6c990f538c10d761b26b868999430294c9ff6e1769ad34a
1853,mb-dielectric-1854,Sm6 Cu2 Sn2 S14,Sm3CuSnS7,Cu-S-Sm-Sn,P6_3,173,24,2.8102238938086983,92f63ff9f18eecaed4439e8f64cf7a94f58fbdddebd8a0442347cb3c19571a3f
1854,mb-dielectric-1855,Au2 Br2 F12,AuBrF6,Au-Br-F,P2_1,4,16,1.6489747319673116,f8bd82dccca39c215cec1bbe6faa12e847b7c982a207828cab2ceb4dcc438638
1855,mb-dielectric-1856,Sr4 Sn2 S8,Sr2SnS4,S-Sn-Sr,Ama2,40,14,2.2661006155949917,811bc87cb79c3b6dce03a10094f6d0c7f0257000080bd56d948e01a1621fc51c
1856,mb-dielectric-1857,Li1 Nb1 Te3 O12,LiNb(TeO4)3,Li-Nb-O-Te,P2,3,17,2.1055046900921406,828c45c46f374c03549bdf5cd37be5f3042425a49328d5a1f5f22526f5aa05ae
1857,mb-dielectric-1858,Li3 V1 F8,Li3VF8,F-Li-V,C222,21,12,1.6438588747213065,919b4587a589801259bc80648e93cbe57a804a74035d5d417c5733eb33dc16cb
1858,mb-dielectric-1859,Ta4 Mn2 O12,Ta2MnO6,Mn-O-Ta,P4_2/mnm,136,18,2.407946981697618,218278f1da970bda9908b9f208aee75d6e3e1c448c4366e28edbc34969d5cfd3
1860,mb-dielectric-1861,Sc2 P7 Ru12,Sc2P7Ru12,P-Ru-Sc,P-6,174,21,1.0,2ac092a4e6518e2dbdef88d710c2bf5185ab7d8b31aa7d53a98b3dd6f8b22138
1861,mb-dielectric-1862,W4 N8,WN2,N-W,Pna2_1,33,12,3.10100096742971,ad4406f1759bb49a34a241bb6f2ded5defffc6b6e402baa6e37a249e13cd5997
1862,mb-dielectric-1863,Mn2 Al4 O8,MnAl2O4,Al-Mn-O,Fd-3m,227,14,1.8653128423940035,7f94dd27e3c90cb5f02e6bd1994e6326955e1b3ea92821456569b3267f4d4c16
1863,mb-dielectric-1864,Sm4 Y4 O12,SmYO3,O-Sm-Y,Pna2_1,33,20,2.1052337954092732,7cc56c5319b37939efb7573106990efd4510d15630bfbb8670c113188a43c93f
1865,mb-dielectric-1866,Li4 Mn2 O4 F2,Li2MnO2F,F-Li-Mn-O,C2/m,12,12,2.006910835683369,5f7cff19cfd9109ef364342653b1d984474fb45487410d1c9040b88319db7692
1866,mb-dielectric-1867,Be4 H8 O8,Be(HO)2,Be-H-O,P2_12_12_1,19,20,1.5742965624896303,74bb3d9f2bce91cc743b2f9f85782b08dbb266905f54672869f677fd8b386974
1867,mb-dielectric-1868,Ba4 Na2 Nb10 O30,Ba2NaNb5O15,Ba-Na-Nb-O,P4bm,100,46,2.3502024735470486,92008eb92fc93c20b8499b12ee6b0daa48eae445329e7813ed51f7df193520cf
1868,mb-dielectric-1869,Mn8 Pb16 O32,Mn(PbO2)2,Mn-O-Pb,P-42_1c,114,56,2.7361603875991385,18b81f98c49cc292a30c237eed0161db48ceb238abd0f2529b0c20bb88bfb6c0
1869,mb-dielectric-1870,Cs1 H1 S1 O3,CsHSO3,Cs-H-O-S,R3m,160,6,1.5471830316202,9fc19a7bfe4c9562bee128284dc2605ef1e87a83c64988827fc624f819404903
1870,mb-dielectric-1871,As1 N1 O2 F6,AsN(OF3)2,As-F-N-O,C2/m,12,10,1.4211497692858746,66ea7e80e74034943f95c5eb66abd08a8c414b2f8cbd64d93bfbceea771642bb
1871,mb-dielectric-1872,Sm2 Ta2 O8,SmTaO4,O-Sm-Ta,Cmc2_1,36,12,2.2540868069649256,b9b18d871930248aae6a859e2a1ff6f5ad70886d78ce9704a21dfccafc30fccf
1872,mb-dielectric-1873,P3 Br1 Cl14,P3BrCl14,Br-Cl-P,I4,79,18,1.8811733040844485,68038a7bae8d3a006cdc1e03352cf46f1d4d348609d22245ec9e5e1d1f0fd4c7
1873,mb-dielectric-1874,P2 H4 F6,PH2F3,F-H-P,Cmc2_1,36,12,1.405753653146003,d9e4c3ffce6881ac4392ea46e73a73f700388da8d421bf6b366d0329bc35d6cc
1874,mb-dielectric-1875,Mn4 Nb4 Zn4 O18,Mn2Nb2Zn2O9,Mn-Nb-O-Zn,P3c1,158,30,2.294805583631578,39f682686bc2f865d7669d211558e1e0f6949edd49ea81f3fced9cbdd475ff3b
1875,mb-dielectric-1876,Hf3 Sn1 O8,Hf3SnO8,Hf-O-Sn,P2,3,12,2.150406473204543,efc478a4412d09a89aa6958042f5b9e30077a087775090d9dbeec5df3aa1ebfa
1877,mb-dielectric-1878,C4,C,C,P-3m1,164,4,2.5686175269977425,c42e4b8903b42ea8ddbd3b5be062de1c518f81c0e19673994ac9628aa709882a
1878,mb-dielectric-1879,Ge12 S24,GeS2,Ge-S,Pc,7,36,2.1639846008535226,b15b04b18b3901db6ef9b6a147b6e020073eba7b1f89279e36e1ab6fbfb9d549
1879,mb-dielectric-1880,Li2 Mn2 O4,LiMnO2,Li-Mn-O,Cc,9,8,2.2770665339423,123587a14a01dafac3cc97ba06d111e065e8fb552e9123f634cde5a9a5a52d90
1880,mb-dielectric-1881,Cs2 Sn1 Br6,Cs2SnBr6,Br-Cs-Sn,Fm-3m,225,9,1.790323341373467,6b5e592fca52283706fa8110c28cb57fcf2b6051b8d5643a1f3705814a61fd01
1881,mb-dielectric-1882,Cd1 Te1,CdTe,Cd-Te,F-43m,216,2,3.0511132394586764,5100706c308722181d7eecb620f07711b01a9ec3c36d16beac7b6ba36dba0659
1882,mb-dielectric-1883,Cr1 Sb1 O4,CrSbO4,Cr-O-Sb,P2/m,10,6,2.0550184102987172,726c29120f0dd5e0e399aef2d12ae5424a6e2075051e027085f2fdbd253af708
1883,mb-dielectric-1884,Cd2 Se2 O8,CdSeO4,Cd-O-Se,Pmn2_1,31,12,1.9049485557358234,3e4d9d10c01f4f704d114b55bd51b9af6a9e3a2312bd5896b8bf7d511da9057f
1884,mb-dielectric-1885,K1 P1 H2 S1 O3,KPH2SO3,H-K-O-P-S,Cm,8,8,1.6344106991002396,c177c8cadc1d4229a065f28f7808d2c6b4566910bf4a400a4e9cf5b6cd7b2043
1885,mb-dielectric-1886,K4 Ge8 N12,KGe2N3,Ge-K-N,Cmc2_1,36,24,2.323667216563795,8f9fe3a3c04bd122df554b0ead0c448589a3268a6243b1edc05f780433f9cd07
1886,mb-dielectric-1887,Li2 Cu2 O4,LiCuO2,Cu-Li-O,Cm,8,8,2.545845308209698,9ef6a9eeba49ee28d042bba66f3917b30e023a3775b94cd64e38e6b2c3fd3afb
1887,mb-dielectric-1888,Th2 H1 N3,Th2HN3,H-N-Th,P3m1,156,6,2.8354113717298293,bfce06488db279799161c6ea5f4b03eb5e56d2cecfac04220829e8ed570ed4c1
1888,mb-dielectric-1889,Li12 Nb4 O16,Li3NbO4,Li-Nb-O,I23,197,32,1.9912297707698134,5b83b599f8e156263c9c96c26f26aa77500bc22e639abfdb12a8aa5812be3a6c
1889,mb-dielectric-1890,Cd1 Cu2 Ge1 Se4,CdCu2GeSe4,Cd-Cu-Ge-Se,I-42m,121,8,4.322703899181622,83f6a7ebd6231b5931eabfca916aadcdef64c82eee4b41d3a927a929a6612321
1890,mb-dielectric-1891,Ho6 Cu2 Si2 S14,Ho3CuSiS7,Cu-Ho-S-Si,P6_3,173,24,2.751220092976931,fa2c6973a754777d9871654e14542a0a0dfe9e7b26dc44281714b9961827c59e
1892,mb-dielectric-1893,K2 Si4 N6,KSi2N3,K-N-Si,Cmc2_1,36,12,2.114653005420353,254f0c3439c9c50316eb3fb66227b197fb01ae09bf4a9ea84cd9d493a2fa0bd7
1893,mb-dielectric-1894,Zr6 N4 O6,Zr3N2O3,N-O-Zr,Cmc2_1,36,16,2.4596379137317483,79ce232080259f782d499c70414db73bead39a11e2758f827ee90eaf9fa1660e
1894,mb-dielectric-1895,Li3 Fe1 O1 F4,Li3FeOF4,F-Fe-Li-O,Cm,8,9,1.6828170825533395,160515e1840ca13532788d8ff840986f3bdbd064cb8c9c4733c8a6e75e9ac584
1895,mb-dielectric-1896,Mg6 O6,MgO,Mg-O,P3m1,156,12,1.7403484325463725,9b8aaf98c91b0193e56ef49358ec8cc927035239d91c4f49fc900c84a2504e06
1896,mb-dielectric-1897,Ba4 La4 Al4 O16,BaLaAlO4,Al-Ba-La-O,P2_12_12_1,19,28,2.028983325050586,51ace91e448121f2dcc02e0484ca247c4f9b7818ff1b6770258eb52db2b0a6ba
1897,mb-dielectric-1898,Li12 Ga4 Si4 O20,Li3GaSiO5,Ga-Li-O-Si,Pna2_1,33,40,1.70212377144946,c9aa470e7b87b690a995574730bee44f7685d0ced87c762415450f5690a27dcf
1898,mb-dielectric-1899,Cs2 Rb1 Zr1 O1 F5,Cs2RbZrOF5,Cs-F-O-Rb-Zr,I4mm,107,10,1.5301832134312108,b45c42cd842eb9575ef3de2fb93e1c4b3425be84300e71e4bbd559a4fc33cbe5
1899,mb-dielectric-1900,La4 Se3 O4,La4Se3O4,La-O-Se,Amm2,38,11,2.7498062355979473,efa9bc73662f4dd112053bed83304695809005119b135276ec996707e240f137
1900,mb-dielectric-1901,Cs2 Pr2 P8 O24,CsPr(PO3)4,Cs-O-P-Pr,P2_1,4,36,1.5877524996043935,80c2dad0668f6032133dccee912a8b0d381d4bd1a2e4188e711c01744a172b7b
1901,mb-dielectric-1902,As2 H12 N2 O8,AsH6NO4,As-H-N-O,I-42d,122,24,1.6,e324d1808e1b0cd9cf18683d6e2ef6c5c290613195ed6e85a6508abd091684ab
1904,mb-dielectric-1905,Li3 Sb1 P2 O8,Li3Sb(PO4)2,Li-O-P-Sb,P1,1,14,1.8885897275854477,293f2ae0bacb793b6e63203052d3ddde8bce1d3c85c168c8c3389814baf83e2a
1905,mb-dielectric-1906,Ca12 Mn2 N10,Ca6MnN5,Ca-Mn-N,P6_3/mcm,193,24,2.5966399442356183,9bd2f3e608a136fef946a2560e3f2aeb16dbe48787f521e1b0fff09098099dee
1906,mb-dielectric-1907,Li2 H2 O2,LiHO,H-Li-O,Cm,8,6,1.5068853086195158,aa892503e3b5e7066dc1cb1176241c6e857d839db49b5b655bc7bbca41eafed4
1907,mb-dielectric-1908,Cs1 H3 O2,CsH3O2,Cs-H-O,Amm2,38,6,1.638534100957316,1062b3e16fff2ec7fe1955951aacc65a6b4e32291e5472dcf161964ced131da4
1908,mb-dielectric-1909,Sr12 Al8 N16,Sr3(AlN2)2,Al-N-Sr,Pnna,52,36,2.3552900741380736,9fb980a3402e7af5b866ffb6c245dfa056754bdc1986db2c8a5a40801ae54c42
1909,mb-dielectric-1910,Zn2 Sn2 O6,ZnSnO3,O-Sn-Zn,R3c,161,10,2.2369730291922045,8e6b62165d9d60f2b22afae3ad90d9ce07c4c5aa82f3fa1ea39e6a049173b97f
1910,mb-dielectric-1911,Cs2 Si1 F6,Cs2SiF6,Cs-F-Si,Fm-3m,225,9,1.4021055595068455,ed6c97f7b38e3ec24d3ff6ec7fc8ca6fc66d68346fa847fe56b4045a4aadc490
1911,mb-dielectric-1912,K1 Al1 S2 O8,KAl(SO4)2,Al-K-O-S,P321,150,12,1.5267993756002518,1fbf34c00093c16ec6c86ab3e1611d95e6d18c3a1efff08ffbc291fa85310c0e
1912,mb-dielectric-1913,Li20 Ge2 P4 O24,Li10Ge(PO6)2,Ge-Li-O-P,P4_2mc,105,50,1.607729869515813,5f457f82b215648bfbe4db6c150b429a22cd6493ea8f8c5a6a841a4b17055bc3
1913,mb-dielectric-1914,Ba1 Si6 N8,Ba(Si3N4)2,Ba-N-Si,Imm2,44,15,2.179594687092075,a023160291e9aa9af52d7b4457d303b6f415966da656f66889aa8fa757379dae
1914,mb-dielectric-1915,K2 Li2 S2 O8,KLiSO4,K-Li-O-S,P31c,159,14,1.4870041470464637,d163b0d5bbeff8b94592cb1ec115db51ce71d0b8f91575ed4a9db8a03ab55461
1915,mb-dielectric-1916,Ag1 I1,AgI,Ag-I,I-4m2,119,2,2.243255966967063,e9a0df952082fa9a2cfdac05bec05cb00165eaeeae4df7cbd472649829545151
1917,mb-dielectric-1918,Cr1 Sb1 O4,CrSbO4,Cr-O-Sb,I-4m2,119,6,2.1979021057969494,acb14e0596564c2e08f7c7fb1e32e899c1c0bea2bf8965269f40c2a7ea5350ed
1919,mb-dielectric-1920,Pt1 O2,PtO2,O-Pt,P-3m1,164,3,2.728125119320393,383a6e917dccaf1ce73005a48e96c7cc6d3f306ea563f5010195395516739e3f
1920,mb-dielectric-1921,Li10 Co2 O8,Li5CoO4,Co-Li-O,Aea2,41,20,1.9443071775290148,28034a1c4fdd8fee6d285db91b80a42abe19f1baee77296d4a50cbcf90e3c0c7
1921,mb-dielectric-1922,Be3 F6,BeF2,Be-F,P6_222,180,9,1.3211067330083577,2556621741c73bf17ded71e40c1b6611df3555abf0b654162d947e1b3f162141
1922,mb-dielectric-1923,Ag2 I2,AgI,Ag-I,P4/nmm,129,4,2.174998620689218,a3fdcd232e33a68244eedf4b10771fab39bf08da40dcd269d8df891f80adbf18
1924,mb-dielectric-1925,Li2 H2 O2,LiHO,H-Li-O,P4/nmm,129,6,1.4968638325957822,1f7eff00eddac910eb2599e453183ce5fca77775ea1f11ef3046454360bf60f8
1925,mb-dielectric-1926,Rb6 O3,Rb2O,O-Rb,P1,1,9,2.2616243425172695,7fbc16da688fd12e5515646e96d748922e47dc6593c9154e654753e67f9611b7
1926,mb-dielectric-1927,Fe4 O4 F4,FeOF,F-Fe-O,P4_12_12,92,12,2.1712394309855987,7b2d6cca472499c23aabe891b7416d6b03d9a72f0b356f77b89984f5d85a926d
1927,mb-dielectric-1928,Ba2 H2 Br2,BaHBr,Ba-Br-H,P4/nmm,129,6,1.9730725615986182,4d42e05d1d8e79e0cf917c2cb4136355fd3271756ce63c7d6da6787be2c2c355
1928,mb-dielectric-1929,Li2 V1 F6,Li2VF6,F-Li-V,C2/m,12,9,1.6106889320821056,036e6878a3988d23c768426366603e4ede28a5a41370b92b72d2f2e5942e7a5c
1929,mb-dielectric-1930,Sr2 Zr2 N4,SrZrN2,N-Sr-Zr,P4/nmm,129,8,2.6798454557430484,efc50b28e4383232dd771b4588ebd35d6a073d91cb319f5b79ab09ee02eccb43
1930,mb-dielectric-1931,Cd1 S1,CdS,Cd-S,F-43m,216,2,2.4940140336413488,41ed60dbbaebd61637188d1244e6d5cd71eeba2fffe628220989ba655063dd3a
1931,mb-dielectric-1932,Al2 Cd1 S4,Al2CdS4,Al-Cd-S,I-4,82,7,2.2383008436460603,65f02e09e1994f364c8467bd1d9e24ccfe5f2d89ff9d228f705039a56c617047
1932,mb-dielectric-1933,Tl4 Zn4 P4 O16,TlZnPO4,O-P-Tl-Zn,P2_1,4,28,1.8258525862365413,18a9ecf265e5947bda896c4df02529561167c23b1587936ebc1dead2b8e4f9c5
1933,mb-dielectric-1934,Li2 B2 O4,LiBO2,B-Li-O,I-42d,122,8,1.711241557076808,2f9c6ca610182f2110d2b771b58bf170f1d7c2ad7ed72735d1ac7ee904bbb835
1934,mb-dielectric-1935,Li4 Ag2 F8,Li2AgF4,Ag-F-Li,P1,1,14,21.911911576191162,b8035a8c30146e210d9bb5dcf9b921c0b0e7a2e4bd690d45c3a348537be9f4ce
1936,mb-dielectric-1937,Li1 Cu1 P1 O4,LiCuPO4,Cu-Li-O-P,I-4,82,7,2.639533039510335,652e1f339a15d231c932257c73719ccc27bc0b492fc6929c94329f3915ac80da
1938,mb-dielectric-1939,Na4 V20 O32,NaV5O8,Na-O-V,P4_332,212,56,2.4852001931434016,3fa0ff8e51611c1f188c53765438a1d6926f8addafb129c41b579507a2d954c5
1939,mb-dielectric-1940,K2 H2 O2,KHO,H-K-O,Cmc2_1,36,6,1.595412590314284,1990145eddfab822d5f434d7bcc005f190a4a0c7f1e10c2d818d16822f5f7077
1941,mb-dielectric-1942,Li6 Fe6 F24,LiFeF4,F-Fe-Li,P3_1,144,36,1.6025894670813194,0f8f59db32da4279237359a4194d6b4916fd442e91c15daff841efeab5707fee
1942,mb-dielectric-1943,Te4 O12,TeO3,O-Te,Pnna,52,16,2.0688966463633056,c52508f168b5169baf454378844649510c82a940545e81fdba55fa8327e75aed
1943,mb-dielectric-1944,Li1 Ti1 V2 O6,LiTiV2O6,Li-O-Ti-V,P1,1,10,2.337362120012613,79f451cff790b3b61d3b183f7c2b123719d28d4ab0dd099633d2dd39fc9aadd6
1944,mb-dielectric-1945,Cd8 Si2 S12,Cd4SiS6,Cd-S-Si,Cc,9,22,2.418396782994883,72e100dd172c66744882e4a26fc5da3ac42dab6c53fbc896dabf4443218a2cb8
1945,mb-dielectric-1946,Al5 Cu1 S8,Al5CuS8,Al-Cu-S,F-43m,216,14,2.6069004583988242,5f7c7b62bd4eec4bdf1ab15955b4f13a6ef291b9efd89eedfa3fd0141277b913
1947,mb-dielectric-1948,Ti1 Co1 Sb1,TiCoSb,Co-Sb-Ti,F-43m,216,3,4.523425029775555,c435e5a2241006af0c8e95501533c2f1ff80e4e855ecc35aab806aac052d6e93
1948,mb-dielectric-1949,Mg2 Ge1,Mg2Ge,Ge-Mg,Fm-3m,225,3,4.048456495999471,66f3d1b0dd8d8c14b8ffbbdfa7ad487862ab100e407be2d95b04567ef14fa4c1
1949,mb-dielectric-1950,Li1 Mn4 O8,LiMn4O8,Li-Mn-O,F-43m,216,13,27.654888609430362,13bfcf4858967a2f6d910f8c17e908af80ef1e29f26b77236fa77c94bf1354bf
1950,mb-dielectric-1951,Li4 V2 O2 F6,Li2VOF3,F-Li-O-V,P1,1,14,1.7348813429327563,2544f921a7c1289231c298931149833a0864f921e01037b0185461a842fcf015
1951,mb-dielectric-1952,Li5 Co1 O1 F5,Li5CoOF5,Co-F-Li-O,P3m1,156,12,1.5280765687621758,ed9cf8c9839c5a6398aafabfac9808c8839d994e1bde7e3777e330283daa809a
1952,mb-dielectric-1953,Na2 H6 S2 O10,NaH3SO5,H-Na-O-S,Cc,9,20,1.472168921467008,7de076af0e6967c1cd92968ffdcb96dcc9c30c272a24f58ec3aae0543f04af5d
1953,mb-dielectric-1954,Li1 Mg1 P1,LiMgP,Li-Mg-P,F-43m,216,3,2.637788657189958,bda288b9344f25da24449cad3ae2d9fa9c54a3b10f57d439a590eaed33b3f99a
1954,mb-dielectric-1955,Rb2 V2 N4,RbVN2,N-Rb-V,I-42d,122,8,3.9095612712084895,deb5c22d6dc075ee7550bb3a96350377ae519603534f6744a8f66aa063b2b1b7
1955,mb-dielectric-1956,Si3 O6,SiO2,O-Si,P6_222,180,9,1.5337135760412908,6759bc0bee3db5b978349dc424a5ad3ef8361dce77ea52255963a9d23afa5ecc
1956,mb-dielectric-1957,Na1 H1 S1,NaHS,H-Na-S,R3m,160,3,1.8203485929898156,945dae778a5cb81ac905964e42e808be36c81d048b1144c3009ec2331c743fa6
1957,mb-dielectric-1958,Li6 Al6 Si6 O24,LiAlSiO4,Al-Li-O-Si,R3,146,42,1.6057771742472045,267e44f061d71bd1a492a81c7271aa3e9c516d7611364cea9436cb7d9a9ec79b
1960,mb-dielectric-1961,Fe2 P2 O7,Fe2P2O7,Fe-O-P,P1,1,11,1.7615493180720205,4459dfe0a786c79e42ebebfca2dda88bce14716bb4b64416dac9795e9348e5ea
1961,mb-dielectric-1962,Li2 Co2 P2 O8,LiCoPO4,Co-Li-O-P,R-3,148,14,1.694224699776669,1a6bc0c6f1e3b62f501dcda4d0d290c123541691df369c6832dae80a3e005817
1962,mb-dielectric-1963,Zn4 Sn4 N8,ZnSnN2,N-Sn-Zn,Pna2_1,33,16,12.604126506823073,ec4481dd4c1ffaabef954fa998c957e1186e2b364fd7cd71650acbb879557992
1963,mb-dielectric-1964,Cs4 Ti2 S6,Cs2TiS3,Cs-S-Ti,Cmc2_1,36,12,2.2036481116548527,600d5fa3a2008ed4efcf7e8823362117b15f706036326429d904b129da05c0e8
1964,mb-dielectric-1965,H8 S4,H2S,H-S,P1,1,12,1.594693700997154,066e02dd727f5037cf9a5595e1a669003029c5e141862376e779482e066e4d7b
1965,mb-dielectric-1966,Rb1 Be2 F5,RbBe2F5,Be-F-Rb,P1,1,8,1.3546603510351467,35aca2c1547c68057b59ffef828ef4d3f27b4601e31e3c42b86308c6fc55c2dd
1966,mb-dielectric-1967,Li5 Ni1 O1 F5,Li5NiOF5,F-Li-Ni-O,P3m1,156,12,1.4967566045731409,09e3110d0aeddacc2d8e109879da5f7f5b382434e187cc1c0e732549fdb152d6
1967,mb-dielectric-1968,Cd2 Sn2 P4,CdSnP2,Cd-P-Sn,I-42d,122,8,3.6104080563467247,b1732ad793d3175dfc908d3495a4d00e28322c864f6db3ceea6368f03eba0a27
1968,mb-dielectric-1969,Nb1 V1 O4,NbVO4,Nb-O-V,Cm,8,6,2.6247349707478405,ec30bdb2af43487456b2692db53d59cc062235ae4ca2b9d640cc0a1c7f3cb6c0
1969,mb-dielectric-1970,Ni1 H2 O2,Ni(HO)2,H-Ni-O,C2,5,5,1.5028350985165784,7a8553f1c6c5b19f7320c85ea4e587e16d7337ff6efc2c2e73ce874336075dfd
1970,mb-dielectric-1971,Li4 Mg4 N4,LiMgN,Li-Mg-N,F-43m,216,12,2.259551725453523,d632919803c459be7cbdfb72ad6c4f16312a5722d770ab3d32d2eb19106abb4e
1971,mb-dielectric-1972,Na2 Zr1 Ni1 P4 O14,Na2ZrNi(P2O7)2,Na-Ni-O-P-Zr,P1,1,22,1.720021802187403,bd798214a81ad3e694ceb10ee2942d951b343dc2bd4a196246e9765b328a5be8
1972,mb-dielectric-1973,Zn4 Si2 H4 O10,Zn2SiH2O5,H-O-Si-Zn,Imm2,44,20,1.6729481960499155,d01ce2e96b8c1e7f40ec84cfae9232f7c00eab200b895c82f2b948b21197ee28
1974,mb-dielectric-1975,Hg2 B8 O14,HgB4O7,B-Hg-O,Pmn2_1,31,24,2.095743702523442,042b522225a8e47628140fa9d61b23b6fe932d53abcdc4b91118b1d6e7841cb2
1975,mb-dielectric-1976,Zn2 Se2,ZnSe,Se-Zn,P6_3mc,186,4,2.6874921395233886,9cde95d38efd95d20e812cc440dbf3f3722bcf2ad225e0f7b9495f4fb66c1867
1976,mb-dielectric-1977,Cs1 Br1 O3,CsBrO3,Br-Cs-O,R3m,160,5,1.6381519058581435,fb23b8cb692ea2841e48dd2e6ce63c0c0d8a021371bc7d4f0ab4c747cc3af29f
1977,mb-dielectric-1978,Ca3 Zn1 Ge5 O14,Ca3ZnGe5O14,Ca-Ge-O-Zn,C2,5,23,1.9008347289195522,d02895a0795b2154853f42eb776efec3b0a1b77e81ea9482e5f785afce79a680
1978,mb-dielectric-1979,Sr4 Si4 N8,SrSiN2,N-Si-Sr,P2_1/c,14,16,2.1831225343530307,72dbc67526bb99a8e7caddec15f36f91dc9a7be1e2e72279e85b0bdc390ba85f
1979,mb-dielectric-1980,B4 H8 O4 F12,BH2OF3,B-F-H-O,P2_1/c,14,28,1.3290347374441847,60858c5ea6d0e93472eb0a0a27239d33e1f0648ea2dc9bea911e4d3945b7809a
1981,mb-dielectric-1982,Pr3 N1 F6,Pr3NF6,F-N-Pr,P1,1,10,1.9024160953902804,69b2720eacf02267a5c12e031dd1568f0ee1d5f2fae679466d17ae090e460859
1982,mb-dielectric-1983,Y2 H2 O4,YHO2,H-O-Y,Pmn2_1,31,8,1.9117063930774865,a02793d17febed4eb95d145160dc4e19c0f8db9d1abc6aace82d693f9a93c104
1983,mb-dielectric-1984,Cs4 Ag4 O4,CsAgO,Ag-Cs-O,I4/mmm,139,12,1.9297803847415729,80b6b1c819c9a8c490ede81e6d9dd3590f62204861baade10d036dbcc8739913
1984,mb-dielectric-1985,Re6 Te14 Br14,Re3(TeBr)7,Br-Re-Te,R-3,148,34,2.5230272821931656,cc85233e20feef882a68f890958a542d18abf01d38200af5b81ceac7511fe576
1985,mb-dielectric-1986,Ba1 Ca2 I6,BaCa2I6,Ba-Ca-I,P-31m,162,9,1.872524499172174,1e60cda0dfb8ba59642401e28ea5bf780f48c432c0e77778ec06c975ed72c545
1986,mb-dielectric-1987,P4 H16 N4 O8 F8,PH4N(OF)2,F-H-N-O-P,Pnma,62,40,1.4375905768565216,95e80da32f30e85499cf6269f4cb77ad2146bb4a5ddab3800a2ebaa9f58b9f55
1988,mb-dielectric-1989,Cs1 Pb1 Cl3,CsPbCl3,Cl-Cs-Pb,R32,155,5,1.9123022773609817,82058042bb30e7870d132680a5a96b54aa5505ab399e6311f7a0b6b936efb769
1991,mb-dielectric-1992,Li1 Cr1 S2,LiCrS2,Cr-Li-S,P-3m1,164,4,3.1997597305631134,e8979488c5a9d04efd907fb7caa14db55afa20b0b255c772d602085ff99fd40c
1992,mb-dielectric-1993,Cu1 As1 Se2,CuAsSe2,As-Cu-Se,R3m,160,4,4.555184335823668,7d81e943d833544a40a79f6ba49aee7e0c13bedb4960d47f68554adbdb3e05bc
1993,mb-dielectric-1994,Se4 Br4,SeBr,Br-Se,Aea2,41,8,2.1506347900096845,347e8222e6c47ceb74497fb2d0906186c6f75f02c95e09febdb6f6ac12afd067
1994,mb-dielectric-1995,Ga3 P1 O7,Ga3PO7,Ga-O-P,R3m,160,11,1.8534676510080608,0d534d64e1702cd2e91b5d1e37fc1f7048f37c145c42e8071bf17676b4d69e15
1996,mb-dielectric-1997,Ba1 La1 Mg1 Ru1 O6,BaLaMgRuO6,Ba-La-Mg-O-Ru,I-4,82,10,2.4965110320872475,e8f00f7f305d0a96977428b83e1a31737ca12df20447c14dd4fafc0c0f7e84da
1997,mb-dielectric-1998,Li4 Fe4 P4 O16,LiFePO4,Fe-Li-O-P,Pna2_1,33,28,1.6336671427599117,4a066341efde86052dfe7aceb98aaf7e00360f991094b44bb5969202f422184b
1998,mb-dielectric-1999,Na2 Nb2 O6,NaNbO3,Na-Nb-O,R3c,161,10,2.305034489980573,bba44aa3e64db7cdbfcf5bf73139da3da028a0f3c40ccd38490ed9ab13a4a795
1999,mb-dielectric-2000,Nb2 Zn4 N6,NbZn2N3,N-Nb-Zn,Cmc2_1,36,12,2.7640116376986064,82c560add7c43ccb6fc59ca15f474e6e4d400033192dddf01c45d89b0e408ef5
2000,mb-dielectric-2001,Ta1 Cu3 S4,TaCu3S4,Cu-S-Ta,P-43m,215,8,2.461745925151497,0f2b1b6965db749016114364cac9d5dec64768e70ae28c0ce8c91954d0e8d632
2002,mb-dielectric-2003,K1 Bi2 F7,KBi2F7,Bi-F-K,P1,1,10,1.6910553903800234,920b0db639066a3112081a885d05d793664f791f74dc7c10f946cf5319da5658
2003,mb-dielectric-2004,La6 Si12 N22,La3Si6N11,La-N-Si,P4bm,100,40,2.3428628498769046,d5aa7a395e4c340942fc5caf02796ff55d527d5006404b265bdce45dfbd953bd
2004,mb-dielectric-2005,In2 Cu2 Te4,InCuTe2,Cu-In-Te,I-42d,122,8,3.9810807577842477,0d42d29f26c26130adb3e67bc536dc2e077a704ab753d83c60ac65010cdbe2cd
2005,mb-dielectric-2006,Al1 As1 O4,AlAsO4,Al-As-O,I-4,82,6,1.5550667724141836,8b994cc322f3d1c86decf7f6513766fe3d9830fc1c6fd8bead0cdd5de9f5b301
2006,mb-dielectric-2007,K4 Zn2 Br8,K2ZnBr4,Br-K-Zn,P2_1,4,14,1.6589982921429827,f90aec6680d2b95aeee1e06f949719753c22ac3c11a2c1c8e9517c2a5d4e726a
2008,mb-dielectric-2009,Li3 N1,Li3N,Li-N,P6/mmm,191,4,2.4498979570586266,50212f1db265f888d120fdb0100e009f4129868c8a61285ea3fb1301bbac36ae
2010,mb-dielectric-2011,Si2 S4,SiS2,S-Si,I-42d,122,6,2.2489861419463364,1fc685b9666bfa24c28f3b332a87eace6f1e53584fba129c28c6e6c32fffc3d0
2011,mb-dielectric-2012,Na4 Mo4 P8 O32,NaMo(PO4)2,Mo-Na-O-P,P2_12_12_1,19,48,1.7296873513248958,3cbd0bc10d614d734ca49e27c0217625188b35446c8dc1eaea4ea8fffc7a2e11
2013,mb-dielectric-2014,Cs2 Nb2 B4 O12,CsNb(BO3)2,B-Cs-Nb-O,Pmn2_1,31,20,1.8428490623669282,4fb439e221396d6b2777e784407f363905142990d8a03d63436b01f31e710383
2014,mb-dielectric-2015,Cs2 Al2 As2 O7,Cs2Al2As2O7,Al-As-Cs-O,Imm2,44,13,1.7007702176759016,116c2d626d0ffc75611eb89206c8f89e151ff7500a1eae1978ba466d2c968dce
2015,mb-dielectric-2016,Li4 Te4 O12,LiTeO3,Li-O-Te,Pnn2,34,20,2.2019876626962893,ae65a10379073b4374ca6a27ac1b50e8531aee302ae42b0d0e3096807f02e2b6
2016,mb-dielectric-2017,Nb4 Sb4 O16,NbSbO4,Nb-O-Sb,Pna2_1,33,24,2.4775122603127517,5e40b1bb3dd8b7071d3d6d6d27bd9ad4b116d7427bee803f726650711d739904
2018,mb-dielectric-2019,Li4 Cr4 P8 O32,LiCr(PO4)2,Cr-Li-O-P,P2_12_12_1,19,48,1.9364470041805946,f6d3b97938469ebfe0d280f48d158f9308b4c47bc19b0c56471f3270bb634f85
2019,mb-dielectric-2020,Br2 Cl2,BrCl,Br-Cl,Cmc2_1,36,4,2.007511975887898,f2193bd5a2a4de7730f552131b2b9e6c04b282129f1193383bf99254f57209ba
2020,mb-dielectric-2021,Be2 Si2 As4,BeSiAs2,As-Be-Si,I-42d,122,8,3.30170915335275,71dc3438f746831673c1d4a6deb68f77a357de79c0b326e873513edf631e96b1
2021,mb-dielectric-2022,Cu4 O6,Cu2O3,Cu-O,Cc,9,10,4.816341488446737,6fcd1370baae5cfebce21744a26b45cb61410aec0a134016eb86b46924809f6a
2022,mb-dielectric-2023,Ba10 Ti4 N12,Ba5(TiN3)2,Ba-N-Ti,P-1,2,26,2.707734415829342,8268e9bd11c0ac47e0152a01d1b4fc4e6b26d806b05e9b40ae8602f737619047
2023,mb-dielectric-2024,Cd5 S4 Cl2,Cd5(S2Cl)2,Cd-Cl-S,Cm,8,11,2.2432998759268306,f7acb0ece87651b641ade3160eaefc3bea23ac3c1851e0355a562382acd7f6a4
2024,mb-dielectric-2025,Ba1 La1 Zn1 Ru1 O6,BaLaZnRuO6,Ba-La-O-Ru-Zn,P1,1,10,2.645106677117831,4ab0e469824747888176af1a463238e3517b0056b213c221d42bf11e0971dec0
2025,mb-dielectric-2026,Ba12 Ta24 N48,Ba(TaN2)2,Ba-N-Ta,Pa-3,205,84,2.556293410389348,b770962f81866b66b44a690293ffb0bb2d5c550c349bfc08d79a873711b7e409
2026,mb-dielectric-2027,Sn1 H4 N2 F2,SnH4(NF)2,F-H-N-Sn,C2/m,12,9,1.6769019053003666,faad9e0a5317028b97b9c701f6c46c5762bb9bcc245c7e57c3b739787862e913
2028,mb-dielectric-2029,Ta4 Pb4 O14,Ta2Pb2O7,O-Pb-Ta,Fd-3m,227,22,2.607615897297277,8d36cb393dec5b76d225f0b1e2be0ca70779e5cd4920764529c90272669862b9
2031,mb-dielectric-2032,Al2 Zn1 Te4,Al2ZnTe4,Al-Te-Zn,I-4,82,7,2.874087275408781,6f6655101651659c1d387da81e40f4469969589f5369e24fed5c325604102c4a
2032,mb-dielectric-2033,Si4 O8,SiO2,O-Si,Cc,9,12,1.571936491507635,829143b448eb5c67708da519c66f3e5e1560ecda7775304abc5f0f4122d6baf6
2033,mb-dielectric-2034,Y2 Bi2 O6,YBiO3,Bi-O-Y,R3c,161,10,2.357555584357097,1ab7bb230b93b46d06414561fd5cb7eace14b30a279b1728f498e8347b8a07d7
2034,mb-dielectric-2035,Al1 Ag1 S2,AlAgS2,Ag-Al-S,P3m1,156,4,2.7693738161059644,ae1c7bd18a94f2a3c415ab66742827c140a91543603e32824f9176579d536bf5
2035,mb-dielectric-2036,Li8 C2 O8,Li4CO4,C-Li-O,Cmc2_1,36,18,1.6438163928289964,401faf219e15db09adac9d1b3b48df9d927f0231a774bc065628d676816896bf
2036,mb-dielectric-2037,Hf6 N4 O6,Hf3N2O3,Hf-N-O,Cm,8,16,2.3180620497878537,a7b96a01a10666666c3e4e6b8148b2c3e69704d04d19f868e314b6e1b20162b5
2037,mb-dielectric-2038,Re4 H8 O18,Re2H4O9,H-O-Re,P2_1,4,30,1.8763229999123285,5931f662e14118db3db6f4ba32b48ebf5d5feea608ba69e514c3ddb8feaa49c5
2038,mb-dielectric-2039,Mg2 B4 H16,Mg(BH4)2,B-H-Mg,Pmc2_1,26,22,1.5394822722807389,8f8e729f1d9e3a7158f80b17b0e07a7e6f330c662d8e63d43863fdb582e827f6
2040,mb-dielectric-2041,Sb4 Br12,SbBr3,Br-Sb,P2_12_12_1,19,16,1.6785668490312402,51e392fc0c36591a386540f32b2e8d1a86bc435ba6cf7097852f2f7218be3361
2041,mb-dielectric-2042,Li4 Mn2 F12,Li2MnF6,F-Li-Mn,P4/mnc,128,18,1.5319547425865208,d22dfa97e09e5a3c47993e9641c5d603e941be2a6e66ccc64d54a0870036482d
2042,mb-dielectric-2043,Li1 Co1 Si1 O4,LiCoSiO4,Co-Li-O-Si,I-4,82,7,1.9845826597381455,6948dac49a60faa6bb9074542358aa573f1284d2fc2e4e0d280556e5b6f41cfd
2045,mb-dielectric-2046,Li6 Mn2 C6 O18,Li3Mn(CO3)3,C-Li-Mn-O,Ama2,40,32,1.833562743222422,2595f3df4e82a45164b782a27d33b124ade4ba482d3352668b23a590db2d4517
2047,mb-dielectric-2048,Al8 H24 O24,Al(HO)3,Al-H-O,Pc,7,56,1.6014103159402964,fde6bc9d79006ad972cb5950d2bf7a87f312c2bf9f6ec12e09f0d3f401ff3352
2049,mb-dielectric-2050,Na12 C24 N36,NaC2N3,C-N-Na,P2_1/c,14,72,1.7057058167613,8eb370afea0ebda4cb059cb163c19acbbb1ca32114d36cf8334d7cf506825c48
2051,mb-dielectric-2052,Ag2 N2 O6,AgNO3,Ag-N-O,R3c,161,10,1.849484432664058,9cc3d9976f3511c3fcdba49fdf600e2f368c2df6a0c68c3cabdbee4bd39ee0fd
2052,mb-dielectric-2053,K4 I2 O1,K4I2O,I-K-O,I4/mmm,139,7,1.7195458702808715,7ee3a11646bf6ca1ff7075b110c9e560a70a6d5c66751386b8a8c4c1b1149aff
2053,mb-dielectric-2054,Ag8 Se4,Ag2Se,Ag-Se,P2_12_12_1,19,12,3.812406501585755,cde9e10c6963be039e9f779b8fe5ee4d3a25119aacaf97588d6749323e1484c8
2054,mb-dielectric-2055,Al2 Cu2 Se4,AlCuSe2,Al-Cu-Se,I-42d,122,8,2.8945350805287013,d9bf256646e3601c0838e0484472b5ea7269937cc61b92b6a8e8bbbba665dfb0
2055,mb-dielectric-2056,Cr2 P2 O8,CrPO4,Cr-O-P,Fdd2,43,12,2.0094259545120505,8b67742b1c30a086a7828258c39b7a79d0997943667df04eb8be1e0de98836fd
2057,mb-dielectric-2058,Bi2 Te2 S1,Bi2Te2S,Bi-S-Te,R-3m,166,5,4.223403011790372,336ae3ef696897b3fb517df6008ae8a39263e9fe39a0229db17c49bb60e5fb25
2058,mb-dielectric-2059,Sr8 Zr8 O24,SrZrO3,O-Sr-Zr,P2_13,198,40,2.157176163413642,a31efa1941687916826d095a571c274cf6e8dd26acec970389933835e34e5d4f
2059,mb-dielectric-2060,Nd4 Ga4 O12,NdGaO3,Ga-Nd-O,Pnma,62,20,2.197949878106111,32098b90908092fb3420c6e9cede47b868092eaedf3cb6e74ccb2d3f92765ead
2060,mb-dielectric-2061,H8 O4,H2O,H-O,Cmc2_1,36,12,1.3611106984126358,37abb1033fe664b348698d51f9e36675da147857e85ce98b7fef16c1fa4705f3
2061,mb-dielectric-2062,Ga1 N1,GaN,Ga-N,F-43m,216,2,2.4646699576211004,a736e97e79abbc58a5dd3f7820e531e4e535b6d450276fcf74993c725c5f3b8e
2062,mb-dielectric-2063,Ti2 Ni2 O6,TiNiO3,Ni-O-Ti,R3c,161,10,2.4312260281594464,3331c247b08b871c091a8173b9e7243a9d23a32e15cf334fa33c5e2ff6021d9a
2063,mb-dielectric-2064,Li2 Ni8 P6 O24,LiNi4(PO4)3,Li-Ni-O-P,I-42d,122,40,1.840861573647876,a94bced82fc1da85863b2500b58e468658178d38a2ed988b17199a8dab44c696
2064,mb-dielectric-2065,Sr1 Ga2 Te4,Sr(GaTe2)2,Ga-Sr-Te,I422,97,7,3.073688283913427,664e2aa2abf3e9d15dfb98f8d18205202f00221f17069c52ed01ce4fdc4b5472
2065,mb-dielectric-2066,Cu2 Hg1 I4,Cu2HgI4,Cu-Hg-I,P-42m,111,7,2.812105735328362,639bff6e76432ee4c50760beb9e2e9eec0498480859c52e473e04db8648027d3
2067,mb-dielectric-2068,K2 Sn1 Hg1 Se4,K2SnHgSe4,Hg-K-Se-Sn,I-42m,121,8,2.5075275339133034,a203083c7eb1be626d4964c8c830a1303337ce1c0ec6310e9cfdff4ce97b35d8
2068,mb-dielectric-2069,Cs1 Li2 I3,CsLi2I3,Cs-I-Li,P-4m2,115,6,1.7839038651227819,e55694a135b04366e057a27213964ed9c2af664c69cf693748cf570eceebe62a
2069,mb-dielectric-2070,Cd1 In2 Te4,Cd(InTe2)2,Cd-In-Te,I-4,82,7,3.085034359614168,8d52d558594f14484c90b9d7e728f5cd66ee8f3743dff1d7afab914f9a856201
2070,mb-dielectric-2071,Zn10 S10,ZnS,S-Zn,P3m1,156,20,2.4360816899274997,3fbc8cd204ec0ec977601c76db6488ab50fd1228b2c6dab54832c441c810e558
2071,mb-dielectric-2072,H16 S4 O20,H4SO5,H-O-S,Pc,7,40,1.4961527328451463,72347c3e4ca216a290c9bdb26df2cab24cc7435f263da63ee3a8a8a66219232f
2072,mb-dielectric-2073,Ca2 Sn1 Hg1,Ca2SnHg,Ca-Hg-Sn,Fm-3m,225,4,15.012489567023849,c8e154aea38a7f25e4a712d41ea841f0e4cb8111152b90b1a0c5757e515355b5
2073,mb-dielectric-2074,Li1 Mn1 P1 O4,LiMnPO4,Li-Mn-O-P,I-4,82,7,1.6213445037992387,95b6f1e11a46a51280d93737b49f01d182fb4e535f1c48e74953865d2abc9f96
2074,mb-dielectric-2075,Li4 Mn4 F20,LiMnF5,F-Li-Mn,P4_1,76,28,1.663445620792376,526ea77be8d743e3f039cd64f0d97261111c53409e38fac73b26b988178116d5
2075,mb-dielectric-2076,Si4 O8,SiO2,O-Si,C222_1,20,12,1.4893163979938357,ef77916952882e4749af82bc1172b9148650af6e21483161452e2a5df7ab3574
2076,mb-dielectric-2077,La2 Bi2 O6,LaBiO3,Bi-La-O,R3c,161,10,2.389686729817668,5695f536c932e9dce3fe66167ef4e6bbb2bce07fec4afc17472b3baae47d2fd5
2077,mb-dielectric-2078,Mg4 Sn4 N8,MgSnN2,Mg-N-Sn,Pna2_1,33,16,2.5174244113114237,e24f890382371db80f748439406c40228edbc5d89f5ffcfd33b4d6467ab25338
2078,mb-dielectric-2079,Mg5 H8 O9,Mg5H8O9,H-Mg-O,P-3m1,164,22,1.6316658175236003,d4e44729e0764c1a122d36d0e98ead99587fc3e03254b3d40d9bf37f28f4858d
2079,mb-dielectric-2080,K2 Ca2 P6 O18,KCa(PO3)3,Ca-K-O-P,P-6c2,188,28,1.535035830200723,87abfb9c12577ea005db9ca70ec19b758d825302e6d51c765206ec8678caf9bf
2080,mb-dielectric-2081,Na4 Ag4 O4,NaAgO,Ag-Na-O,I4/mmm,139,12,2.112907869895577,841a3543ea769dd09caf3073e5a84adc2e816946e76230782c22b8c84df34294
2081,mb-dielectric-2082,Ag6 Sn4 Ge6 P12,Ag3Sn2(GeP2)3,Ag-Ge-P-Sn,I-43m,217,28,4.8699927104668115,5b27fea7d855b6f3d1e4bf43bc59a135a57ccd9a4a03fd26ea366d7ce251fbcd
2082,mb-dielectric-2083,Ca3 S3 O12,CaSO4,Ca-O-S,C222,21,18,1.5542995206844785,0d2ad0524bc18fc3ac901dfae3beb522cdbb17521fae63eb091ffc5cef952088
2083,mb-dielectric-2084,Ag4 S2,Ag2S,Ag-S,P2_1,4,6,3.2960814108068788,da5442d4c31b676ea6cfd8f4ae1dc82c27eae33a133772b9e2dd5eef7a72f05e
2084,mb-dielectric-2085,Mg2 Al4 O8,MgAl2O4,Al-Mg-O,R3m,160,14,1.7730898642388828,b4e13953ba869935c9374f20a8edbba365c57e23a9c8f3bdb29f0e1f65d7699e
2086,mb-dielectric-2087,Li2 Cr1 O2,Li2CrO2,Cr-Li-O,C2/m,12,5,2.01479237970897,277c1d0fbef74277553ebe48a36857f6becadb49d655259df24db4cc790d221d
2087,mb-dielectric-2088,Mg16 Re8 N24,Mg2ReN3,Mg-N-Re,C2/c,15,48,3.2484830818911976,0169d0a7ff5e3547ab5a4d6b4ce8f53d4d60b21a504379e41ec9dbaa24d44c0d
2089,mb-dielectric-2090,Sr3 Ge3 O9,SrGeO3,Ge-O-Sr,P-62m,189,15,1.7724299704078539,88580514feb0f0b7cd6716531c09a96e7d8f8948010570cc682a1b8d2ade8ab4
2090,mb-dielectric-2091,Cs2 Nb2 N4,CsNbN2,Cs-N-Nb,Fd-3m,227,8,2.767568969330306,f92145269c90fea511164b1f0d0d0219252dfee96dba66c2e66678c63193a5d3
2091,mb-dielectric-2092,Mn4 F8,MnF2,F-Mn,Pbcn,60,12,1.5414279094398153,31dbaba658cc03c30b53c43fd44e6781d8fb0cc940f91437cbbec9a0bb1b3724
2093,mb-dielectric-2094,Li2 Cr1 Fe1 O4,Li2CrFeO4,Cr-Fe-Li-O,I-4m2,119,8,2.2639493516125015,5929dfec28293ff9cc66d8c30147612aa1be3353d88289cecaebab35bfdee2d3
2094,mb-dielectric-2095,Al16 O24,Al2O3,Al-O,C2/c,15,40,1.7814735473758796,fe0309fef11e15ef59a4d9c43c2ebe8f963f3a580d65d14abace4b1ebff37af6
2095,mb-dielectric-2096,Li4 Co4 Si4 O16,LiCoSiO4,Co-Li-O-Si,Pna2_1,33,28,1.9752876583762005,f1065cf9d726b944a4cfd8f5245a40607815c93fb8c8dc0ffe01a558219e2d8b
2096,mb-dielectric-2097,Er4 Ag4 Se8,ErAgSe2,Ag-Er-Se,P2_12_12_1,19,16,2.9475860745136293,bf87ad680255667c83e18f5b3beb43cc8f6d2cf45e24292c0685a08eac57ebf1
2097,mb-dielectric-2098,Be2 H16 N4 O20,BeH8(NO5)2,Be-H-N-O,I-42d,122,42,1.4586852527761658,dd2ae08a06f7204357293eab4cfed81607cc0304f37fda93301443d73a8554d7
2098,mb-dielectric-2099,Ti3 Sn7 O20,Ti3Sn7O20,O-Sn-Ti,Cmmm,65,30,2.323392203940896,c35030bc6a9eb6e6609bcd49fb5bc22cb6d6b95f69c35e4322099e82a9b00829
2099,mb-dielectric-2100,Sr4 Ta4 N4 O8,SrTaNO2,N-O-Sr-Ta,P2_1,4,20,2.749060445558324,4878ab04e5a1d095de7f5138a174d34f9606f20a55180ea268e86196f024313d
2100,mb-dielectric-2101,Si8 O16,SiO2,O-Si,P4_2/mmc,131,24,1.3936761938604438,712b68d99c2a140cf87af966211e6d474b3a69aa22cf5a72e9091ac92d53a4f4
2101,mb-dielectric-2102,Hf4 S4 O4,HfSO,Hf-O-S,P2_13,198,12,2.6552197649158913,10d34eb3a45dd57c7586dfe93b53ca0062f8e379f6af5fa9f7f83e36c22a9469
2102,mb-dielectric-2103,Si5 O10,SiO2,O-Si,P-4m2,115,15,1.3584304668746698,4e9f99bfb59780d9f22ec7e0ca8ea354be624d3025bb8c375706457d2121ed65
2104,mb-dielectric-2105,K3 Ga9,KGa3,Ga-K,I-4m2,119,12,6.120909327869512,d686c1ab7e0269261a80234c41a246e4d7e1d3c03f1999fd93109a8f4a61ab37
2105,mb-dielectric-2106,Rb4 Li2 V2 O8,Rb2LiVO4,Li-O-Rb-V,Cmc2_1,36,16,1.6806596919067227,b65a5f85c3bc4b3e37eefa88aad21b690a5b731c30625b7945698761ea8f8ece
2106,mb-dielectric-2107,Pb4 C4 N8,PbCN2,C-N-Pb,Pnma,62,16,2.389184519175249,184ce1d9ccbca021c81f7551f8f6698d6d3cd2e8734f2e4cf4f05d3befae35c6
2107,mb-dielectric-2108,In2 Ga2 S6,InGaS3,Ga-In-S,Cmc2_1,36,10,2.6378369926892753,e3523951a2af2d5f3a0fec5a740127ee07555b241183c840d21f0341c17bf2b5
2108,mb-dielectric-2109,Mn4 P4 O16,MnPO4,Mn-O-P,Pna2_1,33,24,2.0480833316379816,0585194dd418eb733efe54c66942d50d84de31aee14ca4028cb9c123a3f512c9
2109,mb-dielectric-2110,Sr1 Ge1 Te1 O6,SrGeTeO6,Ge-O-Sr-Te,P312,149,9,1.8604572914564104,fbe60b851a1cde14670d00169ccddd65fd7bc7b6b574efd18209cd0d0306a3e8
2110,mb-dielectric-2111,La2 H12 Cl6 O18,LaH6(ClO3)3,Cl-H-La-O,P-62c,190,38,1.6924756029753234,d77237a104c6cf29bddb6289f485345f93cc8eb98776a5dec337359210cfb9e8
2111,mb-dielectric-2112,Sn4 F8,SnF2,F-Sn,P2_12_12_1,19,12,1.8237056597305754,bedd395afbb8bc70ca13f6986c3f8ae10afbe9dcc58b1b366c0d15056dad9cb8
2113,mb-dielectric-2114,Li2 V2 O2 F6,LiVOF3,F-Li-O-V,P2_1,4,12,1.789214539027298,325baaf3d89192760b085163c0a9a29d7f78f03346a30c05886565169b1a75e5
2115,mb-dielectric-2116,Al2 Cu2 Te4,AlCuTe2,Al-Cu-Te,I-42d,122,8,3.1568697576343987,53ed2a3013644517d42b1ce76b6dded75527122101d5b6277edfe7601f949a4b
2116,mb-dielectric-2117,Ba2 Nd4 Pt2 O10,BaNd2PtO5,Ba-Nd-O-Pt,P4/mbm,127,18,2.3796627912374477,ed7a41628c45f9ef182aa77433c6ff168e28fdbe172def32e7dd815243218c91
2117,mb-dielectric-2118,W2 O4 F4,W(OF)2,F-O-W,Pmc2_1,26,10,1.7663866130229435,2fa107f1acc7848571fcda4f6b0e5704ed3c988cc08c89f754e2218951d1d67d
2118,mb-dielectric-2119,K4 Se6,K2Se3,K-Se,Cmc2_1,36,10,2.6113283337540425,5f0ec5be7ae7d5f7fb8cacc589923e3eb88af5714f0bb92a8fc0341beb7beacc
2120,mb-dielectric-2121,Rb1 Cr1 O2,RbCrO2,Cr-O-Rb,R-3m,166,4,2.148057029038113,af7a12b8a755dc045c5af5ff64468216668988a7109b8ec9967b29732343dda7
2121,mb-dielectric-2122,Cs3 Ga9,CsGa3,Cs-Ga,I-4m2,119,12,6.651138098100203,590961450bf3aec1056c7b9665a738f513429c7013b737ab1badf4328694efcc
2123,mb-dielectric-2124,Na12 As4 S12,Na3AsS3,As-Na-S,P2_13,198,28,2.11148739044305,d4469bcf8e29abb123f7ab136a5d1e04ad6e0467d35f1db7192aaa2570dbb099
2124,mb-dielectric-2125,Lu2 H2 O4,LuHO2,H-Lu-O,P2_1,4,8,1.914056686725866,20bd607f0e93c56e66e87fc5726671147a217631ed2ba9eb2343f431471c3bf1
2126,mb-dielectric-2127,Mn2 In4 O8,MnIn2O4,In-Mn-O,Fd-3m,227,14,8.469022966080578,3e84f25e834adb7c73fb1eb48946ed6f0d7dc87d6c6b38bf8cbd1f06ce178f8d
2127,mb-dielectric-2128,Ca10 P6 H2 O26,Ca5P3HO13,Ca-H-O-P,P6_3,173,44,1.71314749316378,720e0a123da0f63bd225db9db1d36fb0e80272be664811204513a4af8cca0b82
2128,mb-dielectric-2129,Na2 H2 O2,NaHO,H-Na-O,Cm,8,6,1.5368971989043378,d48976a971d06df70fd1548b7f00d091b4de9c5393dc99b86f0147f7ca91fefe
2129,mb-dielectric-2130,Cr3 Cu1 O8,Cr3CuO8,Cr-Cu-O,C2/m,12,12,3.204140033530118,938528724b2d142536b510bac125a49930c6db3b40faa1e49f405f4460a40a81
2130,mb-dielectric-2131,Ga2 Ag2 S4,GaAgS2,Ag-Ga-S,Cc,9,8,2.663871430831451,27f70138bc0c304f0ae662e0acc6cbf04742fd929f62ee86c9b491c3299955d2
2131,mb-dielectric-2132,H12 N4,H3N,H-N,P2_12_12_1,19,16,1.549020012782275,c2b4141eb9cb7686ea7bd6b719696c6df1e0841b64f9b276ab28eef0ed82a483
2132,mb-dielectric-2133,Li6 Ga6 Si6 O24,LiGaSiO4,Ga-Li-O-Si,R3,146,42,1.674380581986461,56a5f71db5fec0e733190c8742838eba611b0c114beba0a9e7df3dd8af20f492
2133,mb-dielectric-2134,Na2 Cd2 F6,NaCdF3,Cd-F-Na,R3c,161,10,1.510642578507571,325cc2905c15d8189e0684b9c54b0037611dfd643cc9ca88874e63e810c05e1a
2134,mb-dielectric-2135,Ba3 Ti3 B2 O12,Ba3Ti3(BO6)2,B-Ba-O-Ti,P-62m,189,20,2.2523335306595573,89568a857accf15076136268d0dc10e44227bc0e633fbdabd26abc895ba71d22
2135,mb-dielectric-2136,K2 Al2 Si2 O8,KAlSiO4,Al-K-O-Si,P6_3,173,14,1.558757945716182,1a6e884180adc3a5dad2c701845737c5105e9593b790980edac6be38c4852c63
2136,mb-dielectric-2137,K3 Sc3 H12 C12 O30,KScH4(C2O5)2,C-H-K-O-Sc,P6_222,180,60,1.556565449957052,6bbff55b1c53a88ecf0f6b6b4ec1b43910c7e44c66a84047a8c95c51935b3eea
2137,mb-dielectric-2138,K2 Er2 P8 O24,KEr(PO3)4,Er-K-O-P,P2_1,4,36,1.6362296089893171,0c8fcb12a9d64361c4125fd6f1c50ebace9662570d1eeaf161d71bcc830b28ca
2138,mb-dielectric-2139,Li1 V1 F6,LiVF6,F-Li-V,Cm,8,8,1.4795837252416641,520ca2ea08f048b8b88499a3388947ac3a74a0f6938d66db831fdf8291c64db5
2139,mb-dielectric-2140,Li8 Si12 Ni4 O32,Li2Si3NiO8,Li-Ni-O-Si,P4_332,212,56,1.7866726057115223,2409655597516eedb2c1a06dcb00f517eef432eb81b277eaaf3c1271788c0dda
2140,mb-dielectric-2141,Ag8 Ge4 O12,Ag2GeO3,Ag-Ge-O,P2_12_12_1,19,24,2.8197085546796026,dddd6e45bae853dff38e28ee7f134821d68fc4655490a44feed41f9dc55a7188
2141,mb-dielectric-2142,Ba8 Nb4 N12,Ba2NbN3,Ba-N-Nb,C2/c,15,24,2.5579743287739745,6b537768f6398fe6b10ef886b6a431c5e8c2787caf1fbec7fc701c945d85588e
2142,mb-dielectric-2143,Si4 O8,SiO2,O-Si,C222_1,20,12,1.5726208485624669,3814207851691721c5756095e89ccbde7a1de33ba386842f5fabdc6a616af15d
2143,mb-dielectric-2144,Ca4 Si10 N16,Ca2Si5N8,Ca-N-Si,Cc,9,30,2.0802180975400955,c55ce68d123e0edb2704e571b35c5903c7cf57b8c00dff994a344c3d48adf58b
2144,mb-dielectric-2145,Sr4 Tm2 Nb2 O12,Sr2TmNbO6,Nb-O-Sr-Tm,Pnn2,34,20,2.1576426951652583,51764556d137c1bdb4840bb5164599185f7d71371dc7362607e4dbe750f81b69
2145,mb-dielectric-2146,Cu2 W1 S4,Cu2WS4,Cu-S-W,P-42m,111,7,2.2964271524841946,bb27ce774dfee9e771d35be3ff24911da08d551cd840472820f4399c2856a42b
2146,mb-dielectric-2147,H4 S32 N4,HS8N,H-N-S,Pca2_1,29,40,1.8336884504553475,26067c152db367312f114c7d37ccfef6b8fe5f6da3531f38fd62867107ae4a6a
2149,mb-dielectric-2150,Na2 Zr2 P2 C2 O14,NaZrPCO7,C-Na-O-P-Zr,P2_1,4,22,1.5885006557547696,71939cafb85bc2bb2d27a413a924a5f62531112ea08fdda7a683932b598afd4e
2150,mb-dielectric-2151,Ba1 C1 O3,BaCO3,Ba-C-O,R3m,160,5,1.6813642278419838,0a3d458fda744ce12e3e630afebe34d2311971ee0a65f58123be7f384184a816
2151,mb-dielectric-2152,C2,C,C,Fd-3m,227,2,2.414480068254859,9ee3c1fe3ca2c4f74431959f75f80518827b7440df514f3dac440f3f5f23f9dd
2152,mb-dielectric-2153,H11 O8,H11O8,H-O,P1,1,19,1.5040595068015095,e753d84b9634554a9e48251932660d7e0976754a5822cdac0dc23155302f4960
2153,mb-dielectric-2154,Na6 V2 S6 O2,Na3VS3O,Na-O-S-V,Cmc2_1,36,16,1.994709586213826,3f3360a1b0fae123aab2c6e445029b317af564818755f3165a4e56dc33121942
2154,mb-dielectric-2155,Li4 H4 S4,LiHS,H-Li-S,Pmc2_1,26,12,1.760864371078401,9ba8c9ef876c7313596d1b63b08cb898deeeb3824582c50982202e7557f714e4
2155,mb-dielectric-2156,Li8 Cu4 F16,Li2CuF4,Cu-F-Li,P4/ncc,130,28,1.5280083987552775,0a5852586c387c58faf6a29f70569b0c1bf1e674cdaa3deb077b65a008d9d84e
2156,mb-dielectric-2157,Cs1 Sn1 Br3,CsSnBr3,Br-Cs-Sn,Pm-3m,221,5,2.4299639915027558,0ae0d523984cc65449727e8ffda46df4a2630e711b68f898598a4ea07f1d2d94
2157,mb-dielectric-2158,Li4 V4 O12,LiVO3,Li-O-V,Cc,9,20,1.8505716233999991,b4e251f6020c32d05ecc7c3acb219a5cd0a76ee8629d88c194edc038ce55e13c
2158,mb-dielectric-2159,Y2 Br2 O2,YBrO,Br-O-Y,P4/nmm,129,6,1.9911048021973463,e0fb622514de9c1faac13d1e58fdca577996a5e98eda6e56bf8ee6adec1cb611
2159,mb-dielectric-2160,In4 Sn1 S8,In4SnS8,In-S-Sn,R3m,160,13,3.0173113859858747,35b16c21e4d3ceca0a9daadddc5ce7c69988bc6a0be1029654af856011fdc4f0
2160,mb-dielectric-2161,Li4 V2 Si1 Ge1 O10,Li4V2SiGeO10,Ge-Li-O-Si-V,P-4m2,115,18,1.8970404142593624,64d0854e023b7baed5281a19a760c2e81ad9b13daa7d647d092d168b439a7677
2161,mb-dielectric-2162,K4 Sn4 O6,K2Sn2O3,K-O-Sn,I2_13,199,14,2.1977201823708126,2a27f03df48a7b1fa8dce9fe231f1fa9c52940766efae2dc94a213f374080c26
2162,mb-dielectric-2163,Li3 Fe3 F12,LiFeF4,F-Fe-Li,R3m,160,18,1.4886706597946142,c49c99323252f057efd0f9c845e305f25a4b085f37975d17c734670df270c928
2163,mb-dielectric-2164,Ga2 Bi2 O6,GaBiO3,Bi-Ga-O,R3c,161,10,2.4720574426982833,1da198c9dea23f7b960d4c28538ab8985c47e1c4210bffeae25521267a8d91d2
2164,mb-dielectric-2165,Ge8 Te8 Rh8,GeTeRh,Ge-Rh-Te,Pbca,61,24,5.264978632435273,522f91ebd3fc4fad19e566f69af7b94bb23c2db45664c84ea38bcf97a22a4569
2166,mb-dielectric-2167,Mn6 O7 F5,Mn6O7F5,F-Mn-O,P1,1,18,3.5008293303158897,b63d2189bddb10b2020bb0beec13a5e8448279c10033201f04722d6fbb5d1e64
2167,mb-dielectric-2168,Y2 Br6,YBr3,Br-Y,C2/m,12,8,1.7667295586289753,36d770cb1a72539145a9c5752dcb04e52ba03e1985d32d7937e6a1c0fb62fc5d
2168,mb-dielectric-2169,Nb4 H4 O12,NbHO3,H-Nb-O,P1,1,20,2.271398908162104,aa7463140c3c7e761b463dc96c87c6ec75c664f2d96c313d33d1221011d9e1b0
2171,mb-dielectric-2172,Ti6 Bi8 O24,Ti3(BiO3)4,Bi-O-Ti,Aea2,41,38,2.6162497332377623,24463fbaa1f86eec9e2e4291e24dc368efaa26805b2b2f817232e753e13d5f7b
2172,mb-dielectric-2173,N4 Cl4 O12,NClO3,Cl-N-O,P2_12_12_1,19,20,1.6098654188057666,df9ab80c9fe7a1ee46a1ed4aadf71d028ef477310a22c1de5821296630068c51
2173,mb-dielectric-2174,Sr12 Co2 C4 N14,Sr6CoC2N7,C-Co-N-Sr,P2_12_12,18,32,2.394384332836592,401a46ab2b67d01aca55959525f0ec79da0c739ec12d173aebb8f3727418bac9
2174,mb-dielectric-2175,Sc2 H2 O4,ScHO2,H-O-Sc,Cmc2_1,36,8,1.957870952505978,3926c74065b0a206dbd3eaa5924c4d6095cbb964ee81eeae83718736b89e52b9
2175,mb-dielectric-2176,Na3 Sb1 Se4,Na3SbSe4,Na-Sb-Se,I-43m,217,8,2.4530445029255596,fdeee951c3226ffd13b91d50e2753e19ad105e74b60268d1ef37fd4de78a109e
2176,mb-dielectric-2177,K4 P4 H12 O12 F4,KPH3O3F,F-H-K-O-P,P2_1/c,14,36,1.464126588334037,0bfc6870530873bb12ce083e4818f6e3bfa4d2203b7181af0c331ac91b4f0695
2177,mb-dielectric-2178,Ca4 Mg4 Ni4 H16,CaMgNiH4,Ca-H-Mg-Ni,P2_13,198,28,2.7098542396224934,3b9a2922ef02c5b36e125ea091d0bdf503be45aec2029c1169c4501906a5420d
2178,mb-dielectric-2179,Ba2 Hf1 O4,Ba2HfO4,Ba-Hf-O,I4/mmm,139,7,2.0995258194808413,ec9143501e431ebe6f9f4d32abfe7e655dd1984c4b7c0d9a3c8b15cfdd4425b8
2179,mb-dielectric-2180,As4 Cl12,AsCl3,As-Cl,P2_12_12_1,19,16,1.5714164523342202,3a8999823def407e8310cd90957ec0d37207ba77fe6b7f1be05e74c42ce6bb31
2180,mb-dielectric-2181,Ba2 Te2 O6,BaTeO3,Ba-O-Te,P2_1/m,11,10,1.954638756053575,0023d7e698081a15a57dc09eaddd1f93930c4139b137a3ec04b5bdd079c82d51
2181,mb-dielectric-2182,Mg2 Te2,MgTe,Mg-Te,P6_3mc,186,4,2.3432169482714733,bcdb3ac8463cc760db8be0b6d21d005e1f5f9644da1898e3957865fc2bf9e658
2182,mb-dielectric-2183,Sn4 O4,SnO,O-Sn,Cmce,64,8,2.6536138887701983,bbc59313c80624cab5a027e5139b7d26db90b795a80a186fbedd0f75acb58b81
2183,mb-dielectric-2184,Sc1 F3,ScF3,F-Sc,R32,155,4,1.4936250087176057,d7a4944abaa9369dd53d166e27bdd624c8b23c6ff141ce90176c37206ae9ddc5
2184,mb-dielectric-2185,Sc4 Ti2 O10,Sc2TiO5,O-Sc-Ti,Cmc2_1,36,16,2.189687116157618,2e28bae7aa67d8daa6375dcd6f6120656cf437022f633127adf6f01c234fb650
2185,mb-dielectric-2186,Cr2 Cl6,CrCl3,Cl-Cr,R-3,148,8,1.9377822375071876,ebcb2b0b18c05302cfdc3f5646374e748dc10c04121a965bec56abefb3c3c153
2186,mb-dielectric-2187,Si8 C8,SiC,C-Si,P6_3mc,186,16,2.6641446407180776,ebb4d85230eae89ad1f57dd1a1cf4901cc05a18ecc48dd13857d60ccc84ace05
2187,mb-dielectric-2188,K6 Cl2 O2,K3ClO,Cl-K-O,Amm2,38,10,1.7042262173784324,0052df89ecbefaba4d57f786a1610ec3ede6e5a35fd8f48fedce7e31bf0ae9d9
2188,mb-dielectric-2189,Li2 Mn2 O2 F4,LiMnOF2,F-Li-Mn-O,P1,1,10,2.158452840964256,aa80cc329816f60c2db979abdc9eb5b0888af87a15079ca07cf762ca5e171f17
2189,mb-dielectric-2190,Cu1 Cl1,CuCl,Cl-Cu,F-43m,216,2,2.387676695032352,d3d9434314cfb5ce4cb2f312ec0e2e5dd71f18076c9c94fd53a7f7c0deebc897
2190,mb-dielectric-2191,Li4 Fe2 O4 F2,Li2FeO2F,F-Fe-Li-O,Cc,9,12,2.0010811244591427,4b5027146d7d6df884e239d2c0a27a434163c93f94582d54195e11df53dfa81e
2191,mb-dielectric-2192,Li1 Cu1 P2 O6,LiCu(PO3)2,Cu-Li-O-P,C222,21,10,1.691026217025232,db298461ddb198fcf9719812e365033e7f52b22b50db09ba7124318cfe0ad8ee
2193,mb-dielectric-2194,Sb4 S4 Br12 F24,SbS(BrF2)3,Br-F-S-Sb,P2_12_12_1,19,44,1.6063737630659518,76fa9c389bbd15b93c92fa2e1e65c97a71da29b42583914543c6aedeae2540e1
2194,mb-dielectric-2195,Cr2 Bi2 O6,CrBiO3,Bi-Cr-O,R3c,161,10,2.6671020477914458,b352d2321eca0a4285e6cc67a929ebf736550331470e12d8c9958b9bb8829dff
2195,mb-dielectric-2196,Rb2 Ni1 F4,Rb2NiF4,F-Ni-Rb,I4/mmm,139,7,1.5014443046613333,be907a389b69674311d9df3bb93074f45d0a8eb6e36680d5a24ad19cc9dd3b27
2196,mb-dielectric-2197,Sr16 C4 N16,Sr4CN4,C-N-Sr,Pnma,62,36,2.3106846748673147,4e0f54925e12bc5beb1d4ee0fa824aa392bc34cedcd0ff46a9ed29bec41f00aa
2197,mb-dielectric-2198,Ag3 Au1 S2,Ag3AuS2,Ag-Au-S,P1,1,6,3.1844128187155634,b6be2a0163ae53368648bbfe56c8c746bb49f0715c0db94a547ea3b82adbc498
2198,mb-dielectric-2199,P4 H24 N4 O16,PH6NO4,H-N-O-P,P2_12_12_1,19,48,1.4865415119217715,3d9e331a9c5740f8b6470eafa5ce26a3742342efe57b40375ac18c05fc1d5636
2199,mb-dielectric-2200,Ti3 O6,TiO2,O-Ti,P3_121,152,9,1.9548769782265045,98e4d12f1d7d60dde74d4bdaf9a5b5ebfa2dbb7f828f26221a74c57b472288de
2200,mb-dielectric-2201,Li12 Cu4 F24,Li3CuF6,Cu-F-Li,Pna2_1,33,40,1.7459537030898997,c92282ba73fef1f85979f76911b520065d26dbddb05fe5311ca7782b0fb6ff70
2201,mb-dielectric-2202,K6 Sn2 Ir2 Cl16,K3SnIrCl8,Cl-Ir-K-Sn,Pmn2_1,31,26,1.7630065229601393,ea58d2a36b06001fcd1a555f6bf37671499704411fa73d637f37c36fc3af1cbb
2202,mb-dielectric-2203,K2 Na1 V1 O1 F5,K2NaVOF5,F-K-Na-O-V,I4mm,107,10,1.5088839142447859,4e8d3f592e9a76d3235971656d6271df41a216f3e0ca834742c985cc64e31123
2203,mb-dielectric-2204,Co2 O2,CoO,Co-O,P6_3mc,186,4,2.334981941400541,72d999d3817732940a11f086b116cfe23393c0098ef5c84c760c73685a2602b2
2204,mb-dielectric-2205,Te4 O8,TeO2,O-Te,P2_12_12_1,19,12,2.213538343919075,65f74e3fe99f51ceb36d8d857cfb5bcc0b0143f829b24d83c3a130ff45ebef23
2205,mb-dielectric-2206,Ba4 Fe8 O16,Ba(FeO2)2,Ba-Fe-O,Cmc2_1,36,28,2.020501835353452,4a753fa1afa6b72dbb73d20785f5a9d67915b7b15bd7faabac4e41fafbc2d56b
2206,mb-dielectric-2207,Hf2 Se1 N2,Hf2SeN2,Hf-N-Se,P-3m1,164,5,3.1003393900238185,b3d32672dab8dd86891577324d329e82bbbcc92b7731157477ddfef5daf70eda
2207,mb-dielectric-2208,Th6 Sb8,Th3Sb4,Sb-Th,I-43d,220,14,5.8884588815750405,64d0b7dcc3262bc176c97451eee06b6c468a60287dcc12194937f34e98402058
2208,mb-dielectric-2209,Li4 C1 O4,Li4CO4,C-Li-O,I-42m,121,9,1.5486993467638148,af2b6239cc3d68e8ff932e8460eae2264b6676d79545701709e4a0a700d3c7ed
2210,mb-dielectric-2211,Sr6 Ga2 N6,Sr3GaN3,Ga-N-Sr,P6_3/m,176,14,2.668529745009412,54787f753a9e48f64d9178e52e1f258f978eb71bb28a54e8174170485ec93bcb
2212,mb-dielectric-2213,Li14 Cu2 O8,Li7CuO4,Cu-Li-O,P4_2/nmc,137,24,1.8795041899394638,57dc427f53c3223ba08a4e67dacd5d97a3ec3957bba821975db17d25f28ca241
2213,mb-dielectric-2214,P3 Cl15,PCl5,Cl-P,C2/m,12,18,1.8176908428002858,efe2430afb58909f570eadc606e2b194b058c294b9200c95277955dece097741
2214,mb-dielectric-2215,K2 P2 H4 O8,KP(HO2)2,H-K-O-P,I-42d,122,16,1.5238585892398284,02a517514e2101bf53338a1c2b8c64c780333ff9802c431883dd122573fe1233
2215,mb-dielectric-2216,H24 O12,H2O,H-O,P6_3cm,185,36,1.3659219108963296,0f0265256a5eb989307300f93888434679d6258db1ffa43cc0edbeacfdd92754
2217,mb-dielectric-2218,H24 O12,H2O,H-O,P4_12_12,92,36,1.4276461980009847,6deb8f2f324e45920978cdae9fdc539456c83f50960da31d50ec0a60dd6651cb
2219,mb-dielectric-2220,Sm2 Al1 N1 O3,Sm2AlNO3,Al-N-O-Sm,I4mm,107,7,2.40313212287631,1a1f6d51605d291b4962d1c41da9a23b766eef14169f716d71022b11cd60dea7
2220,mb-dielectric-2221,Be12 F24,BeF2,Be-F,R-3m,166,36,1.19916637711048,48c43d5655d88c765570cc2ba5516e79cee08f9664c9bfe211879991f01b11e4
2221,mb-dielectric-2222,Cd1 Cl2,CdCl2,Cd-Cl,P-1,2,3,1.8022072331248986,672b09bb814043474a410fbe51d3185a5ff79716dcc5699508a66852c3cbcde9
2222,mb-dielectric-2223,K1 Nb1 O3,KNbO3,K-Nb-O,Amm2,38,5,2.481397455734644,cd9ae85906084f9e2095730e65fc8ac2e25a5f5838ffbcca21161f9607e189a2
2223,mb-dielectric-2224,Ni1 Pb1 F6,NiPbF6,F-Ni-Pb,R-3,148,8,1.6816676247106717,574cdf1babfd2adfcf36121c0f2927fba89eab83d1f1d8d68a9dbc762560fcf3
2224,mb-dielectric-2225,Fe2 Te2 Br14,FeTeBr7,Br-Fe-Te,P1,1,18,2.0642527300050575,34e2296845d123d0974c04e1c2b9cc05f0a6b098db3e76be3862d0ceb0aa9258
2225,mb-dielectric-2226,Be24 P16,Be3P2,Be-P,Ia-3,206,40,3.173483889985897,6208c0b97a4c548750eca4dbffb5ab9421f3698a80562d7b29c1fbb03f5e0ce5
2226,mb-dielectric-2227,Re4 Te4 S4,ReTeS,Re-S-Te,F-43m,216,12,4.0835749044189225,9e58c08a216c0f63d6e3ebc1136f09b3f29c5372430cd0ab224186041bc71e0b
2227,mb-dielectric-2228,Li4 Mn2 O4 F2,Li2MnO2F,F-Li-Mn-O,P1,1,12,2.3429776638571127,171dbddca35a65aa7f32768383ac4654b36582d46c5559cff281c2b2865bf6aa
2229,mb-dielectric-2230,H4 C1,H4C,C-H,I-43m,217,5,1.2848574499399725,f969add62362ccdc0587e4a22a02f460584ce6beb92f52770fd357759020abb9
2230,mb-dielectric-2231,Li7 Os1 O6,Li7OsO6,Li-O-Os,P1,1,14,2.016830599397646,da898be775c6441706a848228ed70104b1d1471bd830d5d8c4b28fc9e19ac977
2231,mb-dielectric-2232,K12 Mn2 Se8,K6MnSe4,K-Mn-Se,P6_3mc,186,22,1.9996798077025628,b635ce6d610e9577865f3492bf6354868fb4cd210126c80a578019995ee3603b
2232,mb-dielectric-2233,K4 Zn4 P4 O16,KZnPO4,K-O-P-Zn,Pna2_1,33,28,1.596561826759824,2e55bf9a05aae91d418dfd5f183071d38632cf370db7d3cc075be4b1b5fb340c
2233,mb-dielectric-2234,P6 N10,P3N5,N-P,C2/c,15,16,2.0044949488583645,2c35e30ac5d90bf79e1ec1891067d15017493300ad036e0a6590f44075745fc1
2234,mb-dielectric-2235,Co4 As8,CoAs2,As-Co,P2_1/c,14,12,5.879540798395739,d2e9dab1adabfdd562a6f5e023b55fae97281c42f4c4c6fc35cbd97dc4e08829
2235,mb-dielectric-2236,Si4 O8,SiO2,O-Si,P4_12_12,92,12,1.4919473851312584,25a11067ce0175b147ff711c1a025311c26d01901e552535458ca6b4202bae78
2236,mb-dielectric-2237,Be6 Zn8 Si6 S2 O24,Be3Zn4Si3SO12,Be-O-S-Si-Zn,P-43n,218,46,1.7954044112678351,9a02c2e216610cf741a8b514edebe91a521b01eb06ad4b6ad2cd6469fc663bba
2237,mb-dielectric-2238,La2 Ta2 N4 O2,LaTaN2O,La-N-O-Ta,C2/m,12,10,3.469678179252988,b3da79be9932b66d03aab977243dc788b808a026d0c70389addcf5a280700dd3
2238,mb-dielectric-2239,Ca3 C3 N6,CaCN2,C-Ca-N,R-3m,166,12,1.8296621728249784,87818c2e32da62a6e14423914ffeb7ba263a6d4cb2aa28a0dfccb685f73a25d8
2239,mb-dielectric-2240,Cd2 Ge2 O6,CdGeO3,Cd-Ge-O,Cc,9,10,1.9204462907921758,150eb5877baa91e62d96f91ddaabcef6b623574227d18893b235fed806fb86bf
2240,mb-dielectric-2241,Ga4 S6,Ga2S3,Ga-S,Cc,9,10,2.459932316142052,8cc5f1f7796005fa7a2c0d303d79a75ec8d8a0cd9c89ff03f9ae41badceb9132
2241,mb-dielectric-2242,Cd2 Te2,CdTe,Cd-Te,Cmc2_1,36,4,3.097692044087017,20b5ec8474b49ca7dc1079edd408731330c95a1456b9cff691949f8d0feb734c
2243,mb-dielectric-2244,Li4 Al4 B8 O20,LiAlB2O5,Al-B-Li-O,C2/c,15,36,1.5506987672174266,71a53e314dae2d1a707c6e931d71ce81228fe8d62127a682648abe1a4ddb0f0e
2244,mb-dielectric-2245,Mn1 In2 Te4,Mn(InTe2)2,In-Mn-Te,Cm,8,7,3.1991460839834533,668de5838795b98cf0215bcb27d139b068e4b86d8754d0255136a49b9e8d090e
2246,mb-dielectric-2247,Rb2 Sb4,RbSb2,Rb-Sb,C2/m,12,6,3.051720826025871,59b677c6a22e871b3d10e9e887adad82e56374a90b934cebdd698a6c8c39a9a4
2247,mb-dielectric-2248,Tm4 P8 O26,Tm2P4O13,O-P-Tm,C222_1,20,38,1.6581864591575137,5959d1b6eecf5321f2205049a0f9ca8302b899ae84ea2cc391bfac9d682c1f3f
2250,mb-dielectric-2251,S4 O12,SO3,O-S,P2_1/c,14,16,1.5102979838429236,11294285075bd22f8b669ec36f6e15a3c68dabe01335f036ef1ac0107ed47c57
2251,mb-dielectric-2252,Ga2 Cu2 Cl8,GaCuCl4,Cl-Cu-Ga,P-42c,112,12,1.8180473041150496,4535c5249b77a0fc35458dfc47abf0636e848831c60ca0573a3d55f5f854c4ec
2252,mb-dielectric-2253,Ca1 In2 Te4,Ca(InTe2)2,Ca-In-Te,I422,97,7,3.2306380174819957,905c80eceb1c546c61e70e75a55d8fe197e03e6d40e5045cea00c8cd09b609e6
2255,mb-dielectric-2256,P3 N3 O3,PNO,N-O-P,P3_2,145,9,1.8489262649801175,f6c1da985d3387424f338be42ce61f31ec0c498e81cee12c723e43f0ac9ec988
2256,mb-dielectric-2257,Tl4 Ag4 Te4,TlAgTe,Ag-Te-Tl,Pnma,62,12,4.206304791619361,3ef6c752a53c3d9d2c1974ca18091e22bfce9b2baddb35297b18007fe149d8fb
2257,mb-dielectric-2258,Be2 Ge2 As4,BeGeAs2,As-Be-Ge,I-42d,122,8,3.6182629810449103,79477b9e5abc82e1b3952b9d2cd8d2fe310590d72f2771ef24a98005744dcba3
2258,mb-dielectric-2259,K1 H1 S1,KHS,H-K-S,R3m,160,3,1.6810370806935409,4cc3c8f0f26538ce5322bc61c5f573404ddcc61b25c4289460a5f8b62dce1601
2259,mb-dielectric-2260,Mn1 Cu2 Cl4,Mn(CuCl2)2,Cl-Cu-Mn,Amm2,38,7,2.150386709408333,0701f17912eeaa6b4f69518b4ab16e91d5870554f9033d15e627350c103a531c
2260,mb-dielectric-2261,Bi2 Se1 O2,Bi2SeO2,Bi-O-Se,I4/mmm,139,5,3.571148648077629,e06cac77cb7138f40a00748e5b634dc92ef6e432b42891ce192844ed01f9ec79
2261,mb-dielectric-2262,Li4 C1 O4,Li4CO4,C-Li-O,C2,5,9,1.6336593892583327,b26caf67abfc818caf496172f30c23acdd6e29956f076376cd500c622ad08d1c
2263,mb-dielectric-2264,Dy4 Ni4 Bi4,DyNiBi,Bi-Dy-Ni,F-43m,216,12,5.016710475999188,1ce8f9961397bbff291ea85155d6e7bea765974102c54f9e00f6e4fd18d099f5
2264,mb-dielectric-2265,Sn1 Au5,SnAu5,Au-Sn,R32,155,6,1.0000000000000144,50a1fd644bb49f31401096a04c990ee501ec4fc425b271a95ce19c5fa340cf72
2265,mb-dielectric-2266,Sm1 O1 F1,SmOF,F-O-Sm,F-43m,216,3,1.9074375481257586,c768ffd0faf7a7f2334076f31368a33b8bef46305f7dafcb8f95560109be0933
2267,mb-dielectric-2268,Ca3 B3 P3 O15,CaBPO5,B-Ca-O-P,P3_121,152,24,1.7033314416166885,d8de83e9eb4ae384090223d1a1493144a9e03b0973707186276e67b3cd632d0d
2268,mb-dielectric-2269,Cd2 Ge2 P4,CdGeP2,Cd-Ge-P,I-42d,122,8,3.575811143409748,6df91d6e39021dd92843036bfc9f726016e9100e39ba615621033a6058453c6b
2269,mb-dielectric-2270,Na12 Mo2 N8,Na6MoN4,Mo-N-Na,P4_2/nmc,137,22,2.1615367218717334,51837d21b26dd84aa81e2b9990da0d20c4b6a0d918b472dc62c6012b0f77348c
2270,mb-dielectric-2271,Ti2 Mn1 Al1,Ti2MnAl,Al-Mn-Ti,F-43m,216,4,13.348394884779225,76e41058048ffa997f1d4e29ca2f444afff51c409a309e5e76e5f0f66326f60a
2271,mb-dielectric-2272,Cr1 Mo1 F6,CrMoF6,Cr-F-Mo,R-3,148,8,1.6624996408240418,cb9c2b519310575c01d3d47030d684081b8e9e109e7a86757ec0cd30f66d8560
2272,mb-dielectric-2273,Al4 Co2 O8,Al2CoO4,Al-Co-O,Fd-3m,227,14,1.9025206963394636,399945ea5a589ff0b45364a04d12b56a7a516fe374f6fc2aff6c184efac60182
2273,mb-dielectric-2274,Mg3 Si2 H4 O9,Mg3Si2H4O9,H-Mg-O-Si,P31m,157,18,1.5908069231263369,5c36958ba910d6e2ef7bbe52bf8a32e121d8878c6ee347be9edaaa67f4350bbe
2274,mb-dielectric-2275,Li2 Nd2 S4,LiNdS2,Li-Nd-S,I4_1/amd,141,8,2.492974194277456,eb0267b50efc58ebb36038df938cc57eae15854b4c260f7426d4eabf3a0d22e9
2275,mb-dielectric-2276,Li4 Ni2 B2 O8,Li2NiBO4,B-Li-Ni-O,C222_1,20,16,2.2763877086296174,26e5b8904d196eaa42cf22075dd97a375a438dc49cd9edebca088443e7032193
2276,mb-dielectric-2277,Cd2 I4,CdI2,Cd-I,R-3m,166,6,2.096699469801648,1354aff56c7cff0357649cfbde8cb5df74106dcd48b233811b0b765289be1b7c
2277,mb-dielectric-2278,Ca4 Cl8,CaCl2,Ca-Cl,Pbcn,60,12,1.669331203406522,d0d45908f308a1c60af5e9a51e48cf873b20541098fb29bf411d7cf5ab5221b2
2278,mb-dielectric-2279,Sr3 B3 P3 O15,SrBPO5,B-O-P-Sr,P3_121,152,24,1.6789643633303593,81f8911d20083c4f55b44f6773d017b4ef3138424a35789eef393b3725b09ff4
2279,mb-dielectric-2280,Rb2 Mn1 Cl6,Rb2MnCl6,Cl-Mn-Rb,Fm-3m,225,9,1.8002451684886358,4f993fe67c49f2d6f6d6c103be8dcc0a0c43ea333128dce7fadcf106c816248b
2280,mb-dielectric-2281,Cs1 Cu3 O2,CsCu3O2,Cs-Cu-O,P-3m1,164,6,2.1411467353620197,1dfb14aef83429e295f9d809a07c4410c1b21457c24d791a0c4d8167b2614e5b
2281,mb-dielectric-2282,Al2 Hg1 S4,Al2HgS4,Al-Hg-S,I-4,82,7,2.3882519409252727,b1d71f091011cecd510e37ccb56a5e0845c5c77906daa9eb22025b7058a7bd29
2282,mb-dielectric-2283,Mg1 S1,MgS,Mg-S,F-43m,216,2,2.0097676482618594,a9860b2d36e27a9842a5e05acca028b12dd37d42a9b8de11408e92408a74cb53
2283,mb-dielectric-2284,Sn3 P1 O4 F3,Sn3PO4F3,F-O-P-Sn,R3,146,11,1.862301264564893,fb82128da462f3cd2d768e96b1ddacd9d16d446741ff8792330942bff19b5679
2284,mb-dielectric-2285,Zn2 Ge1 Se4,Zn2GeSe4,Ge-Se-Zn,I-42m,121,7,2.748108197772909,f1248b0f7536de86c05632f7a25a2bbe5bf7cf4977ba72529ac070476a814ab4
2285,mb-dielectric-2286,Li2 Ta2 W2 O12,LiTaWO6,Li-O-Ta-W,Imma,74,18,2.1602005308149828,40c21aaa49b062777579bf78c248ee68bde67cb26e238ff34be69eb1a884b627
2286,mb-dielectric-2287,K2 Zr2 P2 C2 O14,KZrPCO7,C-K-O-P-Zr,P2_1,4,22,1.574671500133705,f5c13eb45e2e40f60ae8f7fd9806e1a04029bd293d5fc33068fee3cd15545942
2287,mb-dielectric-2288,Ga2 H6 N2 F6,GaH3NF3,F-Ga-H-N,Aem2,39,16,1.532795920314682,6d5037c8d2efb5e804c50a0b6815358ba81103378b59aedce3e37e00958a130d
2288,mb-dielectric-2289,K2 Pd1 O2,K2PdO2,K-O-Pd,Immm,71,5,2.0701010442327052,645a5476a11f4c2d7110641310a71876ee5948a9d76937f792177ed41785e688
2289,mb-dielectric-2290,Re6 Pb3 O24,Re2PbO8,O-Pb-Re,P31m,157,33,1.881257115158195,518f3bf84d32ee39bca2c746a5c98b935f5b0effb16e9d402b6b3b48b87d1139
2290,mb-dielectric-2291,B2 As1 P1,B2AsP,As-B-P,P-4m2,115,4,3.0917826573030647,834350b986f3cc12cc3a6764ca67eabd6f80fa12aa05d52051d5a1e7fadde4b8
2291,mb-dielectric-2292,Ca4 Si4 N8,CaSiN2,Ca-N-Si,Cmce,64,16,2.203103719755382,a5186cf989702d3ada1eafa2861f7620c7ed1d2fd9b790e158b5b91dcc742412
2292,mb-dielectric-2293,Nb3 S1 Br7,Nb3SBr7,Br-Nb-S,P3m1,156,11,2.4706043794990715,adfced921f0ed73554db9d843b7e919a441d7943e395060ec1ed197c502d216d
2293,mb-dielectric-2294,K1 V1 F3,KVF3,F-K-V,Pm-3m,221,5,1.5037163961332594,08cc923298c45fc43cf17cfb551d41885dd5e8dabc3b57f3a96e8791c9aab06b
2294,mb-dielectric-2295,Cu1 H4 Pb2 Cl2 O4,CuH4Pb2(ClO2)2,Cl-Cu-H-O-Pb,P4mm,99,13,2.0134313166002626,9c28b02e5a1cf7ca51bb497bd42853218b3ce56d7f543b3bcb309f40e498d044
2295,mb-dielectric-2296,Co8 P8 Se8,CoPSe,Co-P-Se,Pbca,61,24,4.927237224517069,a2a56f9091765d3567f61bc500857f2e50d7687fb4eb42ceecf404e4369d2898
2296,mb-dielectric-2297,K12 Mg2 O8,K6MgO4,K-Mg-O,P6_3mc,186,22,1.7892322375812462,64f6050ba5f126ff9893c7cae5ffe9a2d9cd0d7ec5689c0501622bbd3bb2ef2f
2299,mb-dielectric-2300,Li12 Ga4 Ge4 O20,Li3GaGeO5,Ga-Ge-Li-O,Pna2_1,33,40,1.7640212583753065,f2c8c69d75fbfbd48732e1a1f2fbc811c9cf654e69eba0e02e3d5beb9f60562e
2300,mb-dielectric-2301,Mn4 P4 O16,MnPO4,Mn-O-P,P2_1,4,24,2.1961818382517113,b62fd935f65f975726e16a267199cd1cd790caecf1e765aa8be0362cc118fd92
2301,mb-dielectric-2302,S8 Cl8 O16 F8,SClO2F,Cl-F-O-S,Pca2_1,29,40,1.4357344229812605,38b27878c13fbfa010bb88ebd52b0e58cfb8070cab177cb8e4bf99021b0f880c
2303,mb-dielectric-2304,Be4 B2 O6 F2,Be2BO3F,B-Be-F-O,R-3c,167,14,1.5107393597581473,cd9fe288ae24c6e3b87518e0d85db1f81c77c6abd33600480e9c7647b4e5401e
2305,mb-dielectric-2306,Na3 V1 H6 O7,Na3VH6O7,H-Na-O-V,R3,146,17,1.659284886128161,23bf24cdf664a5caa4139977d11e9004569055b7e8e8dd967f566355141c1de9
2308,mb-dielectric-2309,Cs2 Pb2 F6,CsPbF3,Cs-F-Pb,R3c,161,10,1.6988893430709526,2c39812535524412ead38834f42d7cfd1d79681ef0adcdeb1a112edd8b623f11
2309,mb-dielectric-2310,Li1 Mn2 P2 O8,LiMn2(PO4)2,Li-Mn-O-P,C2,5,13,2.4372058454987617,1864f56824fbd328fc8f0ce5c0e066810325533e1ff4dae497ea30b5b20578ae
2311,mb-dielectric-2312,In2 Cl2,InCl,Cl-In,Cmcm,63,4,2.4049255012901587,5405700765d73de8cde68c8697b59550e6f12ca60c4bbf2b0b1e07ac148dbe36
2312,mb-dielectric-2313,Sr2 Mg2 H8,SrMgH4,H-Mg-Sr,Cmc2_1,36,12,2.0398441933964793,2bc11374cb2f1d31275c4b31b52dc2ccc05c686233fb00f6734ebe526776937a
2313,mb-dielectric-2314,Rb2 P2 H4 O8,RbP(HO2)2,H-O-P-Rb,I-42d,122,16,1.5245182845738519,a4ca707edb5c5d4e328ad2cdda5c408bd9ca137df673ed050b3476de8ef150a0
2315,mb-dielectric-2316,Cs2 I2 O6,CsIO3,Cs-I-O,Pmn2_1,31,10,1.7905949662984462,0893a1d66495038b4b6044bab1cced37adf0eadc07b01dced0094a475685d8ba
2316,mb-dielectric-2317,As4 P4 O20,AsPO5,As-O-P,P2_12_12_1,19,28,1.8482066082196187,002ff3820c318f466f4ee8aa7536fb8f43b6c89c830f8c6145e172bdb5347e74
2317,mb-dielectric-2318,S4 Br4,SBr,Br-S,Aea2,41,8,1.8180614217713693,ce7785c5b8edd86e0ccc577eaca480cdfc43acb04b48b643a0c3016eb900ebce
2318,mb-dielectric-2319,Fe4 P4 O16,FePO4,Fe-O-P,Pc,7,24,1.7319377394506228,e379c98b069df5e77d19c665a8eabdce32005ed04005eb0fa4c44d39ccbd20e3
2319,mb-dielectric-2320,Fe4 As4 S4,FeAsS,As-Fe-S,P2_1/c,14,12,5.001766358493747,709cde27000a906ba282770ad3a24038cabd54d71ca241ad68d7af72f04299df
2320,mb-dielectric-2321,Yb2 Y4 S8,Yb(YS2)2,S-Y-Yb,I-42d,122,14,2.7818501637099966,590c7a975317b378e35ee0f6efd95b50a8001b142e744345e3a3760da849dd2b
2321,mb-dielectric-2322,Li2 Nb4 Zn1 O12,Li2Nb4ZnO12,Li-Nb-O-Zn,P1,1,19,2.3713515133779723,dd91fa6c5e639e6c1c7a604c2411294f2023a4c5831c002d2db920d42948d612
2322,mb-dielectric-2323,S28,S,S,P-1,2,28,1.8386589315766715,97a43599177e8e5e8b41d2acb77063af30d6f4ee8a4c28d6dff68ec22a4dcdd7
2323,mb-dielectric-2324,Na1 Te1 H6 O6 F1,NaTeH6O6F,F-H-Na-O-Te,R3,146,15,1.6217804002597482,7ba231e33e8454992a34c981806c8583f77fbad1cc85f3e06b87a6ab46ee39cd
2324,mb-dielectric-2325,Mg2 Ge2 P4,MgGeP2,Ge-Mg-P,I-42d,122,8,3.0874924561311343,1b6339370d18edf32d49c19f8037168f008f2634ae806d9cea0c88fe127b0a45
2325,mb-dielectric-2326,V2 O1 F7,V2OF7,F-O-V,P1,1,10,1.5847894707710128,6e092e188dec21fc5d6c3b6cf0768a77283e6f9301b8b9b525676cc6d7394b7b
2326,mb-dielectric-2327,P4 I4 Cl32,PICl8,Cl-I-P,Imma,74,40,1.749952380310495,290afcf33083358ac7c5ed3700e0468825745fb2814ee3074578256838d915e5
2327,mb-dielectric-2328,Li2 Mn4 O2 F6,LiMn2OF3,F-Li-Mn-O,R3m,160,14,1.6939817000192174,c8c6925bde0619a84d992d9be01c42f75046fa748ecc137e2375f6bf6deafe12
2329,mb-dielectric-2330,Li3 V1 O1 F5,Li3VOF5,F-Li-O-V,P1,1,10,1.4873154787513418,4ab11265fb7917b16f0365a44ed314a9c7e54363bbb2075d9a357e23500491a1
2331,mb-dielectric-2332,Li1 Y3 W1 O8,LiY3WO8,Li-O-W-Y,C222,21,13,2.035381946138529,eb4e64d87ef9419df940107b585ac39b7150a74ae4df951bffac5c8af69b885d
2332,mb-dielectric-2333,Li1 Ga1 As2 O7,LiGaAs2O7,As-Ga-Li-O,C2,5,11,1.892008016191616,b2986665eae466ca714fedca08455d1a9590d3f29fdac9743d73a33a8cfc2f5b
2333,mb-dielectric-2334,Cs1 Li2 Br3,CsLi2Br3,Br-Cs-Li,Cm,8,6,1.7140525042948356,b5285b5b42cec2a22bf3300060d15578e9528a31f7b7c74c365434245b569111
2334,mb-dielectric-2335,Cu6 I6,CuI,Cu-I,P3m1,156,12,2.3308237456601724,1219401687c94531b3dd101d96ef1f291bf7a46a92483ac0b109ca2842f16948
2335,mb-dielectric-2336,Ba3 I6,BaI2,Ba-I,P-62m,189,9,2.083934979791834,c510669d891d51ce11744c9d3a150345f3826a7df5b1cb61af75244a70899306
2336,mb-dielectric-2337,Be4 H8 Se4 O16,BeH2SeO4,Be-H-O-Se,P2_12_12_1,19,32,1.6987809354553831,6094be058d11bc928a6e227dbb0f2944abed377ff2d5cc4c66009b9003b38ea1
2337,mb-dielectric-2338,Rb1 Br1 O3,RbBrO3,Br-O-Rb,R3m,160,5,1.6462668880429645,20bb50fc40a668bf9c3b3ae0d64b129e98ed54142b02d6acff86688a4ad72469
2339,mb-dielectric-2340,Si6 O12,SiO2,O-Si,P6_522,179,18,1.4143314085932397,be11e276370bb590c7a21cfb6169d288447afa7941970ecd28032f4652ab8fd4
2340,mb-dielectric-2341,Tl1 N1 O2,TlNO2,N-O-Tl,P1,1,4,1.930354544291454,07386307a95a8aa7d9afb178209cb07770442ac998bcec87636c3655644f2a83
2341,mb-dielectric-2342,Ca3 Sb1 N1,Ca3SbN,Ca-N-Sb,Pm-3m,221,5,3.7214056484076,32f232cbc90521a016836acb73378681d383fc288b942d2bdfe4e34f6070f7d0
2343,mb-dielectric-2344,La2 Ta14 O38,LaTa7O19,La-O-Ta,P-6c2,188,54,2.3750652622612276,3e144ea74e683251cec2481e6ff002a24e16a401dc5ee2821fe516c0e7fb759b
2344,mb-dielectric-2345,Ba6 B12 O24,Ba(BO2)2,B-Ba-O,R-3c,167,42,1.6426604437055439,9bd5b99ef409df564f44562d0febed0113eee31317de01c7bfd0fde7b7d013a7
2345,mb-dielectric-2346,Li4 Si2 Ni1 O7,Li4Si2NiO7,Li-Ni-O-Si,P1,1,14,1.724855646133902,859a1632c062467b35ebbb7fc27e654b7e1e0c3d4e0be8354ce7ed88c2099203
2346,mb-dielectric-2347,Ti4 O8,TiO2,O-Ti,C2/m,12,12,2.4909837414162355,3ed6149311719bdeddc1827ddfa177d186f4a14d84ad57d2efe5452aa443edbd
2347,mb-dielectric-2348,Li4 Mn4 P4 O16,LiMnPO4,Li-Mn-O-P,Pna2_1,33,28,1.745217369460511,75a0be06868e7f740dd7d408c5ab4ee30b8c885d876ee00acae1498e56918932
2348,mb-dielectric-2349,Ho4 Ag4 Se8,HoAgSe2,Ag-Ho-Se,P2_12_12_1,19,16,2.9506319097214866,2f37b50d8a3b3387d6f618478bfb75407640075bd3d53631978ead17969c01bc
2349,mb-dielectric-2350,Al4 Se6,Al2Se3,Al-Se,Cc,9,10,2.434216437925491,4f4793e8230111ae67bbaf512f0a0c90e6cca773581f557df09d8032bb5bda84
2350,mb-dielectric-2351,K8 Mg8 O12,K2Mg2O3,K-Mg-O,P4_32_12,96,28,1.727618399222853,7a7ee753b7f80cc5bfb354064698511bfc56218579e1e0f866d7d196da2a7c32
2353,mb-dielectric-2354,Li1 Cr3 O4,LiCr3O4,Cr-Li-O,P-1,2,8,2.278064512554959,f1e7af9798569409bca304e667027567b6d95524d6c4fa732df653994c9024f1
2354,mb-dielectric-2355,Li2 V3 O4 F4,Li2V3(OF)4,F-Li-O-V,Pm,6,13,2.1865122912986332,9eb724344166871bee9bf0f6a737a20367a71c6a7d7c9fe0b8c5635133f89de1
2356,mb-dielectric-2357,Bi14 Te13 S8,Bi14Te13S8,Bi-S-Te,R-3,148,35,4.248686071400577,432d62bdda7a8486bcfabe4fdbe38a3ebbd0c13da5bc2709fcdfc639a4d11792
2357,mb-dielectric-2358,Cu2 P2 O8,CuPO4,Cu-O-P,Fdd2,43,12,5.245432302900093,37605f5a9280eb7d3001c55f6b861752850cde60e656b49a50a393b1f3340156
2358,mb-dielectric-2359,Ba8 Sb8 O20,Ba2Sb2O5,Ba-O-Sb,Pnma,62,36,1.9963722097845382,b10037b6064c55de2636176353484e144bdd5c6ba61f98ee6b036d81e4fa2e1e
2359,mb-dielectric-2360,Mn3 Sb6 O18,Mn(SbO3)2,Mn-O-Sb,P321,150,27,2.131139366629972,0c310c09db35ae111a79b8fc95778464bde71b613aa58708a9f5eed05dbf55e8
2360,mb-dielectric-2361,Li4 Ga4 Se8,LiGaSe2,Ga-Li-Se,Pna2_1,33,16,2.4021452218104273,f7f1f0f449d79ee0a906050433cc150be5266d95d5c7bab6dc7384e838c4cf79
2362,mb-dielectric-2363,Ba12 V24 N48,Ba(VN2)2,Ba-N-V,Pa-3,205,84,3.0520186762207078,b340aedd65ff8bfb5903b7e6b08df15975ee2e129fffe7b237006370873a2522
2363,mb-dielectric-2364,Zn5 S5,ZnS,S-Zn,R3m,160,10,2.4223955085845974,1d1a1d6e7103e39b2037a7cdeb25e4716724adb5c50007789dcc98c9d4fb0dd0
2364,mb-dielectric-2365,Mn1 Pt1 F6,MnPtF6,F-Mn-Pt,R-3,148,8,1.8435956715071935,8bed6ac8214dcd44c0005819981463427352eaab72e4835271c27258a7eb8a70
2365,mb-dielectric-2366,Cd2 Br4,CdBr2,Br-Cd,R-3m,166,6,1.8762221794517289,2f1595c3ec362bedb561f3dcb49bc00d950a7351ad52bfe4f02018dec6d08942
2366,mb-dielectric-2367,P8 N8 F16,PNF2,F-N-P,P2_1/c,14,32,1.4216187955988762,f726552f8944a51d8d513ba42c27e438f47aa6df5d48696b9420f00a107e1a25
2367,mb-dielectric-2368,Hf8 N8 O4,Hf2N2O,Hf-N-O,P1,1,20,2.8909354887302485,c314f9f470c221b07282d65cdc3bfb0f4545eaa4a30c09d334de729a871e1daf
2368,mb-dielectric-2369,V1 O2 F1,VO2F,F-O-V,P1,1,4,1.8050429102081444,a039bb2e273ce957924a9ccc576d823a47fd635539dbaadbbcf32d056803bf4a
2371,mb-dielectric-2372,Li16 Ta16 N32,LiTaN2,Li-N-Ta,P2_1/c,14,64,3.3076778359850363,1386f456202936842377b869102bd02275783395e4f5ea057e5edd0f69b0913c
2372,mb-dielectric-2373,K2 Li1 Al1 F6,K2LiAlF6,Al-F-K-Li,Fm-3m,225,10,1.4314328485821501,05b8a20c4397f6b6b7531dabd8e2235ba4ce8802cc11c284e70e06b42b4bd789
2376,mb-dielectric-2377,Ag8 Ge1 Te6,Ag8GeTe6,Ag-Ge-Te,P1,1,15,7.064418494587271,ccbd3610404b655b07158817f2d9542458a369c326a729def10291b15925baed
2377,mb-dielectric-2378,Hg6 Te4 Br4,Hg3(TeBr)2,Br-Hg-Te,I2_13,199,14,2.618785787344967,ff1531d110d2db5a935a3632a16c7c5b7e5b4d521d4980f00e501f1e76c73f11
2379,mb-dielectric-2380,Sc4 C6 N12,Sc2(CN2)3,C-N-Sc,R-3c,167,22,2.1630725061048386,6315eb12d7dc1ed0d9b0b813b553090d964015039b5cc20346ba12c090e63456
2380,mb-dielectric-2381,Na1 Fe5 O8,NaFe5O8,Fe-Na-O,R-3m,166,14,2.3146300640347137,1a22890b1d0943c7478f909aceef37e20839bb6bf2ef18b7ba1465a7d0b4cba2
2382,mb-dielectric-2383,Cs8 S4,Cs2S,Cs-S,Pnma,62,12,1.9800673389222567,b5d8ff36b4555c7cf6d85df34beb942820df08b6d8b7aafa1a6e82eb5f1b4c1d
2384,mb-dielectric-2385,Te4 F16,TeF4,F-Te,P2_12_12_1,19,20,1.6102794788483148,091bc056081645e031af6eb2abaf1f403ba3cfc86f41ca8d8d0bb1769f0bc8bb
2386,mb-dielectric-2387,Na8 Mn8 O12,Na2Mn2O3,Mn-Na-O,P4_32_12,96,28,2.109023391683143,566ff26c5204e3fa4802d83fe7ae09421b1a8ea799248a26e79fd55c062814d8
2387,mb-dielectric-2388,Li2 Sn1 N2,Li2SnN2,Li-N-Sn,P-3m1,164,5,2.5315980460307386,dbaa95f12b93a787702133a02c9255046962c0cc17a024ab5bd1ba24b1dc2a9f
2388,mb-dielectric-2389,Cs2 Ni2 F6,CsNiF3,Cs-F-Ni,P6_3/mmc,194,10,1.5185317470065116,41bfafc4edc4ced554f687fcd2ccc032d154fb8df3aaa4a4ef1578a3a558d298
2391,mb-dielectric-2392,La6 Si2 Ag2 S14,La3SiAgS7,Ag-La-S-Si,P6_3,173,24,2.6632711715732813,1d8cc1e96e387287088a20ebe4682f27fca9645b40ab1f242805d4243648ed4f
2392,mb-dielectric-2393,Na6 Sn2 P2 C2 O14,Na3SnPCO7,C-Na-O-P-Sn,P2_1,4,26,1.726083717552541,79173ff6cf5f0571c0a25ddb8e82358cfa46b52120eee10bde4ea5a874b81d30
2394,mb-dielectric-2395,W4 O12,WO3,O-W,P-42_1m,113,16,2.5315358315984127,cdca8d13700e6a8b6f4930f9a16bc98e7b1b6f404ee5e42a162dde6f9fc658c6
2395,mb-dielectric-2396,V2 Zn4 N6,VZn2N3,N-V-Zn,Cmc2_1,36,12,3.0020956014091222,cbd56d82fa349130f8738c7e136268006ee657c2ef21166a1ee76c235472ce28
2396,mb-dielectric-2397,Rb1 Sn1 F3,RbSnF3,F-Rb-Sn,P1,1,5,1.6436277964713706,ece7ee94bb506f8b24df54f5a9aca75b4dddc2b693dea0bf683b48a8479953c4
2398,mb-dielectric-2399,Cs2 Mn1 F6,Cs2MnF6,Cs-F-Mn,Fm-3m,225,9,1.483251383504044,fc82733596368f59294acf2bb07b7821642550c687966d7f3145b8468c1a126b
2399,mb-dielectric-2400,H6 Pb1 C1 N1 Cl3,H6PbCNCl3,C-Cl-H-N-Pb,Pm,6,12,1.8955888268998442,90f6ec6bad0bd66c3e12b121a9dcbef9f7ceb14a9e58ff0a0aa3955c93bb4f44
2400,mb-dielectric-2401,Sr2 W2 N6,SrWN3,N-Sr-W,P1,1,10,2.8531029891447433,8b5b214f569229fc251eabcac254b8b144e38c8c0429c06f0e18e5340e6da92c
2402,mb-dielectric-2403,Ca2 B5 Os3,Ca2B5Os3,B-Ca-Os,C2,5,10,1.000000048724702,ca645329935f4b55f008dd0d65f757890ffbec007a6d8662c940e78f0f3f2a6e
2403,mb-dielectric-2404,Rb2 Ta2 Ge6 O18,RbTa(GeO3)3,Ge-O-Rb-Ta,P-6c2,188,28,1.7970435906417697,ad7f2d7659c9a6b9cc2b42f14628a64a861ca3c15dfaba890a071c43560f38cc
2404,mb-dielectric-2405,Li1 Mn3 Cr1 O8,LiMn3CrO8,Cr-Li-Mn-O,R3m,160,13,2.6862674848197767,ac034bb0caae2cf6f68ac6d178f6491d2c9c56beac82a75f2fd173f3a64bc707
2405,mb-dielectric-2406,B2 Cl2 O4 F8,BCl(OF2)2,B-Cl-F-O,Cc,9,16,1.5517731793028926,47efe2b75034acf52c98a0b9f5b219037cd73ef429f7df70dad84266f3e49968
2406,mb-dielectric-2407,N6 O12,NO2,N-O,Im-3,204,18,1.3996428115773236,4e823857088864130d6baaa53c2e0599331536cfc6f9041e9b8eaee742ee4269
2407,mb-dielectric-2408,Ba2 Ca4 I12,BaCa2I6,Ba-Ca-I,Pc,7,18,1.9055308971517622,cc29941ae383bf825f3164c764e4d6d60ca3b4db589bf67064ab40a876256fbd
2408,mb-dielectric-2409,Hf4 Ti4 O16,HfTiO4,Hf-O-Ti,P1,1,24,2.430172147537426,6f2cd8445e2dd4c1b1feea124508b3a5c8c45cdffb84cecafdc952bbb657c7a2
2409,mb-dielectric-2410,Ge1 Pb3 O5,GePb3O5,Ge-O-Pb,P2,3,9,2.554288485403845,8265151e329e90cf5cd09be1a3429d7114081d4d10449cca51ba3ce64728f9bd
2410,mb-dielectric-2411,Sr4 Zn2 Ge4 O14,Sr2ZnGe2O7,Ge-O-Sr-Zn,P-42_1m,113,24,1.7971208455007508,06e662056934c2b79175e1b7ec2a9579e4ca382cdf1ab54d6cb50ce1b01f1325
2411,mb-dielectric-2412,Si12 O24,SiO2,O-Si,Cm,8,36,1.3890044396398005,de65cfad5db00e0d2136d689cd13013787f480d312a512ddc2ced315a3f58e6d
2412,mb-dielectric-2413,Ti8 Br32,TiBr4,Br-Ti,Pa-3,205,40,1.6024980499208101,9d7b596b720d99cea35f076bb2377ef284429f158180b94bf58464377337a0c3
2413,mb-dielectric-2414,Si16 Ru8,Si2Ru,Ru-Si,Cmce,64,24,4.485495141750542,8f507198f9573fb106def084b10af0386488bd9c75e4688e44427faa75db69c2
2414,mb-dielectric-2415,Mg1 Te1 H12 O9,MgTe(H4O3)3,H-Mg-O-Te,R3,146,23,1.607132332240672,fd3ae266e8bb413fa2883876ad606fb3293149b9e0149cde57137442300cd3d7
2415,mb-dielectric-2416,Ge2 Se4,GeSe2,Ge-Se,I-42d,122,6,2.6719374368923137,e507c2a043afe0237a410888dc420397b7abcc8ed8865246049a942bf9315094
2416,mb-dielectric-2417,Na8 Al6 Ge6 Cl2 O24,Na4Al3Ge3ClO12,Al-Cl-Ge-Na-O,P-43n,218,46,1.5586231103124317,849b0068f83788ff84a857fa16e0c8d61598530bdaeef58c2fcb1e00ce5a3def
2417,mb-dielectric-2418,Ti4 Zn4 N8,TiZnN2,N-Ti-Zn,Pna2_1,33,16,2.8148240323923153,5e0b3ebb8395d8601ebb7dcdee7ea89dc4db1d5d28bcd905eb7116afd4c3d52b
2418,mb-dielectric-2419,Sr8 Cl12 O2,Sr4Cl6O,Cl-O-Sr,P6_3mc,186,22,1.7441666587036162,8a1bfb14fe6b8ca88fb5dd688b8734376d313bb72939f1f0d71f32b51be11986
2420,mb-dielectric-2421,K2 Mn2 F6,KMnF3,F-K-Mn,I4/mcm,140,10,1.4940828848047998,3f68b23012267cb9b4cb935c7f85848d5044b7191a3219ae16b10109a743a7ab
2421,mb-dielectric-2422,Cs2 Zr1 Tl1 O1 F5,Cs2ZrTlOF5,Cs-F-O-Tl-Zr,I4mm,107,10,1.653880688965602,30b7ec1275a79b476e7945705f000e1ef57bce2818a2e07365770a893819454f
2422,mb-dielectric-2423,Bi4 O8,BiO2,Bi-O,C2/c,15,12,2.7660441066606336,9b5d279886c735c9ee460a596094ec04a4c331642041216c1d1b78e72ac206e9
2423,mb-dielectric-2424,Na8 Al6 Ge6 Br2 O24,Na4Al3Ge3BrO12,Al-Br-Ge-Na-O,P-43n,218,46,1.5728086342591074,bc64d089c886df7f6c7ba4b5b174f66373ad62822718276e82d29c9ec2690c10
2424,mb-dielectric-2425,V2 F8,VF4,F-V,P2_1/c,14,10,1.6143109985377662,ea2836a141c02bb29e70161100b78bae38dd0f51979d19e007354bb98d7e5ec0
2425,mb-dielectric-2426,Rb2 N2 O6,RbNO3,N-O-Rb,R-3c,167,10,1.4590970952384603,87f6e99f605f0bfadf3b6e39351e4fa9f1713010583912ef43dc1bea991bca7f
2426,mb-dielectric-2427,S24,S,S,Pnnm,58,24,1.7454703282114727,291a856b12de44512dc41be4592b10d8ca30c3e30946a096175865f0e38670b7
2427,mb-dielectric-2428,Li8 Mn4 O8 F4,Li2MnO2F,F-Li-Mn-O,C2/c,15,24,2.042872650623789,d8b02dfb567e22e9b4707d28324ca76ebad1c1e340ca2f6185cd3694bc7bd0c5
2429,mb-dielectric-2430,Hg2 Br4,HgBr2,Br-Hg,Cmc2_1,36,6,1.8669381350221543,157a2ed14c65094a92f8782a6483ca12219f666713f482d6677de2b383446a82
2431,mb-dielectric-2432,Li8 Co2 O8,Li4CoO4,Co-Li-O,P4_22_12,94,18,2.048992028616347,4ac9c29d7425acb33ec773094cd3b1a6f4e1fcfe8a66984a193f153b8ca5932c
2433,mb-dielectric-2434,Al11 N1 O15,Al11NO15,Al-N-O,P1,1,27,1.8111023346753952,6b0a026bf86d3436755b9f167b58a93b356cf68c82667b5a184df523687aca67
2434,mb-dielectric-2435,Rb2 S2,RbS,Rb-S,Immm,71,4,1.6841417200691213,237921d37fc1e4c62471abc1a5ffb59079e70d9262db807948d9cb10b02f9e23
2435,mb-dielectric-2436,Li8 Ni1 O5 F1,Li8NiO5F,F-Li-Ni-O,P1,1,15,1.9807551590239516,0c6b73259263236171954b90828c48e6821a70dcdb8b1afc554864bdffabe7be
2436,mb-dielectric-2437,K8 P12,K2P3,K-P,Fddd,70,20,2.1770009952561935,42cba6f16828c3e6cd3d45ad6807e98de7c478e9942ae4f4e9d46014b6a4044d
2437,mb-dielectric-2438,V4 O4 F12,VOF3,F-O-V,P2_12_12_1,19,20,1.6036385710834802,1bb468ec2909d4b25bcbb8d0436ec13a3a72e9961ae02e7202aef34aa0befb6d
2438,mb-dielectric-2439,Tb8 Ti8 O28,Tb2Ti2O7,O-Tb-Ti,P4_12_12,92,44,2.0822415806049017,1be628b7dc79604a2bbb44e1ea1af1f32c90b783999d3210d6b35dd714f7e27e
2439,mb-dielectric-2440,K4 Li2 B2 O6,K2LiBO3,B-K-Li-O,C2,5,14,1.5989401698208305,7c886f73ddcb6edabaaac83eca636200e8e4bc743a7e09602d1eb18c8d6adf1e
2440,mb-dielectric-2441,Ir4 Cl12,IrCl3,Cl-Ir,Fddd,70,16,2.183727699915078,3bf34caab99c407b1ff87638d7479b6778c2aaeb5323924fc7dda47e1a63f294
2442,mb-dielectric-2443,Rb2 Mn1 F6,Rb2MnF6,F-Mn-Rb,Fm-3m,225,9,1.4688906244736744,a15709aa7d0416689311295c77876f5548da364a23ba1514af71db043afd002a
2443,mb-dielectric-2444,Ga1 As1,GaAs,As-Ga,F-43m,216,2,3.852321507870285,1df2a10e72fa6bc0692dea5e685640090b7bb72c4bc2441f6cd49822700a319c
2444,mb-dielectric-2445,Li1 Sb1 Te2 W1 O12,LiSbTe2WO12,Li-O-Sb-Te-W,P1,1,17,2.2972195512546616,f8c18e6f7addec5d2d48096023a93e3155580a0266793f3fb3464a1e15ba5551
2445,mb-dielectric-2446,Re6 Se8 Cl2,Re3Se4Cl,Cl-Re-Se,P-1,2,16,3.084207083406258,f9924ee4c336e94c8f09a999ab2514252b4f82deba2380d3e77565c82d6f621b
2446,mb-dielectric-2447,Zn4 S4,ZnS,S-Zn,R3m,160,8,2.427138232564806,6519e1ccbab8b06042d394578015d608db109880f3be14ef78e447fc3ec4c73c
2447,mb-dielectric-2448,Li4 Cr2 O8,Li2CrO4,Cr-Li-O,P1,1,14,1.7395662294568341,6dd52555c975943f89632c8fc225ee47ba573cdd767601057fd1994e84b448cd
2448,mb-dielectric-2449,Si4 Os4,SiOs,Os-Si,P2_13,198,8,4.89393645238677,fa9088f9da079df1bd786a0e872c7d50990c1d1af4aa216d69b6ee23ee196813
2449,mb-dielectric-2450,Li2 B2 H8,LiBH4,B-H-Li,P1,1,12,1.7374124438370988,e85081b7c356dfac10eee5184e2f16b0e9b91c52bcea7f542651723e53fe1e42
2450,mb-dielectric-2451,Al1 P1 O4,AlPO4,Al-O-P,I-4,82,6,1.4615943349643907,560d7363f5fe17d54541cd613857afa095d1d07edd5296938b6322df4955f743
2451,mb-dielectric-2452,B8 F24,BF3,B-F,P2_1/c,14,32,1.2747548783981961,34664222ca0d3d857820e0d63e37384643b5140274bd76519e736c8e181f1922
2452,mb-dielectric-2453,Mg1 Cl2,MgCl2,Cl-Mg,P-3m1,164,3,1.6233709783451777,6105abc71b982fc64fb17b0e5f73eaa8d0b514bbc34e9464bfa3c2bd68870a59
2453,mb-dielectric-2454,Ca1 Sn1 F6,CaSnF6,Ca-F-Sn,Fm-3m,225,8,1.3750826641817937,b9b714410c49ab9ef070dca74d3cbde7d2ad7fa6df495cf2afcebe0c85feab0f
2454,mb-dielectric-2455,Pt6 Cl12,PtCl2,Cl-Pt,R-3m,166,18,1.788789721198846,004b012be96c53ade1dbeddd502bcdb6a33193dceb7c53fe1bf240e55e567d96
2455,mb-dielectric-2456,Cd1 Br2,CdBr2,Br-Cd,R-3m,166,3,1.8809529499697786,a225d927c6d3eb7b8e5431a3d1ec7d5d5365747b9514accdcf3b476780de4db6
2456,mb-dielectric-2457,Y4 Be4 Si2 O14,Y2Be2SiO7,Be-O-Si-Y,P-42_1m,113,24,1.901352676385946,4c2bde00d47c351700521d68df054570e9607fa62d016f9256a0bba78e57aadd
2457,mb-dielectric-2458,K4 Tc4 Cl12,KTcCl3,Cl-K-Tc,Cc,9,20,1.8704099372419227,a2afbeb3df8a0091167bdfdcff338fbe5e6a8c4d23c785f69f7632b2424fb44f
2460,mb-dielectric-2461,Zn6 B2 P2 O14,Zn3BPO7,B-O-P-Zn,Cm,8,24,1.8017054883267318,46f19567ee550d965d3daec663ab3537fae54c34bc6b84d76f62acbe88201d02
2461,mb-dielectric-2462,Ca4 Ta4 N4 O8,CaTaNO2,Ca-N-O-Ta,Pmc2_1,26,20,2.6225830778070693,a4c5a25433ddbea10f6ffae68c72718117579bf622045b6b08b6ee0aee109c30
2462,mb-dielectric-2463,Nb4 Co2 O12,Nb2CoO6,Co-Nb-O,P4_2/mnm,136,18,2.784912925030152,605dabd1d246a08235e6a89284642dfa8fc533152287c03e1e20441907746bf3
2463,mb-dielectric-2464,Cu1 Br1,CuBr,Br-Cu,F-43m,216,2,2.501834127195485,dfd87e9fccb50326cf42a6b06babc62b94766eeb172b6c17db486e1ef9e37090
2464,mb-dielectric-2465,Sr2 Li8 N4,SrLi4N2,Li-N-Sr,I4_1/amd,141,14,2.5662395965043228,24d1466259a790a3a617372bfaf08311388d083cbc86fb33762108efe89a3e69
2465,mb-dielectric-2466,Nb4 S12,NbS3,Nb-S,P-1,2,16,3.067137644993021,af310d97438db5e19836f8670d3e53e8a960ec49b56475237e47892b2b25cdf6
2466,mb-dielectric-2467,Hg8 I16,HgI2,Hg-I,P4_2/nmc,137,24,2.2201351310224338,db1d90a2f4e6c99fc6ab2e61bfe46bc237ec42bc9c205b606a66ba75330180f6
2467,mb-dielectric-2468,Cs1 Cd1 N3 O6,CsCd(NO2)3,Cd-Cs-N-O,R3,146,11,1.7254279662352396,2d7836682847c43276a9f128cb4aed6c42971f18fb3daf759761bb5b6fca2c39
2468,mb-dielectric-2469,Na2 Fe2 P4 O14,NaFeP2O7,Fe-Na-O-P,P2_1,4,22,1.7715873296754714,00f98cd244c68fe01fa5eea9bafd3268293449ba835556edf86c312a8f95979a
2469,mb-dielectric-2470,Na4 Mg2 Al2 F14,Na2MgAlF7,Al-F-Mg-Na,Ima2,46,22,1.3766949553187156,8ab71109502c086519e864634447962f5974e232faf5d10558f5310bbcf38d00
2470,mb-dielectric-2471,Sm6 Cu2 Si2 S14,Sm3CuSiS7,Cu-S-Si-Sm,P6_3,173,24,2.735602919528587,5133199e9c3dba06144165ff096a6c18f0bfc5f62c8942cb7bfa7b516e740cbc
2472,mb-dielectric-2473,Li2 Co2 P2 O8,LiCoPO4,Co-Li-O-P,Cc,9,14,1.5781389883868489,1613d8c2ad84510fda3d57c52709da02f0288447cf2351871061e110433fe9c8
2473,mb-dielectric-2474,Mn6 O3 F9,Mn2OF3,F-Mn-O,Amm2,38,18,2.9777868179796436,b8616ef89b5f862429193856bea2fab52ad2f34fbd88c655d23ca85f8731d881
2474,mb-dielectric-2475,Li6 Sb2 S8,Li3SbS4,Li-S-Sb,Pmn2_1,31,16,2.0955808264058917,0acf45c6d06fb16d9cb1d290c9952c90591d5f991b19255a25ec46985796d2e6
2476,mb-dielectric-2477,K6 I2 O10,K3IO5,I-K-O,P4/nmm,129,18,1.6456675443924471,0588acfcb20fdd274376b383c0e38949580df3c95dd0470ae75d5b6dc59adacb
2477,mb-dielectric-2478,Li3 Fe2 Si2 O8,Li3Fe2(SiO4)2,Fe-Li-O-Si,P1,1,15,1.786325931439538,65aafa106e0f58804b61ef465752ef65bf16476cab86608acfb6bef865fa616c
2478,mb-dielectric-2479,Si4 P4 N12,SiPN3,N-P-Si,Cc,9,20,2.051411465308703,b65d7ab8496345e29383639f95c9d53a26649c0b8f4d46d4e5e794dc8e07fea5
2479,mb-dielectric-2480,Ce5 Zr3 O16,Ce5Zr3O16,Ce-O-Zr,C222,21,24,2.6837121678749383,6e74c3235c560a172470680b0bc57cd6e7f18279a533089484b4185f1c74204d
2480,mb-dielectric-2481,Li2 Fe2 C4 O12,LiFe(CO3)2,C-Fe-Li-O,P2_1,4,20,1.7620916548238914,f929a30ca0760f0ba73b39aee1d5d58852669c0e731473b0a26dcccabd24de8c
2481,mb-dielectric-2482,In2 Ag2 O4,InAgO2,Ag-In-O,P6_3/mmc,194,8,2.3648047135722026,6d115adef4e85ca8923c495cc644e37432882bd3710757545e4ca24d6ca50a69
2482,mb-dielectric-2483,Cr8 Te24,CrTe3,Cr-Te,P2_1/c,14,32,4.561286368266449,64f051257f12b3cd2811ae621a8865672613fa285b6182ca63adec1efbc97461
2483,mb-dielectric-2484,P8 O20,P2O5,O-P,R3c,161,28,1.4701473848981694,bf2529bc3ccafc400ef3b241f0464b5c9f8c3ebac264817d7bc3f4fd50dbdbb1
2484,mb-dielectric-2485,Lu6 Al2 O12,Lu3AlO6,Al-Lu-O,Cmc2_1,36,20,1.9649097519563927,516041d22788cc12ffeeaefd692315574469ea190992b78b00e2d760f7589081
2485,mb-dielectric-2486,Na4 Pt2 Se4,Na2PtSe2,Na-Pt-Se,Cmc2_1,36,10,2.736645696224973,aba92cd677a48262bb1c9b10c1408faae9d5cc8680ff5ba274d0bd201d0b6ea2
2488,mb-dielectric-2489,S12 O36,SO3,O-S,Pna2_1,33,48,1.4498373471991033,c32554fc4fd77e87bfe1f562f99ed4a1d894f0031343ce4011914ba67ee299a3
2489,mb-dielectric-2490,Sr4 Re4 N12,SrReN3,N-Re-Sr,C2/c,15,20,2.4344816012175294,37d94b3e1baddf5aad4797c51a82df496930aea4677e013fcb13aac16ff16e8a
2491,mb-dielectric-2492,P8 Cl8 O8 F16,PClOF2,Cl-F-O-P,Pnma,62,40,1.4034481346550243,a92721a6db045a81670bae9967c17e1f9197aae2df014b130b4f530617aadac4
2494,mb-dielectric-2495,K4 P4 H8 O16,KP(HO2)2,H-K-O-P,P2_12_12_1,19,32,1.4834969947166503,0bbd6b3185e5fba99bdd450093e404c05aeb61077e0a4c30bb78ac6aab5d4269
2495,mb-dielectric-2496,Mn8 Be6 Si6 S2 O24,Mn4Be3Si3SO12,Be-Mn-O-S-Si,P-43n,218,46,1.7729813873811533,2f7da029d15df5078d17a1a24d861c558b42cc021e58aaa087d29107c8f044d2
2498,mb-dielectric-2499,Ga8 Cl16,GaCl2,Cl-Ga,Pnna,52,24,1.7961996919422218,60892300b100cd230e01b492f4600a8e69a13872c34ef44ef7f3c185ce09c295
2499,mb-dielectric-2500,Mn1 Sn1 F6,MnSnF6,F-Mn-Sn,R-3,148,8,1.4881220828054744,04a5cd53604cbbc6daac30c5223f775918a5264236d41e4b99d72dfdbd77053b
2501,mb-dielectric-2502,Mn2 H2 O4,MnHO2,H-Mn-O,Pmn2_1,31,8,2.533982109907908,5a6d4105ac9d7d06ef9d83ca54f8b511b5beddd1b9759407d1a60e50247974d7
2502,mb-dielectric-2503,H16 Pt2 O12,H8PtO6,H-O-Pt,P1,1,30,1.9166947244323145,51e19f7cfdc89a637c8bc2489bfa291e1c82bc0df682d70ebce56950bd411d26
2503,mb-dielectric-2504,K4 V2 P4 O16,K2V(PO4)2,K-O-P-V,P4bm,100,26,1.629952146536824,6680676ebc04e3a92f27982debfa071cc9b3548fa1a69f1dacbf05dc2be15572
2504,mb-dielectric-2505,Ni1 Pt1 F6,NiPtF6,F-Ni-Pt,R-3,148,8,1.7947444572046152,b64d079c99b35bc911999cf91175d7c5207cc0af1a6a0037760cbf60864c7ce3
2505,mb-dielectric-2506,Cr1 Hg1 F6,CrHgF6,Cr-F-Hg,R-3,148,8,1.7870887871992747,d51f6991657ba831899ddd5b3aecaae459665ae3361eedde6b90174d418bacf7
2506,mb-dielectric-2507,Mg2 Mn3 O8,Mg2Mn3O8,Mg-Mn-O,R3m,160,13,2.3803216869434536,0a4a2b65622d995b077de5a87901970e15515f6c9a006661d4d05c80d69d0a90
2507,mb-dielectric-2508,Cu2 I2,CuI,Cu-I,P3m1,156,4,2.3370922104404004,beba2be261ce8e38b333ebf722bc915c15edea3d48e95b893350792aaae4e4ae
2508,mb-dielectric-2509,Ga2 Te2 I14,GaTeI7,Ga-I-Te,Pc,7,18,2.1583126125131487,a82743d0e13c6d509f234000eb493ffa1cedd1cad42e9d6f23ffd1a7aef1a364
2510,mb-dielectric-2511,Na2 Sn2 N2,NaSnN,N-Na-Sn,P6_3mc,186,6,2.9062683404439142,47cc60f3ef0db3f186cb38bc12c022c87436c780cb9afe784a26575e6697d735
2511,mb-dielectric-2512,Li1 Fe1 As2 O7,LiFeAs2O7,As-Fe-Li-O,C2,5,11,1.9911811402615616,62364c3f6e8bcc227189345aec812532f71a0aa6378a285bf384984826f3e750
2513,mb-dielectric-2514,Si6 O12,SiO2,O-Si,P6_3/mmc,194,18,1.3531444860028823,4d85c851a16e51d3bae0bd5511de82246d4db18f021641bf9255b22c92d4e5b6
2514,mb-dielectric-2515,V2 F6,VF3,F-V,R-3c,167,8,1.6400203250778433,8f0870168221761ec00ee5b51c6489a397b6aba7b682bd3fba9df7b58dc701ff
2515,mb-dielectric-2516,Li4 H12 C4 O12,LiH3CO3,C-H-Li-O,Pna2_1,33,32,1.464727164582765,868afd8b745f306caf4d64acb19f917ab4c750d3d15af0b0ec3d9c76cf5a6e6b
2516,mb-dielectric-2517,Ag1 H4 W1 S4 N1,AgH4WS4N,Ag-H-N-S-W,I-4,82,11,2.199353844503729,18f103670e75745aad30459bc6563e1c09ac8803c96d188d45f6cbb32e9efdd6
2517,mb-dielectric-2518,In6 Ga6 Se18,InGaSe3,Ga-In-Se,P6_1,169,30,2.677750237294985,3829ed27020cff3b98eaa08a309688d6219bdfc6effaf31fac57cc371d6d9296
2518,mb-dielectric-2519,Li1 Si1 B1 O4,LiSiBO4,B-Li-O-Si,I-4,82,7,1.6440255472467575,06c515177856294dbae62e2c15e47abf1b7f151f4980aa747eb5ea9adb6b920b
2519,mb-dielectric-2520,Sr4 Ta4 N4 O8,SrTaNO2,N-O-Sr-Ta,C2/m,12,20,2.673325020768456,69304f961e3fd14dd8c757da1e20959fefb9f4544df92525e7d40fee0fdcaafd
2521,mb-dielectric-2522,In10 S10 Br2,In5S5Br,Br-In-S,Pmn2_1,31,22,2.884475977827978,df083b00a8a3b051642b81dadc22621768654317569259af2680eb4dd65d5074
2522,mb-dielectric-2523,Sr2 Ti2 N4,SrTiN2,N-Sr-Ti,P4/nmm,129,8,3.006580560481735,34b0bcb7e1de1dbef6e900cfe5849b5b15992cad3ed7e185fa5503cb456c4f93
2523,mb-dielectric-2524,Ho8 Ag8 S16,HoAgS2,Ag-Ho-S,P2_1,4,32,2.6694080914075644,9539a607f2002afb88f9896365ea9d643ddf7f666b37470d74ed8a4193faba2f
2524,mb-dielectric-2525,Mg2 H4 S2 O10,MgH2SO5,H-Mg-O-S,C2/c,15,18,1.5597008260114076,a7553aff87435ff2b5cf9f7a6172db1581160275428b4eec0667a901756e4662
2525,mb-dielectric-2526,Ca16 C4 N16,Ca4CN4,C-Ca-N,Pnma,62,36,2.225551916566615,03d23301ac6af69b7f507cf0edd4dfbfbea6d2b3128ad78383bc253f55fff03d
2526,mb-dielectric-2527,Si1 H8,SiH8,H-Si,I-4m2,119,9,1.4877192835567692,20daa96ade2e8b18d85aa357b3198950637554317f976a83f21fb4e0ac8f353b
2527,mb-dielectric-2528,Li3 Cu3 P2 O8,Li3Cu3(PO4)2,Cu-Li-O-P,P1,1,16,1.901043310044952,fa9a4c4380e5e0d97b44808317e3324a5f8f3b10306d170686785bf5a9ddf707
2528,mb-dielectric-2529,Cr2 Ag1 Bi1 O8,Cr2AgBiO8,Ag-Bi-Cr-O,I-4,82,12,2.6847562893740156,89292f9ddee347f07bf23c574bb66dd2f5be84e16a2b9a19533bc58cc6242c05
2530,mb-dielectric-2531,Ca18 B12 N24,Ca3(BN2)2,B-Ca-N,Pnnm,58,54,2.0551391680370457,f33eb2b7977702914866c8c0ff5093503d47202e1bfd332f305f118c1bc09377
2531,mb-dielectric-2532,Fe2 Sb2 As2,FeSbAs,As-Fe-Sb,Pmn2_1,31,6,6.116742624414838,f1c6f92591aa3c4b03d7db2eadb9da9e7d611d2fb3cdfced3fc228b36da03f41
2532,mb-dielectric-2533,Fe4 P4 O16,FePO4,Fe-O-P,Pna2_1,33,24,1.7127534362345718,74570a3dd91df84b63bd9701d4be9a5ee7516ba714fa3ca8d1223c3532626f75
2533,mb-dielectric-2534,Tb2 Ag2 Te4,TbAgTe2,Ag-Tb-Te,P-42_1m,113,8,3.357938554133076,11fad9a96e924f8f6df6a534ca0e6bb4a9af557ce1f51f5cfb2bb707ee75bfe4
2534,mb-dielectric-2535,Li2 Mn2 P4 O14,LiMnP2O7,Li-Mn-O-P,Cc,9,22,1.6942994819864101,bb5b18f1b8633ccc954658e68e52cd835ba52e2315c46cef76993924197c9c10
2535,mb-dielectric-2536,Hg1 Sb2 O6,Hg(SbO3)2,Hg-O-Sb,P-31m,162,9,2.2810123404977705,f15cc9bfa3dd779cf0b0c68f3f4a952151e5cbe11e0ae45426eb19af0d238842
2536,mb-dielectric-2537,Ca4 W2 N4,Ca2WN2,Ca-N-W,P-1,2,10,3.2090245142929867,ed7b7ad0b060ebb0b791d34f1370af9e7e9ef4ec5e092e4664537dbbc809174e
2537,mb-dielectric-2538,Li4 V1 Cr1 Te2 O12,Li4VCr(TeO6)2,Cr-Li-O-Te-V,P1,1,20,2.4621642241464454,631988d52e11f1b864e167afc8add47599e1098215de1b256a3ce3ef69720c81
2538,mb-dielectric-2539,Er6 Ga2 S12,Er3GaS6,Er-Ga-S,Cmc2_1,36,20,2.5618520644252665,699e07c68414bd7174261c154c71cf7ff7a3ef1ba33e2ee99c4faa96c2aa8d28
2540,mb-dielectric-2541,W4 O12,WO3,O-W,Im-3,204,16,2.7291634861807963,a9a4b664fddd42aa8c0ad13232f7f57d74bbb63f991e48b32283177bea3c1909
2543,mb-dielectric-2544,V1 Cu3 O4,VCu3O4,Cu-O-V,I-42m,121,8,3.384514736265747,2d566d96b23646c230473372d1fecac145ab4720f7145c555b040bbd78f30334
2546,mb-dielectric-2547,Li24 V8 S32,Li3VS4,Li-S-V,P-42_1c,114,64,2.609320792850124,59921950c4b5df62f33bf2ae9367e0a3d8708d76e92930436942ed1ff8b7fc76
2547,mb-dielectric-2548,Li2 Mn3 Ni1 O8,Li2Mn3NiO8,Li-Mn-Ni-O,R3m,160,14,2.5195860109682036,5532e082098250925c31f3d42d20be6c7ea1d9fcddba17ad2c3c0633d3d26934
2549,mb-dielectric-2550,Be2 Zn2 O4,BeZnO2,Be-O-Zn,I-42d,122,8,1.9639809062208315,54269fc89a86462933ad2ca44668b6240f5269a70cad62243900290e3cc8974a
2551,mb-dielectric-2552,Cd8 Ge2 S12,Cd4GeS6,Cd-Ge-S,Cc,9,22,2.46400209686058,16c4406d1c4adf47f8215e5a7e26d2435e603d7a7fa7d83bb629bc2622d26c5b
2552,mb-dielectric-2553,Li2 S8,LiS4,Li-S,P1,1,10,1.0935777673916625,05333315cd365b483f4901c01517431b715223307f858d17591dfa622886c603
2553,mb-dielectric-2554,Ca1 Al1 Si1 H1,CaAlSiH,Al-Ca-H-Si,P3m1,156,4,3.780173276451756,19ef08e032ec14e656a573132c691cbf28652c771c6a1c87a7a918777c06aed7
2554,mb-dielectric-2555,Li1 V2 P4 H2 O16,LiV2P4(HO8)2,H-Li-O-P-V,P1,1,25,2.244588603731205,76d70a5f3774fac2c976c470f5620163f4576d2e3672f880f6a7e17b73a19f6f
2555,mb-dielectric-2556,Cr4 F10,Cr2F5,Cr-F,C2/c,15,14,1.6459040069215884,4f579958ee436fd27938f5e7071f94cd634cff7052b8aa73c10339785f1f7e4f
2556,mb-dielectric-2557,Li2 Al2 Si8 O20,LiAl(Si2O5)2,Al-Li-O-Si,P2/c,13,32,1.5271128532844802,0d914945ac61f09aab422ebffae94f08b55bf65ed9f90f1b81658cd685a525d8
2557,mb-dielectric-2558,Rb2 Ta2 Cu4 Se8,RbTa(CuSe2)2,Cu-Rb-Se-Ta,Ama2,40,16,2.339127971417269,5d1a1d3827da6a0dd4f4dd3c445db6ec73353559082d9983280f0961c7880197
2558,mb-dielectric-2559,Ba3 C3 N6,BaCN2,Ba-C-N,R-3m,166,12,1.7992043611922874,b486dd464775dc1cc206fedf433c4da377cad5e89814446102243cf1a3ae8d5d
2559,mb-dielectric-2560,Li1 Fe3 O3 F4,LiFe3O3F4,F-Fe-Li-O,R3m,160,11,1.8630241544327903,2394576e59410ea0fee93149d4606ee52dc49d682438f14b0cb435a0210d789b
2560,mb-dielectric-2561,K1 Zn1 Sb1,KZnSb,K-Sb-Zn,P-6m2,187,3,4.290720491168511,1cc02df5a637fae9883bffd232846dcc7ce822cda91758fdda144f0ef744bf07
2561,mb-dielectric-2562,Rb2 O1,Rb2O,O-Rb,R-3m,166,3,2.0591329081274226,17e86480b73ab02cf6d75a9dd2cb29b8ed244709bb270dd741cbb32a8ed82871
2562,mb-dielectric-2563,Al1 Ga1 N2,AlGaN2,Al-Ga-N,P-4m2,115,4,2.2850382199575274,11abbb42c2eaf3f118cbca0066a7dcb462e04f3a98168288d27db5b2e7e76262
2564,mb-dielectric-2565,Li24 Sc8 N16,Li3ScN2,Li-N-Sc,Ia-3,206,48,2.3805522468536595,d7f72972264e53e7bf0bf60c4c5626af38b7b21c3e8868ce4f3e4215a8365240
2566,mb-dielectric-2567,Ga4 Te6 H12 O24,Ga2Te3(HO2)6,Ga-H-O-Te,R3c,161,46,1.931680960545332,f84762c647fae52415b7dbe8642feae29f18e2fb60a822b2cf2a47dafe13876a
2568,mb-dielectric-2569,Ba2 Hf2 N4,BaHfN2,Ba-Hf-N,P4/nmm,129,8,2.71173228767148,3c1e75f12aa47e31a93c6646f47c61bf4105f132d7f29ec8e72658eccfbfc1d2
2569,mb-dielectric-2570,Zn1 S1,ZnS,S-Zn,F-43m,216,2,2.429732495564068,1e9a1df3bf02906bb34a1ceaa85bfd7b942e80178a28ca363fbff5ebc8021a0a
2570,mb-dielectric-2571,Li60 Cr8 N36,Li15Cr2N9,Cr-Li-N,Pna2_1,33,104,2.4018590716359696,39fcd9681204f1b67e1e9b50639049d5b72251ef286e1b4d443cefc921768e69
2572,mb-dielectric-2573,Cs4 Co2 Si2 O8,Cs2CoSiO4,Co-Cs-O-Si,Cmc2_1,36,16,1.7530597061518849,867626b4e620a196c07f03d814bad03ab526ba44406aa906c6992a92e1907c73
2573,mb-dielectric-2574,Li4 Zn4 P4 H8 O20,LiZnPH2O5,H-Li-O-P-Zn,Pna2_1,33,40,1.591704118233034,0f6a79c924cf8b5ddde778d71fbaf2aa78d32296ba3663dc99955ba14978ccde
2575,mb-dielectric-2576,La1 H3 C3 O6,LaH3(CO2)3,C-H-La-O,R3m,160,13,1.7440919318277546,5917d430e85ed65e84cfc1ee1f526914c2a0817b5dcbbafeb6517d56fcd88190
2576,mb-dielectric-2577,In2 Ag2 S4,InAgS2,Ag-In-S,I-42d,122,8,2.8242769576182383,f26446f5665aad1106b983bd8567ea1ab61266853b65942b1f701ff0169fe98d
2577,mb-dielectric-2578,Sr2 Hf1 O4,Sr2HfO4,Hf-O-Sr,I4/mmm,139,7,1.9822964796753622,079afbf2f4d7ae482858532ca14ca46e222925954535e5f00c471aef6ec49948
2578,mb-dielectric-2579,Li2 B2 H8,LiBH4,B-H-Li,P6_3mc,186,12,1.6169001206011449,99b0c8854983eec1c81588a7b171d1a4dc40090c03a6540cff371acdf52b5ded
2579,mb-dielectric-2580,Zn1 O1,ZnO,O-Zn,F-43m,216,2,2.409165623198206,a202a504e531a2d0d14a5f2e6af7a901fc01774e863847d2277bb99ccc69c866
2580,mb-dielectric-2581,Na4 Si8 N12,NaSi2N3,N-Na-Si,Cmc2_1,36,24,2.071827373761305,6b621cbb3683ea8704af305b78c9e9dca8f2d102c6ffdffb41746f8bc077d04d
2581,mb-dielectric-2582,Cd2 S2,CdS,Cd-S,P6_3mc,186,4,2.540341184434355,985f275ebfe4ea07a8f4bdc24727dcbe40accd2923fd56f82ce4efbddc9f0308
2582,mb-dielectric-2583,Er1 Cu1 Se2,ErCuSe2,Cu-Er-Se,P3m1,156,4,3.185856242833309,f0a8e2f30319931cca34210a128bcbff9719f19d1892253476390be77d7a4cde
2583,mb-dielectric-2584,Si3 O6,SiO2,O-Si,P3_121,152,9,1.5564967073527616,63a580c4f9e0b8b9a2211acf69c835418a81d37e50c067f54a5ffc14c8cc0d73
2584,mb-dielectric-2585,Ge4 Rh4,GeRh,Ge-Rh,P2_13,198,8,7.194759342743855,15349169ecb6da43a129539d36799d1ea0439b8449254b7a13e894a9eef3a653
2585,mb-dielectric-2586,K4 Pb4 O6,K2Pb2O3,K-O-Pb,I2_13,199,14,2.2100975091610775,f83cf312ce86e81312c2306a2f604dee18d1aa32cde2090075ea3f8a30e16524
2587,mb-dielectric-2588,P4 Br28,PBr7,Br-P,Pnma,62,32,2.2083930809527543,804676d9f55e3855cd757e9d082f1f1f12479afb0edc629b69838bd36ae5ab05
2588,mb-dielectric-2589,La6 F18,LaF3,F-La,P6_3cm,185,24,1.70304854109721,38fcbf69bc37b70169c18a963679313d3e5bdf66b0c7553a05550bd4b42aaced
2589,mb-dielectric-2590,Ba2 Na4 O4,BaNa2O2,Ba-Na-O,Cmc2_1,36,10,1.9206211668797848,b49feaf158e8f210bde97538dafe33480bcccc8274da84f03296e2ab5084e9ad
2590,mb-dielectric-2591,Sr6 Ga6 N10,Sr3Ga3N5,Ga-N-Sr,P-1,2,22,2.514468068333075,5874e96df635494eb258e120ea4cc0e713bd48bc6af7ed90b583feae10d3c2ee
2591,mb-dielectric-2592,Ti1 Zn1 Bi2 O6,TiZn(BiO3)2,Bi-O-Ti-Zn,P4mm,99,10,2.486887076916307,b5633e755421cf9d8d09e91548fd70be630e80750746ae6f3ad3819dd7d4c533
2592,mb-dielectric-2593,B8 O12,B2O3,B-O,Cmc2_1,36,20,1.747608079633417,867d40c1bd8ebb27d3d8cd0eb01f54ebaacfe043cce1eb5e7592eaa9470f3be0
2594,mb-dielectric-2595,Nb2 Cr2 O8,NbCrO4,Cr-Nb-O,I4_1md,109,12,2.561582648806528,01a70218d141287f2ea09e3ba9d1269e7eb5dc9cff6ca06d3b28cff9f93ef0be
2595,mb-dielectric-2596,Ge3 O6,GeO2,Ge-O,P3_121,152,9,1.7609112224451668,0f4276620244fd85495dae1c625d93427b202a765e9977585291142c5f7bc17f
2596,mb-dielectric-2597,Li4 Co4 Si4 O16,LiCoSiO4,Co-Li-O-Si,Pna2_1,33,28,2.0647140237815016,e68d500966b01768dfe6bbe52cfa4271dc376c3630cf1893e2f6cb2ead53102f
2598,mb-dielectric-2599,Rb2 Cd1 Cl4,Rb2CdCl4,Cd-Cl-Rb,I4/mmm,139,7,1.6549249731231663,7b58a279646c1c980ed6df118b9fc19f6611e0c7b6695b030d6a68d918dade23
2599,mb-dielectric-2600,Cs2 Ca1 H4,Cs2CaH4,Ca-Cs-H,I4/mmm,139,7,1.7877329218873828,d4c35cf003883bfeebd7672ef1d4a4285dea92677b3377f320d27c08e1fad124
2600,mb-dielectric-2601,K2 Sn2 Sb2,KSnSb,K-Sb-Sn,P6_3mc,186,6,3.551964808384231,d5c3ee5149b8013d273a0f1b4754fae695bb173390ec21eb4118656b3be7a948
2601,mb-dielectric-2602,Ca2 Be6 O8,CaBe3O4,Be-Ca-O,P-62c,190,16,1.7756092851000003,fbeed32cf214aa9f02e4f3b1021fca8f8f39435eff5f90662c874d43a132cef9
2602,mb-dielectric-2603,Li2 Ag2 F4,LiAgF2,Ag-F-Li,I-42d,122,8,1.6504383256173698,887f92bfbe5892c6cc5e6820b4f814832b4359fe646662822e6ddd52022bb90a
2603,mb-dielectric-2604,Ta2 Rh2 O8,TaRhO4,O-Rh-Ta,I4_1md,109,12,3.051632350071024,405ad5ac521014c8a4d17f14f3a0cd63eef5c208c0864b4981979d66a21c12b8
2604,mb-dielectric-2605,Ti2 V2 O8,TiVO4,O-Ti-V,I4_1md,109,12,2.989166215965025,45b61ebdbcb0ea75a539e28c4959b0c897fdcf274225defcd19b200f309a0d6d
2605,mb-dielectric-2606,Sr2 Sm4 S8,Sr(SmS2)2,S-Sm-Sr,I-42d,122,14,2.7405465999808625,131db448b6045be511973f418e467d7e7b0f4794889c23699e73284d9334f6a5
2606,mb-dielectric-2607,Nb2 Br4 O2,NbBr2O,Br-Nb-O,C2,5,8,2.306482632861149,43ec30ec920034da838224cb4950b171407f33c042ef8350ed0592609797ac8c
2607,mb-dielectric-2608,Er8 Ge8 O28,Er2Ge2O7,Er-Ge-O,P4_12_12,92,44,1.930515820534329,b6ae4fd109adb9a1876fcedf8162927020fddfce2deba14a0dd189ac6019d7c5
2608,mb-dielectric-2609,Mg2 H2 O3,Mg2H2O3,H-Mg-O,P-3m1,164,7,1.6701297354796876,cfb4f65fe66ac5f9233f4ea636304c863d0230a5c7266554bc242b603ce130ea
2609,mb-dielectric-2610,La2 H2 Br4,LaHBr2,Br-H-La,P6_3/mmc,194,8,1.9979889055976756,f12290859925717b8d625a39675207b081a35f27bf9656bf7a93e5d7bed9d39a
2610,mb-dielectric-2611,Rb2 P2 H4 O8,RbP(HO2)2,H-O-P-Rb,P2_1/m,11,16,1.5224979474534606,4d54659a960ec97646a5d42860bfc69da8ec702eb18c35cbaad98f9fc1cf9bde
2612,mb-dielectric-2613,Cs2 Li3 I5,Cs2Li3I5,Cs-I-Li,P1,1,10,1.7862001774187841,7dc87b150e1c931928d30f15b6f58c8bdc5f85d25dc32b3d0ffecf6143b45885
2613,mb-dielectric-2614,V2 Mo1 O8,V2MoO8,Mo-O-V,Cmm2,35,11,2.4078452331216527,bbf0d4d44c1205cbe73c64241fc5ef77757f0a12bc91c127ceefd02f75d06004
2614,mb-dielectric-2615,Tl2 Ga2 Te4,TlGaTe2,Ga-Te-Tl,I4/mcm,140,8,3.649783646555869,c6afbac627e3dbd17dc5a8493370f422f34fe0887ec24a8535f8a3708e70f87e
2615,mb-dielectric-2616,Si3 Ni1 P4,Si3NiP4,Ni-P-Si,I-42m,121,8,4.310363751084898,c9b21694898070081ed866f4ef3e9451df1286fdc50779d4c3bf5e8f0c79cba4
2616,mb-dielectric-2617,K2 Nb2 Cl12,KNbCl6,Cl-K-Nb,P1,1,16,1.6722026264816852,62f99975e938a9526e55c07a0206b0532b7057767e3ad3336caa7c1a5da6949a
2618,mb-dielectric-2619,Te2 W1,Te2W,Te-W,P-6m2,187,3,2.423150414500907,917aaadc0856805272a4e22e3580ce49ce78b4d40138ccedf97428418402d935
2620,mb-dielectric-2621,Te2 Mo1,Te2Mo,Mo-Te,P-6m2,187,3,2.475659306124337,c1799c8b14f81b1a7d966d3353f3896a44c1050b7d70152482edf71981c7457c
2621,mb-dielectric-2622,W1 S2,WS2,S-W,P-6m2,187,3,2.0487019467620646,c86d0b17249bb8f4148ae165b47e8c94a15180c3dd5d0dde22a78ddbe9d0a6c7
2622,mb-dielectric-2623,Zn2 Cl4,ZnCl2,Cl-Zn,I-42d,122,6,1.69392837314136,fb0120100bcc53c1fc4f7851e16ae175a1132a16f7105003207062910d546589
2623,mb-dielectric-2624,Li2 Mn1 F4,Li2MnF4,F-Li-Mn,I-4,82,7,1.3885482826799123,2f3823c4cbc7f010a14506cc0a53754fc7e5fc15f8625e668784eac918400d51
2624,mb-dielectric-2625,Tm8 Ge8 O28,Tm2Ge2O7,Ge-O-Tm,P4_12_12,92,44,1.9291722750098466,a08381c9ae6f01dccfc60e2a2b7ec3a5876889d18fc01e2c6977c053e591d2af
2626,mb-dielectric-2627,Li2 V2 F6,LiVF3,F-Li-V,R3c,161,10,1.52367352146055,0a14d13722d7ba4dd77caeffdc73debc4825363f5057da063d5f1b14fc07ffae
2627,mb-dielectric-2628,Li4 H4 S4 O16,LiHSO4,H-Li-O-S,P2_1/c,14,28,1.484587484791651,d0a07167d7318a377afb35e662c973424010cb89bc6c6c428bed1af6543a98f7
2628,mb-dielectric-2629,Li1 Mn1 P1 O4,LiMnPO4,Li-Mn-O-P,I-4,82,7,1.646856500528608,f6fa08ee46e930001a784af0a0fa1671a7d8d272fd1d2e609439372d3867af68
2629,mb-dielectric-2630,Cs4 Mo6 Se2 O24,Cs2Mo3SeO12,Cs-Mo-O-Se,P6_3,173,36,2.0844823498093388,5a2125eadefb757b76855a2511564ec75d7f12ee856bcceb8a8eb01ec04c642a
2630,mb-dielectric-2631,Li18 Cr2 N10,Li9CrN5,Cr-Li-N,P-1,2,30,2.4450583496786606,b9ed33281cdcc8f24774c2ccad458d251ddd49bb30c747c81a4a03e993721c75
2631,mb-dielectric-2632,Li4 Sn4 P4 O16,LiSnPO4,Li-O-P-Sn,Pna2_1,33,28,1.8643476070733163,b92bf9c89942e49dfcee2cfae390b566788dde3a153da0075e01cac56d4dea48
2633,mb-dielectric-2634,Rb4 Mn2 Se4,Rb2MnSe2,Mn-Rb-Se,Ibam,72,10,2.08124121619767,769360690132dc152705846c0fa66a8e91958088ff97625626c44c0e0ab50ee8
2635,mb-dielectric-2636,Pr5 Cu1 Se8,Pr5CuSe8,Cu-Pr-Se,I-4,82,14,3.3200032630506056,0c4fb296b83c6f5a49cd5cb36b2de7421a2990d51b6bdd446e6e588758ef8976
2636,mb-dielectric-2637,P4,P,P,Pmna,53,4,1.631402157654574,42a7785a357d3181de71d7b70e7d0b1a8aeceb506630baa0c7a663235dffe010
2637,mb-dielectric-2638,Rb2 V6 Se4 O24,RbV3(SeO6)2,O-Rb-Se-V,P6_3,173,36,2.159644106482987,fe4936a7573cd8289037acdc125ff5a59de3abba48c38a06ea08d89fcf833f35
2638,mb-dielectric-2639,Cs4 Sb4 Cl4 F12,CsSbClF3,Cl-Cs-F-Sb,I-42m,121,24,1.6730807910359062,0775f581a1da110c23f600f9da8986d29b95ed2b0729a3c96b3740c8f37a0ef6
2639,mb-dielectric-2640,Li4 H4 S2 O10,Li2H2SO5,H-Li-O-S,P2_1,4,20,1.4937014427254196,206d5d7b7c28aa5f37e2a993c011b304751bdebe4b709e35185530a2ab4c6fa8
2640,mb-dielectric-2641,Ba2 H8 O6,BaH4O3,Ba-H-O,P2_1/m,11,16,1.6444857352173456,b5397e6b679cfafd386517a541e5141e5d73bf9b05d2904bb82ad59c028662dc
2641,mb-dielectric-2642,Li4 V2 O6 F2,Li2VO3F,F-Li-O-V,P1,1,14,1.9724261709884099,10b50ae0a4890c68707c2bf8d77d51d17a8e2effa9e34ba12352143209dacd50
2642,mb-dielectric-2643,H4 I4 O12,HIO3,H-I-O,P2_12_12_1,19,20,1.9746817465100546,e2820dcd9c8f3e33afd062cf2ce0df36ed318c5a60f7b9d9f43f27cc370ca8b6
2643,mb-dielectric-2644,P16 Se20,P4Se5,P-Se,Pna2_1,33,36,2.3567075196836225,8ac3b3425533cc92f2a106615c7d71acfc9cead9260fac873ae505b6d3d68260
2645,mb-dielectric-2646,Mg1 H12 I8 O6,MgH12(I4O3)2,H-I-Mg-O,P-1,2,27,2.2657596224371788,64ab0d74629020179c3684a6233445bdf5fc889d3e3596d8cb812b3781d24792
2647,mb-dielectric-2648,Pr5 Ag1 Se8,Pr5AgSe8,Ag-Pr-Se,I-4,82,14,3.220673221548555,8a70aff62052afafda81b6ff8d91812ef22fd74cc5679151a79f9c606384f209
2648,mb-dielectric-2649,P8 H8 O8 F16,PHOF2,F-H-O-P,Pbca,61,40,1.406176849949299,4eabacdff4454207e14643231e11e36f5a94b016ee3bd7e05ade1f9a059e75c6
2649,mb-dielectric-2650,Na1 V1 O2,NaVO2,Na-O-V,R-3m,166,4,24.141935768837318,34bf390e81a38d3a917e03734e5bc2ec2fec37bf675366d952a33cfdd8d5f31d
2650,mb-dielectric-2651,K4 P1 H5 S3 O16,K4PH5S3O16,H-K-O-P-S,P1,1,29,1.4879247292790048,159372352e7560dfb7c53290cffd48235619181138503d1cae77fa82141426bd
2651,mb-dielectric-2652,V2 P6 O18,V(PO3)3,O-P-V,Cc,9,26,1.712124995436959,293001bc44f22e66bf1b1741825a55408072b8f6c326965fc62576ab763a0220
2652,mb-dielectric-2653,P2 N2 O2,PNO,N-O-P,Cc,9,6,1.7810971337914168,ad5dc19ae9ffa938cca8534808b4cf20c9f97acef169594d76b516059699a2cf
2653,mb-dielectric-2654,Sc2 O2 F2,ScOF,F-O-Sc,P4/nmm,129,6,1.9805116342332691,8c076a72a309e4eafade1cc42c73478840a270db3f9eb4071c64c6a791e3eaf5
2654,mb-dielectric-2655,Cs2 B6 H16,CsB3H8,B-Cs-H,Ama2,40,24,1.5640851426099966,940eb948ecdf31d0328f306517b5a44fa6e4d7f31f4649921bd79c8e034a1399
2655,mb-dielectric-2656,Na12 B4 N8,Na3BN2,B-N-Na,P2_1/c,14,24,1.8145353858954272,eedf39a57a372389de8d7debb7825b9a9b4e2e30bb2ddad884b98a6e3cf6c2ae
2656,mb-dielectric-2657,Li1 Co1 W2 O8,LiCo(WO4)2,Co-Li-O-W,P1,1,12,2.5637419916988526,45e85ac4099dcef8789e405123f06c759464a748e0ed3d26c9237f27304fecd5
2657,mb-dielectric-2658,Na8 Ti4 Si4 O20,Na2TiSiO5,Na-O-Si-Ti,Pmc2_1,26,36,1.8059603170243435,2efc4d69c520b0253eaa93d3944dcee38f11ba35940d78c5bc62c4115d09a84f
2658,mb-dielectric-2659,Si4 O8,SiO2,O-Si,P1,1,12,1.5191342929445046,82fb07a6b25f0a4d459b919a1eb468c3c7f7a61be63a74ee2e9fbede9d323d1a
2659,mb-dielectric-2660,Nb1 Fe1 O4,NbFeO4,Fe-Nb-O,I-4m2,119,6,2.4960528172830534,d31ccc971647d5b8bd60b4a5973a8a8aa11254c5514bc5141dbf63ccdf01c03b
2660,mb-dielectric-2661,Li4 Al4 Si4 O16,LiAlSiO4,Al-Li-O-Si,Pc,7,28,1.5911204647459392,ebb30add78edcb6d38abde4e96ae80e8e458096da26f4e88bbeba8c52ea6b262
2661,mb-dielectric-2662,Li1 V1 Te3 O12,LiV(TeO4)3,Li-O-Te-V,P2,3,17,2.2268532356968054,3e4979bcfae4ae5b4671bda554c8a247d13b2fb1a74bd4de2d5e779b0a0b8fc0
2662,mb-dielectric-2663,P4 H12 O16,PH3O4,H-O-P,P2_1/c,14,32,1.5152557539900648,d175aff87b4922a2fc43948bc1ac85ff31cf60deb627a91543f3c239c1065132
2663,mb-dielectric-2664,P4 H12 O16,PH3O4,H-O-P,P2_1/c,14,32,1.5193200233437765,1e8be9a5d5b88a890ecdbcf165c85b7dca32333f533d428a1a38907a3bffc7a3
2664,mb-dielectric-2665,Co4 As4 S4,CoAsS,As-Co-S,P2_13,198,12,4.919906198292809,00d9dfb0e0b766d8dcc4a635c2ce61e16db7647c37b8fd2a9f06c602c2eed3c2
2665,mb-dielectric-2666,Na3 Y3 F12,NaYF4,F-Na-Y,P-6,174,18,1.543241717943105,cefae0232ae6b3a6740643392c09d57f0c09e70be03c7745cfa489d99389ddf5
2668,mb-dielectric-2669,Ti1 Sn1 Pt1,TiSnPt,Pt-Sn-Ti,F-43m,216,3,4.555610716468206,9851d98a362ffabc6a991ba9f3437ccad9aa017612448d9a5cb6115736ceb5fa
2670,mb-dielectric-2671,Na2 P2 H8 S2 O16,NaPH4SO8,H-Na-O-P-S,P2_1,4,30,1.513545506418621,359d481bc5557625c447cc18691a773b73797c254830311bf14ce275c8ac9457
2672,mb-dielectric-2673,Ag6 P2 S8,Ag3PS4,Ag-P-S,Pmn2_1,31,16,2.638894149702358,c34dab838de62c7baacb3e003fe4f5d67100f4f727ac264f68cb9b498326c15e
2673,mb-dielectric-2674,Li4 Cu2 P2 O8,Li2CuPO4,Cu-Li-O-P,Pc,7,16,1.7687171433932938,45210a8d29cba2b36f7c6baa4e4c3035ec72d2a6b28c010043a9618398e4338f
2674,mb-dielectric-2675,Mn1 Br2,MnBr2,Br-Mn,P-3m1,164,3,1.9133739833080359,99bda0e74ee6e25ce58e229e7fe4824a9d24616e36bafd92e249e09e18ec2e93
2675,mb-dielectric-2676,Ca1 O2,CaO2,Ca-O,I4/mmm,139,3,1.8388402141929934,fd89d3b47148e7cc20fff4c2f66b04f19412380f37d1721d497fc12adfe3a5d3
2676,mb-dielectric-2677,Na2 S1,Na2S,Na-S,Fm-3m,225,3,1.8725205826335298,5a299a370eb9864c3532786f21107c9de04e5d12158437a4ad59e9368411680a
2677,mb-dielectric-2678,H2,H2,H,I4/mmm,139,2,1.2372011423639515,f610224eb2eba0b8e0eb5527d2994407da717e5e421502f0160affbc19fe473f
2678,mb-dielectric-2679,H1,H2,H,Im-3m,229,1,1.0747092630102342,a3225543ec432b8e3c8222b0f5a2ed44a0a16e0cda5dd92bc76ab9010c6158a1
2679,mb-dielectric-2680,Ag2 Sb2 O6,AgSbO3,Ag-O-Sb,R-3,148,10,4.152526058523801,d4fd7163cf342ba8923863e19b47c8d2cf9f1d22b1118534d526fe1e8e44b3d5
2680,mb-dielectric-2681,Li5 Cu1 P2 O8,Li5Cu(PO4)2,Cu-Li-O-P,Pm,6,16,1.6856027606368786,7b46a615425488f48edc264f1c3c324a800b673968b4c8706f7fa64bba4fbc4e
2681,mb-dielectric-2682,Ca4 Co2 Si4 O14,Ca2CoSi2O7,Ca-Co-O-Si,P-42_1m,113,24,11.215872309663064,b23dcb0b2edbf305f17677acae8d8b38eaff13eddfcd99a309d60ae9ca18fea7
2682,mb-dielectric-2683,V1 Fe1 P4 O14,VFe(P2O7)2,Fe-O-P-V,P1,1,20,2.0706131137097215,1529800971ed7f811bb30f077d87bd53ddd5e6e02764530d1f38933f22e8f138
2683,mb-dielectric-2684,Na4 Br4 O12,NaBrO3,Br-Na-O,P2_13,198,20,1.6518777194453589,8a9af056aa6fbc21470b79254d0415131a6b957b7b19bc83452069161c049e10
2684,mb-dielectric-2685,Cs4 Se6,Cs2Se3,Cs-Se,Cmc2_1,36,10,2.2215057206018325,f61f0cced40ce91ac5b2686a4accddc54630d5fba4a1d4321db870b5cb5cf747
2685,mb-dielectric-2686,Rb12 Sb4 O12,Rb3SbO3,O-Rb-Sb,P2_13,198,28,1.7541647585104427,ed70e09aadbc98f9405cb7a03ba48563c2545493282d820ee873909c67fa6519
2688,mb-dielectric-2689,Cs2 Y2 O4,CsYO2,Cs-O-Y,P6_3/mmc,194,8,2.0203207666110843,566d07846d17d0cde0671fb9d733512f3329e1d340c1c33399f41bf24356b637
2690,mb-dielectric-2691,V2 P8 O24,V(PO3)4,O-P-V,P2_1,4,34,1.6992601331167632,6676fb215a925b01b157deecba03f406d621213eeb68610d6d167bce56eda24c
2692,mb-dielectric-2693,K2 H16 N6,KH8N3,H-K-N,C222_1,20,24,1.5985068032385725,cd97e482fa8077542a549cd66bab6c74dd9223d58949efc3eb924225c97a8aff
2693,mb-dielectric-2694,Sn4 P2 Cl2 O8,Sn2PClO4,Cl-O-P-Sn,Ama2,40,16,2.0669459757494066,2ae26feb0ed8c662c05238f4a78c0fd8f2c2b83ee8414f310d1b50d0d5f280d1
2695,mb-dielectric-2696,Co8 Sb8 S8,CoSbS,Co-S-Sb,Pbca,61,24,5.385629025471397,70870371d7a579ca903205a97f25c61d561c7f2d50039a126a807aca3e53f253
2696,mb-dielectric-2697,Hg2 I2 Br2,HgIBr,Br-Hg-I,Cmc2_1,36,6,1.9196575215386693,69dabf201873f5500785686f4b3b16d372c8f31ef608e17fb521b93d6d1c0f61
2699,mb-dielectric-2700,Al4 Ga4 Cl16,AlGaCl4,Al-Cl-Ga,P2_1/c,14,24,1.7242389625571046,ba65a05d7d246cdf0f8efb6666b012917374ad689f27275eff88c2e40b54fcd4
2700,mb-dielectric-2701,Sn4 P4 Se12,SnPSe3,P-Se-Sn,Pc,7,20,3.2223231784950848,2e66c58f64be134f03993b748928b8e2a580016d098da4ab8fe3514237a11476
2701,mb-dielectric-2702,Ni1 Sn1 F6,NiSnF6,F-Ni-Sn,R-3,148,8,1.529521384834719,7eb9e977d34918becc6f8b773821f446cf26a357286463ebaa863c9e1f520a6d
2702,mb-dielectric-2703,Cd1 Ga2 Te4,Cd(GaTe2)2,Cd-Ga-Te,I-4,82,7,3.1487949546876925,24ca64517cab7925b2d445ee99ade2b549eb9c3ba02d1bb5f7c22acc9e39f90c
2704,mb-dielectric-2705,Ca6 Ga4 N8,Ca3(GaN2)2,Ca-Ga-N,C2/c,15,18,2.5104096611243882,e4c85ec2ec4f8180063f80cbfc326382231ff72ff353a800d36ad680e8fb38c0
2705,mb-dielectric-2706,Li2 Cu1 Sb1,Li2CuSb,Cu-Li-Sb,F-43m,216,4,4.28752947511734,746b5d01751fe8cb85fca639ffd5176a2da27bbee71dd9717b1c5b84d5dbc086
2706,mb-dielectric-2707,Nd8 Te4 O24,Nd2TeO6,Nd-O-Te,P2_12_12_1,19,36,2.0264016548223274,4919870b3e7167b82245f225676bf93f421005514c4836e6fb891defdf8434a2
2707,mb-dielectric-2708,Hf1 Zn1 N2,HfZnN2,Hf-N-Zn,P3m1,156,4,2.8545598026082164,0cbee1881589d3c04353c5ba00c91e259c60ca4d0811b30f80cff671470114fe
2708,mb-dielectric-2709,Mg2 In4 Se8,Mg(InSe2)2,In-Mg-Se,Fd-3m,227,14,2.7908587686707946,8fab151591248f61f62c0f0ea39ae6009f8936c8df952a2f0b81926e84b105ae
2709,mb-dielectric-2710,K32 Si32,KSi,K-Si,P-43n,218,64,2.45068908676723,82190f2a21f2ac5a9f4c5ae1392343f38c117b8b6da8c84a0551cde56f22bdda
2710,mb-dielectric-2711,Cs2 Pd1 I6,Cs2PdI6,Cs-I-Pd,Fm-3m,225,9,2.535842003490495,007d548a67517930993f0b0a8d59b2bc321d71993b8c540924a595ae8d883493
2711,mb-dielectric-2712,In2 Br6,InBr3,Br-In,C2/m,12,8,1.9141577782503814,62db14eeb8d3e146b36ed661139208af8c178cb80fb738722b3afd9cc2828140
2712,mb-dielectric-2713,Be4 H8 O8,Be(HO)2,Be-H-O,P2_12_12_1,19,20,1.6003398597381329,3dfc428db2b86a00176a7d9c1336fdd19909f9cdb5a1849ad0dc0bafc04ca8b3
2713,mb-dielectric-2714,Li2 V3 C6 O18,Li2V3(CO3)6,C-Li-O-V,P-1,2,29,1.9440394371857104,8ecac2cb6b431a07e19eb422525ef38166b4fa974001ce3a62dd6635b4878467
2715,mb-dielectric-2716,Sr1 Ni1 F6,SrNiF6,F-Ni-Sr,R-3m,166,8,2.131116061284943,1b33e19c48e5f28fa6b548f83bda53848968624fdd05d37fe98dd44bc559811f
2716,mb-dielectric-2717,H3 Cl1 O1,H3ClO,Cl-H-O,R3m,160,5,1.5321676366072523,e94d6d3e29e3a0664bf449b0ba0748f43c19e228802a016c63ed09823d9d8da1
2717,mb-dielectric-2718,Ga1 P1,GaP,Ga-P,F-43m,216,2,3.2537904050506965,834ed8d6eab2d5b2f0601f513bff2dbfca9298f2e0fe3eded61ed665e70b4a2c
2718,mb-dielectric-2719,Li3 Mn6 F18,LiMn2F6,F-Li-Mn,C2,5,27,2.0148371315485196,999ad808b8aaf26d7f180301382440072049e48f3ff0ad97740ede0802819f9a
2719,mb-dielectric-2720,Ba1 Al2 Sb2 O7,BaAl2Sb2O7,Al-Ba-O-Sb,R32,155,12,1.8405899416581972,f9a99c0d162532892147b3a6c2951ab4cd737e0b5957a180ab3abeb6a470252f
2720,mb-dielectric-2721,Li4 Cr2 O6,Li2CrO3,Cr-Li-O,Cc,9,12,2.715373209462498,d87d3ed23a7ff4e1dede85f250622f2a179145ac17c14f9ca42fa154b65a4d3a
2721,mb-dielectric-2722,Si8 Br32,SiBr4,Br-Si,Pa-3,205,40,1.5310127367203712,371b8c446c2149cbaaeb2a168aae93eb1725281323226f30e9ef423bbc4ff7da
2722,mb-dielectric-2723,Zn3 S3,ZnS,S-Zn,R3m,160,6,2.424944054337472,dddc8791a0f13ba491853c82f44e3a68d0e7767e0758b4e72e5148feb1ccf082
2723,mb-dielectric-2724,K2 Pt1 S2,K2PtS2,K-Pt-S,Immm,71,5,2.3087880659197078,f00eda990979435f24f80b07aef7f63c4e54988fb4d8a348026db4ef40517939
2725,mb-dielectric-2726,Cs1 Br1 F6,CsBrF6,Br-Cs-F,R-3,148,8,1.528494139122998,6efe1fc03d85ac760168a4cee34b42183b9fa85fcdfdc07be8e5b0f0b934af59
2726,mb-dielectric-2727,Li4 Nb4 Fe4 O16,LiNbFeO4,Fe-Li-Nb-O,P4_322,95,28,2.0425869218550607,5a2fd0bcf460820681853c181779478b265ae263c98676d32770cc94eeca688a
2727,mb-dielectric-2728,Sn4 Cl8,SnCl2,Cl-Sn,Pnma,62,12,2.090215299915298,18b0b337c2fc178808f3b69dcfe974b40f526f2cafab50a2361bb58dfde9ff30
2728,mb-dielectric-2729,Na20 Hf4 As12,Na5HfAs3,As-Hf-Na,P2_1/c,14,36,2.7543904346818135,5946421cf2fb5c6c2b98a868416a8a9cb80e35fedf778776c2d17311fa7ce85f
2729,mb-dielectric-2730,Rb2 Te1 Br6,Rb2TeBr6,Br-Rb-Te,I4/m,87,9,1.919894528353051,ca491c748ce57ffb9b07b54b121dcd9e557f10f450949f70a4dd6bc397f5bf78
2730,mb-dielectric-2731,Li1 Mn2 P2 O8,LiMn2(PO4)2,Li-Mn-O-P,P1,1,13,2.026630454720347,b70d6f50e8cf3417d370e5e4726d3b4fc42a73b33cf192b9e1a85b8bb3705dd1
2731,mb-dielectric-2732,Ba6 Sb2 N2,Ba3SbN,Ba-N-Sb,P6_3/mmc,194,10,3.3376638536557315,dc495e86857a6a5e139f1ab4102139607ab5076e007f9a4d782be9a90fce8930
2732,mb-dielectric-2733,Zr2 Cl8,ZrCl4,Cl-Zr,P2/c,13,10,1.7302215657732005,494fea334a6219dd80dbe55f502965544375bb73348a46339dd5fe9dd2536bbe
2733,mb-dielectric-2734,Li3 Sb1 S4,Li3SbS4,Li-S-Sb,P-43m,215,8,1.7295311503410395,116b94249b251f81a00364de6196f43e8408468f0211a56838e5fb9ad0a0f58e
2734,mb-dielectric-2735,K4 Ir1 O4,K4IrO4,Ir-K-O,C2/m,12,9,1.828881625474977,6e2d7691167640eb23b0817526a9164b32146882e34844974e534b2c1dbd7c95
2735,mb-dielectric-2736,Tl12 Sb4 Se12,Tl3SbSe3,Sb-Se-Tl,P2_13,198,28,3.254685238237332,f3f792b2afa22697be6a2623bb40eb95ab7112a7ced7072a121e9e95112350eb
2736,mb-dielectric-2737,Sm6 Ga2 O12,Sm3GaO6,Ga-O-Sm,Cmc2_1,36,20,2.056050339850646,0bd081d0269999f5a1a045446bf89c1ce257f60bfe664b9acc862f4d41766263
2737,mb-dielectric-2738,Ba2 Si14 N20,BaSi7N10,Ba-N-Si,Pc,7,36,2.0858503461817834,64c649053e751d5ac3a89fe74cdc9afc9e4ca05ffd374f8c2fa59c5c8b21b2b2
2738,mb-dielectric-2739,Tl2 In2 Se4,TlInSe2,In-Se-Tl,I4/mcm,140,8,2.9978526203489975,669de962b0c27641a84734340017cd956d277ee961cd75ec21c13d8ba4a39589
2739,mb-dielectric-2740,Li4 V1 Fe1 Te2 O12,Li4VFe(TeO6)2,Fe-Li-O-Te-V,P1,1,20,2.440832713098817,7923d14f553adc3d69c6666616a763aea5c1861911c6fa12ff7cd1ae37a3725b
2740,mb-dielectric-2741,V1 Br2 O1,VBr2O,Br-O-V,P-1,2,4,2.85570233095384,27d48bdad44713e48621342406ae637d9730c987c5148f1bbf3bc5de40a3a12a
2741,mb-dielectric-2742,V2 F4,VF2,F-V,P4_2/mnm,136,6,1.5743781841306956,a1376e87bd8d9bb86d99070eeec2034b5948ee1af99334b2e5b56483bad5ffe5
2742,mb-dielectric-2743,Rb4 Se6,Rb2Se3,Rb-Se,Cmc2_1,36,10,2.374989122782109,a3268dc4ccfebdd35257b436eba959d9876021c6226ae53495f6fc191b367b4c
2744,mb-dielectric-2745,Ga2 H2 O4,GaHO2,Ga-H-O,Pmn2_1,31,8,1.9907736352148797,9e080c68a8c4770ba1986df29478555d298192298bd581369ec2188561cc07f5
2745,mb-dielectric-2746,Ba2 Te2 W4 O18,BaTeW2O9,Ba-O-Te-W,P2_1,4,26,2.088413752109481,588495dc03c75df24d3397e2d1d1c49cd5a9de8fe8fd1a91cd2009d519764347
2746,mb-dielectric-2747,K4 S6,K2S3,K-S,Cmc2_1,36,10,2.0084113954400213,c5f8e5a1553413e059c103441eebc11ab06bc55ef65cd86cd00505169f8a02e7
2747,mb-dielectric-2748,K8 P8,KP,K-P,P2_12_12_1,19,16,2.522955872252492,5362ec27e5797b438762237dcd0f7e75dabd39fc2e5740127d973a47c112e4bf
2748,mb-dielectric-2749,Ca1 V2 O6,CaV2O6,Ca-O-V,C2/m,12,9,1.9662860931207395,fa9858fbbe9b22340fdcd01dfdec43207e275ebe34685980f98c174a147ac15f
2749,mb-dielectric-2750,Cs1 Ca1 F3,CsCaF3,Ca-Cs-F,Pm-3m,221,5,1.5192313846152603,f6ea0b16e2c1e32590d5077c8456ff0312cf3f093e8c431f24141f39144cd4f2
2750,mb-dielectric-2751,Li4 Mn8 O4 F12,LiMn2OF3,F-Li-Mn-O,Pnma,62,28,1.6787333518658245,42ffa933f1e255ef559a4d75875d1de1eaf1d3ba7017373470a07185e5de8b71
2751,mb-dielectric-2752,Cs3 Li1 Cl4,Cs3LiCl4,Cl-Cs-Li,P1,1,8,1.586347073940933,6a3a39cd54ba84ea6c3d9a37e781d5ed424ccff64c72fd1e0853dc2bd008433e
2752,mb-dielectric-2753,Be9 Cl18,BeCl2,Be-Cl,P3_221,154,27,1.4029378698526407,67e2fc7d8cb4516a5d333ef62c053d27f457ddd615b66df222f31430147af959
2753,mb-dielectric-2754,Li3 V2 C4 O12,Li3V2(CO3)4,C-Li-O-V,P1,1,21,1.6687523283379515,68bae755d59c5d80e8091435f1ce016f5b72263ef115306ee538cd2be4531b7e
2754,mb-dielectric-2755,Nd4 Pb2 S8,Nd2PbS4,Nd-Pb-S,I-42d,122,14,3.122467507170144,7c4c8d6c11ee51398c6f109c8df6d0aef208f93d31c104b2f811f350a0e3eb5e
2755,mb-dielectric-2756,V3 O4 F2,V3(O2F)2,F-O-V,P1,1,9,2.4387617759838705,4689dd9c333bdbdff5ea59f239241afb3f414cb587e7377055a6a95b9c4af41d
2756,mb-dielectric-2757,Ge4 N4 O2,Ge2N2O,Ge-N-O,Cmc2_1,36,10,2.0608125420167,0aeee260038aca382238711f19831fc9b894113cd4b2533ffe7f4e61cc6cf14d
2757,mb-dielectric-2758,Cd1 In2 Se4,Cd(InSe2)2,Cd-In-Se,I-42m,121,7,2.755680436238329,e7480bd08434c81ed420323db5372de3c6bd2207bfe29937da9094f431cf7156
2759,mb-dielectric-2760,La2 Ta2 O8,LaTaO4,La-O-Ta,Cmc2_1,36,12,2.2784935812944482,4cb360f8ee114fb493c9b808034c94220aa84a83ef41274f777b423227457b3f
2760,mb-dielectric-2761,Li4 Zn4 P4 O16,LiZnPO4,Li-O-P-Zn,Pna2_1,33,28,1.6337831353436518,87057204fa1aefad8533a41042e53500751b7bfc5b558d96c4116e4ef36087cd
2761,mb-dielectric-2762,Cu4 I4,CuI,Cu-I,R3m,160,8,2.516081609695984,2bb3162143cc2acbe3cee766ec30860176903a2ed40e7c6194d835b23aee7a14
2762,mb-dielectric-2763,Li4 Co2 Si2 O8,Li2CoSiO4,Co-Li-O-Si,P2_1,4,16,1.7739635471639958,4226bfb646c1cf364055e44c80af5079d41518944fa02713285385ca0206c24d
2763,mb-dielectric-2764,Cd1 In2 Se4,Cd(InSe2)2,Cd-In-Se,P-42m,111,7,2.7449519728646132,169bdb4efaedbebd957e3ba7d864e08fa2d107123c5c0cccaa337bec49f84571
2764,mb-dielectric-2765,Ba3 B3 P3 O15,BaBPO5,B-Ba-O-P,P3_221,154,24,1.6892300021015467,254d7908e0fd2644f1edef40f29d87a7b279086dc757ffb6ce46d4d1624c8b86
2765,mb-dielectric-2766,Tl1 As1 F6,TlAsF6,As-F-Tl,R-3,148,8,1.5243742978678114,d26950896cd99d2ffe53e9ceaae90b33a982b25fadc052ec46e9d08df1801074
2767,mb-dielectric-2768,Li4 Cr4 Si4 O16,LiCrSiO4,Cr-Li-O-Si,Pna2_1,33,28,1.9765786939389318,1bec7218c1a845dd040940a35fd565e3e029b0973ff7714f86e0ee0b0c7b9374
2769,mb-dielectric-2770,Al2 N2,AlN,Al-N,P6_3mc,186,4,2.4566915421627082,619f6ddd075e1b761867946b778872a4c6d88be337e172661206949cebe01657
2770,mb-dielectric-2771,Sc2 Tl2 O4,ScTlO2,O-Sc-Tl,P6_3/mmc,194,8,2.9722312045554826,4d374c646a0041c8d78ae4c5ac444526178b328b2500040f09b4ce7b00a623b0
2771,mb-dielectric-2772,In2 Ga2 O6,InGaO3,Ga-In-O,P6_3/mmc,194,10,2.1487383895362098,f8f956fb3af51e717482a2641480bd7d96b016fd2cdab64611737a4542082ba2
2773,mb-dielectric-2774,Rb4 Co2 O6,Rb2CoO3,Co-O-Rb,Cmc2_1,36,12,2.364817258619927,3cef68a520b1cfcd7e6f2175006e9def62f68f7f5d61eb6f69ebf9916d9c1711
2774,mb-dielectric-2775,In1 Hg1,InHg,Hg-In,R-3m,166,2,9.470181272461803,298ef29a8fa2c147c5fbed4fff22b467a5e93b9807507356eecaac297fbc0e33
2775,mb-dielectric-2776,Ba4 Pt8 S12,BaPt2S3,Ba-Pt-S,P4_12_12,92,24,2.8967144606720674,4a54b7a1ffcd2abb1fa23b59a627e6ca34570e5006f0840964762e39874a16ac
2776,mb-dielectric-2777,Na12 Zn2 Se8,Na6ZnSe4,Na-Se-Zn,P6_3mc,186,22,2.1231693287021005,f8b2a649960e66a6f2e68f784fcd4ebe668c9b779d7b63e20b923784499c77cf
2777,mb-dielectric-2778,Sm2 B2 O6,SmBO3,B-O-Sm,Ama2,40,10,1.8596346415358045,52fde0777cd54eeb0c40cae036218cf84d40836f3872ff9dbc45e7b96ad3e3c2
2778,mb-dielectric-2779,Hf6 N8,Hf3N4,Hf-N,I-43d,220,14,3.3438072611919476,8d586d52aab2afd4ebd6a1e7a99b332fe04715c7ceb8cf73b58265bbf22803f0
2779,mb-dielectric-2780,Fe4 P16,FeP4,Fe-P,C2/c,15,20,4.412029011690666,37437d64875974572c6c85b96f97fb2d23853bfe38d41a3223812fd8ff3421eb
2781,mb-dielectric-2782,Fe1 Ag1 O2,FeAgO2,Ag-Fe-O,R-3m,166,4,2.684340887443319,8710c136b9455f131ac8d9644a03949000492a938be4a828e04b80e906812110
2782,mb-dielectric-2783,Sr8 Ti2 N8,Sr4TiN4,N-Sr-Ti,P-1,2,18,2.55371402732047,439cfbc36ea41b82a55cbf8adedd0f2bb95c979e1599b02dd3614a010130bf00
2783,mb-dielectric-2784,Na2 H18 O10,NaH9O5,H-Na-O,P1,1,30,1.4234598694729683,df11d01be40405ceec535a53ff77600a88e2d5ce20047ecc092c8cabcafedeeb
2784,mb-dielectric-2785,Bi8 Ru2 I4,Bi4RuI2,Bi-I-Ru,I4/m,87,14,3.2464339410098786,8a954614a034964dbb8edf2ff5551754ee5ae2e80b2b77f30285d210dcdaae4b
2785,mb-dielectric-2786,Cr2 F6,CrF3,Cr-F,R-3c,167,8,1.6839437836991675,ed2ea9e0fd842aad79186a86d41f06d27b34d440ece8bac211ea2471aafbe1e3
2786,mb-dielectric-2787,Bi8 Ru2 Br4,Bi4RuBr2,Bi-Br-Ru,C2/m,12,14,3.1862204222197197,16420212ee6a78b7011a568b3933a77c8cfcc7ed46ebfce83c7558604b1e5764
2787,mb-dielectric-2788,Li2 Cr2 Si2 O8,LiCrSiO4,Cr-Li-O-Si,Imma,74,14,1.944932475263173,18554423c38df6ab55aa6ba27c0161b122b64e951a1ec1e4c5f9078734f1a437
2788,mb-dielectric-2789,Tm8 Te4 O24,Tm2TeO6,O-Te-Tm,P2_12_12_1,19,36,2.0033711588220493,3e308b12c9ce3e5354d176922be93f9fd01c754e2a0991fffe6fc218f37b4c54
2789,mb-dielectric-2790,K4 Na4 Sn4 F24,KNaSnF6,F-K-Na-Sn,Pna2_1,33,36,1.3899778175688033,59d828cf8198518c448f191f7feeb35188472af77df05ac21573678cf9efac28
2790,mb-dielectric-2791,Na6 S6,NaS,Na-S,P-62m,189,12,1.9198208249729998,9448f2a28ceef7c39aa0a088149f25acafdfaa9448d3c5410b018ed70c6dbffa
2792,mb-dielectric-2793,Si6 N8,Si3N4,N-Si,P6_3/m,176,14,2.0651069383125664,9f1a8b3f6df938939acc5b90feb8bc602471e7269d1e183a47fbbf3d42afce96
2793,mb-dielectric-2794,N4 Cl4 O4,NClO,Cl-N-O,Pnma,62,12,1.7069465916268929,12cc36b4bb424047a9c2a1611a47be5c493188dd4ecb046ff072c0b1a17ce0ba
2794,mb-dielectric-2795,Ca12 Al4 N12,Ca3AlN3,Al-Ca-N,P2_1/c,14,28,2.4079838731464407,6d1cf97ccfc2d9f18f6aad12d659234ac778b16fa0f01d106563a76637ce2f68
2795,mb-dielectric-2796,Cs2 Cd2 Br6,CsCdBr3,Br-Cd-Cs,P6_3/mmc,194,10,1.8098550586534088,003c6284581c88a3c10d3f4a6184a2352737e756144d5d40c8fa918591c34853
2796,mb-dielectric-2797,Y2 B2 O6,YBO3,B-O-Y,Ama2,40,10,1.8523809003549998,42788165ef949aebb190d3a41d88ee5a0b86498d34143b932592984cbe626b80
2797,mb-dielectric-2798,Ca3 S3 O12,CaSO4,Ca-O-S,P6_222,180,18,1.5544136086211573,e48b6665b56a08dd05c9b0823858cedcf89853f1e734c153161b62d90eccdd11
2798,mb-dielectric-2799,In2 Se2,InSe,In-Se,R3m,160,4,2.712665233062617,fa8655e37347daa224d72e9df2ab77a19affa800fa5ac728aba0f1c6d2dbf3b8
2800,mb-dielectric-2801,Ca28 Si4 N24,Ca7SiN6,Ca-N-Si,Pbcn,60,56,2.4545891034278355,fa0830059f4bb8be155e10e3d8ee3a847dbee469451e76dd93e8b50e96c456cc
2801,mb-dielectric-2802,K12 Ni4 O8,K3NiO2,K-Ni-O,P4_12_12,92,24,1.8063857100113845,e1048a82a0e82f35ac42bd93d0749957185a6c6be3b60bae2da3cf626809e511
2802,mb-dielectric-2803,Sc2 Al6 C6,Sc(AlC)3,Al-C-Sc,P6_3mc,186,14,3.3971934495011222,3c73e82c349cccc936d2f7b31cf3ff190474d64c26eb74e2b07e44cd0b83d08c
2803,mb-dielectric-2804,Ge14 Ir6,Ge7Ir3,Ge-Ir,Im-3m,229,20,6.746011151496956,6daa13daa841b3e0bd3890455b75b5b1c1e5e49d922bf8acc80585066068ed66
2805,mb-dielectric-2806,Li4 Mn8 P4 O20,LiMn2PO5,Li-Mn-O-P,Pna2_1,33,36,1.803073579567216,077cbff906c9f6e71e35ce3289a6226f5ca2971178b89150f7aff3c5eac4859b
2806,mb-dielectric-2807,Ca10 Si4 N12,Ca5(SiN3)2,Ca-N-Si,C2/c,15,26,2.2878643607813234,e17159606f8266d00ade4928112b2d133e226874fbeb2825a950bee8c0459377
2807,mb-dielectric-2808,Li2 Nd2 Ti4 O12,LiNdTi2O6,Li-Nd-O-Ti,P4/nbm,125,20,2.5424510483652054,5de9666f3f5752e3f60b7bac2aedc8d71550c303d3262269bec4e2100669ed5a
2808,mb-dielectric-2809,C4 O8,CO2,C-O,Pbcn,60,12,1.37234592334926,89e4b65a1759a9fb44bb8ec1c5dc78dd7f75717d7424d4b2b769329f3b1d832c
2810,mb-dielectric-2811,Cs2 Pt1 C2,Cs2PtC2,C-Cs-Pt,P-3m1,164,5,2.5163235748475037,4aff293fb9877fa45596ef050045f5e40f88ebd267b3b9dfa93c47ba584308de
2811,mb-dielectric-2812,K1 Na1 B2 H8,KNa(BH4)2,B-H-K-Na,R-3,148,12,1.5435888917236544,4118173e0f9d4e49fff13015d3e26a5d447bccdb325f88cc34e392d6d07e4879
2812,mb-dielectric-2813,K6 H2 Pt2 S4 Cl4 O12,K3HPtS2(ClO3)2,Cl-H-K-O-Pt-S,Cmc2_1,36,30,1.6401246903818014,ff43a4b0ded0f6a5bc13d963533c1365aa6642cdbb567ae3081210597bfc154e
2813,mb-dielectric-2814,P6 N6 Cl6 F6,PNClF,Cl-F-N-P,Cmc2_1,36,24,1.5053965147650192,a3ac452f9233e7328478d59cbfe6e06d628a0b6136f86f671871d636cf5743b9
2815,mb-dielectric-2816,K12 C24 N36,KC2N3,C-K-N,P2_1/c,14,72,1.6497358374398408,613d107545e91ea9df14a5e195417057ce2669abd2ad033a5a88ed73a43352e6
2816,mb-dielectric-2817,Li4 Be2 Si2 O8,Li2BeSiO4,Be-Li-O-Si,Pc,7,16,1.6683377955318281,d03dfdb843005851ac3c0188570451170173289728c056d99faa2427e551fc9f
2817,mb-dielectric-2818,Er2 Cl2 O2,ErClO,Cl-Er-O,Pmmn,59,6,1.7143023848395786,97e9b15fef4a60779b31f9d38a263c87c85fc5bea413942bf007919bc3ee1ee3
2818,mb-dielectric-2819,Li4 V2 P2 O8 F2,Li2VPO4F,F-Li-O-P-V,P1,1,18,1.6645094372416958,d9ff4f3035f4e781894e1e6e0b8f95050d34d4def1783f9a5b3b7f2684c3169c
2819,mb-dielectric-2820,Fe6 O5 F7,Fe6O5F7,F-Fe-O,Amm2,38,18,2.36843935957837,0ffb63f5164e2bb1c7454e0340d42394e5f5998385f613134c98e416b9c5046e
2820,mb-dielectric-2821,Mg2 Ta4 O12,MgTa2O6,Mg-O-Ta,Pmn2_1,31,18,2.315668009988929,d2517f115fc27dc9de6a285d977a4c5594a40298dbf6a967feca2bb4b765c7e4
2821,mb-dielectric-2822,Mg2 Se2,MgSe,Mg-Se,P6_3mc,186,4,2.158016424187343,a874b953f905621c85131008d46a3899eddd7c6c1506d5ca14d24dabc21e5014
2822,mb-dielectric-2823,Fe4 F12,FeF3,F-Fe,Fd-3m,227,16,1.4913081505845944,e451b56ad354535fdfa46e6c5631c3b80e2b6b025fbc197e7855f5f00902dfdb
2823,mb-dielectric-2824,Li2 V1 Ga3 O8,Li2VGa3O8,Ga-Li-O-V,P1,1,14,1.8442197989032292,804e5ccae59d9a85c7f84c4161a8813bbaf9db36fbeb0e645bc3cbfc104554fe
2824,mb-dielectric-2825,Y8 Hf8 O28,Y2Hf2O7,Hf-O-Y,P4_12_12,92,44,1.9752718800205709,fb6b31c224a2402af297e735565223375e178bf4f6cdd9097b4eea4004813878
2825,mb-dielectric-2826,Cs2 Tb2 P8 O24,CsTb(PO3)4,Cs-O-P-Tb,P2_1,4,36,1.6017262562622865,d0c1edda0e7a07bcee8bb074310b10b77ddea635609fc50e6143217cbe38d563
2829,mb-dielectric-2830,Nd4 Be4 Si2 O14,Nd2Be2SiO7,Be-Nd-O-Si,P-42_1m,113,24,1.9227758579720104,2fe413155ffb2c473ace9c3fe3958d88e72eeb69ea0b9a2a98538ab633861e01
2830,mb-dielectric-2831,Sr2 Cl4 O12,Sr(ClO3)2,Cl-O-Sr,Fdd2,43,18,1.6182419472995997,7be3ef75e40f0f51a5cb21964e63165b60473d78a487135c9f1b67bae73a752e
2831,mb-dielectric-2832,Cd4 P8,CdP2,Cd-P,Pna2_1,33,12,3.1081393147669556,6be65dc6455e747150def6742d5b75688f507238722b84b144a8a4d93765b37d
2832,mb-dielectric-2833,H28 N4 O24,H7NO6,H-N-O,P2_12_12_1,19,56,1.4699907029184458,58f7da015bb7e8e02259db0c2b3729514bf950f95160d80a8d16a1bcb10e91f2
2833,mb-dielectric-2834,Sr6 Al12 O24,SrAl2O4,Al-O-Sr,P6_3,173,42,1.7006019522510214,4640e0e6ba6baaf54b7b70d58f08370524e6ff44f108e9efa249b1344ef0cb36
2834,mb-dielectric-2835,H2,H2,H,P6_3/mmc,194,2,1.1168407824454485,b4d8b54ccee8bcad900f7338fac2a87759951769bf2127a887b3968f6660b2aa
2835,mb-dielectric-2836,Cs1 Nd5 Se8,CsNd5Se8,Cs-Nd-Se,I-4,82,14,3.063744713037734,8bfab154fcd7b9201f89179a38ea16217abae221530b01e70004a68c704c9462
2836,mb-dielectric-2837,Ba20 Si8 N24,Ba5(SiN3)2,Ba-N-Si,P2_12_12_1,19,52,2.589092183243643,8a29977c30e5cdb1526cc8b629f5ab7536e40915adc295dc8dd241f4087da759
2838,mb-dielectric-2839,Sr3 Sb1 N1,Sr3SbN,N-Sb-Sr,Pm-3m,221,5,3.137514940203472,131e57578f18def862dcb9e5fa51e41cf0c3686c75462c5789e9ee54b640e8ef
2839,mb-dielectric-2840,Os1 Cl4,OsCl4,Cl-Os,Cmmm,65,5,2.0480071614459527,80f1304fd85452b63eac452ced0f021c6405e92550c1f33979b4701ccf3a0c34
2840,mb-dielectric-2841,Li6 P1 S5 Cl1,Li6PS5Cl,Cl-Li-P-S,F-43m,216,13,1.8777201601942706,a84f3fc8bf923c1df9e1788c693c78889d6aa2124a2920f93c9f4d63d7cc624e
2841,mb-dielectric-2842,Na8 Ge8 O20,Na2Ge2O5,Ge-Na-O,Pca2_1,29,36,1.7093367134651967,bec899067ac6cb6e6278a332b0b419ccf8dac5e3afed09af21da445bc0adb99b
2842,mb-dielectric-2843,Sr8 V4 N12,Sr2VN3,N-Sr-V,C2/c,15,24,2.6093543262654078,7bfb9799864c810fcf368ff3cc74e504c11bf63f05d7fcdd480cecacdfe406b6
2843,mb-dielectric-2844,Cl16,Cl2,Cl,P4_2/ncm,138,16,1.231665539016173,5ee268beb1fd32504d589639b0077f40fc2980649e0daa0ee2db80c6f9fde11d
2844,mb-dielectric-2845,Rb6 Se6,RbSe,Rb-Se,P-62m,189,12,1.8343044094878769,5dc003a81e8bb39e7ae7a7a4c675b559168bcc6a10cb6297e6a4388a825ef354
2845,mb-dielectric-2846,Er1 H9 C5 N2 O8,ErH9C5(NO4)2,C-Er-H-N-O,C2,5,25,1.6185656201299554,547be0442f9ba16e0b54d58899d89458ba153380965cb420437cc2266b4f9392
2846,mb-dielectric-2847,Fe1 Co3 P4 O16,FeCo3(PO4)4,Co-Fe-O-P,Pm,6,24,2.4103548839676425,a0299c2ec9f30281a9a860a6c8e3750c04e2b80b0d6d564c76a6334c212193d5
2847,mb-dielectric-2848,Cs2 Pd3 S4,Cs2Pd3S4,Cs-Pd-S,C2/m,12,9,2.476853829085494,4803c7ee7f047e588ee8ff71abe7fc99caa2328182cc91595e092449462fac58
2848,mb-dielectric-2849,Cs2 Sb2 O4,CsSbO2,Cs-O-Sb,C2/c,15,8,1.866586635189122,b12b79879b02c7a7b1776f3c58caefd6d20265bd2f77c8bf958828645a0c656f
2849,mb-dielectric-2850,H32 Se8 N8 O20,H8Se2N2O5,H-N-O-Se,P2_12_12_1,19,68,1.674135896514975,25f387540166ccfe54b0b481f1d220fafd1def52d4ca29ebaf80f5091c3b53fc
2850,mb-dielectric-2851,Tm4 Mg2 S8,Tm2MgS4,Mg-S-Tm,I-42d,122,14,2.744050898458943,97ea10e5d660a461ce10235a717e5b22488ec81aad83dbc05296836fb47c5001
2853,mb-dielectric-2854,Na12 Co2 S8,Na6CoS4,Co-Na-S,P6_3mc,186,22,2.1356813120563327,b373909f3834f09f41519ae3f0aac433ff6bffc2a84ea588ccb998544993acb7
2854,mb-dielectric-2855,Li2 Br2,LiBr,Br-Li,P6_3mc,186,4,1.6521690793216908,c03c02c69fb8934fc969517e278c4594b56509a169fde7ce2e9475aed39ff961
2855,mb-dielectric-2856,Hg8 O8,HgO,Hg-O,P-1,2,16,2.373114207531723,d3cddababfa75787fc4219cf4b972df24d1bcd663295cfd86f68fc113f8ecc2c
2856,mb-dielectric-2857,Mn4 Br8,MnBr2,Br-Mn,Fd-3m,227,12,2.0104725812604367,896f9a9d923ea49a6d5a67bb874c5631aa703e5f93967c1f0bf792b103e4512f
2858,mb-dielectric-2859,K4 Te4,KTe,K-Te,P6_3/mmc,194,8,2.261636575579728,c108d740e89634a502c05849af3222a6e9dbcdb1d054919425aa0ba9a006f775
2859,mb-dielectric-2860,Cs4 Si4 Te12,CsSiTe3,Cs-Si-Te,Cc,9,20,2.5947048001651365,be9dcb5ce738ac62fc6f06b8963908c59b51c5ad9b57365680b42a310527cc88
2860,mb-dielectric-2861,Cd1 Ga2 Se4,Cd(GaSe2)2,Cd-Ga-Se,I-4,82,7,2.7173965481688533,af70277327a3ad87e7c955a6bcbaa84fc4436c157390b8ec5609acfd10fba3f5
2861,mb-dielectric-2862,Cs6 Ge8 Au2,Cs3Ge4Au,Au-Cs-Ge,Pmmn,59,16,2.944769374104985,e1ea9cc98c0177000443db3750776d2f28411f61fe5c610ec4868943b56d2605
2862,mb-dielectric-2863,Sn1 Hg2 Se4,Sn(HgSe2)2,Hg-Se-Sn,I-4,82,7,3.298893450840751,93d886d237c6f13a3b8154803bd2c235b1153148ec79a49f863bb16dab4b7412
2863,mb-dielectric-2864,Nb2 I6 O2,NbI3O,I-Nb-O,C2,5,10,2.4158654293662205,3168a2848521c201e790ea0c916a79f3ba751490e768bf158468f98f8aa20288
2864,mb-dielectric-2865,Ga4 H12 Se6 O24,Ga2H6(SeO4)3,Ga-H-O-Se,R3c,161,46,1.8164381813501553,60f02269d1078f3566553585a0963e56c0db2645f96f75843489208ba967da3c
2865,mb-dielectric-2866,Li1 Fe1 Si2 O6,LiFe(SiO3)2,Fe-Li-O-Si,C222,21,10,1.6765868105568924,e99dff7ddbe3acc813dd00cbb3374b6cd7a9d934b4c41651559236808468f12a
2866,mb-dielectric-2867,Ni1 P2 S6,Ni(PS3)2,Ni-P-S,C2,5,9,3.7824197722269446,e4223631f357c99e9aaf53b6b59819c6877acee9c076e42a0c28b4a7d955de3d
2867,mb-dielectric-2868,Na4 Zn2 B12 O22,Na2ZnB6O11,B-Na-O-Zn,Cc,9,40,1.6003935974211676,8b821e33cb6d7f4da2689d0ff01b64777978d4926c65b6500ab20ca36d12ea6d
2868,mb-dielectric-2869,Fe2 F6,FeF3,F-Fe,R-3c,167,8,1.6340134638364363,817c4045587b4af79e097ef7285e5a5e7a6eeb4d7437000226c6a0e7a672196e
2870,mb-dielectric-2871,Li6 Si2 Ni2 O10,Li3SiNiO5,Li-Ni-O-Si,P-1,2,20,2.332223974378676,9fd7ab11db6942aaffc23229f103107b0ef0996d484aff4ecca66d956ce6c930
2871,mb-dielectric-2872,Li7 Nb1 O6,Li7NbO6,Li-Nb-O,P1,1,14,1.9201200912364176,462d854d73040844d1378f1334c3e10cd8d73e60edc93331d468735c1f970b27
2872,mb-dielectric-2873,Li10 V2 Cr6 O16,Li5VCr3O8,Cr-Li-O-V,P6_3mc,186,34,2.242001858458926,3104d83961d266450a430850e99f21bfd398ad0ff895cf9f107436852e65e354
2873,mb-dielectric-2874,Na6 Ga6 Si6 O24,NaGaSiO4,Ga-Na-O-Si,P6_3,173,42,1.6383110205330322,0a3c9dbda5ccf955075d35d8203a7772cc3716251eb98d8a51a045b1605fbcc8
2874,mb-dielectric-2875,Li12 Fe4 F24,Li3FeF6,F-Fe-Li,Pna2_1,33,40,1.5010812769467214,45b7ed9c73c48e408ae9ecfb5f7e5ecd254b7ad5adc58c9dbbb3841d410676ce
2876,mb-dielectric-2877,Sc6 Ga6 O18,ScGaO3,Ga-O-Sc,P6_3cm,185,30,2.131636226001052,c969b25e661f971674979756c2a8b1e2f0ad78e803c4f41ce7391189488acdc6
2877,mb-dielectric-2878,Be3 F6,BeF2,Be-F,P3_121,152,9,1.3418140705775896,ab13c4e3a0c51c05b15d4425653b3f7007b780bc34a661ae9c09f6a9078168d2
2878,mb-dielectric-2879,Hg2 Se2 O8,HgSeO4,Hg-O-Se,Pmn2_1,31,12,2.1312737975210974,f89bf7469fba71b3e3463eac87d6ca8cc745edcaec336f4d9a34b514c0f5bf55
2879,mb-dielectric-2880,Be2 I4,BeI2,Be-I,Ibam,72,6,1.786803477341564,853f77107e8f735e9858ccfb892e6f361d66383b056b08d17f611ab7b8f8adb5
2881,mb-dielectric-2882,Sr4 Li4 Sb4,SrLiSb,Li-Sb-Sr,Pnma,62,12,3.1821376463000464,0e80af60f8ca281e7f567765989e162935344544a8ec21decfaf119a6d4525b5
2882,mb-dielectric-2883,Si8 O16,SiO2,O-Si,Cmcm,63,24,1.3979747255711927,99ad45dab1db842aa3f8efc66128c981e9b34de2a37d01320389d6eafb53d0ed
2883,mb-dielectric-2884,Li16 Se2 N4,Li8SeN2,Li-N-Se,I4_1md,109,22,2.393994987463424,3421f864976c053cab28d926d13541216b96355cda96a8d1ceefcaaa53428011
2884,mb-dielectric-2885,Ga1 Cu1 O2,GaCuO2,Cu-Ga-O,R-3m,166,4,2.4166871263501775,ae4c73ea6b7b5015fe939ba074648bf50bcc28fa3f9c9675a932c3b7f1055142
2885,mb-dielectric-2886,Li4 Cr1 Ga3 O8,Li4CrGa3O8,Cr-Ga-Li-O,P1,1,16,1.88322073409713,bf1a8cd37eef86fb67b34ff99f72367d9376511021b692de1b5b974992586a8d
2887,mb-dielectric-2888,Fe4 Si4,FeSi,Fe-Si,P2_13,198,8,8.777528467626865,5f8c13c73c49cbf4c05ab8ecf2bc0458b9a80863b4b0c7748f59781dcefc9043
2888,mb-dielectric-2889,W3 O9,WO3,O-W,P6/mmm,191,12,2.5274493071112762,8a4ca628139643ebf850682cb4d9ed715cf0d44cf5aa554932a2548821be6296
2889,mb-dielectric-2890,Ta1 Cu3 Te4,TaCu3Te4,Cu-Ta-Te,P-43m,215,8,3.02230574231,515894d02e212ccefb08594853ce8e84a8f97e8f8a48bc834f4d4fc81ef6329c
2890,mb-dielectric-2891,K2 Cr2 F6,KCrF3,Cr-F-K,C2/m,12,10,1.5700186836749779,6b7a7c566a8981dcccf042ee3c71c076a960749f5db2c766204b4047e8df9c41
2891,mb-dielectric-2892,Rb2 H6 O4,RbH3O2,H-O-Rb,Cmc2_1,36,12,1.5481688107782905,7cb5ca0ebf578d8b1c9b454803737917be6b38f8a780ab44e00eec783269db24
2892,mb-dielectric-2893,P8 N8 Cl16,PNCl2,Cl-N-P,P4_2/n,86,32,1.5967675681409197,51516cf86e4cf826b9e5dd6a246419c45903e980679d6bd5bcf78a4023f18c90
2893,mb-dielectric-2894,Ga2 As2,GaAs,As-Ga,P6_3mc,186,4,8.311523927656108,0c9489a52f5f5703e3268f890faeb780d6f5c5ffb4e20e1bbe50c7a0ebddff9c
2894,mb-dielectric-2895,Na24 Co4 O16,Na6CoO4,Co-Na-O,I-43m,217,44,1.8803231105318055,84afad524100d3172088f56e63ed88c4f43c28c2cb0911a2e172e386f330a60f
2895,mb-dielectric-2896,Li2 Sn2 Cl6,LiSnCl3,Cl-Li-Sn,R3c,161,10,1.9433026012435677,85dcf3c9f329e581a1d54fb27771cd62678c5f74bbc42174bbc1ebc4c7278b49
2896,mb-dielectric-2897,Pr5 Ag1 S8,Pr5AgS8,Ag-Pr-S,I-4,82,14,2.948162365497079,3b8e4c65259f4a22a2b344078f2bc2062be6eb7b8224bfdd0091cda174d54cfd
2897,mb-dielectric-2898,Na8 Si8 Sb8 O40,NaSiSbO5,Na-O-Sb-Si,Pna2_1,33,64,1.7053489379009799,50dee8414112253d7b41dbc798762ba4b2896f3dbed0674b55663fcf34710371
2899,mb-dielectric-2900,Ba8 Ge8 Te20,Ba2Ge2Te5,Ba-Ge-Te,Pna2_1,33,36,3.349764021539428,3b68fad654cdc824d96e9ee5e53f033d2cdfc229425b66d9e34b10cfa5379ec8
2900,mb-dielectric-2901,Cr4 O1 F11,Cr4OF11,Cr-F-O,C2,5,16,1.8528301775032343,adb36fa262ffe8c884f506036e0f322986601eafe41260087dbf5c15a4e1a5e0
2901,mb-dielectric-2902,Zn1 In2 Se4,Zn(InSe2)2,In-Se-Zn,Cm,8,7,2.7734176269241053,6b6b96b568ec581c5393bea5ce7901750af25e1feb12b15ca9283cda689fc37a
2902,mb-dielectric-2903,Cs2 N6,CsN3,Cs-N,I4/mcm,140,8,1.5946786510076782,dd48955a1baa329fa48a3bb68197754ef590c7512a7992ddfe6164ac1e6e90d2
2903,mb-dielectric-2904,Tm8 W4 O24,Tm2WO6,O-Tm-W,P2_12_12_1,19,36,2.118794232576632,f1340f7168c0ab23eea6f53839275b0fc26376e2b74b7fb8c71ce38e649e2083
2904,mb-dielectric-2905,Li1 Fe2 Cl2 O2,LiFe2(ClO)2,Cl-Fe-Li-O,Pmm2,25,7,2.016695233957443,8d2dff0a8adf45c582066e00343f40bd06a778eb3c7eef5d631a7f86f30fe159
2907,mb-dielectric-2908,Mn6 O8,Mn3O4,Mn-O,C2/m,12,14,2.4944640934636375,d5abf183951f8fd920a455a7cc7225bc75986019633f2a83a6741f98348b005e
2908,mb-dielectric-2909,Li4 Al4 Si4 H8 O20,LiAlSiH2O5,Al-H-Li-O-Si,Pna2_1,33,40,1.5601148461998986,285859b511f960350899e612e47068bd8efd97a64b2164f5679382b85caf4802
2910,mb-dielectric-2911,Li2 I2,LiI,I-Li,P6_3mc,186,4,1.7744232865920053,91dc172a26e3a5cfcc8f7451bf89cd3c60208881427405916434a84a34440b6a
2911,mb-dielectric-2912,Li4 In4 Se8,LiInSe2,In-Li-Se,Pna2_1,33,16,2.4002476955514407,7308b59a409ebaaf0217a8c0d1315ecbcb2205c1f6bca9470a0966a1db276868
2912,mb-dielectric-2913,Ca4 Zn2 Si4 O14,Ca2ZnSi2O7,Ca-O-Si-Zn,P-42_1m,113,24,1.7385467110971353,870ce68c54be3ef703197a84ee6fa1d80ad99d25ca3cf4190247f0279d2b8baa
2913,mb-dielectric-2914,Rb2 B12 H12,Rb(BH)6,B-H-Rb,Fm-3,202,26,1.5874507866387593,a767a26ed044c72b51587f9576ead2bce03a81ab4ea7a961a95c76e6f419e4f5
2915,mb-dielectric-2916,Li2 Mg1 Br4,Li2MgBr4,Br-Li-Mg,Cmmm,65,7,1.848150967859497,d53b132597ae7380495059af8c8bb8ed4ea0b87e0d0142732903b1858f565629
2916,mb-dielectric-2917,Te4 O8,TeO2,O-Te,P4_12_12,92,12,2.5044626835577595,bcf3a7ac5d6e8996d1e865430dede1798aec7d610474373851652ad8fbc08baa
2918,mb-dielectric-2919,Li8 Ga6 Si6 Br2 O24,Li4Ga3Si3BrO12,Br-Ga-Li-O-Si,P-43n,218,46,1.6322374214555915,204c491d7677e2fb637664fa38754437b71a4626361c20469226bae67e76446b
2920,mb-dielectric-2921,K4 Si2 As4,K2SiAs2,As-K-Si,Ibam,72,10,2.5254355399943678,f1d5fef8fd879acc28896e847d6b13521406f372d78d0ae25ffa15ae7a5627ba
2921,mb-dielectric-2922,Li2 Ca2 Al2 F12,LiCaAlF6,Al-Ca-F-Li,P-31c,163,18,1.4247806848775073,4f50317a39065592e717f9ec0a2a3bfb5be778654e3b81b8ff2d9a8dc0c15a1a
2923,mb-dielectric-2924,K3 Mo1 F6,K3MoF6,F-K-Mo,Fm-3m,225,10,1.422811887308598,493825dfffbbdf7d48ba470b9ae2c846174913efba63e608bc218422b2173c78
2924,mb-dielectric-2925,Ca2 B8 O14,CaB4O7,B-Ca-O,Pmn2_1,31,24,1.775751014829125,e2a90e4e54578ac179ea8ed4b347b70f83dce673f016eeeb5bbe952727ec4087
2925,mb-dielectric-2926,Y2 O2 F2,YOF,F-O-Y,P4/nmm,129,6,1.837250663355439,880136d616f0f26614fd052ecb8171d3a7f4f8cdb06da38e6a88caecf68b685c
2926,mb-dielectric-2927,Na2 P6 Pb8 O24,NaP3(PbO3)4,Na-O-P-Pb,P6_3,173,40,1.9588597873933364,6ed8b283a53ceffee6912b65055d7841f10414345676e5915d7f6d889356b447
2928,mb-dielectric-2929,Si4 O8,SiO2,O-Si,Ima2,46,12,1.4180763966256074,ee75051fa11371ae5ad63652fc3d01a5d0dc28798a09170d656fc6c2dc608f65
2929,mb-dielectric-2930,K4 O4,K2O2,K-O,Cmce,64,8,1.5924823389803213,da1f50e9cbc2cbaff53bc5ead5d373e390e8435425cf581634962d475174a150
2931,mb-dielectric-2932,Sn3 As4,Sn3As4,As-Sn,P-43m,215,7,4.390339622398249,2e463fab89312cf43b4382afde25777e38343ee1a65612503703dbb460e87f7a
2932,mb-dielectric-2933,Ba1 Ga2 Te4,Ba(GaTe2)2,Ba-Ga-Te,I422,97,7,2.9487870387669575,0de9670b50ef46fadd64a830368ba8717b7c604509a465088dbeaaeaa8def05a
2933,mb-dielectric-2934,Na4 Al4 Si4 O16,NaAlSiO4,Al-Na-O-Si,P2_13,198,28,1.5186803481970785,5cfcb714033fb89b4e00b22929570f7354888b93d40f2b91ec54e3051a19669d
2934,mb-dielectric-2935,Si4 O8,SiO2,O-Si,P2_1,4,12,1.5182119966153167,3fc02f1b95e688e57424bef589885a674e0dc5497c6ae9a25396c9facbfb923a
2936,mb-dielectric-2937,Zr2 Cu2 Si4,ZrCuSi2,Cu-Si-Zr,P4/nmm,129,8,25.19229307413942,4f2d027341b8372f786e94b36cffe9d93b6f384334f554182dd83b4820a5bd47
2937,mb-dielectric-2938,Ba4 Si4 N8,BaSiN2,Ba-N-Si,Cmce,64,16,2.308032351015326,5f4c17f595ebbd4702e79a786f95af38fbeafe6eadb1bf98c8ecc9f7a52b09c6
2938,mb-dielectric-2939,Ca4 Al6 W1 O16,Ca4Al6WO16,Al-Ca-O-W,I-43m,217,27,1.6535997097242126,61238d6041557ac6762ac5960890992b8d955e7d7636f543cd1f529e72b2d310
2939,mb-dielectric-2940,Ba2 Cd2 Sb4,BaCdSb2,Ba-Cd-Sb,I4/mmm,139,8,16.345261729320825,cca28a5e7473a89f35eef420a56a1fee7320f84cb0b6adaa4cd48488317de8a1
2940,mb-dielectric-2941,Na8 Mo4 Se4 O24,Na2MoSeO6,Mo-Na-O-Se,P2_13,198,40,1.8057942850723614,8a8c032a55389e4143ecf0543d5e72e0dbad40d24bf0f8d3efca104bffeeabe0
2941,mb-dielectric-2942,Na2 Mg2 Sb2,NaMgSb,Mg-Na-Sb,P4/nmm,129,6,3.082151088660862,cfffae4a8522bfb71e7cb725f090035cfec76b44e3684ebffc18ee57e6ccb79d
2942,mb-dielectric-2943,Th1 Sn1 Pt1,ThSnPt,Pt-Sn-Th,F-43m,216,3,5.064443700940901,645e88ed34f62eff2a0ef02c7240dc211512eea38aed6a132908e5a231cc02e9
2943,mb-dielectric-2944,V2 B2 O6,VBO3,B-O-V,R-3c,167,10,2.1437722204873713,3fd025730f946e7439efc9c13c3b4381556a8d3a415333e0801dfb03cdeee7eb
2945,mb-dielectric-2946,Cd1 As2 O6,Cd(AsO3)2,As-Cd-O,P-31m,162,9,2.0518377128808214,ea8c1cf83f304be94e589dd95f7d65d88f26916abd8666e5b873f9d0e5f9decc
2946,mb-dielectric-2947,Mg1 H2 O2,Mg(HO)2,H-Mg-O,P-3m1,164,5,1.6148271321311114,de3cd271dce2d478788858aafd274355d3ec8fd7d04f2fab1293261452ec5669
2947,mb-dielectric-2948,Cs3 Ta1 O8,Cs3TaO8,Cs-O-Ta,I-42m,121,12,1.6715633401100898,2404619222ba7a033076cb3a757afe6c3a7719264c67ad5e9dd2ae4b1c594b86
2949,mb-dielectric-2950,Li2 Nb2 W2 O12,LiNbWO6,Li-Nb-O-W,P-42_1m,113,18,2.3112576662933972,8dbe9f3466b87ea4b5c735cbbe793233a2a0309596f8605f58a816cff794f9cd
2950,mb-dielectric-2951,Rb2 Ni1 F6,Rb2NiF6,F-Ni-Rb,Fm-3m,225,9,1.4968875486599884,6a67a4c9eaae1a655e3c4f39ffa36fcb4507ba993b183c86386bfd715d2cc6bd
2951,mb-dielectric-2952,Mn1 P2 O7,MnP2O7,Mn-O-P,C2,5,10,2.44372434342883,599ac46c1bf7ade516627200eac7ae196a6526da3e195885e8e416c694f09533
2952,mb-dielectric-2953,Co4 Si12 P12,Co(SiP)3,Co-P-Si,P2_1,4,28,4.345560569899661,6b50a709e97d1432dc506c0e4b965585722d37fa1308a558a710f6a1e7c89cbe
2953,mb-dielectric-2954,Ca2 C2 O6,CaCO3,C-Ca-O,R-3c,167,10,1.6916461410948838,b84baa5ae4f7d62202a2c4d9e07e39a5abb1f83a0616d8cdf8ee2cc16088f5ad
2954,mb-dielectric-2955,In10 Se10 Br2,In5Se5Br,Br-In-Se,Pmn2_1,31,22,3.24661182362988,2358bfc3ff0fa4650d0549bb009bf66bf956590d06e06340224db60d1fcc6643
2955,mb-dielectric-2956,Na8 Be4 F16,Na2BeF4,Be-F-Na,Pnma,62,28,1.3300375934536588,d182576c58808735ae6738a2c869f48b44916077c0a4b65d1eb6debc46a88c86
2957,mb-dielectric-2958,Ag1 I2,AgI2,Ag-I,P-4m2,115,3,7.2290382025089155,484a6471467f18154b8e5717022ce8c553a62094a9d28d2dfb9aed5774c670cb
2960,mb-dielectric-2961,Li8 H8 S8,LiHS,H-Li-S,Pcca,54,24,1.7540196692169674,4b7c7dbadc219b4be599c9bc036a20b9bb170757d984778de9fc5502ba2bd831
2961,mb-dielectric-2962,W2 Br4 O4,W(BrO)2,Br-O-W,Pmc2_1,26,10,2.2407182628196107,3a1bc06f18ae298e72d86c3eab1bee2bef8a15ad0e738cec14b22c5b8ea8f2e4
2963,mb-dielectric-2964,Rb1 V1 F3,RbVF3,F-Rb-V,Pm-3m,221,5,1.5407394328698159,acbe6628060e2817d02d08eb2af9a4516fcaeb9a915fc65d83436e6a93d2ea40
2964,mb-dielectric-2965,Li2 Y2 F8,LiYF4,F-Li-Y,I4_1/a,88,12,1.5214028581859798,a8cf3ca8b62d646dd1950a76c4ed08617610783431e93c4b665c35784caad5f5
2965,mb-dielectric-2966,K2 Ti1 F6,K2TiF6,F-K-Ti,P-3m1,164,9,1.5021117357462723,2d492e0fbd21ac5476210a11bbc5d08184d278b95d0e91ab3009e674ea5883f7
2966,mb-dielectric-2967,Sc8 S12,Sc2S3,S-Sc,Fddd,70,20,2.8271304650881586,76ee143ac585d083d1f1ef2f8df0622b72fb53b8746a5bc888b3dc57c2013a5f
2967,mb-dielectric-2968,Li8 V4 F16,Li2VF4,F-Li-V,P4_122,91,28,1.4655102638102995,74eaa67ef9d7c2131e61c29d67f53e1f78afd5c6c1e973c2a6e9cf82a3bee51a
2969,mb-dielectric-2970,Si6 C6,SiC,C-Si,P6_3mc,186,12,2.6580694748884035,8f80ffd1aa318f3416f5f9a5180658dd616825f10b0b15fae2b53a1c6f58519b
2970,mb-dielectric-2971,C2 F8,CF4,C-F,C2/c,15,10,1.2774975538123259,f4a0ff6b747955f6bab041bdcf80c7d48770a46fee9ed3f4fa0a321099301516
2972,mb-dielectric-2973,Fe2 B2 O6,FeBO3,B-Fe-O,R-3c,167,10,2.20096713590488,a3280013559f273a750c46e610148f7455f21461bedb7e033ad0b9cdb5920273
2974,mb-dielectric-2975,C4 O8,CO2,C-O,P4_12_12,92,12,1.3748939353031324,650b26703e8268c6881fe33038a61663956b03c56b6b8998889bbba764bcf2d8
2976,mb-dielectric-2977,Na2 Ca2 Nb4 O12 F2,NaCaNb2O6F,Ca-F-Na-Nb-O,Imma,74,22,2.3164120963248314,68afcee97ada99e972dfd67fac6da1be5e356b983964b195321ee8e0a5ab9087
2977,mb-dielectric-2978,V1 Cr1 P4 O14,VCr(P2O7)2,Cr-O-P-V,P1,1,20,2.071703485862138,a0f408607ee5a613e827e305c49f1bc29fcf1f23bfc88a9299871ce7a69810a4
2978,mb-dielectric-2979,Ga4 S4,GaS,Ga-S,P6_3/mmc,194,8,2.324507116214819,ef6fff7b33cc6bb8398cf15dd7c417869010beed7c3df17a777e98454dadaa01
2979,mb-dielectric-2980,Ga2 I6 O18,Ga(IO3)3,Ga-I-O,P6_3,173,26,2.025709587609568,48cf5f27f3c5bd5591aab43acf5615a4dae0af763111dac9b2ece0c294f312b7
2980,mb-dielectric-2981,K3 Ta3 B2 O12,K3Ta3(BO6)2,B-K-O-Ta,P-62m,189,20,2.055087751573318,41d4cb285745ae3adceee22c002f41ac44e2a58dfb5dec8c59163fa5a3b25e05
2981,mb-dielectric-2982,Mg1 C1 N2,MgCN2,C-Mg-N,R-3m,166,4,1.8286649046048187,a78d672ff62eae5fa66f84149ae22400ea9207483aecf995da6f64a8be426c8f
2983,mb-dielectric-2984,La2 Mo1 O6,La2MoO6,La-Mo-O,I-42m,121,9,2.034157974855116,15753569e427a947c13f4ca1a7f81ff53d862c013ab43fc90cb6126a6eb5e064
2984,mb-dielectric-2985,Ni2 C2 O6,NiCO3,C-Ni-O,R-3c,167,10,1.8777045383481843,c2aaf9249bda3f21a67348e01b8b76761898838df52233a210eab822faa5fa93
2985,mb-dielectric-2986,Mg4 Sb2 N6,Mg2SbN3,Mg-N-Sb,Cmc2_1,36,12,2.377429984948733,7e76a75a2c4a6c225260c878c44fe7e985a32fbbdd5cc9d9b602c2319fa0b128
2986,mb-dielectric-2987,Sr2 Ta8 O22,SrTa4O11,O-Sr-Ta,P6_322,182,32,2.294342316801633,4b6f2d9394690b71e691e979d58c2b35337b4b66c7395af512bbb9368fa5bd50
2987,mb-dielectric-2988,Na8 Sb4 F20,Na2SbF5,F-Na-Sb,P2_12_12_1,19,32,1.4782844787117262,1960148d0b337323eee65e27f64b11b8db42444166aa33f69b085f483788dfb6
2988,mb-dielectric-2989,H10 C2 N2 O4,H5CNO2,C-H-N-O,Pc,7,18,1.4761024128878502,358c6d03b78cf7fac30a266e94e10bc636a4963675bb56abb885325c38506599
2989,mb-dielectric-2990,Rb4 S6,Rb2S3,Rb-S,Cmc2_1,36,10,1.939628572691174,b77ad4f663dc7a5b5c36c1781597e7aae851f70b067567964e3628afc9e0c82e
2990,mb-dielectric-2991,Si10 O20,SiO2,O-Si,Pmma,51,30,1.3600245095830688,33a123aebcde83c52e8dc0e0289ff3d7e57ce9fc08cfde79adecc8c8a160e32d
2991,mb-dielectric-2992,Cu1 Rh1 O2,CuRhO2,Cu-O-Rh,R-3m,166,4,3.486784860966711,9b82a04fb3e8350966ebacbb80a75d2331e7c104d617274cdbf43a2b760b068b
2992,mb-dielectric-2993,Li4 V4 Co4 O16,LiVCoO4,Co-Li-O-V,P4_322,95,28,2.521041451464057,6cbb530ea7fccc7d38fe1497b1773c9fd869a15b4908dbcd3355a595c3a3ea06
2994,mb-dielectric-2995,H20 C4 N4 O10,H10C2N2O5,C-H-N-O,P2_12_12,18,38,1.5394804318340654,fa78af29b437238a9139daea9878ee506155ce520ee7d9d2889e0d17378b14d7
2995,mb-dielectric-2996,Sr2 H2 Cl2 O2,SrHClO,Cl-H-O-Sr,P6_3mc,186,8,1.6531667590818966,4efa60bb5ebe6e292aeba32c0e4b2561276ff96b4b9060ed3cd4f97158a3ef0f
2996,mb-dielectric-2997,Si12 O24,SiO2,O-Si,Cmcm,63,36,1.4190372323045883,0afedbdc1297d0ce31b3be2943f9babc2002144fc0032c142423840e73518552
2997,mb-dielectric-2998,Pb4 S4,PbS,Pb-S,Cmc2_1,36,8,2.122263100246213,bb272f76f3e77284c9e310076d9e3ee8e69923f8521557e0363aa4cd6770f44e
2998,mb-dielectric-2999,Cd2 H2 Cl2 O2,CdHClO,Cd-Cl-H-O,P6_3mc,186,8,1.8847850452151482,e822005053ca0cab8e78d45632e2667eff4877435815ad99ba47dac204ee4eb1
2999,mb-dielectric-3000,Li3 P2 W1 O8,Li3P2WO8,Li-O-P-W,P1,1,14,1.738356755419313,a30d56f11a61889431798342f16fe956cd33aa4dc0bd713884072544f3679feb
3000,mb-dielectric-3001,Rb16 Ta16 N32,RbTaN2,N-Rb-Ta,Pbca,61,64,2.403672884011744,6ee81f1b9bee70cff3ccbbc541a860ec7910b0d00220cdc970f53197d05a7819
3004,mb-dielectric-3005,Hg3 S3,HgS,Hg-S,P3_121,152,6,3.31154545995275,e4136f133e94841449fc77dff750ee8b67782dc349844296705a42a0c45d8a9f
3005,mb-dielectric-3006,Mg2 H4 Se4 O12,MgH2(SeO3)2,H-Mg-O-Se,P2_1/c,14,22,1.7387735140993301,449ce0ca3373e6bf95985442340a2b61db75d15a828bc2fb33e702cb1e2d363d
3006,mb-dielectric-3007,Si8 H24 O4,Si2H6O,H-O-Si,P2_12_12_1,19,36,1.4785640556521948,c8327076099088f261c654053aefeaa396d838071c0f93e2c175812a6aa1b4e7
3007,mb-dielectric-3008,Cr1 Ag1 O2,CrAgO2,Ag-Cr-O,R-3m,166,4,2.6670471811849703,9e1ef8d5609327ee3e0333f03c95e0f305345cb7246fe7651af287f2c070062a
3008,mb-dielectric-3009,Na2 Bi2 O6,NaBiO3,Bi-Na-O,R-3,148,10,2.1233401360435264,268c3300a4f2051d2db6696e036086fd722f5d8710bf86cc679ffa4cbffc109f
3009,mb-dielectric-3010,Y6 B6 O18,YBO3,B-O-Y,Cmcm,63,30,1.8852640840653243,90caa577127eae6a0457c9517a9be931c80efcd34ec6e0f6da1ac03e98e6a249
3012,mb-dielectric-3013,Nb4 I16,NbI4,I-Nb,Cmc2_1,36,20,2.615372503742695,11bc4313cd47322cfb32071fbb744b91fd72bd2ee8b78b2c1ebe8a9f6c96b8b1
3014,mb-dielectric-3015,Sr28 Ge4 N24,Sr7GeN6,Ge-N-Sr,Pbcn,60,56,2.5854359400302305,9e67e75349ca94a6e4abcdc2987af3e93e856241a02434b77b5fc3178219f8fc
3015,mb-dielectric-3016,Li2 W1 S4,Li2WS4,Li-S-W,I-42m,121,7,1.8727595503249566,cb9350751d1f2ed6af2d007a779f2bd8a9a0554311f22bb79754aedbacea87da
3017,mb-dielectric-3018,Sr2 Si14 N20,SrSi7N10,N-Si-Sr,Pc,7,36,2.051190629853793,239e1e8ad8c7de007bb0790da3254a42cd1f694d1859b45912f8cdba5cf0b73d
3018,mb-dielectric-3019,Rb2 Co1 F6,Rb2CoF6,Co-F-Rb,Fm-3m,225,9,1.5430320800294157,61ad730df92124fe8b6fe36f47da92549a5ea163aa4f7b7fad490dc36fc33082
3019,mb-dielectric-3020,H8 Pb12 O16,H2Pb3O4,H-O-Pb,P-42_1c,114,36,2.1056596749395817,7a6bc23b4310b07525eb62af217d528f179f0326a7c756a83260befeee5a3e71
3020,mb-dielectric-3021,Li6 V2 Fe4 O12,Li3V(FeO3)2,Fe-Li-O-V,Cmc2_1,36,24,2.118484757241993,be88417a01f7d32056276b5b225248aa0024aba4494a87f0a6e7ce27ae295686
3021,mb-dielectric-3022,Sr1 Te1,SrTe,Sr-Te,Fm-3m,225,2,2.428373941550193,d62a13546a52485c2a086b476ee12c1cf94252d8491fc3e528dafb3534098e1f
3022,mb-dielectric-3023,Na2 H6 Pt1,Na2H6Pt,H-Na-Pt,Fm-3m,225,9,1.7982669434764125,6013d1368b387cfd1b64f6387e18b617edfa2c84cd2850984ddf2774053d60b6
3024,mb-dielectric-3025,B18 Br18,BBr,B-Br,P1,1,36,1.8084062965311012,c0ec68d1816b4877194919c38da1d7401ceb59820133df9189489520fb938706
3026,mb-dielectric-3027,Na8 Mg2 O6,Na4MgO3,Mg-Na-O,Cc,9,16,1.8055693469558756,289b81ccf967ac00f4a6bda03e46441f33cffe0667dfa465d6ab353879202108
3028,mb-dielectric-3029,Li15 Re3 O18,Li5ReO6,Li-O-Re,P3_112,151,36,2.1262402655077866,7687afad26a03f6850272b096bb116526db985fb14efd788e44863408eebb5d4
3029,mb-dielectric-3030,Mg1 Sc1 Ga1,MgScGa,Ga-Mg-Sc,F-43m,216,3,6.670649893376208,d4cc2a8bbff631875ef74b637c316096593fa19ab3ac639e5149afee72a1cd5f
3030,mb-dielectric-3031,Pb2 I4,PbI2,I-Pb,P6_3mc,186,6,2.2179939885701505,6e17440b4f2d3df5592064a259419672951d2136646fab331b1806de3f9455d9
3031,mb-dielectric-3032,Na12 Ti4 O14,Na6Ti2O7,Na-O-Ti,Pc,7,30,1.6756634506964696,955a3199bfff91b1c4c88cbd85ab699f74c2cb3bfc5affbbcfd3e498d3e87e9b
3032,mb-dielectric-3033,Li10 Cu2 P4 O16,Li5Cu(PO4)2,Cu-Li-O-P,Pc,7,32,1.664784170195444,da97c3ba3491571f0860f184b5ab32802f2d52615c2ec903abfa76f2d74445c5
3033,mb-dielectric-3034,H16 Pt2 O12,H8PtO6,H-O-Pt,P1,1,30,1.984660424354756,1513b7267ceeafe514fd6b75f9dc0900147e60b91604cdf0742fd1cf06949139
3034,mb-dielectric-3035,Cu4 Se12 Br4,CuSe3Br,Br-Cu-Se,Pmna,53,20,2.754764781247212,70c30b84fdc0c03a1b203f1102dc047e406ff46475d3ead0b9ba3e043a4676c8
3035,mb-dielectric-3036,Mg1 H12 Cl2 O6,MgH12(ClO3)2,Cl-H-Mg-O,C2/m,12,21,1.5318833724101408,e4a6ddbf4f51737e8f2d1fbf1607e6d3c22f225eaa3a4772a6c456fbde20c4ea
3036,mb-dielectric-3037,H16 S8,H2S,H-S,Pbcm,57,24,1.657709262808168,f02893a8ce6a7a047da3d8c5b2199422a9ceab3df246410b242b291f758fde58
3037,mb-dielectric-3038,H16 Pt2 O12,H8PtO6,H-O-Pt,P1,1,30,2.0068245231376527,b20827490815ff1a69207e25d75d365f304c67c4660066ce17cfb4b7ae8f799d
3038,mb-dielectric-3039,Mg1 Nb2 Pb3 O9,MgNb2(PbO3)3,Mg-Nb-O-Pb,P1,1,15,2.6035718414004507,f2ffe5ab49e88fc1043eda6632d7e87dc2e959acd1d4973ae12d6e89e40d0726
3039,mb-dielectric-3040,Ba2 Be2 P2 O8 F2,BaBePO4F,Ba-Be-F-O-P,P1,1,16,1.673222190782033,f0eccd73c1d4e9c0174f4ebba4a90d84359736a0a7b11cd9ea4f9cc726125607
3040,mb-dielectric-3041,Li3 Sb1 S4,Li3SbS4,Li-S-Sb,I-42m,121,8,2.124146338336101,aea6de9b0dfba656479b753005855b7854cac6eaabca9004510d6f8b21989058
3041,mb-dielectric-3042,Ba6 Li12 Si6 O24,BaLi2SiO4,Ba-Li-O-Si,P6_3cm,185,48,1.7466739821729782,a91afd44df84e9e80bee01a83c1641bf041b58c7833b600137584b5d9c93875a
3043,mb-dielectric-3044,Zn4 H8 O8,Zn(HO)2,H-O-Zn,P2_12_12_1,19,20,1.6410014218966011,5c88306b84d59c5003cfc6f2402a5505c764bd0d8c83743f46155ada06fd523a
3044,mb-dielectric-3045,Y2 S1 O2,Y2SO2,O-S-Y,P-3m1,164,5,2.257542838279401,74b42fb870aab4b2fd599db1d141a96c28933d13a0c11fd97afd6cebc75aebcc
3045,mb-dielectric-3046,Ca16 Ti16 N32,CaTiN2,Ca-N-Ti,Pbca,61,64,2.7922883088964863,8aef7e301e8df9c11b0e6a7b28b4488885100fdd6feb273ebc448844299518a3
3046,mb-dielectric-3047,Li32 Ta8 N24,Li4TaN3,Li-N-Ta,Ibca,73,64,2.2789887377226474,802e3652d2b1058810c6a7077788b29de14f93bcb5c08f4707b99caf85168349
3048,mb-dielectric-3049,B2 H6 O2 F8,BH3OF4,B-F-H-O,P-1,2,18,1.353021310499826,15418ff9ea0de1d64d6cafdae05ba2b89617623bfe6b370fa5feff6b187fad32
3049,mb-dielectric-3050,K2 Nd2 P8 O24,KNd(PO3)4,K-Nd-O-P,P2_1,4,36,1.627711071822433,3e2f227e4ce800288dc748bf860189db1f1d243b86897677e61fc8e105471f92
3050,mb-dielectric-3051,H2,H2,H,I4/mmm,139,2,1.2459266966131408,ee3450973c86adcb68c37f3e7edebc66a047ceacc52bddb222edf94f47f0f079
3051,mb-dielectric-3052,Zr4 O8,ZrO2,O-Zr,C2/m,12,12,2.0964138524435754,df698de41629d3edd16a4eb2ca27b1903045117c5af4e67f527a085decfd5327
3052,mb-dielectric-3053,Li4 V2 O2 F8,Li2VOF4,F-Li-O-V,Cmc2_1,36,16,1.8300144808170233,af2e6944df330449c42520908877e25f8f3c3f103613ee824152aa1531c3845f
3053,mb-dielectric-3054,Ba2 Sn1 Hg1,Ba2SnHg,Ba-Hg-Sn,Fm-3m,225,4,8.96991856150323,abec97fbba377b53d7da3d0ab78fe3526c3954060662ec20840887ca23690c19
3054,mb-dielectric-3055,Ca2 Zn2 S2 O2,CaZnSO,Ca-O-S-Zn,P6_3mc,186,8,2.1882834977823813,133a1b713485f5c2463782f3a4cb98389f07d80f5adb2fcf78cd470a711bd5d9
3055,mb-dielectric-3056,K6 Li3 Al3 F18,K2LiAlF6,Al-F-K-Li,P-3m1,164,30,1.4213179329997387,8df8265b7606a67413b2fd1690ff538d13adbdddad432bca83c91c9d2d50a1a7
3056,mb-dielectric-3057,As12 H4 O24,As3HO6,As-H-O,P2_1/c,14,40,1.822361105818493,16c7943888871262e778c3fbb858478da629b2e960a207591abe8d61b9c6ccde
3057,mb-dielectric-3058,Li2 Sb2 S2,LiSbS,Li-S-Sb,P1,1,6,6.159901216740412,9a3a81010b6c2b614215aae139d3813553028e155681cf66c1d21b142c7ac2e7
3058,mb-dielectric-3059,Ba2 Na8 O6,BaNa4O3,Ba-Na-O,Cc,9,16,1.8884687074448607,d0f0188c5e92799e5bf314792cb31c33067967be1c61dfee53841393f6245e80
3059,mb-dielectric-3060,Li4 Sn4 P4 O16,LiSnPO4,Li-O-P-Sn,P2_12_12_1,19,28,1.827111198951321,d09866306b04297122282fd11a490a773a7d8acc0923ca372e17dd945ca3ebd4
3061,mb-dielectric-3062,Cu6 Sb2 S8,Cu3SbS4,Cu-S-Sb,Pmn2_1,31,16,1.0,714170cb903203ad9828e93e4556000dc249e89d3a273987494cbe50d6448de8
3062,mb-dielectric-3063,Sr2 Li2 B6 S12,SrLi(BS2)3,B-Li-S-Sr,Cc,9,22,2.058974906759834,ceb769d91cde54373aafc57b7b8242073f7f416760fa9198404744e6758874c7
3066,mb-dielectric-3067,Li2 Fe2 Si6 O16,LiFeSi3O8,Fe-Li-O-Si,C2,5,26,1.6468933379750696,3ffc87a8795bd208df3f81ad91c4b7e4b8740cc9f2728e3d129b5c068150d42b
3068,mb-dielectric-3069,H14 Br2 O6,H7BrO3,Br-H-O,Cc,9,22,1.6067565673326702,a0099ec3b0ea97e4a7c9de1b63bc5fa62ad8f63f4c9567102d5178330ad3ded2
3070,mb-dielectric-3071,Li1 Zn1 P1,LiZnP,Li-P-Zn,F-43m,216,3,3.460322094834528,48fa91834da3fd53771229e286420f08182a6ed9d3891a79a6ea864711f24984
3072,mb-dielectric-3073,H40 N16 F8,H5N2F,F-H-N,P2_12_12_1,19,64,1.5172927645426024,f1418cf74b6a06e9ebb6199635130579dbfaf20aaeb8d297b7e8bb4aa38f63a1
3073,mb-dielectric-3074,Li2 Be2 Sb2,LiBeSb,Be-Li-Sb,P6_3mc,186,6,3.6395706706515143,084d94a453361ab4ecb1449d8dbf521dc644d505cc4a24f5f010fa6f52662c46
3076,mb-dielectric-3077,Tm1 Ni1 Sb1,TmNiSb,Ni-Sb-Tm,F-43m,216,3,4.310273773207448,12a8d4b80ee90a550aa16972bfcd616ecb953c7b8342b41c49ec26deeca849e8
3077,mb-dielectric-3078,Ga1 N5 O14,GaN5O14,Ga-N-O,I-4,82,20,1.5403158766954264,d39fce460dcb02440a8209b73baf0baeead42ed76543617ad5ba714d18246ef2
3078,mb-dielectric-3079,P8 S8 O12,P2S2O3,O-P-S,I-4c2,120,28,1.5915665239002736,bd25e957257ce66803fd1e4818111b14f31a9ed54553c3450380994e0f23058d
3081,mb-dielectric-3082,K4 Cu4 P4 O16,KCuPO4,Cu-K-O-P,P2_1,4,28,2.068588488156437,84b4f9eb21d3163bd47a450c46339f7bbd7702e7ef85a548f5e79fb637a6f4f2
3082,mb-dielectric-3083,Li1 Fe1 Si1 O4,LiFeSiO4,Fe-Li-O-Si,I-4,82,7,1.8064795413547683,3a7ca15284e9ae773cd128bde95d13c436ce9c7613c08fdc9ae303f7826addcd
3083,mb-dielectric-3084,Li1 Ga1 Si1,LiGaSi,Ga-Li-Si,F-43m,216,3,4.65718573818996,1b70e4f083bd397df1dccbbd044d9c7f4c6a5229203bbae38d013f6cd422975d
3084,mb-dielectric-3085,Li11 Ti1 Sb5,Li11TiSb5,Li-Sb-Ti,Cm,8,17,3.5587880427658702,aee22bc1130802a7cefbbf45ce1c778524d333cf09cafd13b4727e9a44b833dd
3085,mb-dielectric-3086,Tb1 Sb1 Pt1,TbSbPt,Pt-Sb-Tb,F-43m,216,3,4.824100641570404,6edd45027b0682e4660e7edb1e19d326b1586e297ed91e0ba4fed54ec90cf809
3087,mb-dielectric-3088,Cs1 Sn1 I3,CsSnI3,Cs-I-Sn,Pm-3m,221,5,2.7114267461983914,3eab767d3db90c90f5be94b33c436f735ae8c98a782b08490bb26a6b73e7685d
3089,mb-dielectric-3090,Ta1 Cu3 Se4,TaCu3Se4,Cu-Se-Ta,P-43m,215,8,2.6411773889687913,f103d26b40c19f62d7b6da1176e58fe18c5919fa6786073c8d5cec151bfadbf6
3090,mb-dielectric-3091,Li4 Cr2 Si2 O8,Li2CrSiO4,Cr-Li-O-Si,Pc,7,16,1.7716782062966927,1b4cac81595a5bac4c137bb372ab041eedc827c5cee8b443cbd5456425f0f4e0
3091,mb-dielectric-3092,Na2 Si4 B2 H4 O14,NaSi2BH2O7,B-H-Na-O-Si,P2_1,4,26,1.5294461960679318,4cd31d5033ecdd4fa0c2dd16198c00402e028f6bda23fea864a15b148b3f641c
3092,mb-dielectric-3093,Li6 Mn2 P2 C2 O14,Li3MnPCO7,C-Li-Mn-O-P,P2_1,4,26,1.6673617883750766,aed3eb293b4f1052a3cc5fc66203a9547eb496693706a15edc0d932a2d99b8fd
3093,mb-dielectric-3094,Li4 Ta4 W4 O24,LiTaWO6,Li-O-Ta-W,P4_122,91,36,2.1347628283566613,dd92cee6d418fe442a079e4deeb0a36abbbc4b94e4493bae5b22686d7aea7557
3094,mb-dielectric-3095,Pt1 S2,PtS2,Pt-S,P-3m1,164,3,3.1847553542880913,19c5361219e66fb752a81d34c6e6b0acdd078c60d3d0962f4015fcace1b2a75b
3095,mb-dielectric-3096,K2 Mn1 F6,K2MnF6,F-K-Mn,Fm-3m,225,9,1.4756623371670539,2905252081ccc1a5635cbbe7be7e948c53e8df92c24bf32626f064d11a454cc6
3096,mb-dielectric-3097,Al8 Ga8 O24,AlGaO3,Al-Ga-O,Pna2_1,33,40,1.929709131795083,60e63b34de6b66d0bba9088e7cebe0046f44c5cdd25532fb8f3572009af76623
3097,mb-dielectric-3098,Ca8 V2 N8,Ca4VN4,Ca-N-V,P-1,2,18,8.476518192434124,b84ccda8f6a16ad4630bdd34c9503e5c8e92de52f5610226c16771684405aa1b
3098,mb-dielectric-3099,H40 C8 S8 N16 Cl8,H5CSN2Cl,C-Cl-H-N-S,P4_12_12,92,80,1.6187865825982126,167da612acfb56675afd34816440d542b5625a7e0d9c1e3798384aec5e518d65
3099,mb-dielectric-3100,Li12 Fe4 O16,Li3FeO4,Fe-Li-O,I23,197,32,2.9582445808283,877e627a8c48237abbfa46d76e70c76a9f4d29368115acb87a6762ab17aad717
3100,mb-dielectric-3101,Ba6 Bi2 N2,Ba3BiN,Ba-Bi-N,P6_3/mmc,194,10,3.5739334073258906,1cca444b6b5748909cc8a5034dfd8fa6cf9426f7a1d85aa83bb8a994b1f13773
3102,mb-dielectric-3103,Zn2 Ge1 S4,Zn2GeS4,Ge-S-Zn,C2,5,7,2.433111793568064,0f7c949e8c481c7d7eee923a3772a96c751c68c582686867a2c2b88eb7740961
3103,mb-dielectric-3104,K2 Hg3 Ge2 S8,K2Hg3(GeS4)2,Ge-Hg-K-S,C2,5,15,2.2687309227848065,c9260c42254dc7136e199824fa5316148ab8f82f6bca540031d8b0c1d5674b47
3104,mb-dielectric-3105,Tl2 Si1 F6,Tl2SiF6,F-Si-Tl,Fm-3m,225,9,1.576957196629017,21ed795a5d22629d0285d78420a5bacc365f5b10524f79f672ae2d1d284ff403
3105,mb-dielectric-3106,Ti1 Fe2 Si1,TiFe2Si,Fe-Si-Ti,Fm-3m,225,4,6.189693130079839,dbe851dc1ea95069ad52ef7b7c8224204073fdef2ebf02561ad7a591ecea94cf
3106,mb-dielectric-3107,Mn5 O8,Mn5O8,Mn-O,C2/m,12,13,3.0611544663158132,4d6d5cdfe1eda437db95ea909f884ef914eb6b5194d5730648a11926f26654c0
3107,mb-dielectric-3108,Mn12 Sn4 O32,Mn3SnO8,Mn-O-Sn,P4_332,212,48,2.4639707790475116,99a58f1f5dd948f08712d7f36552f5f2ad420ed07de09f8fcb63abf8b77e2a6b
3110,mb-dielectric-3111,Sn8 Cl4 F12,Sn2ClF3,Cl-F-Sn,P2_12_12_1,19,24,1.9511669306711654,5197f72830ca3de9cb464df82817a1eb239ef062dd3f140949990a6881d1df02
3112,mb-dielectric-3113,Li4 V3 Si1 O10,Li4V3SiO10,Li-O-Si-V,P1,1,18,1.8576320051793538,fffe39e68d286e453cf0d821e82de0b8ad2b241c708025903931b3e8de4fcfda
3113,mb-dielectric-3114,In2 Cl2,InCl,Cl-In,Cmc2_1,36,4,2.437271767092596,7fa07a3d2a441e2b11f5478f30462bf8bc2a1356caf04053b4e6bf04b4b9afdc
3114,mb-dielectric-3115,Re12 S16 Cl4,Re3S4Cl,Cl-Re-S,P2_1/c,14,32,2.6378652985574025,4120367dd28bacc0ee3ef4e5a32145f6f80d3a0ad604706d065f54d9137e8121
3115,mb-dielectric-3116,Li4 Co1 Sn3 P4 O16,Li4CoSn3(PO4)4,Co-Li-O-P-Sn,Pm,6,28,1.915135156240067,cee3082d75bb029098bccf6f8af5dd28d842010f502e21977277a9f37573f302
3116,mb-dielectric-3117,Li4 Mn1 Sb2 W1 O12,Li4MnSb2WO12,Li-Mn-O-Sb-W,P1,1,20,2.422153243156455,78f0a34ceda4413f58ae0c571db1ab91224771e2fae71847dd30daa360dd0cb0
3117,mb-dielectric-3118,Li4 Si8 N12,LiSi2N3,Li-N-Si,Cmc2_1,36,24,2.098891215221345,4e02fdd7fd0fa454dc366343d1abb9f8ebb09a1e35c182c879a3d15804ad03f9
3118,mb-dielectric-3119,In12 Ru4,In3Ru,In-Ru,P4_2/mnm,136,16,5.028862674688857,016c6026076eb484a13451a7012fc973241e87779b5713244e7eb0f98f61de85
3120,mb-dielectric-3121,Ba4 W4 N12,BaWN3,Ba-N-W,P2_1/c,14,20,2.841754446347068,9f959e2e5b89f4fbf3883e9402ae68f57f384fd082a690438a8fc47456690023
3121,mb-dielectric-3122,Mn6 O5 F7,Mn6O5F7,F-Mn-O,P1,1,18,3.0234766963436863,2fd9f8b7a018d5cdb76b11974b8bce91ece8d1110eea2bc35701c5fea1c3fb3a
3123,mb-dielectric-3124,Li56 Nb8 N32,Li7NbN4,Li-N-Nb,Pa-3,205,96,2.2478211672639796,a23ce5be96dc53607dd69d70c1772d1964c2cfa19e4f89bd6b6baa759ce7703f
3124,mb-dielectric-3125,Ba2 Mn2 O6,BaMnO3,Ba-Mn-O,P6_3/mmc,194,10,2.2649381890020854,4dc5300b7596ef6cc27a7d45340308f3680841ad93c806ef504295195791598a
3125,mb-dielectric-3126,Cl4 F12,ClF3,Cl-F,Pnma,62,16,1.4954375056595755,b2a7d0125bc2cb46b7f91adea2b29fd67fbc5dee79c5f8ad908ad1d96eac7904
3127,mb-dielectric-3128,K12 Co2 S8,K6CoS4,Co-K-S,P6_3mc,186,22,2.067546210688731,ab2c6f8453c4c0c6191f485448ba6a20d976d6275689693b4476fd6bb1eb4ce1
3128,mb-dielectric-3129,Sr6 Al6 N10,Sr3Al3N5,Al-N-Sr,P-1,2,22,2.3223216113765695,5c38271e9b85445bdded0058dd17119f25fc2006f9b7adfe80c2eb905c27ecb8
3129,mb-dielectric-3130,K1 H1,KH,H-K,Fm-3m,225,2,1.6498484778912363,678cf35558e2a38c09550fac979ab1587583fafd6797d03c91bac7b5c8ef5326
3130,mb-dielectric-3131,Rb2 Ni1 O2,Rb2NiO2,Ni-O-Rb,I4/mmm,139,5,1.7000415681192576,f59aae624f5f0ee71e1432b2d6829a8659904ddeb57725abaf52b43b06296c0a
3131,mb-dielectric-3132,Si4 O8,SiO2,O-Si,P1,1,12,1.5067203898976524,e8f5255db26d228401d597a782d3e2f455bfacf1e5d3b3201adb3b70187d0b1f
3132,mb-dielectric-3133,Mn2 Sn2 O6,MnSnO3,Mn-O-Sn,R-3,148,10,2.1468244766010387,160e39f403965c0a0aed7dd2db79f4810033b78c481717c80505fdc553930843
3133,mb-dielectric-3134,Ba1 S1,BaS,Ba-S,Fm-3m,225,2,2.192259108773441,4e570985483723f23963725785ee4aab75c4196e720b45241a03807569643cdb
3135,mb-dielectric-3136,Cd4 O8,CdO2,Cd-O,Pa-3,205,12,2.1111608181282633,822f7e468b2c35b4b2458aedf7c21da66e7da8f557b5b98ecbb79de347419855
3138,mb-dielectric-3139,Na4 Li2 Be4 F14,Na2LiBe2F7,Be-F-Li-Na,P-42_1m,113,24,1.342681769196757,dc431146a6359dfb38b77cb8daaa4b4a97edcd53d73034bb389663bd8c8a66b4
3139,mb-dielectric-3140,Ca3 P6 Ir6,Ca(PIr)2,Ca-Ir-P,P3_221,154,15,5.692490608980687,f647026d992a806fe33f0868f73a1ed2f5ec9f1f4105a58fad288bc92568907b
3140,mb-dielectric-3141,H16 W6 Se2 N4 O24,H8W3Se(NO6)2,H-N-O-Se-W,P6_3,173,52,1.9964800691884377,1368cd1c226bc9671f42324ccdf47f82d638e372a66b48b32b64eca19aa66e13
3141,mb-dielectric-3142,Li5 Mn1 O1 F5,Li5MnOF5,F-Li-Mn-O,P3m1,156,12,1.5475921081904467,77bb30569be63a1a9dd4b8607ac834929b3f3e14d39ce75738700acf1b92f661
3142,mb-dielectric-3143,Rb1 H1,RbH,H-Rb,Fm-3m,225,2,1.6730212192318716,0d5602c2b4c70a02f228bd82a144bb589063cffa79ae25d47f1842530bf33c90
3143,mb-dielectric-3144,Sc4 S6,Sc2S3,S-Sc,P1,1,10,2.8429093674521817,190d12ddb8b871ec93e22bebf75d16f824d5912c1849b77b86f071d0f9ff7e76
3144,mb-dielectric-3145,Rb8 Co4 Cl16,Rb2CoCl4,Cl-Co-Rb,Pna2_1,33,28,1.6474016915535,8fc83fdcc622ceac75191c5baf7e1beebbc32904040cc06be6780a1112fe362d
3145,mb-dielectric-3146,Cs1 K2 Sb1,CsK2Sb,Cs-K-Sb,Fm-3m,225,4,2.7642188167123587,b2e0b43cf57092810a721d47616bba38754362df666905e23339209ae27be059
3146,mb-dielectric-3147,Li3 Mn3 Ga3 F18,LiMnGaF6,F-Ga-Li-Mn,P321,150,27,1.5019459599688163,042dbe143cdf75e3daec9cf8da2231bfe4bce5ddadc2e07e3678341ff91807de
3147,mb-dielectric-3148,Sr3 B3 P3 O15,SrBPO5,B-O-P-Sr,P3_221,154,24,1.6800945409906705,c964bb1b1a3342ff92be319e02019de651dca1942b27aac3d06a288c8d470919
3148,mb-dielectric-3149,Si4 O8,SiO2,O-Si,P6_322,182,12,1.4647685824047432,5992fd7ed076d9ccac9c1a59838eb73029baf63425f3cb4675e9aa56680b4fd6
3149,mb-dielectric-3150,In1 Sn1 Cl3,InSnCl3,Cl-In-Sn,P1,1,5,2.041549117963783,6d3d29345311d00f31cd27ad78b2cefacccaa02654c85c1ce15cfdb3ddfbb6fe
3150,mb-dielectric-3151,Si8 O16,SiO2,O-Si,I-4c2,120,24,1.406455829381072,5df38878bc9d3e5a47ebd9a0cf4d86abb8927f09bcee12a591d8bfc7c2f07d8e
3151,mb-dielectric-3152,K6 Ti2 O8 F6,K3TiO4F3,F-K-O-Ti,Cmcm,63,22,1.562355593326948,0c8ddb588a8c52c8eb8e8953a3382cceee09e25c8b8976c089409c40b700944f
3153,mb-dielectric-3154,Rb1 Y1 O2,RbYO2,O-Rb-Y,R-3m,166,4,1.9178609612447628,cee50f5964174b128a827ed23f234d7a19f25b7f0f4a1c40c44e46832e393f1f
3154,mb-dielectric-3155,Cr2 B2 O6,CrBO3,B-Cr-O,R-3c,167,10,2.17084438256945,3a9ea68c1bb1809d6437a81ec2cb26b0da7f2de0e390a076a169b649c930f9c1
3155,mb-dielectric-3156,La1 Al1 O3,LaAlO3,Al-La-O,Pm-3m,221,5,2.1929005905421235,26f640bb5cd43094939a33d1df6913de4d28885d802abd58333b327889f48a95
3156,mb-dielectric-3157,K4 O2,K2O,K-O,P2_1,4,6,1.8133127143435575,7ef2b5c9873df99f7dd9d013771e76be0183ff767a0f1574d4d88434310cef23
3157,mb-dielectric-3158,Li2 Ga2 Te4,LiGaTe2,Ga-Li-Te,I-42d,122,8,2.7304694346088794,5a56973e085644d8c4a4b69c6fc303daed490f735ecace9a43933599e986c972
3159,mb-dielectric-3160,Li10 N2 Cl4,Li5NCl2,Cl-Li-N,P2/m,10,16,1.8690142678249766,d90b1f4c85dc271824f601fe8e30916baf40e1a33178550109a71d9f081cd9a9
3160,mb-dielectric-3161,Fe3 O1 F7,Fe3OF7,F-Fe-O,R3m,160,11,1.659987951763506,4ec2049fe7c5be0f188b2ed2c3e47005138ff6593fef48dec55abedbdd06a0bd
3161,mb-dielectric-3162,Li2 In2 P4 O14,LiInP2O7,In-Li-O-P,P2_1,4,22,1.6434984027981285,a587ae89796ada32756a8587ae16bf81176faaaf36b7ce01c1eb630060d4b7b2
3162,mb-dielectric-3163,Fe3 F9,FeF3,F-Fe,P321,150,12,1.5968588958744392,e629139db241c7e9dd1d245c478f699774e44e0a732be64c340afd77072a2b5c
3163,mb-dielectric-3164,As8 Ir4,As2Ir,As-Ir,P2_1/c,14,12,4.621435563400907,c206a4f845c89a491b94dba86ec208e5fec2e52d7bb099b804e06f2389129824
3164,mb-dielectric-3165,Sr6 Al12 O24,SrAl2O4,Al-O-Sr,P6_122,178,42,1.7107669819898537,2cdf14ad292462de1ac5cae7c4e05c3ef6d71b6ecf154de0e54fc7f36bd2a1fe
3165,mb-dielectric-3166,H1 Cl1,HCl,Cl-H,Imm2,44,2,1.3527975951092364,9b29b6fc54c0151bdb235a2e8d88049eb247cdf97867c67428f1a20fff7cb19e
3166,mb-dielectric-3167,La2 Cr2 O6,LaCrO3,Cr-La-O,R-3c,167,10,2.395170070509958,0d1755ed608349e1b6ffa00387cef3ac7bd8da6a1942f3d185491d37026531b1
3167,mb-dielectric-3168,Al10 B2 O18,Al5BO9,Al-B-O,Cmc2_1,36,30,1.6438822950564314,7fbef563afba88e0fd301735485cb046587ea8c2ed28dd2f267c623ae3294501
3168,mb-dielectric-3169,Co2 H16 Br4 O8,CoH8(BrO2)2,Br-Co-H-O,P2_1/c,14,30,1.6632297896963406,cf227c47ade266ea1bdef0b740d0e2ff6edd5622a0fbbf7641c5ed384aebfabb
3169,mb-dielectric-3170,Ni1 As2 O6,Ni(AsO3)2,As-Ni-O,P-31m,162,9,2.072265427014607,4c63e099256dc07e4685ac020821056d2dfff5bfbc9376fa0455c969a9b6d38a
3170,mb-dielectric-3171,K4 Sr4 V4 O16,KSrVO4,K-O-Sr-V,P2_12_12_1,19,28,1.8174840668719308,b0fd704eaef26cd4d18784d518fd3cfdded8fc5bf9122c1f27410ef2c39762af
3171,mb-dielectric-3172,Rb4 Se2 O8,Rb2SeO4,O-Rb-Se,Cc,9,14,1.5442783643717433,713d34d0e64e543c0a38964f0cfa8fc8466da396c67cb34077f1b9ad26047d44
3173,mb-dielectric-3174,Mn1 As2 O6,Mn(AsO3)2,As-Mn-O,P-31m,162,9,2.021210940665675,5638d459b715ca27be156ede6ed17c2939d262cb3deee8fe11f86ffc1e1ce8f9
3174,mb-dielectric-3175,K1 Y1 Te2,KYTe2,K-Te-Y,R-3m,166,4,2.5567133198698624,0cafe21ff3ed205da5dce9b7b2c70d1cfe4dcfbd0e82dd33dffac3cd2d965b65
3175,mb-dielectric-3176,Al2 Bi2 O6,AlBiO3,Al-Bi-O,R3c,161,10,2.4508482205146924,69ffa4a46a86bd719d8d8f358bf5237403661d4394c9637db0d2b3459140d80c
3176,mb-dielectric-3177,K6 V2 S4 O20,K3V(SO5)2,K-O-S-V,P2_1,4,32,1.5669877685121434,20049a9cf7bb5e2782b895e86ec89e0e79f5a0f37cbb6980076ca9ebee84a70a
3177,mb-dielectric-3178,Li2 V2 O6,LiVO3,Li-O-V,P1,1,10,2.47366111933978,31cb695b765b66d50fc9e3f43e0de5d9a630ce8034fb252e0096bc04fa99001f
3179,mb-dielectric-3180,Ba2 H8 O6,BaH4O3,Ba-H-O,P2_1,4,16,1.6690805852324804,2e7a76e9192ac22b8e0b714d32f1ae1c796a75030b5d526d8357eaedef67bcff
3180,mb-dielectric-3181,Li3 Y3 Zr1 O8,Li3Y3ZrO8,Li-O-Y-Zr,C222,21,15,1.9695945437238263,34f0878d5e76547389f1a84f287aa9313188964b150849439d030093fe279e57
3181,mb-dielectric-3182,Sb4 O8,SbO2,O-Sb,C2/c,15,12,2.3106997497181583,13b46d2a051864fe5c730c7a57accb5350f0f5b69f847b2193bae0014d4f1482
3183,mb-dielectric-3184,Br2 Cl2,BrCl,Br-Cl,P6_3mc,186,4,1.7319947074591915,0fb72e3b2c0c65d10aa54fe11404cf112d38d456c990c7d42e9ed3140c47ce1b
3185,mb-dielectric-3186,Ta4 Cr2 N2 O10,Ta2CrNO5,Cr-N-O-Ta,Pc,7,18,2.587051410389828,860df69c5122b9d8cdf3c044fe05e62006bc62fa8700cb7514a49e597c1258d5
3186,mb-dielectric-3187,Ti2 Ni2 O6,TiNiO3,Ni-O-Ti,R-3,148,10,2.4132170091800687,ad821305094ecde873cc803e48486f19e86f3981e50a445fb268619b915bf694
3187,mb-dielectric-3188,Li4 Fe4 P4 O16,LiFePO4,Fe-Li-O-P,Pc,7,28,1.6476879761249297,0bb727f507f751f11cbcbca7129bf6bf86d1b3d8d0b37afe4546e21485f9e25d
3188,mb-dielectric-3189,Zn8 P16,ZnP2,P-Zn,P4_12_12,92,24,3.137276525905869,60b091aa9e0727245751999b8eb051900c80f248ac7e558fcaa99ca5e3728916
3189,mb-dielectric-3190,Rb9 N9 O27,RbNO3,N-O-Rb,P3_1,144,45,1.5083184897980488,78b6c729c748644c83e93aedf656cf36664885e376e5d7e143ea671cf7eb5caf
3190,mb-dielectric-3191,K4 C2 N4,K2CN2,C-K-N,C2/m,12,10,1.6354343969314902,9a612e661d3429e7003aff8049539a9c7981742c6642ae3a330756ae3127f2e3
3193,mb-dielectric-3194,Ca4 Zn4 Cu2 P6,Ca2Zn2CuP3,Ca-Cu-P-Zn,P6_3/mmc,194,16,3.456587912956941,06df832f9ad945c5d2d656c0bf72c6df99596671f2a4db9116e76daf441969b0
3194,mb-dielectric-3195,C6 N6 Cl6,CNCl,C-Cl-N,C2/c,15,18,1.5922730084209689,05e09ec2ca2cf25a63bb3eaf2bfaa19e0db543d06ea44185b991d84cd0844955
3195,mb-dielectric-3196,Na2 Mg2 As2,NaMgAs,As-Mg-Na,P4/nmm,129,6,2.8818649054619705,17b52a775752986649194e586ec932c5784c45f2384cea8535488927b33037ba
3197,mb-dielectric-3198,C2 Cl2 F6,CClF3,C-Cl-F,Cmc2_1,36,10,1.4428962771684826,0e173f4e1031d49a618aa8a6819efa4ef09d718ace5ea3baa45d92372f4a2cbb
3199,mb-dielectric-3200,V4 F12,VF3,F-V,Pnma,62,16,1.7711612711616294,f1e7813708cc2dc92d4843abec4b148d58d132eaeb3f1ed366c3e7175959c171
3200,mb-dielectric-3201,Hg2 I4,HgI2,Hg-I,P4_2/nmc,137,6,2.202044504545719,3678e914cf93f7e81021f3db953b5bff6641e68620d969283141123328809024
3201,mb-dielectric-3202,C1 S14,CS14,C-S,R-3m,166,15,1.7677669529660431,9739ed4f60769fceb19e10e450e469438f3c5a43305199805ecdd766f6685c59
3202,mb-dielectric-3203,Na12 W2 N8,Na6WN4,N-Na-W,P4_2/nmc,137,22,2.0936297826183754,611978b906f9b6a759d4d4a1a53b25d93d11f850a4956b6882766d75adce9df9
3203,mb-dielectric-3204,Li2 Hf4 N6,LiHf2N3,Hf-Li-N,Cmcm,63,12,2.885796250603982,2b410b79d85a119191de1b2aead6af1a49ec9836abdc6cc4163f8c4c7442cda7
3207,mb-dielectric-3208,Y4 C6 N12,Y2(CN2)3,C-N-Y,R-3c,167,22,1.9332332157985124,68405b35f66436865799fc8921c21ef59bf5179180ed1f281a8ee982e33b3dee
3208,mb-dielectric-3209,Li8 Ge4 N8,Li2GeN2,Ge-Li-N,P2_1/c,14,20,2.2123415950827607,0c725b956532c7fc273b10f38348f4752ff6614394f94688abbaa6a5d5998196
3209,mb-dielectric-3210,Li2 Al2 Te4,LiAlTe2,Al-Li-Te,I-42d,122,8,2.478838437655829,6597d8071970abd2d619a87a0f3b21980c09a06c24aca4e1338ae16c6e27297f
3210,mb-dielectric-3211,Ca8 Ta4 N12,Ca2TaN3,Ca-N-Ta,Cmce,64,24,2.4922441025442645,e46d2cf90411bbfe0a565767473868d19d37da06ed1c1dc5a8dc6d7637c6fd2b
3212,mb-dielectric-3213,Li56 Sb8 N32,Li7SbN4,Li-N-Sb,P-43n,218,96,2.2145602272234557,95b89562c5181b2ff16c8e31f9a9d97509c9eaf99d70c2c1a9d1d3a797a52e8b
3214,mb-dielectric-3215,Te4 Mo3 W1 Se2 S2,Te4Mo3W(SeS)2,Mo-S-Se-Te-W,P3m1,156,12,1.000000000019242,694140d01c5143b5d2a1a269529905ef60fdeab434c51bf5dfce67fb68436e42
3215,mb-dielectric-3216,Te2 Mo1 W2 S4,Te2Mo(WS2)2,Mo-S-Te-W,P3m1,156,9,1.0000000030609548,f4c50c22f58297cb0117d32f981a0373add727c1d5339a99e3e87ae1e7b578f2
3217,mb-dielectric-3218,K3 Sb1 S4,K3SbS4,K-S-Sb,I-43m,217,8,1.9529229375477155,3710f37edf06dd6729f75de88869c6e138bdb8caf008d6dea5fb4d92ce9657e5
3219,mb-dielectric-3220,K6 Li2 P4 O14,K3LiP2O7,K-Li-O-P,C222_1,20,26,1.5441687083994415,616750b0d714989fd4af63d968cbd94d0fd60599897983488e6dc4f40746c2c1
3220,mb-dielectric-3221,Hf1 Fe2 Sn1,HfFe2Sn,Fe-Hf-Sn,Fm-3m,225,4,6.177685084236644,bb44a3e482faebb954cda9cb2b3de3019cb7c29a949e2cc942040efe47b9a8f6
3222,mb-dielectric-3223,Te4 Mo1 W1,Te4MoW,Mo-Te-W,P3m1,156,6,2.8550892364280895,4190e9a6657c105f7897a45a037ff2bab4895d5b32df351d352bfec527fa27d2
3223,mb-dielectric-3224,Na4 Pd2 S4,Na2PdS2,Na-Pd-S,Cmc2_1,36,10,2.601218432453017,6d96f401e762c8aadbee05b43ef8c01232a9fb39f9fa7504caf588a9d0862ae8
3225,mb-dielectric-3226,Li4 P2 N2 O4,Li2PNO2,Li-N-O-P,Cmc2_1,36,12,1.7251919699944507,18fe7243d9dc279663d72fdcf841a6a8876290af906ba047d5e3acc80e8cab16
3226,mb-dielectric-3227,Bi2 Se3,Bi2Se3,Bi-Se,R-3m,166,5,4.1636922717151466,b7a82e2f74db56fafbbb7955557dd9e8b9413e80e0c37d2b68f5696546249951
3227,mb-dielectric-3228,Ba2 Se4,BaSe2,Ba-Se,C2/c,15,6,2.8120573725782356,f54b83370b271fc508fea74116f5f4c820d7a5ec5d3230941ffa4c2431dfb59c
3228,mb-dielectric-3229,Na6 Sr6 Ga2 P8,Na3Sr3GaP4,Ga-Na-P-Sr,P6_3mc,186,22,2.7667448382530764,269bee81d87abf5be9d570a80d640c9c663906d40862ee69334539fb1d4a0cd2
3229,mb-dielectric-3230,Sm6 Cu2 Ge2 S14,Sm3CuGeS7,Cu-Ge-S-Sm,P6_3,173,24,2.7905614130493523,293ac125e0dca8b363393aee68763092db585362bf5def9ac9bbe3b9a3e4cef6
3231,mb-dielectric-3232,Li4 Mn4 P4 O16,LiMnPO4,Li-Mn-O-P,Pc,7,28,1.6331024666770502,2ccd76afa599dfb790e874b907f56836792e994c3db21360f209250a4aca7696
3232,mb-dielectric-3233,Na1 Nb1 N2,NaNbN2,N-Na-Nb,R-3m,166,4,3.4634437101436277,1556d0d502cd2ade4a129be0ab0deb2d821be47a5d8aae3433245e881e28de30
3233,mb-dielectric-3234,Sr10 Mo4 N14,Sr5Mo2N7,Mo-N-Sr,P-1,2,28,2.40077980386929,c57fa11eb51e2d3efe81fb97545c1e0c97c5cc40ed37a9f5419bb0aecef2d933
3234,mb-dielectric-3235,Li2 Ag1 Sb1,Li2AgSb,Ag-Li-Sb,F-43m,216,4,4.8444230822668635,3c78e3505988355d442c107c1ab17e8e5aec46bc0a35ff5930a329036d931a88
3235,mb-dielectric-3236,Ag4 I4,AgI,Ag-I,P6_3mc,186,8,2.235916739654377,3fd93f950c81f61d9576f276d6eeefa30a8670045ba4ad16fc7af405b0880f11
3236,mb-dielectric-3237,Ca2 Ho4 S8,Ca(HoS2)2,Ca-Ho-S,I-42d,122,14,2.7541333133526953,cefd81221d87f194db0d9554c869303d1636369c06bc2b5f9f6b9a921cc406cc
3237,mb-dielectric-3238,Si10 C10,SiC,C-Si,P3m1,156,20,2.667708129962365,997ba158a5e4c487972239abb4540839c951238796156e4a3a349d5b67b3e00d
3238,mb-dielectric-3239,Ca8 V4 N12,Ca2VN3,Ca-N-V,C2/c,15,24,2.64599370117668,ef3f4ddddb487d248dabbcf84ce215906f236655884cbdd16d958e9d46545398
3239,mb-dielectric-3240,Na4 C2 N4,Na2CN2,C-N-Na,C2/m,12,10,1.644786105648192,ab8d94683f495bca2ace0a90aa21f94ff2db81752eb8794f86ac3a14bd66639d
3240,mb-dielectric-3241,Ga2 Ag2 S4,GaAgS2,Ag-Ga-S,I-42d,122,8,2.784899758574007,291741d29d4d58883c7744a63d9f22933ac55a9bdbb214e5ba41eca89ff6bbd6
3241,mb-dielectric-3242,N2,N2,N,P6_3/mmc,194,2,1.1865917579353087,e3c90770d2d8f2075d2ceac99d2d951ea3e847679419928c497da1d830ca0aab
3242,mb-dielectric-3243,Ba1 Ti1 O3,BaTiO3,Ba-O-Ti,R3m,160,5,2.361572922157323,37cd1c49e78a4ff541a86568026b924791db77e2bb28c9250f792d99a93062b7
3246,mb-dielectric-3247,Al1 Cu1 O2,AlCuO2,Al-Cu-O,R-3m,166,4,2.359020983374247,c4ba52f47ce4d0a80f46a139f44717f71768861fc4b68b6460196c1196479b73
3247,mb-dielectric-3248,P4 H24 N4 O16,PH6NO4,H-N-O-P,P2_12_12_1,19,48,1.483548111791458,444fa9b5ea41fc230c3fa04c25828246e83e8a257ed0a6fa8636b429b17efdf5
3248,mb-dielectric-3249,Te4 Ru2,Te2Ru,Ru-Te,Pnnm,58,6,4.57504098342299,f0caf155fc7718310f463a4189ad5c818fc788d537fe81aaf02380c37e31bcaa
3249,mb-dielectric-3250,K1 Cr1 O2,KCrO2,Cr-K-O,R-3m,166,4,2.0935711913697537,53a03f291de7ced1ab3c78ad0528bde21655dfd1683026699e4db7fd81fbce26
3250,mb-dielectric-3251,K2 Nb2 Ag4 Se8,KNb(AgSe2)2,Ag-K-Nb-Se,Ama2,40,16,2.258808166563361,abe6d656f64626559090080c0a135a16e1ea6bb41441012844a82c5084f50911
3251,mb-dielectric-3252,Na4 Y4 Si4 O16,NaYSiO4,Na-O-Si-Y,Pnma,62,28,1.7430943749550682,7c3d7f0d18f4ef6fc9e66074ab5a0dd554c16e554937585aaf941991fbaa590e
3252,mb-dielectric-3253,K16 Nb16 N32,KNbN2,K-N-Nb,Pbca,61,64,2.5911242733608897,d56cc3226ad1fc2d42d8f9a77bade74e6935393e22dff20b9aa891b951f3e8e9
3253,mb-dielectric-3254,Ba12 Al8 N16,Ba3(AlN2)2,Al-Ba-N,Pnna,52,36,2.587110614823675,bbdb38ac74fc0dcb8a9737cb2092a81e30c57f0653aeef6dca8ff9a16c063d5b
3255,mb-dielectric-3256,Ba32 Si8 As32,Ba4SiAs4,As-Ba-Si,P-43n,218,72,3.153000158579126,a2af66aa6a1ef277b13830c2cdd3873945d03e3dae66daa41d35487dba9b2f11
3256,mb-dielectric-3257,Cu4 Sn2 S6,Cu2SnS3,Cu-S-Sn,Cc,9,12,4.503690449694191,7dd39fc589d95d5e7c5f6f371c28d6f625e30082f39584ad0b613084f3f33bbd
3257,mb-dielectric-3258,Si12 O24,SiO2,O-Si,Ia-3d,230,36,1.5036621961065675,3662e9e5d52998e965415695ec5fcc28242fa6b54fbfa831de423521f16b1a94
3258,mb-dielectric-3259,Li5 Sb1 S1,Li5SbS,Li-S-Sb,Pm,6,7,2.570573674208477,609f24dff2586075539344f660d24e444820721d71acf98cca026969b9ccc18c
3260,mb-dielectric-3261,Cd1 C1 N2,CdCN2,C-Cd-N,R-3m,166,4,2.10475208357974,9ec0b13500975a1f27c885cf47e0d9229d0350d8d7d6b634b16f2244cacf03ed
3261,mb-dielectric-3262,Sr1 Al2 B2 O7,SrAl2B2O7,Al-B-O-Sr,R32,155,12,1.5673260669050377,24cd976838967a7e612cedae6f936629cb7031f614d82738aee591fc1baae7f6
3262,mb-dielectric-3263,Rb2 Ca2 As2,RbCaAs,As-Ca-Rb,P4/nmm,129,6,2.438222029813254,41cb68ca8c2c97186ff09d524dcee1cb17631db880b77d4d3546c5e43ba58c8b
3263,mb-dielectric-3264,Li6 P2 O8,Li3PO4,Li-O-P,Pmn2_1,31,16,1.585032386630212,725e015b09b44af8e3b575fc5054ec7da14d4fc7ebad9683cb70e20992b3fa4c
3264,mb-dielectric-3265,Co2 O2,CoO,Co-O,R3m,160,4,2.4181660406183876,55370935cced24b8a91325113b47a54a25087ecc3ed8828e69a9a344d5db44b7
3265,mb-dielectric-3266,Ge6 N8,Ge3N4,Ge-N,I-43d,220,14,2.4117338161579944,2ed1a9c2954c8ff3cc061a8c77794406f2342c5fccfd55d3dc398649287474cd
3266,mb-dielectric-3267,Mg1 H12 Se1 O9,MgH12SeO9,H-Mg-O-Se,R3,146,23,1.559354674216233,e2ef106d091adff46f26f4708ce5947e27e99318ad7e317bd775acfa66f6a368
3268,mb-dielectric-3269,Ho2 B2 O6,HoBO3,B-Ho-O,Ama2,40,10,1.848174594926933,e8fe36573e16e67f7b0fc71370fb464124b6de8e006a40049d8e89a1ef3bacb8
3269,mb-dielectric-3270,Al1 N1,AlN,Al-N,F-43m,216,2,2.1489383425310256,7d5f6af16554ed04357afed9440875f65497fa3d0439c7ca700b5abb5bab6fd4
3270,mb-dielectric-3271,B3 As3 O12,BAsO4,As-B-O,P3_121,152,18,1.820717807166549,99bbc5cb5f6384641049a4e1e5a7679da10b3e51886ca99762daff781512a01f
3271,mb-dielectric-3272,Tl3 As1 S3,Tl3AsS3,As-S-Tl,R3m,160,7,2.912058378535703,e5fa9580366615bfc5a58b8af9280b904cc6bca0762c34045b2948fde68eaa5a
3272,mb-dielectric-3273,Cs1 Be2 B1 O3 F2,CsBe2BO3F2,B-Be-Cs-F-O,R32,155,9,1.512177568938272,1476be2e0972f3fdfa53df6080f87dee107e2fc742fcc9616b1c6944f3dbc572
3273,mb-dielectric-3274,H8 Br2 N2,H4BrN,Br-H-N,P4/nmm,129,12,1.669442222220743,43308b53abf5eac0e1488147b45a477388650c9e8f7b1f5394b30c38545c4427
3274,mb-dielectric-3275,Ti1 Sn1 Pd1,TiSnPd,Pd-Sn-Ti,F-43m,216,3,4.951363448586684,7cdae087d41c801b980de6525fdca9529711f35f6e79cbd2c7f997160668c46c
3276,mb-dielectric-3277,Zr1 Sn1 Pt1,ZrSnPt,Pt-Sn-Zr,F-43m,216,3,4.1805502030235955,b8957767f86c8acb08fde0ab3c278ba5aa020e552ca81a61f654fc604304d23d
3277,mb-dielectric-3278,Er1 Sb1 Pt1,ErSbPt,Er-Pt-Sb,F-43m,216,3,5.108779893477499,9c17fe743192b8f7535b2f92ca1b325464e80e369706addd011fc00431399e8a
3281,mb-dielectric-3282,B2 N2,BN,B-N,P6_3mc,186,4,2.150479791426398,285422401a91e66cc53aef65689ead36fd9d0194dcb9a04b45013649808347d0
3282,mb-dielectric-3283,Li1 Al1 Si1,LiAlSi,Al-Li-Si,F-43m,216,3,3.9436518609025266,cacd7a6823ab294b85fc68e27a7e2b6fc8a82049b0732a3cebbaaeb439dadeb6
3283,mb-dielectric-3284,Th1 Ni1 Sn1,ThNiSn,Ni-Sn-Th,F-43m,216,3,5.655393266608426,e495c0e21dcd158641532f7bbb44870e223142ea745c3ea629774607480e31c3
3284,mb-dielectric-3285,Al3 Ga1 N4,Al3GaN4,Al-Ga-N,P-43m,215,8,2.2139889340283525,5da5efc26956165809051593325b5445f10b6d19683a245e16d40aee36fcc79a
3286,mb-dielectric-3287,Tm1 Sb1 Pt1,TmSbPt,Pt-Sb-Tm,F-43m,216,3,5.3580113848329995,db71a1277e4041dc35a6f5057b6841d0828fca6f665196705e6d677010ba6529
3287,mb-dielectric-3288,Y2 N2,YN,N-Y,P6_3/mmc,194,4,2.732587845492491,20dc799a390087e4a8594ab15221ea8976b6d8739b9f08cced789af6fcbe489d
3288,mb-dielectric-3289,Li1 Ge1 B1 O4,LiGeBO4,B-Ge-Li-O,I-4,82,7,1.7350370793348098,ee4531c6e808665d8863a264d031b43a61fbe573dfdae9b90686888e89416f38
3289,mb-dielectric-3290,Y1 Sb1 Pt1,YSbPt,Pt-Sb-Y,F-43m,216,3,25.85995803038616,883e8f07872204b4424c6c96a7bd81f8182ad7d3c495c57d8e33f4bb0acfaf90
3290,mb-dielectric-3291,Dy6 Sb8 Au6,Dy3Sb4Au3,Au-Dy-Sb,I-43d,220,20,5.227237798302273,8419be306925c36d92c8c9fb5e89f6d7efa1b6418fbb99ceb0d23d5af737b5ac
3291,mb-dielectric-3292,Pb1 S1,PbS,Pb-S,Fm-3m,225,2,3.951773399374004,d11e66eabc609e3fa59cd417733265c9622af91785f1e39726f880d435949e00
3293,mb-dielectric-3294,Pb1 Se1,PbSe,Pb-Se,Fm-3m,225,2,4.440080517287953,d14c0232a1f8a0252bbd8ba2c1164157a3ada6260bc71ad5616cdf2bd155815f
3294,mb-dielectric-3295,Pt2 O4,PtO2,O-Pt,P6_3mc,186,6,2.7222201723348323,8da9c9a347c7221f21b603146c6a64e5cd1d542d3c07c279694e8399b2cf01ac
3295,mb-dielectric-3296,Th1 Sb1 Rh1,ThSbRh,Rh-Sb-Th,F-43m,216,3,4.504394076898686,d0b1641c889cdd2f1403a5d43001096e01166c504e84fbeae251ee7fcbc03434
3297,mb-dielectric-3298,Rb1 Cl1 O3,RbClO3,Cl-O-Rb,R3m,160,5,1.527720742369713,b346bbc71a61b58fb6e694a306ce3ce79fa6aee800cebd8e3ab5480e803910d1
3300,mb-dielectric-3301,W1 S2,WS2,S-W,R3m,160,3,3.0397916595334946,9bb9c1b80f0ca1db18e7f067c218f7b386a4f4fa822edc6e9d976b447c4e9b36
3302,mb-dielectric-3303,Er1 Ni1 Sb1,ErNiSb,Er-Ni-Sb,F-43m,216,3,4.296431309819811,ad935d4dad433947ee9dca5994d6628ff0b4650084fa8e8f6be012ed6ad9c699
3303,mb-dielectric-3304,Ho1 Ni1 Sb1,HoNiSb,Ho-Ni-Sb,F-43m,216,3,4.319236622367433,1d8788f5418ed8b455c4bb8069020bb867ade223f6f2b72ee16cf1fc02219821
3304,mb-dielectric-3305,V1 O1 F2,VOF2,F-O-V,C2,5,4,1.8672776083557225,7dcfd1d2ee140cfe746af667fc82cc83e5b5f1aed5cec73f1321ce6367811fed
3305,mb-dielectric-3306,Sc1 F3,ScF3,F-Sc,Pm-3m,221,4,1.5043270920913447,388e29824ae5af510bd58708a09927c9535e892fab3a7b5357e6701f6d89b9d8
3307,mb-dielectric-3308,Mg2 O2,MgO,Mg-O,P6_3mc,186,4,1.736477756839979,45911e7147c79cc1cd356e41f369709c5c6e98d2f4e61896472edb5c52c24e41
3308,mb-dielectric-3309,Tl1 Bi1 Te2,TlBiTe2,Bi-Te-Tl,R-3m,166,4,4.904969248969189,c864b52274e9be0aeedffcb20231a7176df680cea992ae1d454ac1dc2e3de341
3309,mb-dielectric-3310,K1 La1 S2,KLaS2,K-La-S,R-3m,166,4,2.154994818245905,ccd43f195d8b9b1e54ef0a718c3accbab3e81fb52c39905acc35e78402f8cd54
3310,mb-dielectric-3311,W2 O6,WO3,O-W,Pm-3m,221,8,2.713239146604417,55ea4bdee71ac63bead0f24abf90eb2f6e55d583057bf9de133cc6991293822f
3311,mb-dielectric-3312,Na1 Cr1 Se2,NaCrSe2,Cr-Na-Se,R-3m,166,4,3.2463879414923085,65dedc0946841a12a880b78e443fb415edfd408c70c47fdf22ede2df1c5bbd85
3312,mb-dielectric-3313,Na1 Y1 S2,NaYS2,Na-S-Y,R-3m,166,4,2.268475479259144,b8efb8561da508e98ab40c393036ffceb5f71e54f40460c0ec1140eadee890b4
3313,mb-dielectric-3314,Si1 F4,SiF4,F-Si,I-43m,217,5,1.2766835943177153,9ab58461faa21563d3bfdc9d4dca51462f7e53e9b22186726439bd5ef2d3699e
3314,mb-dielectric-3315,Y1 Ni1 Sb1,YNiSb,Ni-Sb-Y,F-43m,216,3,4.30722219069321,a963d9c4c85e16de445e5b42d9c63398c758287d65d8bdd2c44ea6a8f92a17f0
3316,mb-dielectric-3317,Hg2 I2,HgI,Hg-I,I4/mmm,139,4,2.807311881485937,a59af2c97744926dbd66ad58dd8a3072c9040f6d0a697a64372bd2f6dd68c47e
3317,mb-dielectric-3318,Sr1 Ga1 Ge1 H1,SrGaGeH,Ga-Ge-H-Sr,P3m1,156,4,6.189917635424023,5872d78ea713cb848fa4e37f5ccec079f1db0c9e6a31c773b70b199407dfe29f
3318,mb-dielectric-3319,Nb1 Sb1 Ru1,NbSbRu,Nb-Ru-Sb,F-43m,216,3,4.773150636634051,932bf51ac7bd178a282e86df4ab09aea4767c26eed9c7404d2e713ae7d444ac4
3320,mb-dielectric-3321,B2 N2,BN,B-N,P-6m2,187,4,1.9618544798226027,ea1fb2e4f40b856399e0c025d4f904213155bd22e405dabd28a04ca0043895cf
3321,mb-dielectric-3322,Cr1 Cu1 O2,CrCuO2,Cr-Cu-O,R-3m,166,4,2.69224064055698,5c51283ccbac91e0d6facf0769334e05295b3ef07382a81a7f862232a77306a0
3322,mb-dielectric-3323,Na1 Fe1 O2,NaFeO2,Fe-Na-O,R-3m,166,4,2.1153294463668475,37f1a05ca939f93ef8eabd795039332275b6955856f38baa72e74b59f3621063
3323,mb-dielectric-3324,Tb1 Ni1 Sb1,TbNiSb,Ni-Sb-Tb,F-43m,216,3,4.342058843452027,de1c0490c536b9b14750a08de23d286671a2e2230588b13dba0f64a179c67ab2
3324,mb-dielectric-3325,V1 Pb1 O3,VPbO3,O-Pb-V,P4mm,99,5,2.4476126463692465,a6c77605b075fda07668bd4128e9d15f170a9b7d36a5376bde50fe51842c7226
3326,mb-dielectric-3327,Na2 Tm2 O4,NaTmO2,Na-O-Tm,I4_1/amd,141,8,1.9188598177042533,01e94273d416bc480bf785c6cd1503e8468d348993d3a4dcc07407b94eb2f529
3329,mb-dielectric-3330,I4,I,I,Cmce,64,4,3.1480152477400165,bb3568cd1b548d441fd1c678bf24587a0da4e25627e54e9a32e97d0886432994
3330,mb-dielectric-3331,Ga2 Hg1 S4,Ga2HgS4,Ga-Hg-S,I-4,82,7,2.5714812851739755,30a1fa8afe1b1b54347f1fdbe87315715c5495a541261c0adf92d137da1b636c
3331,mb-dielectric-3332,Tl1 Bi1 Se2,TlBiSe2,Bi-Se-Tl,R-3m,166,4,4.318537213764249,7f7c37fd608e52ea4f52ee788c98aed68d5ce42f5f51e8249a4d0453f85b3ca3
3332,mb-dielectric-3333,In1 Cu1 O2,InCuO2,Cu-In-O,R-3m,166,4,2.3495830126499766,7e2a3f23517682e93f95b6276c57afd8956b8e00fca07879dda96999c1be350e
3333,mb-dielectric-3334,Na1 Ta1 O3,NaTaO3,Na-O-Ta,Pm-3m,221,5,2.2816788343301315,187c20c1a8a56fd021b64531f2d74838b673b9ef0cf515ad9291300e0b98f2d9
3334,mb-dielectric-3335,Ca1 Cd2 P2,Ca(CdP)2,Ca-Cd-P,P-3m1,164,5,3.4721751107915457,e54c47e1e0915fb69d6a0120078b7f60c2ec3fbfef2a4ad6e2e75b5bb1d76767
3335,mb-dielectric-3336,Na3 Mo1 O3 F3,Na3Mo(OF)3,F-Mo-Na-O,R3,146,10,1.584861192660107,7c314d70241cdf02db202be9fa5ea6617cb890cb0676c6a4d3d1ac941477509a
3336,mb-dielectric-3337,K1 Mg1 F3,KMgF3,F-K-Mg,Pm-3m,221,5,1.4342245291445832,c986d4a30d6cfd4ba607274ff6678b69232de93a780f8a162545f98a37a3723a
3337,mb-dielectric-3338,K1 Ni1 F3,KNiF3,F-K-Ni,Pm-3m,221,5,1.5267478508254082,d450e4ecdd9f6a62dcc57b3ce6206f51951fee21b19c033d15f8330e7f39606d
3338,mb-dielectric-3339,Rb2 Se1,Rb2Se,Rb-Se,Fm-3m,225,3,1.8206226040962044,2ac477dbd2b8c54ec3adc213a32d52d57b98abb864c6833c2720baaa30be8c9b
3339,mb-dielectric-3340,Ca2 O2,CaO,Ca-O,P6_3/mmc,194,4,1.827498381212244,7084705d4074895253ee145ace2d3764d85e50d568d8d5f470a3a91eee0855a8
3340,mb-dielectric-3341,Ba1 Cd2 As2,Ba(CdAs)2,As-Ba-Cd,P-3m1,164,5,9.88090459758957,5a293871d9feaee5b0ea8aba160036dde0537dc51b3fb83c3d25ac32b9f7ca9f
3341,mb-dielectric-3342,Zn2 Sn2 P4,ZnSnP2,P-Sn-Zn,I-42d,122,8,3.513732867858151,a95cda9e078ce64b57097e87058ce756be5616e62596cf4f3bc89c5908c91bcd
3342,mb-dielectric-3343,Ca1 Zn2 As2,Ca(ZnAs)2,As-Ca-Zn,P-3m1,164,5,3.794732709076272,f32b9aebcaf760f241a6bb7fbab99b111fe790c376996492a6ea401c9ae5e725
3343,mb-dielectric-3344,Na1 O3,NaO3,Na-O,Imm2,44,4,1.534049868811311,90f6f3ceefb570771e86571f5e025c9bdcc49b629d9e4e2e8566d20c2cb54729
3344,mb-dielectric-3345,Sr1 Cd2 P2,Sr(CdP)2,Cd-P-Sr,P-3m1,164,5,3.4685731936922064,5cea903e42094bf75e4507e424bc0ee51452899d66b199f7d7cf5543f510fc91
3345,mb-dielectric-3346,Si6 Mo3,Si2Mo,Mo-Si,P6_222,180,9,5.344037300269028,e5b3616720450e3ca13119546a06248c21372ab68474c7133f1bb8c4d3893777
3346,mb-dielectric-3347,Sr1 Zn2 P2,Sr(ZnP)2,P-Sr-Zn,P-3m1,164,5,3.3321664624285123,ecd86de611e57ef990dbae6b26c3b9e9d040c2bd5ba8b09bb6cc09bd61a4be41
3347,mb-dielectric-3348,Er2 Bi2 O6,ErBiO3,Bi-Er-O,R3c,161,10,2.365161798552763,da3986c1da4c010ff1023354fda27c4cf48855bd8dcb5dec67840dd1034892bd
3348,mb-dielectric-3349,Ba1 Cd2 P2,Ba(CdP)2,Ba-Cd-P,P-3m1,164,5,3.5981476716036367,de8763efd3a21c1c29f2a9f6622eee867d6eec02ea356c37f16d39462ada3dd4
3349,mb-dielectric-3350,Sr1 Ga1 Sn1 H1,SrGaSnH,Ga-H-Sn-Sr,P3m1,156,4,5.74714085437272,f41d6770b4a92264989d8eefe27f48c9b76325d39812ddfe1a9ea1a61f05d1f1
3350,mb-dielectric-3351,Cs1 Pb1 F3,CsPbF3,Cs-F-Pb,Pm-3m,221,5,1.703894656368168,8218418a0653cab3237a131b435ceca204f4e4ffe326ad04469e67827edfd3b8
3352,mb-dielectric-3353,Ga1 P1 O4,GaPO4,Ga-O-P,I-4,82,6,1.5502596556706234,36a6e40d92bc665eaaee3221d0ee263123cde9e77c648b152d7ba80c71e061c6
3353,mb-dielectric-3354,Cs1 Cd1 F3,CsCdF3,Cd-Cs-F,Pm-3m,221,5,1.609237707736182,6bd026fa611418ebfa12b5e383ad67af5d4e3b76c50f952117e261cb1331d140
3354,mb-dielectric-3355,Ca1 Zn2 P2,Ca(ZnP)2,Ca-P-Zn,P-3m1,164,5,3.334490965649778,44e9cb2d18385afac1ca929132f52afadca985d523cbec7605a017af030437d4
3355,mb-dielectric-3356,Ba1 Mg2 As2,Ba(MgAs)2,As-Ba-Mg,P-3m1,164,5,3.0764397171622484,e4e34f3f979ec10ec68b796af4b540d358d57eb08a44ceb47e94819bd4b76374
3356,mb-dielectric-3357,Ac1 O1 F1,AcOF,Ac-F-O,F-43m,216,3,1.8689850186665513,22d5a9c515a62bf78e6d0aa148788729082325d181026dd05d909ef21dd8136b
3357,mb-dielectric-3358,Ca1 Cd2 As2,Ca(CdAs)2,As-Ca-Cd,P-3m1,164,5,6.284874117010353,be27ebc8cb332d3aa3b23ad4a677deeab48431c175042d0dc73ddef22d5e2b6b
3358,mb-dielectric-3359,Fe2 H2 O4,FeHO2,Fe-H-O,Cmc2_1,36,8,2.1612176351924086,6688e79efac1bcb0e49274e41f51a19f985d4eeb442ec7b56e5208b7da46ace2
3359,mb-dielectric-3360,Ba1 Zr1 O3,BaZrO3,Ba-O-Zr,Pm-3m,221,5,2.2199099080818567,fedfb9885f23e2ee2959e9c50be2fbf5e05e14681d872affbbfac561c9cf8a02
3361,mb-dielectric-3362,La2 O2 F2,LaOF,F-La-O,P4/nmm,129,6,1.8843617840885367,ed9530b0ed1808bf59963459d1878ac9a83539066d60929a527046530a97235c
3362,mb-dielectric-3363,Pb2 Cl2 F2,PbClF,Cl-F-Pb,P4/nmm,129,6,2.126213300682695,7ba9d781884f936124e21a94b7d0f1b0e955145841364c8b3772bed16a26249d
3363,mb-dielectric-3364,Li1 I1,LiI,I-Li,Fm-3m,225,2,2.0273134932713734,a87bc9630ce16b8758be395e0e191408e54406a8e4973d406f51d71f4b60cbfa
3364,mb-dielectric-3365,Sc1 Cu1 S2,ScCuS2,Cu-S-Sc,P3m1,156,4,3.243791197554699,a7fd4224d629b845410eaffed63914f982e2b8fd80c91742a69395a1a592b8f1
3365,mb-dielectric-3366,Ba2 Cl2 F2,BaClF,Ba-Cl-F,P4/nmm,129,6,1.7003084033982385,d237459b6f3c45551b04760cee6cf2e7763d13b1f3c9317c5c096f506ab56f56
3366,mb-dielectric-3367,As4 Os2,As2Os,As-Os,Pnnm,58,6,4.570010940905941,ba82f115ec64b0d645de7b943b48715d831e7201ebbc0dcc6f94d736bff12e63
3368,mb-dielectric-3369,Er2 Ag2 Se4,ErAgSe2,Ag-Er-Se,I4_1/amd,141,8,3.0448651311128168,87f81bde50adb963316cb2c8e6bdd07b03c166719cee9b10ded307b98382d1dc
3369,mb-dielectric-3370,Zn2 F4,ZnF2,F-Zn,P4_2/mnm,136,6,1.5984367363145782,61e3391e0a3f079d7cfcbdebc02b567d2ac668cc88eac3d30258addd7b23d839
3370,mb-dielectric-3371,Y2 O2 F2,YOF,F-O-Y,R-3m,166,6,1.8452946467524665,81dd9da88daa357256a54f8ab57ddb82fc1eeefb7d551109913fc7beaf798bac
3371,mb-dielectric-3372,C2 O4,CO2,C-O,P4_2/mnm,136,6,1.4019034679083056,1b32ca94f356ee15a56c557eb79633be3a64770587e0d072789125103043aa07
3372,mb-dielectric-3373,P4 Os2,P2Os,Os-P,Pnnm,58,6,4.267630099559551,3442bb430b200553c124a7f69877b40c88c7b08f2df4023c823262eb4e82f5b7
3373,mb-dielectric-3374,Pb2 Br2 F2,PbBrF,Br-F-Pb,P4/nmm,129,6,2.2823964014459306,7805e07bf5fc227ad7b4fc051112cbd58a8789103482206e4c4f47826c569e1d
3374,mb-dielectric-3375,Rb2 Au2 Se2,RbAuSe,Au-Rb-Se,Cmcm,63,6,2.1037839717993894,99b8fa3ed155e08855014bfb9c1cc918c2dd54063ab00007446eab3ab3c849d9
3375,mb-dielectric-3376,K2 Li2 Te2,KLiTe,K-Li-Te,P4/nmm,129,6,2.120077828760067,116e1c913063d7df55b0086c0e8f0144a36c682c026982c002affac4e6f33ce2
3376,mb-dielectric-3377,Ni2 P4,NiP2,Ni-P,C2/c,15,6,5.150436874672989,0fb9124899f00dc01ed23b828f20897721bed318522137571a112e8b1b50e846
3377,mb-dielectric-3378,Cs4 Ca4 H12,CsCaH3,Ca-Cs-H,Pnma,62,20,1.8489394257113247,f44cd6638ffdbb09350be7aa8268860638deeffc1e70511878cf53c67e8a18bc
3379,mb-dielectric-3380,In2 Ag2 Se4,InAgSe2,Ag-In-Se,I-42d,122,8,3.1852499117023765,682b274c2c59461c5e1565a760e41f78fef1daf4e46a7d4edcebee2cf2147c68
3380,mb-dielectric-3381,Ca6 Fe2 Rh2 O12,Ca3FeRhO6,Ca-Fe-O-Rh,R-3c,167,22,2.3527289119994874,b78fc40e37d967b5f5b5c0bfbb17c4c4d5af2e5bc9a92442cb07062a30f604c9
3385,mb-dielectric-3386,Zn1 Cr1 F6,ZnCrF6,Cr-F-Zn,R-3,148,8,1.7175004124211077,d74e40bcf9297d9450c5c259be75c18d4303c928d03060d7ab44c6c379238e65
3386,mb-dielectric-3387,K2 Pd1 Br4,K2PdBr4,Br-K-Pd,P4/mmm,123,7,1.9454997644135896,cac544fa03a33c19a71bb68246da810855c301388352443ab54b64a92aeb89ba
3387,mb-dielectric-3388,Y6 Ga6 O18,YGaO3,Ga-O-Y,P6_3cm,185,30,2.0597288656519916,60778d5db5d8afa55ad9604d71f325572e2e10e29a47c92e773f746e6d7d31a9
3388,mb-dielectric-3389,Tl1 Cd1 N3 O6,TlCd(NO2)3,Cd-N-O-Tl,R3,146,11,1.82873070734868,3b95e9703828885bc4e55a33bda64d4b050a5347a90f1084f775bff1b33e6e86
3389,mb-dielectric-3390,Li47 Cu7 N18,Li47Cu7N18,Cu-Li-N,P6/mmm,191,72,2.6308485956689553,1e977dd1ac2129f12968c09f0e4cfa4ebb3451873b62a0b42845d5ba57bda1de
3390,mb-dielectric-3391,Yb2 Sm4 S8,Yb(SmS2)2,S-Sm-Yb,I-42d,122,14,2.8041577463949254,a1685e654b42ff25409cd7768c9d937d61685d7a8dd92986ef1bbc3068558e4b
3391,mb-dielectric-3392,Na3 Li5 Mn5 O9,Na3Li5Mn5O9,Li-Mn-Na-O,P1,1,22,2.0290080499265315,d12d8807e6f7a45246619c42022d5fe10ac2bcaf363858b15dc0929178384a62
3392,mb-dielectric-3393,H12 O2 F8,H6OF4,F-H-O,P-1,2,22,1.3317907743585953,008448afdf2b7fb70007e934eb7132fe22cefd07860e5dd24c7bb249d8cc073c
3393,mb-dielectric-3394,Mg2 Tl2 P2 H24 O20,MgTlP(H6O5)2,H-Mg-O-P-Tl,Pmn2_1,31,50,1.6157391497392146,58f81530ae4234e6d09280042d10cb3684a00649a12b020aec95d3e6f248b39a
3394,mb-dielectric-3395,Cd4 I8,CdI2,Cd-I,P3m1,156,12,2.1726529098470078,17808c5cc8ffa060bfc1f8a52f2a113977cb29385ad7eeba97cc0cdc5145d441
3395,mb-dielectric-3396,Si4 O8,SiO2,O-Si,Cc,9,12,1.4719147393786094,45084526ad3366179947fc9a216a18e5145ebaefc9e864a3ae85a270498d8cdb
3396,mb-dielectric-3397,Mn1 Ga2 S4,Mn(GaS2)2,Ga-Mn-S,I-4,82,7,2.463317816820774,efc3840bf765d569e3106601c6c4cef4d468327a960e16d6d31d316408c65da4
3398,mb-dielectric-3399,Li12 Al4 F24,Li3AlF6,Al-F-Li,Pna2_1,33,40,1.4015324945691887,6a73e1bb6ec9982bd0244ee60bbf3db3efcdd21da62022869aa260c07e14d545
3399,mb-dielectric-3400,Al10 O15,Al2O3,Al-O,P1,1,25,1.7504500373713423,5d35276d766dd40b182e959be66184660340baee90b4068da20a6b4d11326513
3401,mb-dielectric-3402,Si4 O8,SiO2,O-Si,P1,1,12,1.4354800590743155,b7099736ea0d5c8a5e522b3c8d725667c44e2cfd1598c513425a4733efe1983b
3403,mb-dielectric-3404,Cs2 Sc2 O4,CsScO2,Cs-O-Sc,Fd-3m,227,8,1.849448025763362,7a3f7afd0673217ae440cd4c333710a4ec64408c83c0ff92ae62afb643aaf2cf
3404,mb-dielectric-3405,Si4 O8,SiO2,O-Si,C2,5,12,1.4955278889631805,4cf3de715f015b3a91fe327287d88861c32c1ae166efb3d92ac3ccb65386849d
3405,mb-dielectric-3406,Li4 H16 S4 N4 O16,LiH4SNO4,H-Li-N-O-S,Pna2_1,33,44,1.5074491699556574,c5beb61a1521e526e8036f5822b2a2978286c6eeb19dc780f5eecdb24a845b40
3406,mb-dielectric-3407,Si3 O6,SiO2,O-Si,P3_221,154,9,1.59258699396088,630dca5580be7d6189922e96a753bf0e906aea6e908c499d2404d574bed0d13b
3407,mb-dielectric-3408,K4 Li4 S4 O16,KLiSO4,K-Li-O-S,Pna2_1,33,28,1.4816143222849862,6fa38fdeddd7b06613444590c291c9e1c3728433d68a8a1a56e03223acab8a98
3408,mb-dielectric-3409,Sb4 O4 F4,SbOF,F-O-Sb,Pna2_1,33,12,1.753806146642211,9b03cc9f28bab43006aa27ff31ff6e710fa203edc3c5ee4f32836bfddc877559
3410,mb-dielectric-3411,Nb1 Se2,NbSe2,Nb-Se,Fmm2,42,3,2.2513783926001127,1cee727ac1732d47fb3027a806a6adf4cb9643a78668ba0b3d9ef8c1039e7184
3411,mb-dielectric-3412,Tl4 F4,TlF,F-Tl,Pma2,28,8,1.999060779466197,a14b87160af8d521d4d247120543c2c80e20319a9f7c67fa73ef7bb974bbb0ce
3412,mb-dielectric-3413,Re1 N1 Cl4,ReNCl4,Cl-N-Re,I4,79,6,2.1217206853557955,8df2d07c6d5747cf73dc2c7216056ac6fb26179266d7e235ee579e681e598fcd
3413,mb-dielectric-3414,Cr3 Co1 P4 O16,Cr3Co(PO4)4,Co-Cr-O-P,Pm,6,24,2.1071180159956233,92cedaa48be26a4e61dbf81b12731ffbc4da09a34ee2ed97e8881839dff590ef
3414,mb-dielectric-3415,Nb6 O12 F6,NbO2F,F-Nb-O,P-1,2,24,2.2746648837429513,b8d478ef140254c6736d04508290803ef1e821fa739d4e838011d437d2a4fea2
3415,mb-dielectric-3416,Sr3 Bi1 N1,Sr3BiN,Bi-N-Sr,Pm-3m,221,5,5.866422845312128,0cbdff88a05b432000f275b2c0cab8388a90e2f6c035dc4f8c0f996671e1c350
3416,mb-dielectric-3417,Li4 Zn4 B4 O12,LiZnBO3,B-Li-O-Zn,P1,1,24,1.7414433668655434,e3e25987513e19b9c03c1dc5bc775e8ded98bd9fb98075bb7e58eabe8f3b36db
3417,mb-dielectric-3418,Ti1 Pb1 O3,TiPbO3,O-Pb-Ti,P4mm,99,5,2.5375495397463017,0d0be3a1cd96ba939708dd6770ae6c9874610d1a2353d99ea82949041780022b
3418,mb-dielectric-3419,Na4 Li4 O4,NaLiO,Li-Na-O,I4/m,87,12,1.7260694269543932,827ca0f97a8dda5f2bf57192b38303e3d4ca90a0e12aa30800ccaffd0437b3fc
3419,mb-dielectric-3420,Li1 V1 Te1 W2 O12,LiVTe(WO6)2,Li-O-Te-V-W,P1,1,17,2.4488299246783147,08ccd91a1b4288674252c27461181521bd55ec9ce7e0da4f84c1df391d332a70
3420,mb-dielectric-3421,Al2 Ag2 S4,AlAgS2,Ag-Al-S,I-42d,122,8,2.3976252139704126,d70a107dfc5a41f274967e40cd69ce5087e66ffe6f2bcdcacc064228d6f632f9
3421,mb-dielectric-3422,V1 Sb3 P4 O16,VSb3(PO4)4,O-P-Sb-V,Pm,6,24,1.966265495806708,6c40c43da8fa9f380f8536352d30b36d065e012856760dde4e9936d319afafc1
3422,mb-dielectric-3423,Na4 H16 Cl4 O8,NaH4ClO2,Cl-H-Na-O,P2_1/c,14,32,1.4929835899968895,f01018ce2163ba08f7eaee86db38409a443a421fcd4695ceb5c19440f670bef6
3423,mb-dielectric-3424,Sc1 Sb1 Pt1,ScSbPt,Pt-Sb-Sc,F-43m,216,3,4.2906363164453865,fbd8a5593fcf76afb6caab2f7f9b69e16d1cd2416f3b97a30b5cf40aa4598939
3425,mb-dielectric-3426,Si17 O34,SiO2,O-Si,P-4,81,51,1.438729184616294,9ef165c81d448cb08ccc6f94a714384621ead6ab78a45d27151039e8e7460748
3426,mb-dielectric-3427,Cu1 Br1,CuBr,Br-Cu,I-4m2,119,2,2.5065456309431116,a43b6e4752fcc79714839cd1c1d051a199798137470a83c3cc0a487e0c82c3eb
3428,mb-dielectric-3429,P4 Pb4 Se12,PPbSe3,P-Pb-Se,Pc,7,20,3.1911443088647684,4dc16d609f2691e9d4d3cce1d6304bbc07bc3416881bcd8ecc7b92ea691f3320
3429,mb-dielectric-3430,H8 O8,H2O2,H-O,P4_12_12,92,16,1.5376459280341492,724e81727e96d6488ccdc78087c93cb62efc00ce20538a0480e3a5e5d36baf0b
3430,mb-dielectric-3431,Li4 Mn2 F8,Li2MnF4,F-Li-Mn,C2,5,14,1.47951230703454,ac3e05ceca069784305942e6554f18ca130075019c85ecff88316dbb52e891c7
3432,mb-dielectric-3433,Li12 P28,Li3P7,Li-P,P2_12_12_1,19,40,2.585373345057408,00725d34670afd6a77bb15b7da9cffbeb3300470868a5b61bc5fd6fa19f80505
3433,mb-dielectric-3434,Fe1 H1 O2,FeHO2,Fe-H-O,P3m1,156,4,2.105547593066157,689b735b0e5dcebf81f5c6d33a3d66667d3bbe1c552a4bfefb461eb4f31b9df1
3434,mb-dielectric-3435,Pt2 F8,PtF4,F-Pt,Fdd2,43,10,2.1083179709585234,9ef6044a4d9d98e767e36f7a4fd66e7425c0b049f3b8214b9d62f523d58e493b
3435,mb-dielectric-3436,Li2 Nb2 O6,LiNbO3,Li-Nb-O,R3c,161,10,2.410878124957004,5af817ec4e893d3428e0ad0ea1160df38564de12d21df99207eeab6aa6886320
3436,mb-dielectric-3437,Al4 O6,Al2O3,Al-O,Cmc2_1,36,10,1.6206685863145085,3f7a0516e809faefaf8b9045448060ede57dba29e2fafc91db1414ee52511059
3438,mb-dielectric-3439,Li2 Mn2 P2 H24 O20,LiMnP(H6O5)2,H-Li-Mn-O-P,Pmn2_1,31,50,1.5273525024259025,6c94e500469ca0aeaaa63126822fda2a9a6b0a4d5f0401b7315c514361dcee40
3439,mb-dielectric-3440,Li1 Bi1 B2 O5,LiBiB2O5,B-Bi-Li-O,C2,5,9,2.095587745717177,c03c02fc535df1536b5e48a161e9e70f6f75fce2bdd1fffc786ff8e8c95b4ecd
3440,mb-dielectric-3441,K2 Sn4 Se8,K(SnSe2)2,K-Se-Sn,Cm,8,14,2.443729935979015,7902a8b0e8c44d4ea169d5b2a2289e1a22fb0d4fa0af7880c6904bc0b1fbd252
3441,mb-dielectric-3442,Li2 Zr2 P2 C2 O14,LiZrPCO7,C-Li-O-P-Zr,P2_1,4,22,1.620287320199723,ec74d6eac23b7750a0dd44ccc1de3c621888a33ea4c3311aa9d6ad37537fd0ea
3442,mb-dielectric-3443,Cs9 Hg9 Cl27,CsHgCl3,Cl-Cs-Hg,P3_2,145,45,1.8034139846413504,b4a995797561e7db20e205a4f99a67c5c2b443b1aaef3027d929c8a104770021
3443,mb-dielectric-3444,K4 Re2 I12,K2ReI6,I-K-Re,Pc,7,18,2.144167359761515,f534b1e29f24664c5e86a8aac7ebbfa9b35a427f505d6a38a0f37a9783bfcc84
3444,mb-dielectric-3445,Tl8 S20,Tl2S5,S-Tl,P2_12_12_1,19,28,2.4543939509921113,1683d6d4686aea3a2bd0db8469fdddfe953a571fbd52a92954026cd98a3778ed
3445,mb-dielectric-3446,Na4 H32 S4 N4 O24,NaH8SNO6,H-N-Na-O-S,P2_12_12_1,19,68,1.4658907417221334,442a809ea6f6f52c7a5ea381c10436565a4b4023a27b07696351dd113cf21936
3447,mb-dielectric-3448,K8 Ag4 Sb4 S16,K2AgSbS4,Ag-K-S-Sb,Pnn2,34,32,2.2106717681887256,d7ddfc21a7d7b48ddfe03302a464e2e282d4af376bb97a247e9a8d129c39641e
3448,mb-dielectric-3449,Re2 Sb2 O2 F20,ReSbOF10,F-O-Re-Sb,P2,3,26,1.4528851755501304,e27c28c06645f97da250c30d115fbd61241d0d67034a262a43cffd0321ee0e66
3449,mb-dielectric-3450,Ti7 Sn3 O20,Ti7Sn3O20,O-Sn-Ti,Cmmm,65,30,2.602787352051642,9f181c27a7f9a2d7107351a2211e805c2e9d55b13fe8d9a33965f1d9432e2d36
3451,mb-dielectric-3452,Ca8 Sn2 S12,Ca4SnS6,Ca-S-Sn,Cc,9,22,2.0896388045146304,2569ab41c1126884cb351acf741015ff98998ae5999094ec80968ae721e1c5ef
3452,mb-dielectric-3453,Ba4 Zn8 B8 O24,BaZn2(BO3)2,B-Ba-O-Zn,P2_12_12_1,19,44,1.7876678475973475,2d9ca099d1864e5d454968d776b58c06d206fdb8863df887ffcac8e3535c4db0
3453,mb-dielectric-3454,In4 Cu4 Si2 S12,In2Cu2SiS6,Cu-In-S-Si,Cc,9,22,2.8810191448949736,dd2ae1542bb5f4f14e295d01eb221dec51a3618770708f88f3c884f139750698
3454,mb-dielectric-3455,Os8 O8 F32,OsOF4,F-O-Os,P2_12_12_1,19,48,1.801859317482916,931d9061802473e3f38e255ac1001ac298af751c4d5d88e81944ef37155b240a
3455,mb-dielectric-3456,K16 Ta16 N32,KTaN2,K-N-Ta,Pbca,61,64,2.3654733846174074,9ee90c6a7c36a01678815576efaa60e93353313ae89a5bfb6b63bb25f2432c7d
3456,mb-dielectric-3457,Ba4 Cu4 Se8 O24,BaCu(SeO3)2,Ba-Cu-O-Se,Pmn2_1,31,40,2.05284371868229,b7b69dcdd328b6c19caa18d94fc550b873a2056d64e7f59cb25fd28cbb0bc7c4
3457,mb-dielectric-3458,Li80 Si16 N48,Li5SiN3,Li-N-Si,P1,1,144,2.1324206902016307,9e0cb4189f03a7e089d3e654cab067e7ad468126cf6e07898fc38c5f412d8a55
3458,mb-dielectric-3459,H36 Br4 O16,H9BrO4,Br-H-O,P2_1,4,56,1.5403067876238163,6b446f7843ac4f57ea8f898d7188341a8d48b44ae383770404e5fcef418ec8fd
3460,mb-dielectric-3461,Li1 Cu1 P4 O12,LiCu(PO3)4,Cu-Li-O-P,P1,1,18,2.131372562458286,624c6bfd8b7d2cc21a150e8fbcdf8dd0783b940a88b5a95378b88e33f44dee36
3462,mb-dielectric-3463,K30 Cr14 N38,K15Cr7N19,Cr-K-N,P-1,2,82,2.689960966259548,ee130fa4cdec8561df6c9ce130de34b08fa065cbc338f7f41bfbfa991fc94709
3463,mb-dielectric-3464,Na30 Mo14 N38,Na15Mo7N19,Mo-N-Na,P-1,2,82,2.3394733737887825,d0fd45a76554711ca9908fbd6a0ccdecac59f50bc6e40a80099140f8612bcbba
3464,mb-dielectric-3465,K4 Sn4 O8,KSnO2,K-O-Sn,P1,1,16,1.9593698817051703,9c650bbca8b3fc6631f0b3c984aa59398bfd8c9a40938d76f227970f459488e5
3465,mb-dielectric-3466,Li80 Ti16 N48,Li5TiN3,Li-N-Ti,P1,1,144,2.361968599847734,02a220d2c660541f8417c7e0e7185a411d8082b8cfc0833bb943eac659d05f79
3467,mb-dielectric-3468,La6 Ag2 Sn2 Se14,La3AgSnSe7,Ag-La-Se-Sn,P6_3,173,24,3.0315365191049017,7fd5826f5b93811a4b8ee2d845519f1ead0f308226cba25c7abd33b085332220
3469,mb-dielectric-3470,Ba32 Nb10 N38,Ba16Nb5N19,Ba-N-Nb,P-1,2,80,2.6015245530265516,bf295b79844087a1a278a434eb6cf790090f1d59e5a69c6820e732a7a2f38998
3470,mb-dielectric-3471,K2 Y2 P8 O24,KY(PO3)4,K-O-P-Y,P2_1,4,36,1.6347823504470964,7b442127a1ac28a80e63db131852a510ae97d64cfd2ae3295f59f42a6e76e6c0
3471,mb-dielectric-3472,Na30 Cr14 N38,Na15Cr7N19,Cr-N-Na,P-1,2,82,2.8953254278808336,bc7a78cb32e5c986ad64cbbb1b35bf4713f78c8580ecb8352b9771179aa4cf4b
3472,mb-dielectric-3473,Cs30 W14 N38,Cs15W7N19,Cs-N-W,P-1,2,82,2.244494449387954,0182b86bd10974f129685dad4eb93fea5cad1d4ba68fd69c0b1632a06ecf96eb
3474,mb-dielectric-3475,Al4 O6,Al2O3,Al-O,C2/m,12,10,1.7786699150464533,bb7de313ef8199740a6155cf88fa977f70b1e95269866f53432352b127b2100a
3476,mb-dielectric-3477,Na4 Ir1 O4,Na4IrO4,Ir-Na-O,I4/m,87,9,1.9581514241753608,4970547eb2b4843d39fa3ccd89b80fdc50ab526d0849ed319c6dafdec01824e0
3477,mb-dielectric-3478,Zn2 Te2,ZnTe,Te-Zn,P6_3mc,186,4,2.969049455072556,ce0dbbc7485ca7761fa7270d16068764fc3cd8435714444678bff62494e42b53
3478,mb-dielectric-3479,Ag4 Ge2 S6,Ag2GeS3,Ag-Ge-S,Cmc2_1,36,12,2.8442755961169914,273e5ec03da4df18bfcfa63f732448566cfd26905dbd2b1c5189236cc8c6b86b
3479,mb-dielectric-3480,B12 O2,B6O,B-O,R-3m,166,14,2.3984022459356575,a2f0ef2fb75f2f20aa6422a034cec10e3056509674dfd956a2598c25033b8507
3480,mb-dielectric-3481,Pb4 I8,PbI2,I-Pb,P6_3mc,186,12,2.31916608575871,70d853ce35df00df3f075c224664271a91e7e409b913d0d633df293522400e06
3481,mb-dielectric-3482,Li2 Fe2 C3 O9,Li2Fe2(CO3)3,C-Fe-Li-O,Amm2,38,16,1.7005740207353517,1437e40b3d9c91c49260fc38f970bd335634c64bd0a984bb57b7222af87d91ba
3482,mb-dielectric-3483,K2 Sn2 P2 C2 O14,KSnPCO7,C-K-O-P-Sn,P2_1,4,22,1.546325752658001,a2d29d54f16cb75e62c787af9f396015726fc80b71428bfb16dcde35d74a774b
3483,mb-dielectric-3484,Ta1 Sb1 Ru1,TaSbRu,Ru-Sb-Ta,F-43m,216,3,4.422581485964954,1df5a3472eb6f83c985e94d68c932abaa7b4582b8660c5874ff65b4aa65ecca7
3484,mb-dielectric-3485,Na8 Mn2 O8,Na4MnO4,Mn-Na-O,Pc,7,18,1.8325555016606363,03d60a660f9c937c5d11ca774af4bc2235ea21e5c8aab5308461b70f35400b73
3485,mb-dielectric-3486,Ba4 Hg4 S8,BaHgS2,Ba-Hg-S,Pmc2_1,26,16,2.5527847539500854,72c15d1bc9908d2cae640261a4fe30fc4c225e0a0af8a368139980fa9b7424cc
3488,mb-dielectric-3489,Ba2 Te4,BaTe2,Ba-Te,I4/mcm,140,6,2.972148493375299,8a17d360ef3b3c904bc9945f596dbd1c15d08af44fe99d51c93a680cb619ad6e
3489,mb-dielectric-3490,Ba2 Ge14 N20,BaGe7N10,Ba-Ge-N,Pc,7,36,2.255709718322225,306a04193ca266c47b0549465ad8da966f0f00710727d7f08dbbcda294633d94
3490,mb-dielectric-3491,Na8 Al6 Ge6 I2 O24,Na4Al3Ge3IO12,Al-Ge-I-Na-O,P-43n,218,46,1.6016354141938793,e2c973ae2c0d6ea902267c356c53b2b1403fdd58019624bc44dd0ede645a84f3
3491,mb-dielectric-3492,Rb6 S6,RbS,Rb-S,P-62m,189,12,1.7439709477702534,ab2b98dd120483a306eb3427ecb49b89dc7d0c2bdda35fbeffc4755baeeaf166
3492,mb-dielectric-3493,K2 Ag2 Se2,KAgSe,Ag-K-Se,P4/nmm,129,6,2.660511166423976,d592ee9b37089a7ee9491fa65d79ed87f66e0bd993b24f08f3c99e1cf895f752
3493,mb-dielectric-3494,Pb1 S1,PbS,Pb-S,P-6m2,187,2,1.000000000125591,ad95a7483fcc268eea5336e307b6b5c1f6f186c4461d88acdecff1c10fed9c22
3494,mb-dielectric-3495,Mg2 Mo2 N4,MgMoN2,Mg-Mo-N,P6_3/mmc,194,8,3.4342355287118376,1b4c03b18d59b6754b6265244ae3b6692da69c7a683961ab837db6c0a10f260f
3495,mb-dielectric-3496,Ba4 Ca4 Ge4,BaCaGe,Ba-Ca-Ge,Pnma,62,12,4.707228483938293,94e8709fd31893e39088b4697df6de2b653aa159f2e23af225fc31218f664588
3497,mb-dielectric-3498,Zn1 Pb1 F6,ZnPbF6,F-Pb-Zn,R-3,148,8,1.7054322032845506,b16746c5efe2c595269f7d4002f73b99a4afcccaa2dbb98a5bda9bcbfe79c7ca
3499,mb-dielectric-3500,Li2 Ca1 Ge1 O4,Li2CaGeO4,Ca-Ge-Li-O,I-42m,121,8,1.814903486873797,119444e7f4f0edbb54b6cd8dc982635efb2da1fff63a061460d4e3c96206e7fc
3502,mb-dielectric-3503,Rb2 N2 O6,RbNO3,N-O-Rb,Pmmn,59,10,1.5132854985097823,89753ad631ff9156cca760b2f1bfbb17e1c598f0c9012914b0cced0aebeb5b3c
3503,mb-dielectric-3504,P8 Ir4,P2Ir,Ir-P,P2_1/c,14,12,4.094427106853086,0e03699beab5f600ec59c5c50fbb149288cbbf0f9f9c04373b7ea6418f5c2aee
3505,mb-dielectric-3506,Na2 Al2 Te4,NaAlTe2,Al-Na-Te,I4/mcm,140,8,2.741312763379366,e0bfd6117c9e616c9d74093e862fc96f609338860bc833444eb676633d2c7265
3506,mb-dielectric-3507,Li4 Zn4 P4,LiZnP,Li-P-Zn,F-43m,216,12,3.1540298032834118,5fc5b7bf287819e1cc0dadef9c30c0075e5be707963ae177707f81469484bc09
3507,mb-dielectric-3508,Na2 Ga2 Te4,NaGaTe2,Ga-Na-Te,I4/mcm,140,8,3.1346892987982087,7f5d9988331ce3703ae0d7fa22f8037f29cd349c2d12ff6bb30b311eabb8379a
3508,mb-dielectric-3509,Na2 Al2 Se4,NaAlSe2,Al-Na-Se,I4/mcm,140,8,2.3619163123757594,ddccd9ff6c5f41f2646611807e481aa19210dc4cf3da3341e6e13149f9f476a0
3509,mb-dielectric-3510,Si5 C5,SiC,C-Si,R3m,160,10,2.67949000124116,770ed7f7114017b14d3bcc262de92826256b0bd991daaabb8ac3d31f9537521c
3510,mb-dielectric-3511,Pd4 S8,PdS2,Pd-S,Pbca,61,12,3.3015652853356294,c8bfd667478a06d7f2318728d7f6c785a33d4bc7c9e1cb500d6b7a479be90f11
3511,mb-dielectric-3512,K4 Zn1 P2,K4ZnP2,K-P-Zn,R-3m,166,7,2.164706831574812,1f5e1fa384f99508c1d68a06605b419c8f4d88cb90400ebb646228df2b0dd49f
3512,mb-dielectric-3513,Y2 W2 N6,YWN3,N-W-Y,Ama2,40,10,2.7350051188251916,b054ac110f672e320a00c8925cf1593065f8f998a13704e480843580b41730ae
3513,mb-dielectric-3514,Ag1 Br1,AgBr,Ag-Br,F-43m,216,2,2.078184784854319,5970cab65cb3cef75063b1b3793c4b12be6510a0f872a265ed490bfbccc34295
3514,mb-dielectric-3515,Ba4 Mg2 Si4 O14,Ba2MgSi2O7,Ba-Mg-O-Si,P-42_1m,113,24,1.7152073732739528,ad4bf98d3cbe2f0b8aaf27a9626ade10494d0175ab13ff5e06a26f37a291b505
3515,mb-dielectric-3516,Zn1 In2 Te4,Zn(InTe2)2,In-Te-Zn,I-4,82,7,3.1808912273135026,c11fac90a6cd16e0ec740c907147b1d28d657999276d233101b2398c92a25f8c
3516,mb-dielectric-3517,K1 La1 Te2,KLaTe2,K-La-Te,R-3m,166,4,2.4731426700994508,7273b690f670589d8294f6ad9c29f1c7844ec2da68ee4335c359280a76200d5d
3517,mb-dielectric-3518,Cr2 Pb4 O10,CrPb2O5,Cr-O-Pb,C2/m,12,16,2.2525429291442296,76b3c4f737a367cb0390523343b0b3e01b572f5ce61fa23819517ffc26580087
3518,mb-dielectric-3519,La4 Be4 Ge2 O14,La2Be2GeO7,Be-Ge-La-O,P-42_1m,113,24,1.9750176370520507,68be93cb81a3d08d5bd91119a5b4b28f208b29b498f6db1abecbc75e378d47f3
3519,mb-dielectric-3520,Ru4 S8,RuS2,Ru-S,Pa-3,205,12,4.084972460127486,6ebf72338fb81eb95c6976c7c69654e0fa1914d144b04b4364febff2f9c27995
3520,mb-dielectric-3521,Al2 H2 O4,AlHO2,Al-H-O,Cmc2_1,36,8,1.7048998015523766,5fb09f4e458849ffedfa7f2cb64c2ddaa8be4779d242c4695e924c33d0d596c6
3521,mb-dielectric-3522,Dy1 Ni1 Sb1,DyNiSb,Dy-Ni-Sb,F-43m,216,3,4.327769286826647,30acdd63707e0830cc6ff3cfb3840e4fa346c440888388b26d9182fe6cac728d
3522,mb-dielectric-3523,Y4 Si2 P8 O30,Y2SiP4O15,O-P-Si-Y,P2_12_12,18,44,1.6114516230198577,2425981ebbe2b4bb1ea17450ba251787b58af1bc7cdd94ea86769a1ae01ce2ad
3524,mb-dielectric-3525,Cd1 H2 O2,Cd(HO)2,Cd-H-O,C2,5,5,1.8509174301770819,8e9e6a24174f09a2457a07ca71bab3815f90de46e1aab2a5f49931f5bd108857
3525,mb-dielectric-3526,Sb8 Se12,Sb2Se3,Sb-Se,Pnma,62,20,3.970222495864264,40c86d3994f13c8e38f1127716905458d9a700ad26980dfe93768dff0b7b53ab
3526,mb-dielectric-3527,Li4 Mn1 F8,Li4MnF8,F-Li-Mn,P2,3,13,1.4815848496345616,7f67a8b7acb81ac87c51af28bae9087ee12258d6eb92cfae253eb8633f5209da
3527,mb-dielectric-3528,N6 O12,NO2,N-O,Im-3,204,18,1.4919785521246616,baa0205d4cb9f6b8397e734f05f535275bb4ac8cfaba7ed41b8fbaef3dca9c2a
3529,mb-dielectric-3530,Ge6 N8,Ge3N4,Ge-N,P6_3/m,176,14,2.2724436186616717,1cb969dcc62dd5a396de936285104714a11d2fbae205f7dcdb64380d1ba7d156
3532,mb-dielectric-3533,Rb2 Ge1 F6,Rb2GeF6,F-Ge-Rb,Fm-3m,225,9,1.3953426102574262,ecb90c7518e66bea51a931ff439734ac2d9d6b7c391bfb4d9bf1443a27085fee
3533,mb-dielectric-3534,Na1 Ta1 N2,NaTaN2,N-Na-Ta,R-3m,166,4,2.9843607914146926,3ca390ad383fa9d23829a237a608fff92256272449a0693084e066c215adb98f
3534,mb-dielectric-3535,Be1 S1,BeS,Be-S,F-43m,216,2,2.29683608470435,b785aa35be4720bb50f22fc6950e68951206bed4944c7f1809463231167fc991
3535,mb-dielectric-3536,Zr1 S2,ZrS2,S-Zr,P-3m1,164,3,2.836488439367737,b3760c96b72bc040b9a1970b4262b3ab51b23c89ca1125a7d41097b9d4642e04
3536,mb-dielectric-3537,Sr2 Cu4 O4,Sr(CuO)2,Cu-O-Sr,I4_1/amd,141,10,2.443845398819928,22a5a8633743b78eb0143c079e2c988d0e4f7e41430f3a5e930b9602835b062a
3537,mb-dielectric-3538,Zn1 Sn1 F6,ZnSnF6,F-Sn-Zn,R-3,148,8,1.5251111434908544,41efb672045c0786e8927a7fa5005fc8230c5b401c789e62c12b648ca8632821
3538,mb-dielectric-3539,Y1 H1 Se1,YHSe,H-Se-Y,P-6m2,187,3,2.961708966120742,a2cf3e85984c6da33824b07bda6bdc6ce28da5a2207d881131463b4b3df1205c
3539,mb-dielectric-3540,Cd1 Sn1 F6,CdSnF6,Cd-F-Sn,R-3,148,8,1.5026975743641915,b6c36ebd021f1c1b5cf0f482692b25c8712453076f3df3ba1113ebaac1890d2b
3540,mb-dielectric-3541,Ca2 B4 C4,Ca(BC)2,B-C-Ca,I4/mcm,140,10,3.9806103384615126,c5c80e1d0a3d432ad6036b2e586a8b86480e59d605d9839246cef6238e7f6fb5
3541,mb-dielectric-3542,Mn2 H16 N4 F12,MnH8(NF3)2,F-H-Mn-N,P6_3mc,186,34,1.5507703462043152,6cf152bde46e93be9f0102a3908fd9e932f433a7c9dfb6e595ce1f9d01ef71ff
3542,mb-dielectric-3543,Zn8 P16,ZnP2,P-Zn,P2_1/c,14,24,3.1409128184865835,9538aa2b0792584af3d1885a39f61b46d5d963d0728c3d0daccc210bfdf224e7
3543,mb-dielectric-3544,Na4 Al4 Si6 O20,Na2Al2Si3O10,Al-Na-O-Si,C2,5,34,1.5635079149144082,0c42c52e02819ed4fc2524b683aae0a1b432067f7e292d595d6825198cb591d1
3544,mb-dielectric-3545,Co1 Bi1 O3,CoBiO3,Bi-Co-O,P4mm,99,5,2.584880848317771,8a116eb1e8e6d2ea8a06ab8582c49876576e01252fddb5d1dabad540343802c8
3545,mb-dielectric-3546,Rb2 Hf1 F6,Rb2HfF6,F-Hf-Rb,P-3m1,164,9,1.45582130313672,fe5d4011125810038fbf4a3ad30e19136b43e3ad3c7ffc0431c47529bf7e0f4b
3546,mb-dielectric-3547,Rb2 Zr1 F6,Rb2ZrF6,F-Rb-Zr,P-3m1,164,9,1.4682811946853602,27f9aa6126ee96085d23557152cbcde1322bb30564478c160bbd1ae4712a8bef
3547,mb-dielectric-3548,Mg1 Be2 N2,Mg(BeN)2,Be-Mg-N,P-3m1,164,5,2.1691804904156773,17103b25756878e417db2be0ff11b272301012340dc4187d3cf8397900985aac
3548,mb-dielectric-3549,Au2 Se2,AuSe,Au-Se,C2/m,12,4,3.280294702207918,320f3bb2956ca8b4d55eb8e713d5a96461ddc8f68ef2a6b41eef2bae0d7f08e8
3549,mb-dielectric-3550,Mg24 P16,Mg3P2,Mg-P,Ia-3,206,40,2.705365040063911,2dea772d93e9a2047e8465e0a8ffc501df377f547325165c8c7a37dede8e33a8
3550,mb-dielectric-3551,Ca2 Be4 N4,Ca(BeN)2,Be-Ca-N,I4/mcm,140,10,2.3036244630292226,479b643586ff3054ccf51cbacb0f6f78b4129281e7174e95da236c4ed5cfd593
3551,mb-dielectric-3552,Sr2 Be4 N4,Sr(BeN)2,Be-N-Sr,I4/mcm,140,10,2.271775883899354,eef6e021e074a28f0beefc77786f5b49b9e042ebf4345956d36fd81807c9ee01
3553,mb-dielectric-3554,K12 Cd2 Te8,K6CdTe4,Cd-K-Te,P6_3mc,186,22,2.058079120604135,108dbd8dbae7151d2f4255c0c1388d0729f32779872d40f27451feb35877adb2
3555,mb-dielectric-3556,Te8 Ru4,Te2Ru,Ru-Te,Pa-3,205,12,4.608000289351843,257f2eaf0e6707c305cf158a11cb55de958b6cb69d9978421319411484ea91e7
3556,mb-dielectric-3557,Zn1 Pd1 F6,ZnPdF6,F-Pd-Zn,R-3,148,8,2.018855781542265,bd5728fb70b594e0cdf6cdc384bed7ac2e0637f7586a0620e30d982231d047e5
3557,mb-dielectric-3558,Cd1 Pd1 F6,CdPdF6,Cd-F-Pd,R-3,148,8,1.8550111410267551,a9d150e507ac19e160ee853b10ff96ebb0b39555d75181e44d92ab5ccd9565a0
3558,mb-dielectric-3559,Cs1 Nb1 F6,CsNbF6,Cs-F-Nb,R-3,148,8,1.4777394898966458,9540ed611f555ec6587f611e9fb4006250fc4ece1f897551892081e9a8e21e92
3560,mb-dielectric-3561,Li6 Cr2 Cl2 O8,Li3CrClO4,Cl-Cr-Li-O,P4/nmm,129,18,1.8200303111029041,5c8b66fc70b6ba873d9f60eaa78dc896851f6c89f70ad0cbac3dc14ce5bf02f7
3561,mb-dielectric-3562,Ta4 O10,Ta2O5,O-Ta,C2/c,15,14,2.372340616356265,c71fb7a323ebd31382b8fd6aa73b15272a6f5cde8f72c7246b06243f11cd03da
3563,mb-dielectric-3564,Ba1 Ge1 F6,BaGeF6,Ba-F-Ge,R-3m,166,8,1.514468223502889,5ea819bf3d6435d717ce262c54071613ff9b22c1bb3e3f13eaf386a38ec10b4b
3565,mb-dielectric-3566,Hg3 O3,HgO,Hg-O,P3_121,152,6,2.3584753549698068,5324591029f459104568342acd301b70b2a23983334707b15b427032b38c17ec
3566,mb-dielectric-3567,Sm6 Si12 N22,Sm3Si6N11,N-Si-Sm,P4bm,100,40,2.3087508166394515,05b3b85cb2f46651ebec247c3e1ab336143e737ceb3f76c96936e2bbea39ab13
3567,mb-dielectric-3568,Rb2 Li2 Cr2 O8,RbLiCrO4,Cr-Li-O-Rb,P6_3,173,14,1.648929753911106,00cbfa04f09f37ce647e25180fc379c1ff738ad995f318a6963faf65c528f855
3568,mb-dielectric-3569,K2 Sb2 O4,KSbO2,K-O-Sb,C2/c,15,8,1.9073389840298445,5bcd5c5f12bdf33556088b8e98d501745ed9c25dfa00552d71f8062c30dd8fc5
3569,mb-dielectric-3570,Rb2 Sb2 O4,RbSbO2,O-Rb-Sb,C2/c,15,8,1.862598274812179,ce10766da6e90e3d61bde8298c61c760f1b02b801c18edff629e8cfbbe53b571
3570,mb-dielectric-3571,Na4 Ag2 As2,Na2AgAs,Ag-As-Na,C222_1,20,8,3.248785465370098,a2af0aafaeb5a674991c0e99e452a809619f2559e1a5ed8aa69701434f84ea97
3572,mb-dielectric-3573,Zn4 As4 H4 Pb4 O20,ZnAsHPbO5,As-H-O-Pb-Zn,P2_12_12_1,19,36,2.0718053319106344,d32c6031f90e4a1937d21d4746b4cc059c8931593dc9460156231f53dbcd01c6
3573,mb-dielectric-3574,Ho6 Ga2 O12,Ho3GaO6,Ga-Ho-O,Cmc2_1,36,20,2.0320360068988186,8ea2dd891ad15546349ff40a8a976357eef256922e50e34d5b4bb40ae280fd47
3574,mb-dielectric-3575,Fe2 O2 F2,FeOF,F-Fe-O,Pmn2_1,31,6,2.1097051136750524,841e10c00092214197f6140eab0dffc2155b48ebe495eb34f963ec8b20852d39
3575,mb-dielectric-3576,Li1 V1 O2,LiVO2,Li-O-V,R-3m,166,4,2.190977027112176,03a073dd0e6145d2221114e853491e766c67d142a4d508666fa1319e7027c65e
3577,mb-dielectric-3578,Na4 Sn4 O6,Na2Sn2O3,Na-O-Sn,I2_13,199,14,2.5308054053996334,875767681345788f2fad9f306f0287a35db716492a8d23bd4032b870bbb871d3
3578,mb-dielectric-3579,Si24 Os16,Si3Os2,Os-Si,Pbcn,60,40,4.352930047680528,9e2c16f52e403e4edff4414c5de58d8de4e0b273bb8d2c0b917d9c7b235627c6
3579,mb-dielectric-3580,V2 O2 F6,VOF3,F-O-V,C2,5,10,1.8819705984242512,24a99f8dfeefa4d40afe8a4f6c3e1e93e26ba2ac552de7568586f20ee9f3374e
3580,mb-dielectric-3581,K3 Cu3 As2,K3Cu3As2,As-Cu-K,R-3m,166,8,2.788638257883826,d93adafbb13eb7748e425d3e508a1132035a9c2c3e676a0aa09b314485b4bfdb
3581,mb-dielectric-3582,K3 Ag3 As2,K3Ag3As2,Ag-As-K,R-3m,166,8,2.810603553212961,1e3df2c0bf4c50fbb2f2e1f3309aed5bf992c3bc4bdf50e3b81b7ace1dfc396e
3582,mb-dielectric-3583,Ba2 Li2 Sb2,BaLiSb,Ba-Li-Sb,P6_3/mmc,194,6,3.231463290832813,34403406f988be3b1830fd9ecef1c80b6089ee85efbaf8c9f0b2e7c9c8a5ae12
3583,mb-dielectric-3584,Ca12 Al4 Sb12,Ca3AlSb3,Al-Ca-Sb,Pnma,62,28,3.5386438080145903,589ec13c918157af49569fbe2e609bf56e2ac8abd9ba9f1b65bceb3fe659816f
3584,mb-dielectric-3585,Ca6 Al6 N10,Ca3Al3N5,Al-Ca-N,P-1,2,22,2.2915720950183234,34950e2c5f11c7a146358e83ef13718c7aba8b928e104e01add2cd8ac4ab7ffc
3585,mb-dielectric-3586,Si6 As6,SiAs,As-Si,C2/m,12,12,2.9376294297727013,95b4b3bacc992a74e25d66831affbe5188c9bb9b1549534f9642af2cdbb2d7d0
3586,mb-dielectric-3587,Sc6 Te3 O18,Sc2TeO6,O-Sc-Te,P321,150,27,2.108943574399283,3e6d4378f1497de7dbc70ee754350cc967757d80eb5d4a0b29f1e9ebbec1b408
3587,mb-dielectric-3588,Li4 H20 S4 N8 O16,LiH5S(NO2)2,H-Li-N-O-S,Pna2_1,33,52,1.5543979541931983,12cf2875eb961785c9ea6e16b0d8a0abefdf7b1bd70e8e57fcfc46ef446bdca7
3589,mb-dielectric-3590,Li12 B4 N8,Li3BN2,B-Li-N,P2_1/c,14,24,1.942225527584271,ae2b7a1b14829ad51ef08880a8051ef12d220bbffce107eb4db77b36224b99fc
3590,mb-dielectric-3591,Te4 O10,Te2O5,O-Te,P2_1,4,14,2.225234070084913,3db49feaf3b728355b157f116b801b2fd252049d56af870fd6b4cd2239163227
3592,mb-dielectric-3593,Sr6 P8,Sr3P4,P-Sr,Fdd2,43,14,3.074789965718779,93118dcdd1155e135166d7557cfdfb3915373625940a3d1f99db6d5edd8fd0be
3593,mb-dielectric-3594,Li1 Fe1 F4,LiFeF4,F-Fe-Li,P1,1,6,1.5663331382701973,a26da20e31f7e87658e5a8716521cea0fdfc0c0ff87b0f13128112abff6a882c
3594,mb-dielectric-3595,Ba6 P8,Ba3P4,Ba-P,Fdd2,43,14,3.1231394461340254,0b703247f20671f582ff8a893339175558bfc7b987cfd2255fe7202c40275374
3595,mb-dielectric-3596,Ta1 S2,TaS2,S-Ta,Fmm2,42,3,1.0000000000000058,e7a78b4fdee90a319a7160b8695a17843e637a4566fe4627970312d67ba77301
3596,mb-dielectric-3597,Mg2 Sc4 S8,Mg(ScS2)2,Mg-S-Sc,Fd-3m,227,14,2.5215074856125295,aca5ab09048f5c1d8f9f3c98bf9b013e9f0397ac39535ac64bf603feddd0927e
3597,mb-dielectric-3598,Cd8 Si2 Se12,Cd4SiSe6,Cd-Se-Si,Cc,9,22,2.6870316336061246,32d4d9f65e9a981640ade1eecec07ae88c56aa67c721e3bb7c5f6dbf39bf6769
3600,mb-dielectric-3601,Ag4 Cl4 O12,AgClO3,Ag-Cl-O,P2_13,198,20,1.7986789596812434,6c4b27eb97611dba081d642d8cb47c97f875f693ca53bae53afb401d9083ee99
3601,mb-dielectric-3602,V2 O2 F6,VOF3,F-O-V,Pc,7,10,1.7404554001754828,e490c2ba3d8db0aed3f3132d2f9d8430698d7713bd6cf59ee559410ad0e4529e
3602,mb-dielectric-3603,K1 Cd1 N3 O6,KCd(NO2)3,Cd-K-N-O,R3,146,11,1.6779875843799763,1744a5ba17e0e9d7af2580cede7d3530507d12ca40182f86c870065716da027b
3603,mb-dielectric-3604,Eu4 Ge4 Pt4,EuGePt,Eu-Ge-Pt,P2_13,198,12,1.0,b17b146b95f61eeb27253804b740b7fd605b24f44ff9275a2deda0b6f4c7d475
3604,mb-dielectric-3605,Tm1 Ni1 Bi1,TmNiBi,Bi-Ni-Tm,F-43m,216,3,5.253353310029704,c98b891620743bc3f88a19a291b87309fc766dec391b15cc9ff9449742d65bfb
3605,mb-dielectric-3606,Na4 Fe2 O6,Na2FeO3,Fe-Na-O,Cmc2_1,36,12,3.0079019820022945,a008ddd340f6ba4f21549af233be264e3d7187ced22f458b7796fd017749e638
3606,mb-dielectric-3607,Ba2 Cu4 Sn2 Se8,BaCu2SnSe4,Ba-Cu-Se-Sn,Ama2,40,16,3.3238531856850946,58016ec810f535c863037d55a48208b03a79b35e9c98e4c6006f63c295de57fe
3608,mb-dielectric-3609,Ca4 Re4 N12,CaReN3,Ca-N-Re,C2/c,15,20,2.519787689469095,a471adfc1e3ea654e8749d1779a3caf825e5a5d4dcd689928b7b259d47cf42b0
3609,mb-dielectric-3610,Sr2 Ag2 P2,SrAgP,Ag-P-Sr,P6_3/mmc,194,6,11.214826495908737,05f78c1dc008df972f19433c5c16513c74ce136c70ab4a8d4dd3f53b060a28ec
3610,mb-dielectric-3611,Sr8 Ge4,Sr2Ge,Ge-Sr,Pnma,62,12,4.347451360663317,f731c180f3cd1d26955e9598c70fb65b34acdefed34e53c3cb5556a9a6e8ae8f
3613,mb-dielectric-3614,Te4 F24,TeF6,F-Te,Pnma,62,28,1.3655279809167833,a98c923be16bf9ffb45078f67749cbdeee1acb6d2cc5d137d3bb799b45cd86f3
3614,mb-dielectric-3615,Sr2 As12 Pt8,Sr(As3Pt2)2,As-Pt-Sr,C2/c,15,22,5.0640892567167,a20071ff2b46523399c2784949fcb105c8984a910ae03207d0569c765e37cb9f
3615,mb-dielectric-3616,Ba2 As12 Pt8,Ba(As3Pt2)2,As-Ba-Pt,C2/c,15,22,5.016007708659825,aeef2e7cce09fd5d66e9dd3b4d34bbe1e4fb9523313f4d9e0a5c6041af344674
3617,mb-dielectric-3618,Sr8 Ge16,SrGe2,Ge-Sr,Pnma,62,24,4.183857868841468,5a8c613f9b78ba434b3bca925777453dd2f3bdd658dd82503ec15b56baed6bc1
3618,mb-dielectric-3619,K1 Au1 F6,KAuF6,Au-F-K,R-3m,166,8,1.5703952793272584,e5415bf7668413083976792cccb26568f2257d54f7a62a281d60b811d57c0890
3619,mb-dielectric-3620,Be2 C1,Be2C,Be-C,Fm-3m,225,3,2.645562322078273,5bc23c5516a25d5cff4fd1a6537e701ec4e8cbd670e25f8b4e0e73009ef7884d
3620,mb-dielectric-3621,Na12 Co4 O12,Na3CoO3,Co-Na-O,P2_13,198,28,1.7791076414877207,2660dc869b196305a9933d6a5ee44449061ca3c45a4f8910dbfeeb15e7b337b7
3621,mb-dielectric-3622,Sb8 Ir4,Sb2Ir,Ir-Sb,P2_1/c,14,12,4.985980344927164,381b84d9c465ef25b2e653614375c693b9c8023f95cd2669010cf4d6204d0d17
3622,mb-dielectric-3623,Na4 Pt2 S4,Na2PtS2,Na-Pt-S,Cmc2_1,36,10,2.4971394300946352,e8a4d5ffac6639da889db738bf5d11df9a1cf527a3ab5068373aa174a242b604
3624,mb-dielectric-3625,K1 Li1 Zn1 S2,KLiZnS2,K-Li-S-Zn,I-4m2,119,5,2.0920411085827157,5c66e98768d768b16cd3ac547f8811830ab3d8782da20e4d83a1745c4563d5ab
3625,mb-dielectric-3626,H6 F4,H3F2,F-H,P1,1,10,1.307040550250833,6f422f40ad4967f54cf1a2073f4be78f01bab8c738b2ea30dc4ebb28820247df
3626,mb-dielectric-3627,K4 Zn2 Te4,K2ZnTe2,K-Te-Zn,Ibam,72,10,2.2109909543008057,1e3bbb7d2c07d1203b753c7ccc2e13b656d9c1889637123ae41ba2e06644a8f1
3627,mb-dielectric-3628,Rh2 F6,RhF3,F-Rh,R-3c,167,8,2.9334280287922643,23cfd2c4fe2a35213bee6bdef561eec7f6d305e20a73d7836f35a21460995339
3634,mb-dielectric-3635,K2 Sr1 Be2 F8,K2SrBe2F8,Be-F-K-Sr,R-3m,166,13,1.428985654235115,d703196fc601772ac6af20a830c2a8b6bcfbfc59eb1851f40c9ffd37ff182a25
3635,mb-dielectric-3636,Li4 Mn4 V4 O16,LiMnVO4,Li-Mn-O-V,P4_322,95,28,2.4902422238275,6f5d16df4a741c8be7380c91d4dc28b46388c9d1613ccccea6a100df7eecf3b9
3636,mb-dielectric-3637,Li8 Mn12 F32,Li2Mn3F8,F-Li-Mn,P4_332,212,52,1.4668616158315682,86f1caeb07e8365262d9c1d9082f5da08dd197654d643bc493662213e7012ca4
3637,mb-dielectric-3638,Cl4,Cl2,Cl,Cmce,64,4,1.6222412479786978,3bf88eb08c71c94f64294010d1bea5cb49568a1a2774ed7c2b1cabf96ba5e315
3638,mb-dielectric-3639,Ge1 Te4 As2,Ge(Te2As)2,As-Ge-Te,R-3m,166,7,7.004025509186367,1795b70dbb41a625e1ec78c103483eb43feeee6c6301ee89019b439b33f358a0
3639,mb-dielectric-3640,Hg3 S3,HgS,Hg-S,P3_221,154,6,2.5632821407978748,377ce2fdef34a430438674d793e39bf9ee8fdf706ff46e116c6c31d9430c2856
3643,mb-dielectric-3644,Zr1 Se2,ZrSe2,Se-Zr,P-3m1,164,3,3.5069930139652348,5ec5dd35677351722d312b4873494682e41901979e4eac3f632b6493ca7b0555
3644,mb-dielectric-3645,Tl4 F12,TlF3,F-Tl,Pnma,62,16,1.9712094426180762,9259dabfdc8c646af9406ae16ad6eb961fde9765690225316742fff6ffc11c2c
3646,mb-dielectric-3647,Sb4 O10,Sb2O5,O-Sb,C2/c,15,14,2.424183711411518,5eaefd39b577c8399df2689362195fc29cbab96c31a7a82b561ded49e0b6a201
3647,mb-dielectric-3648,Mg3 Sb2,Mg3Sb2,Mg-Sb,P-3m1,164,5,3.8472501001798074,190594fbb28cfd9d288400494b7d712811f73235d75ca73758ab4a66fed0ebb5
3648,mb-dielectric-3649,Rb4 P6,Rb2P3,P-Rb,Fmmm,69,10,2.133307291509591,7f162c6208c1f72386771fb211bcffa76d78fa1379cb7e2ac5cdde0d6b6a051f
3649,mb-dielectric-3650,Ba2 N12,BaN6,Ba-N,P2_1/m,11,14,1.7256882684888368,fd197c1c1524531abd4113821d4217b8d0923ff0f34e15c1263d09a3585b449e
3651,mb-dielectric-3652,Sr2 H6 Ru1,Sr2H6Ru,H-Ru-Sr,Fm-3m,225,9,2.070308189618155,1ab973002cd9fb682833f4bd5d06edbcbc6e300edeb06b52288b8e06c5b829ae
3652,mb-dielectric-3653,Eu8 Cl12 O2,Eu4Cl6O,Cl-Eu-O,P6_3mc,186,22,2.0226844373979764,e77c85ffae72780d3b24c8f4052ebf36f52ebe4437c563acf96d257aa51d0688
3653,mb-dielectric-3654,H14 N2 F8,H7NF4,F-H-N,R3c,161,24,1.3479552415912452,d818eff7c4c6ca99dda939d81e00bb8080dbd71e08b1c512da8ecb8fe7bd70a9
3654,mb-dielectric-3655,Tl4 Se4,TlSe,Se-Tl,I4/mcm,140,8,3.3809761903025595,baeb980254cfc6438cb8d91ab36ffa9dad38c5fc54cf24b3af276f7e12afc9dc
3655,mb-dielectric-3656,Li1 N3,LiN3,Li-N,C2/m,12,4,1.6621271511784796,a29430a7ff6d4c00ff9cd2ccbce0a28fa1ae7f76d7b6f6feccba460b0ae6845a
3656,mb-dielectric-3657,Ga2 Cu2 O4,GaCuO2,Cu-Ga-O,P6_3/mmc,194,8,2.4161043023843227,fc0c24d8bd0d9421ecc4f69cecfbb4c73e0d3ae0b3e2788b4022d9903e64c4dd
3657,mb-dielectric-3658,Al4 H4 O8,AlHO2,Al-H-O,Pnma,62,16,1.7564168070250297,fc5c92b09b93475f7d519dc734989b8d87e1a5ab91bf0869e89c1ef2985a9617
3658,mb-dielectric-3659,Ga2 Ag2 O4,GaAgO2,Ag-Ga-O,P6_3/mmc,194,8,2.476466501556872,39cbc335db3e010c79bd3e916d07c416958cf21ee618ce54f3961fca3ac4a02d
3659,mb-dielectric-3660,Sc2 Ag2 O4,ScAgO2,Ag-O-Sc,P6_3/mmc,194,8,2.417435624789213,abe7d7e97900d3c1058ffee5edf5cab8753b71c5af89c0f0c499bb54a38edb11
3660,mb-dielectric-3661,Sc2 Au2 O4,ScAuO2,Au-O-Sc,P6_3/mmc,194,8,2.6746311272148735,43a883534ab9e38a84c3cfa467b4f5fb7f3efdcbcd145feb6ee63e2e75b658a6
3661,mb-dielectric-3662,Sc1 Ag1 Se2,ScAgSe2,Ag-Sc-Se,P-3m1,164,4,3.5002380871401706,04b711efbd5cfff1f169632c31fda1dbd9968f9e12688dd320f22e672882d0d7
3662,mb-dielectric-3663,Pt2 O4,PtO2,O-Pt,Pnnm,58,6,4.618982571952399,ebf10c9014022429b8ce9b7b42122be35e9b6695d6c7d657b88ae5106d854106
3663,mb-dielectric-3664,Cs1 Au1,CsAu,Au-Cs,Pm-3m,221,2,2.2340546098965426,cf0a4614fe2b33e06cea9f54b6d80a854fabef94eef8a9e7404e4d491d429cff
3664,mb-dielectric-3665,Ba2 Al8 S14,BaAl4S7,Al-Ba-S,Pmn2_1,31,24,2.209580729459777,0c1c79c33c072e736aa2005bfce7ed48b50ed243fffc92ca9465358509e34a0c
3665,mb-dielectric-3666,Sr2 Sn2 O6,SrSnO3,O-Sn-Sr,I4/mcm,140,10,2.124082233185251,33b3130c842536cd22afa88285a2b0c5a2879be7f3f586580a88a28bd82ed960
3666,mb-dielectric-3667,Cs2 Ca1 F4,Cs2CaF4,Ca-Cs-F,I4/mmm,139,7,1.5060122855917153,a640821a95b431ffe146f0140cd813fb282c1d2b45bf124306d9fbf812698abf
3667,mb-dielectric-3668,Ru4 Se8,RuSe2,Ru-Se,Pa-3,205,12,4.425155364504166,50f52407224a8109ebdc46bae1ec020cc5ba0b357f2fe6456eff5faabdfd1c9c
3668,mb-dielectric-3669,Al2 Cd1 Se4,Al2CdSe4,Al-Cd-Se,I-4,82,7,2.4790242704203873,9767feb65c303719fb962f5396923c1a019060899e0f18e6ea6a3c36ec7d07ae
3669,mb-dielectric-3670,K2 Ni1 F6,K2NiF6,F-K-Ni,Fm-3m,225,9,1.515206256586875,58cb988280fec5421129ab78adcb320d5ad85bcac0a40bfd3016714a592348ff
3670,mb-dielectric-3671,K4 Hg6 Ge4 Se16,K2Hg3(GeSe4)2,Ge-Hg-K-Se,Aea2,41,30,2.504509466276113,9c91fb92d1786e6f65beb20cfd21cede5cdf74557142a9eeddcdfab2ba8f6158
3672,mb-dielectric-3673,Cr4 Sb4 Se12,CrSbSe3,Cr-Sb-Se,Pnma,62,20,4.1041848561356655,34685ad0241c9d4002510bde79f4ac5d18b7c30a279dfe91e71f414890499b6c
3673,mb-dielectric-3674,Li4 Fe2 O6,Li2FeO3,Fe-Li-O,P1,1,12,3.312081822660787,681e4875c82046932e2e84eb0d4d4bf0dd0882f40b6d0c58d82ad2929e856c3d
3674,mb-dielectric-3675,Li10 Br1 N3,Li10BrN3,Br-Li-N,P-6m2,187,14,2.261559565137891,b3cfd4a8303253d904ea6b67dee62bf68f39c79f0f25280998e1172bfebbe1c9
3675,mb-dielectric-3676,Si8 Sb8 Pt8,SiSbPt,Pt-Sb-Si,Pbca,61,24,5.731113911506791,c736af0183b5e95ae5590ab6f9844b78731743a5a73c5db49656874a50d4280f
3676,mb-dielectric-3677,Li4 Cr2 O4,Li2CrO2,Cr-Li-O,Cmc2_1,36,10,2.1194040829126157,592a9bf0cbbe5bf487b4250ebfe3826d47378efc0fbfb6341b90caf4272f173e
3677,mb-dielectric-3678,Cs24 W16 N40,Cs3W2N5,Cs-N-W,I4_1,80,80,2.3260766682692697,d761da28ebe21df599b5b1ed64785a8bb016a96e8a373ff65d84c3349a559561
3679,mb-dielectric-3680,Zn1 Ga2 Se4,Zn(GaSe2)2,Ga-Se-Zn,I-4,82,7,2.752327560447702,ad7963198a7216264dcf53f712e043b75c868a1621ab7c7630c680bdeea4d635
3680,mb-dielectric-3681,Li2 Mn2 P4 H4 O16,LiMnP2(HO4)2,H-Li-Mn-O-P,P2_12_12,18,28,1.7990296458554167,4d3c9131c716d85bedf016df5a26e57d7b0290d7d97cb31e6c95ffa81ea31fee
3681,mb-dielectric-3682,Sr6 As8,Sr3As4,As-Sr,Fdd2,43,14,3.415747843932825,19b827d19bfd224ad539e9fe0fee695a671fb4f8e2fe8f361becb510f5562b78
3682,mb-dielectric-3683,K8 Sb8,KSb,K-Sb,P2_1/c,14,16,2.937345740630476,e20f9341453f33c2a3fb005f883ef5337f6f405af7a031879aa79041f358887e
3683,mb-dielectric-3684,Mn1 O2,MnO2,Mn-O,P-3m1,164,3,2.637631450120861,4ba0f23f2d55f1d88d2f9ecb26e385fc38ac22c03a9abf9a5789210495e708f4
3685,mb-dielectric-3686,Li2 Hf1 N2,Li2HfN2,Hf-Li-N,P-3m1,164,5,2.6615128529967076,80a40fc5a9dfbacbad5bbd9bdddbeb3a960fc387fe633cacdeb6a49622913219
3686,mb-dielectric-3687,Ga4 Se4,GaSe,Ga-Se,P6_3/mmc,194,8,2.5476786819901123,3e33eb60b3115f588dc845a60195bfc55a31f1e32d5997f03f245f9537407b5e
3687,mb-dielectric-3688,Co4 P12,CoP3,Co-P,Im-3,204,16,4.422329704685323,6bbdf1a8f898cee889458d4f95dd0c953256c2189bcce7f66e0d186ca4330e36
3688,mb-dielectric-3689,Sr1 Mg2 N2,SrMg2N2,Mg-N-Sr,P-3m1,164,5,2.4822305157525753,4354faeb22868acb8c20ed0fa1b3ff6b0149ba7c0d957866584dfb2668c91eec
3689,mb-dielectric-3690,Ba4 Ca4 Sn4,BaCaSn,Ba-Ca-Sn,Pnma,62,12,4.794336937123492,851d53a1e159faf499b5aac64b97cb6168f7a9f8dfb4e74002bfb26033ed67db
3690,mb-dielectric-3691,Li12 Cr2 O8,Li6CrO4,Cr-Li-O,P2_1/m,11,22,1.897175362594375,9f37943d5abebf4642b738c58d0d639d2ce50c43937aa24fee967e9cd2987c77
3691,mb-dielectric-3692,Na2 Zn2 As2,NaZnAs,As-Na-Zn,P4/nmm,129,6,4.255114569550389,6cbdc822b3a9fabd1a037244d605efb0938ea0fef69f95c6804f32b1dd76cc4b
3692,mb-dielectric-3693,Ta4 Cr2 N2 O10,Ta2CrNO5,Cr-N-O-Ta,P2_1,4,18,2.58543316809131,e7656e80fc97b984bb824bbb07d2cd2b9e44820cc2a733843ecace4e15a546e4
3693,mb-dielectric-3694,Li4 Cr2 O8,Li2CrO4,Cr-Li-O,Pmn2_1,31,14,1.7095182557278137,39c5f0b06318e9504df62fc056d562a319501f9ccc030946dc7fc743c8e7273b
3695,mb-dielectric-3696,K1 Cl1 O3,KClO3,Cl-K-O,R3m,160,5,1.5202533780042449,5022feb21bdc82c2aea8cc1386433645fc13da1ce61ff93c8f8f6b40178a8c35
3696,mb-dielectric-3697,Ge4 S4,GeS,Ge-S,Pnma,62,8,4.258638280013929,a41a34e28b220b94c5f9ec07b3f4d2c294cdb29e660598fa8a1e1aa100c7c7fa
3697,mb-dielectric-3698,Ga2 Se2,GaSe,Ga-Se,R3m,160,4,2.55636460624299,d6687dfb314389c1a6e20c6ac0a84fd5b001168ac866a2a9dbd375f91fab885e
3700,mb-dielectric-3701,Co4 Sb12,CoSb3,Co-Sb,Im-3,204,16,5.923174824365747,7c79a3ac057da94a1c47b68a8b554b943cfff043abc65b809b437313efc688a8
3702,mb-dielectric-3703,H4 N1 Cl1,H4NCl,Cl-H-N,P-43m,215,6,1.6710780951230255,9b833be402c303c6b49b2921eeedb8932522010afaf6c895bbeff2ed644fca28
3704,mb-dielectric-3705,Cd8 Sb8,CdSb,Cd-Sb,Pbca,61,16,5.275260688661113,b1cbaa4e8c9a307e3069ecfe836d60197ab0dbab504c5644279f79326d748e3b
3705,mb-dielectric-3706,K1 Ge1 Br3,KGeBr3,Br-Ge-K,P1,1,5,2.2281809045327368,cf5db9662b93aa1a37ba05bb96b48d96e818d1f4e34cc7f4bc374e9ab67a36f9
3706,mb-dielectric-3707,Na3 Sr3 P3,NaSrP,Na-P-Sr,P-62m,189,9,2.804893818548813,2c828e382c0b423343e02a83697fbbe1fa47aacf13633fba71f3f4aaf8487504
3707,mb-dielectric-3708,Na4 Se4,NaSe,Na-Se,P6_3/mmc,194,8,2.5052611307569976,b1b007994e7f61019cc8db6c8f4b354e6739356315131eebcf4280c4002afc05
3708,mb-dielectric-3709,Na4 Cu2 As2,Na2CuAs,As-Cu-Na,Cmcm,63,8,3.222473170304987,bf105f54302b3dc79120af3cf3b788705246141a9b7d320fe98597b15f6d9ccb
3709,mb-dielectric-3710,K4 Cu2 As2,K2CuAs,As-Cu-K,Cmcm,63,8,2.626915618489993,93fa8d4f9eb79f36eb78c2d8d5d2f963ed5fd00b120fc5059a5c9bc7eed09acb
3710,mb-dielectric-3711,Sc2 Tl2 S4,ScTlS2,S-Sc-Tl,P6_3/mmc,194,8,2.9409602173439886,1782247bc5341e481baf862e002253c0c22bdd2d3f929f706e2051628a7944bd
3711,mb-dielectric-3712,Sc1 Tl1 Se2,ScTlSe2,Sc-Se-Tl,R-3m,166,4,3.138743697723655,dfef7887f9054c09718b6ad405618847e7fa9249d18ab73bde6f49aae7b129cc
3713,mb-dielectric-3714,Y8 W4 O24,Y2WO6,O-W-Y,P2_12_12_1,19,36,2.1210542975919626,3f187af2893cd79bbf2b5aa7ce340c2c459c694d2055d825d1e14a7ca9fe916e
3714,mb-dielectric-3715,Ca2 Y4 O8,CaY2O4,Ca-O-Y,I4_1/amd,141,14,1.9314655920656028,511368facb829fe35f4c689f0af658996021a6afc80ab6956e3e05c5e7e16319
3715,mb-dielectric-3716,Li4 Fe4 P4 O16,LiFePO4,Fe-Li-O-P,P2_13,198,28,1.6285671616485455,2cd07b8e5213b27c94e78c549657fa37392fe0a01725868ddf37094657fce243
3716,mb-dielectric-3717,K14 Nb2 As8,K7NbAs4,As-K-Nb,Pmn2_1,31,24,2.470641482152628,76861a0709bc24d8d692aa8a9041bb851d65b53420cabc2a1b616fd08e525574
3717,mb-dielectric-3718,P4 N4 O4,PNO,N-O-P,P222_1,17,12,1.7893143938391598,56d4947b524e0e9b3626cbb0f513b369a13580db9cab871b13d3170fac091a3a
3718,mb-dielectric-3719,Nb4 Ni2 O12,Nb2NiO6,Nb-Ni-O,P4_2/mnm,136,18,2.5944727145735538,01944dac1f72cd3c3477e12fdb3457929e7b8f75cfcb5f50c96b719ad80e6cfd
3719,mb-dielectric-3720,Y4 F12,YF3,F-Y,Pnma,62,16,1.629212488699167,b14b63ae527f8aba20538ed891446d7a0b1d38b593744e3e704c25dabe8ae829
3720,mb-dielectric-3721,Pd4 Se8,PdSe2,Pd-Se,Pbca,61,12,3.663058831086391,d22bef0d8ebb3363682a5eeed5655f78b60e7860ca4e90c3efe4c4a8c7e5dcfc
3721,mb-dielectric-3722,Zr1 Co1 Bi1,ZrCoBi,Bi-Co-Zr,F-43m,216,3,4.574705127109284,712b26de7bbf4b404233e5674ae7b8cadfe554ead41756d759de72fea42b5249
3723,mb-dielectric-3724,Li1 Y1 Se2,LiYSe2,Li-Se-Y,R-3m,166,4,2.6062664228099726,f7ea8c33c59028bc9197b766bece55d2e6e29cce4201ac945a028f03a93332c5
3724,mb-dielectric-3725,As8 O12,As2O3,As-O,P2_1/c,14,20,1.846618531261939,4b5fd0f3a40839fc5c4fb55dd6329f7f26fb885f5451311d94a4e98a7921bfac
3725,mb-dielectric-3726,As8 O12,As2O3,As-O,P2_1/c,14,20,1.8751888793754439,1b910f38f51635ced6cb9bad91a26c01439dcc86408e5d2428ef7a0e45f54922
3727,mb-dielectric-3728,Fe4 S8,FeS2,Fe-S,Pa-3,205,12,4.604454365068679,c53a3a5db6d2a6f2d8174e84fc382023f0a4d98c77c8c51955e4022c92dc1e60
3728,mb-dielectric-3729,Al4 C3,Al4C3,Al-C,R-3m,166,7,2.8576213885023467,98a92e90a00e9bcfb59858f4062c80c749a7d4d022dbec8ad02c96ed96ff3802
3730,mb-dielectric-3731,Nb2 O5,Nb2O5,Nb-O,C2/m,12,7,2.2841482730628604,45a03509b74f6592fb927202a4e019c332626f09f3a10f2db6ac7178f9bb3357
3733,mb-dielectric-3734,As8 Rh4,As2Rh,As-Rh,P2_1/c,14,12,5.543284225078126,2c3bbf47070d5c09967779f950750471aac3cd54e0f22cf7e1d07b8d3d51a51f
3735,mb-dielectric-3736,Li4 Co4 Si4 O16,LiCoSiO4,Co-Li-O-Si,Pna2_1,33,28,1.970845588404463,500cdd53b58f8c3dd6cfc7ee44ae7bd87ee1bebd33f4d3a6ee7c574155da66ce
3736,mb-dielectric-3737,Sn6 N8,Sn3N4,N-Sn,Fd-3m,227,14,3.091224137251443,4d0bfb9bdc3e7dd7371e68c2aa7a0f277f49b0b6489b5fc518d004dcd929b3b6
3737,mb-dielectric-3738,Cr4 O1 F11,Cr4OF11,Cr-F-O,P2,3,16,1.8535020007182799,cdfc9f1ee1e0cd6f19e8a0131f3169c3161c9cc8f5e476cb90d01f25d88f1505
3739,mb-dielectric-3740,Mg24 As16,Mg3As2,As-Mg,Ia-3,206,40,2.889463618044022,3c27fad70e728332bf79d7547575568e9f5d6a2272649669d29bceca014c12f7
3740,mb-dielectric-3741,Cd24 P16,Cd3P2,Cd-P,P4_2/nmc,137,40,4.131343607108951,6b85d0c6b5a404442b0096cd1f3e2b8a66aa156c722ba4f12f9d22bb9a4a4ab3
3741,mb-dielectric-3742,Sr2 N12,SrN6,N-Sr,Fddd,70,14,1.6997058569137626,d3938fbbe4e7673ad240473f1df515379216599387ee3dd5467bc1a941073257
3742,mb-dielectric-3743,Ba8 Ta4 N12,Ba2TaN3,Ba-N-Ta,C2/c,15,24,2.4973437221709522,6fcf70bbf4449a35481b156cc3c3e5d76179672e191dbd3bd42a8b4af8cb319c
3744,mb-dielectric-3745,Fe2 As4,FeAs2,As-Fe,Pnnm,58,6,5.532961834918678,22cb9267b52813b892a2b7bbf40a95f736267350c61ea143b3860f7b6a246054
3745,mb-dielectric-3746,Ba1 Se1,BaSe,Ba-Se,Fm-3m,225,2,2.300869400900478,b87d406cb0b319da2b79d33a3ca51fd0013c02db886063192b59b544b3afed22
3746,mb-dielectric-3747,Rb4 O12,RbO3,O-Rb,P2_1/c,14,16,1.527416118809802,26415025154adeb06177a868b77bfae78064403643d2035473fdd07b0973554b
3747,mb-dielectric-3748,Ti1 Pb9 O11,TiPb9O11,O-Pb-Ti,P4,75,21,2.5719574913546217,524f1b70f96dee021975f687fcabccb45747a7ca1b17543bbb6597f0e06f2d1c
3748,mb-dielectric-3749,Sr24 Cr8 N32,Sr3CrN4,Cr-N-Sr,Pbca,61,64,2.4256436259269414,c068df131a25df079ec6e225e290eacaed543a305b508fc74509263c5cbc9ed9
3749,mb-dielectric-3750,Mn1 Pt3 O6,Mn(PtO2)3,Mn-O-Pt,Cmmm,65,10,4.027546482247804,1e45eee50d88829ec42cb74ca67a60fcce9fef0e09c1e78cac3dce6ed6dd8c2a
3750,mb-dielectric-3751,Li2 Mn1 Ni2 O6,Li2Mn(NiO3)2,Li-Mn-Ni-O,C2,5,11,2.989832768648742,3fbeaf7bda802eef0ebb91cd383d2d6a15622842c0121f1a840211bee3da127f
3751,mb-dielectric-3752,Cs12 Mg4 H20,Cs3MgH5,Cs-H-Mg,P4/ncc,130,36,1.743414274730287,2004c166869a631d4d12035ba1dcd853faeccbf95c2c0d7b116e608fe545ea8a
3752,mb-dielectric-3753,Hf2 Cl8,HfCl4,Cl-Hf,P2/c,13,10,1.6471186963907611,57626deb40d7ca7b922305ec80296cbde479b86095468976ceda3095d508a2c6
3753,mb-dielectric-3754,Hg4 H4 Cl4 O16,HgHClO4,Cl-H-Hg-O,Pbcm,57,28,1.793692652974119,f9b70118f53486453e65467134afe687cc61731d10d120ef4a39ff0adb0bd215
3756,mb-dielectric-3757,Mn6 O7 F5,Mn6O7F5,F-Mn-O,P1,1,18,3.509569394289467,b9a6d7b2b7c2394349559d7650390ab1a8729f747bdfee60dfca8056baca1064
3757,mb-dielectric-3758,Li5 Co2 O6,Li5(CoO3)2,Co-Li-O,P1,1,13,2.0348863195110765,9c6676d0d96e8790ee6770a0e26b823573c69a7cb89f4936510269e4efa539c2
3758,mb-dielectric-3759,Cs1 Li1 Mo1 O4,CsLiMoO4,Cs-Li-Mo-O,F-43m,216,7,1.579829737661624,af72853f646bfe30fdce5b47fea3769effe03983c1aceadcbb320548518f4c20
3761,mb-dielectric-3762,V2 P2 H14 N4 O10,VPH7N2O5,H-N-O-P-V,P2_1,4,32,1.6915436736898044,1ac1807868da807f3b7ba16c60d1427a15a6d2f46b30bb0ec77de5b0db3a1942
3763,mb-dielectric-3764,La6 Mn2 Ga2 S14,La3MnGaS7,Ga-La-Mn-S,P6_3,173,24,2.7628197552496183,4b9e609f69bbee3555e47f7be6ff7a853396f630d1f9caef5e1f7513bc479860
3764,mb-dielectric-3765,Cs2 Be2 H6,CsBeH3,Be-Cs-H,P2_1/m,11,10,1.4992947230837126,a236a56aa4d87374527111143fb48f0fe333ebfaa7f98a8643dc866cf1cdc740
3765,mb-dielectric-3766,V4 O4 F4,VOF,F-O-V,P2_12_12_1,19,12,2.1380931535677608,501b3e9e485c34e0de6a316c8fcb804e7a6434dede908fccc8354270e3456ccf
3766,mb-dielectric-3767,Nd1 Bi1 Pd1,NdBiPd,Bi-Nd-Pd,F-43m,216,3,5.098115534194965,8072b650344d049976816d40887791c1324fb546776fb77aa785d97400ab8e2c
3767,mb-dielectric-3768,Li7 Fe1 O6,Li7FeO6,Fe-Li-O,P1,1,14,2.6539441569500495,a58688cb2b6778a34b8c7b8a6b754233a41c644a48add87dc7972b509074724d
3770,mb-dielectric-3771,Ca3 Bi1 N1,Ca3BiN,Bi-Ca-N,Pm-3m,221,5,4.316408692420126,086e24fabd525b1d0ef0b229f8604bae6e74cedcef33e2ba9d03d72caac469d3
3771,mb-dielectric-3772,Lu2 Cu2 Pb2 Se6,LuCuPbSe3,Cu-Lu-Pb-Se,Cm,8,12,3.42994845509064,692c7c6bc1545ef0a58c2d703184155d01bf7f8a3dd63ff4d776890ae3b2d7cc
3772,mb-dielectric-3773,I2 F14,IF7,F-I,Aea2,41,16,1.4061768499545757,756ae2567483048079478fa3710a14043e67b324a4ddb15b316fee47e8c5a7c6
3773,mb-dielectric-3774,Na1 Ni1 O2,NaNiO2,Na-Ni-O,C2/m,12,4,2.6512960981376685,d24e3024c21fe840a33c51c680f294d9ff86b2dc4fc41e43ac601f45da1b5819
3774,mb-dielectric-3775,Li2 Fe2 Si2 O8,LiFeSiO4,Fe-Li-O-Si,Cc,9,14,1.8862119004325397,0ba073c35c75ef5ca9d7bab1db86df29445fad1fc8b2b09402822fa4eb2ed97c
3775,mb-dielectric-3776,Cs2 N2 O6,CsNO3,Cs-N-O,Pmmn,59,10,1.63631598415465,c7f93f3d69debdc6c6c3d1270d6a0dac0ea1afb8321abbc4f3699006f3baf145
3776,mb-dielectric-3777,H8 Se4 O12,H2SeO3,H-O-Se,P2_12_12_1,19,24,1.6846364592991567,50254ed7606b46a3dcd37b398083d639c543600e9c7bf55976339f48fb820bd3
3777,mb-dielectric-3778,K5 Cu1 Sb2,K5CuSb2,Cu-K-Sb,R-3m,166,8,2.6230503871129365,f49ccd3aa0eaf4aa2a8d9cdd2b99dc7288f4bf0ff1793b82636a073a3dd8a423
3778,mb-dielectric-3779,Ba1 La1 Ta1 Mn1 O6,BaLaTaMnO6,Ba-La-Mn-O-Ta,F-43m,216,10,2.299453630756663,16ba98ab4ba79197519ac54dacd9da5f2e0e8af0d6991859510b8081da639fc0
3779,mb-dielectric-3780,H20 Cl4 O8,H5ClO2,Cl-H-O,P2_1/c,14,32,1.5511286213592992,1edde094171c3d2cd3830edad347aeca958122e7a0fb07d1e750b22087824eba
3780,mb-dielectric-3781,Pd6 Cl12,PdCl2,Cl-Pd,R-3,148,18,1.9479904175071936,7bb9a4012b111ae991a86e8655300e9322f5f5c7814d59ca0f14f67253033c04
3781,mb-dielectric-3782,Li4 Ge8 N12,LiGe2N3,Ge-Li-N,Cmc2_1,36,24,2.281686949021126,45486246348aec33408bd2b24f8bac8ee70624bda6256e4c9d5f2139921865ef
3782,mb-dielectric-3783,Sr12 Cu12 N12,SrCuN,Cu-N-Sr,Pnma,62,36,3.4655546934557724,d07a9576f8f5be63b5c142445a6df84372e6919de51deb2c49aa69d2bc7f50c5
3783,mb-dielectric-3784,Mn1 I2,MnI2,I-Mn,P-3m1,164,3,2.2303960784279258,0cf273f0b017b762a6d605be226f4309dda64d33b1030cdc8dee5b7284372aa7
3785,mb-dielectric-3786,Mn3 Te1 O6,Mn3TeO6,Mn-O-Te,R3,146,10,2.1512778373174695,3712f5269ea4b2476a4b1c44d68a386557d7d9f97740ff7faf7b490959bffc21
3786,mb-dielectric-3787,H20 Br4 O8,H5BrO2,Br-H-O,P2_1/c,14,32,1.6058227382456218,4249d9720aa39ca110ee9361ead5dea54a94a3d09d0b9c2301d90ca7b54061b1
3787,mb-dielectric-3788,P4 H24 N4 O16,PH6NO4,H-N-O-P,P2_12_12_1,19,48,1.5012843390466266,97c2fc1b567a1139ec944e1a2bbf49b40d8ad08df64b17904375c2bb6d7e2c1c
3788,mb-dielectric-3789,Ho8 Cu8 O20,Ho2Cu2O5,Cu-Ho-O,Pna2_1,33,36,2.3529008337227757,b772163b57ca559b9cd83ab4b22b93bc2492dd3e3e4706f57e2905844ad9d58f
3789,mb-dielectric-3790,Sr3 Fe2 O5,Sr3Fe2O5,Fe-O-Sr,Immm,71,10,2.1399042034375357,ba0b982e234aa763914f04e3c77ec522af65cb66435dad83ab98ec79b80d9711
3790,mb-dielectric-3791,K4 Hg1 As2,K4HgAs2,As-Hg-K,R-3m,166,7,2.3178508723959506,c224e0f9e2314dcae44a26ec0d233db306b3572473ce28ac02ac5609cc32bf89
3791,mb-dielectric-3792,Li3 V1 F7,Li3VF7,F-Li-V,R3m,160,11,1.4313129171032686,27f50bb3b96eb4c6335b5194aaafd7cc6074836cdd728b360a8ac3adc57a4267
3792,mb-dielectric-3793,Ba2 Ni2 O6,BaNiO3,Ba-Ni-O,P6_3mc,186,10,2.4181152440140994,86c17969bcfe58c01e2309e6b60e78683ee1c6a0047219777e7bf8156c689491
3793,mb-dielectric-3794,Li4 Mn4 Al4 O16,LiMnAlO4,Al-Li-Mn-O,P4_322,95,28,2.3148048873861202,0c9d1e0c3a190a558a46cea1ec9109f4bb44fa01349dd9b0393cab97d2a71697
3794,mb-dielectric-3795,As4 F12,AsF3,As-F,Pna2_1,33,16,1.479076288318715,00af23be8b36e4c652bec505e6ddb46addee0295e4e6f85a0985c39413a72cbb
3795,mb-dielectric-3796,Na2 H18 O10,NaH9O5,H-Na-O,P1,1,30,1.434039399737678,ba092fadb2aec39daa159e4e2fbde298a7a8962371f4c1cc7ec0b8ea192c1964
3796,mb-dielectric-3797,Mg2 Si2 As4,MgSiAs2,As-Mg-Si,I-42d,122,8,3.189110272996738,2f31cfafce50fcfcb0c3d9cbc1d0735fec23aaae1e844be7f6ee7bf8cad50fde
3798,mb-dielectric-3799,Li2 Mn1 O2,Li2MnO2,Li-Mn-O,P-3m1,164,5,1.9255006275425244,d22913e589b304b9090b181872fd333b5a5f321f7bb951c46c8eead83f337ca5
3801,mb-dielectric-3802,Cl4 F4,ClF,Cl-F,P2_1/c,14,8,1.6829537525830391,ec19e405cc3228549ca351b25fab2ff90c1b9b1e5873a1b03fcd672eb7d7cb50
3803,mb-dielectric-3804,Cs2 Bi2 O4,CsBiO2,Bi-Cs-O,C2/c,15,8,1.929542432806288,2677b96789e3b997aff8957f57b279f6ec2288d2fe11c98d8ca9c9237d56dabd
3804,mb-dielectric-3805,Ba3 Na3 P3,BaNaP,Ba-Na-P,P-62m,189,9,2.9494858874047862,ed6ea43c0eeb658942506f8df02bdd32a57eed2acd379f3e7b93c77b6d40bed5
3805,mb-dielectric-3806,Li3 Mn1 F7,Li3MnF7,F-Li-Mn,R3m,160,11,1.4459618482749355,a8634349ca906ba26320278e3ef7d3b8cd178ea229cb3fa5a86df4b7a69fd874
3806,mb-dielectric-3807,H12 S4 O16 F4,H3SO4F,F-H-O-S,Pnma,62,36,1.4415269681833913,75f5d8259a9b84b429a9ca3b0e463ccfeb0d95b1015acd222ed7c4fc5d55aef1
3807,mb-dielectric-3808,P4 H4 F16,PHF4,F-H-P,P2_1/c,14,24,1.3391539617733779,fecbe237a12b40c329b89fe3d5ac8c1475c099ec7da3015bd44253839c7563d4
3808,mb-dielectric-3809,Fe4 O3 F5,Fe4O3F5,F-Fe-O,Amm2,38,12,2.02430778292235,384d3a498f66603c2fa87d65d444c5a0c60ea02afc9066b8cd66d5aa3f77bd7c
3809,mb-dielectric-3810,H32 S4 N8 O16,H8S(NO2)2,H-N-O-S,Pna2_1,33,60,1.514664539317755,d1bdd694fffc0d7e65a7293b68a38b8d7a59221a3332769809a116b0245bcb9b
3810,mb-dielectric-3811,Na4 Fe2 Ni2 F14,Na2FeNiF7,F-Fe-Na-Ni,Imm2,44,22,1.4963708319352749,c5baa26d331b43e3bf4ee53b02ecf8a78fe62eb033070792b7075873b0a689cd
3811,mb-dielectric-3812,Rb2 Bi2 O4,RbBiO2,Bi-O-Rb,C2/c,15,8,1.9606156346073174,eb92f1d1c0778d98aed4ea56f36bbfe07747707c181227d43a657457c13b088b
3812,mb-dielectric-3813,Zn4 O8,ZnO2,O-Zn,Pa-3,205,12,2.0447493733951845,12fed2bfa3b5d9eecb95ac473ab2bb9e0c69be19bea3ad4693d17258f07f2964
3816,mb-dielectric-3817,Ba1 Li1 La1 Te1 O6,BaLiLaTeO6,Ba-La-Li-O-Te,F-43m,216,10,2.105636483346542,18eb634005371b4cd01b95058763ff302968761f731f5343469d66da07041f9c
3817,mb-dielectric-3818,K2 Ti2 O5,K2Ti2O5,K-O-Ti,C2/m,12,9,1.8843059730309195,b8a1ebd7ec7238e7e4573402ac5e93dc0832b74a9c33bdb3704964806d060a45
3818,mb-dielectric-3819,Sr20 Nb4 N20,Sr5NbN5,N-Nb-Sr,Pbcm,57,44,2.477448889482889,84d13cba130ff0cf8cf991d36a6e4fce98fb51a67e69bce9134b4045b8be21b0
3819,mb-dielectric-3820,Cl8 O4,Cl2O,Cl-O,I4_1/amd,141,12,1.7396359772463137,26ae241e97ab5c4917f12ad5b7d3cd0639590bafb0e0f6b9ab1ab41d19e0617f
3820,mb-dielectric-3821,Sr4 Ca8 I24,SrCa2I6,Ca-I-Sr,P2_12_12_1,19,36,1.934581177757432,ef02ac09b68d46cb38ffd6a3a4cbec255418796e44949510b38d7571f0f84e8d
3821,mb-dielectric-3822,Fe4 O4 F4,FeOF,F-Fe-O,Pm,6,12,2.132934520013839,b77cbeef39c065d1e96afd340515299be86b2f11accb192abb53230f7c03719d
3823,mb-dielectric-3824,Rb2 Pd1 Br6,Rb2PdBr6,Br-Pd-Rb,Fm-3m,225,9,2.1634380816961998,316aead8a75383c48d3ac5300f2203e9804c161f4177fb5672dd0c834f2f73ad
3824,mb-dielectric-3825,Rb2 Ca1 H4,Rb2CaH4,Ca-H-Rb,I4/mmm,139,7,1.719562638192245,630e97eca564583f4f1d064b24a231919f27150e2f05d80c173b4274f63f5bd8
3825,mb-dielectric-3826,Na8 P4 H8 C2 O18,Na4P2H4CO9,C-H-Na-O-P,P-4,81,40,1.5475408449106172,d4d5af9218e01382d52b22f4a96add40fff22b2bada07597416578aaa213a9ba
3826,mb-dielectric-3827,Sr2 Pd1 O3,Sr2PdO3,O-Pd-Sr,Immm,71,6,2.38565155334567,4711b7a08d9c3108cce7ef438bb8c4b460d0750a21e4e75689577fc06cf47165
3827,mb-dielectric-3828,Ta2 Al2 O8,TaAlO4,Al-O-Ta,I4_1md,109,12,2.170132714835662,41b201824fd2d7fe63cef5ae5a8997edad9e195c41e7330be4576cfdca6cd168
3829,mb-dielectric-3830,S8 Cl8,SCl,Cl-S,Fdd2,43,16,1.6188473265456553,45466ecd7baf2cde9596be91e42604472e569dc8cea0858f7d5c911cdb595719
3830,mb-dielectric-3831,Al2 H6 O6,Al(HO)3,Al-H-O,P1,1,14,1.6035181113206465,511e244317bffde1711c7a3670663c3f0751e17c0cc6126287aeedbce322a167
3831,mb-dielectric-3832,W2 O6,WO3,O-W,P4/nmm,129,8,2.6395075298244555,bb6ccf7ec9ce5eb0901128d8954978566fa27f799344067dc89cc12f6ad5c5c8
3832,mb-dielectric-3833,Cd2 C2 O6,CdCO3,C-Cd-O,R-3c,167,10,1.8223460154427324,d99496d91968cccb15e109243922dcdcc1bd5a90dac0e6d8077cc271179b0ed9
3834,mb-dielectric-3835,Li4 Nb1 Fe1 Te2 O12,Li4NbFe(TeO6)2,Fe-Li-Nb-O-Te,P1,1,20,2.276305779107895,5981f721dc574771940be724e695c37ed9b3cbf46ef1acfd09964b83f93419cf
3837,mb-dielectric-3838,Ba16 Ge16 N32,BaGeN2,Ba-Ge-N,Pbca,61,64,2.55305418404441,b8b8a1c21549161094fcc3eaab03dfcb70cd32cb24928975c5eca29e7e3f0358
3838,mb-dielectric-3839,Ca8 Hf2 N8,Ca4HfN4,Ca-Hf-N,P-1,2,18,2.4340997651424785,238fa31b7367faff36411948e63c7029414e461fa3cfc328e6d08ad1692f203b
3839,mb-dielectric-3840,Al6 Si4 H6 O20,Al3Si2H3O10,Al-H-O-Si,P-1,2,36,1.713032885459782,7ae797c2081197ed81c0db20cbb71822675f2cfa10ae29f82d3049f5d1b3fff2
3840,mb-dielectric-3841,Li5 Fe1 O3 F2,Li5FeO3F2,F-Fe-Li-O,P1,1,11,1.7572754479591408,c8c5d1fe3f091b193bf85e8cad3e576b8cbbc01c69be26721c8cb8518031705b
3841,mb-dielectric-3842,Ru2 S6 Cl16,RuS3Cl8,Cl-Ru-S,P-1,2,24,1.931752227038102,9b3aae0a7b0326805a1af9c921e6d918a5c3c8f2b2b4d4fc01c725c1f0f82724
3843,mb-dielectric-3844,Ge24 Os16,Ge3Os2,Ge-Os,Pbcn,60,40,4.808984646818217,48d4ba9fcee767db7b5bfff257de627991d9fcf55074412d5c1a480535794b80
3844,mb-dielectric-3845,S8 Cl16,SCl2,Cl-S,P2_12_12_1,19,24,1.6446884203398526,5c7d0d0cac75edccf423bb9f8ff33b8f0bbf0ae57f121ffa6d043d3362a23e54
3845,mb-dielectric-3846,Cs4 Li2 Mn2 O8,Cs2LiMnO4,Cs-Li-Mn-O,Cmc2_1,36,16,1.785609139761555,820d967d1095f1706e6fabe17fe09031c95dd1c4c52da752d54e4271d8cfd6ed
3846,mb-dielectric-3847,Li4 Nb1 Cr1 W2 O12,Li4NbCr(WO6)2,Cr-Li-Nb-O-W,P1,1,20,2.3619688115355517,c92b1c887ed1f5133b70af50c92fa34574131218efd4478993f71541b1bdf8da
3847,mb-dielectric-3848,K4 Be1 As2,K4BeAs2,As-Be-K,R-3m,166,7,2.1619693954047206,692e572ec0f78a9f9d6693c1746b2640d32599f8455cd5bbb31f089015038342
3848,mb-dielectric-3849,K4 Cd1 As2,K4CdAs2,As-Cd-K,R-3m,166,7,2.3212165632127726,d3510e56628089f107165848e96db305c246660f822f22cd411af628efb427e1
3849,mb-dielectric-3850,Fe4 Co2 O8,Fe2CoO4,Co-Fe-O,Imma,74,14,2.8208490447617596,6e8389f73856f1e225f5f362fe4b066556a1180b39176474e531e19ec8b03cc6
3851,mb-dielectric-3852,Cs2 H2 F4,CsHF2,Cs-F-H,I4/mcm,140,8,1.4456248937166705,e3f4f4acef32f2346abeb02a900f341be1c1bda233c88325e7f7bfeef057206d
3852,mb-dielectric-3853,Rb2 Pd1 Cl6,Rb2PdCl6,Cl-Pd-Rb,Fm-3m,225,9,1.8455588132956793,7712efae13b1064057c96da016d3fb631cfe0a1ac15910efd4e4d80e7974a2fd
3853,mb-dielectric-3854,Fe4 O4 F4,FeOF,F-Fe-O,Ama2,40,12,2.1336942142678272,7a596aca3b99ca0c7feefab8779a046ff62fb2d7d560c6987a7204679cbd5c67
3854,mb-dielectric-3855,S8 I8 O24 F8,SIO3F,F-I-O-S,P2_12_12_1,19,48,1.7394457929658709,c6d6fd376b7e299508ad4075317a85b106a6bfcc86aa0678b1bd1cdf9eb25807
3855,mb-dielectric-3856,Na2 H18 O10,NaH9O5,H-Na-O,P1,1,30,1.4297126750971094,711a1aafb7ae33189c9f1492bee6b19aabee8f929599d31fa0fc487ffac092eb
3856,mb-dielectric-3857,Lu2 Ga2 O6,LuGaO3,Ga-Lu-O,P6_3/mmc,194,10,2.028449161384054,85edf8682924eee0d1f1840e9f9990cc45836fb87e781e7496884cb8fb553de0
3857,mb-dielectric-3858,Mo2 Pb2 O8,MoPbO4,Mo-O-Pb,I4_1/a,88,12,2.263151227960182,e8ba1b540cc32aa521dea8597be906a823abf69a50dd26e13d383df275d0a40b
3858,mb-dielectric-3859,K2 Pd1 F4,K2PdF4,F-K-Pd,C2/m,12,7,1.5140807992530207,61589fd8daf7e5408ea76a337dc9d74e24070f5ed5dedfae5761affa55b9c629
3860,mb-dielectric-3861,La2 S1 O2,La2SO2,La-O-S,P-3m1,164,5,2.2630136985886766,c31c32904ed4e6e50cc3bd717aa9affdd780185ac38cc9d02a0172c0107a4d93
3861,mb-dielectric-3862,H4 O2,H2O,H-O,P4_2nm,102,6,1.5410249835742442,c3c9e59e1de00f5f5f63d4093b9e986a04ce18935f9be22b6a3daf62dcc076f1
3862,mb-dielectric-3863,Ag6 Sb2 S6,Ag3SbS3,Ag-S-Sb,R3c,161,14,3.5658098659389745,ed29721fc1dec4cbde4f6118fc6e8a23090b7f009c80e40289992f2ebbbabff8
3863,mb-dielectric-3864,Sb4 S4 O16 F12,SbSO4F3,F-O-S-Sb,P2_12_12_1,19,36,1.5129585806183414,95764001a799e75b529593437bc2f0eaad9c37f8a01903fa98808d718d79518c
3865,mb-dielectric-3866,Be1 Se1,BeSe,Be-Se,F-43m,216,2,2.4529796167110733,00f0f38200d74ada467087cd0e82f78143ba1cceff7146ce9af4494c16438fc5
3866,mb-dielectric-3867,Rb3 Ta3 O9,RbTaO3,O-Rb-Ta,R3m,160,15,2.2993740452566693,792cffc3252f5b9186f035c7ebb876b008ad680c4d191e62332cfba6841626b2
3867,mb-dielectric-3868,Rb3 B12 H12 Cl1,Rb3B12H12Cl,B-Cl-H-Rb,R-3m,166,28,1.667633053165166,f205a4d5f527cca4beecd6acac2a15290866abcb26c921cc4aae3795ac1bb86b
3868,mb-dielectric-3869,Fe2 Se2 Cl14,FeSeCl7,Cl-Fe-Se,P1,1,18,1.8797162906495581,951f4def8bb23d76390f7edd1da3378fd72d6ff95731cb8793248ac8a3a8405f
3869,mb-dielectric-3870,Fe4 O3 F5,Fe4O3F5,F-Fe-O,Imm2,44,12,2.031088624358868,03e85caa5630bd4258db6936cf0bf7329ab9859c822f6177bc57d0e1b82cd89a
3870,mb-dielectric-3871,K2 Ge2 Cl6,KGeCl3,Cl-Ge-K,R3c,161,10,1.7988743702660253,a638de75a02a9a82639f7c34b4ded6d893b30ac9ba98488b5ea353659dd80442
3872,mb-dielectric-3873,K6 Ga6 B6 O21,K2Ga2B2O7,B-Ga-K-O,P321,150,39,1.6191249694407939,1551094951f8ece7b57efd69d663465e4f731186c857e465d9cc3504d160bc67
3873,mb-dielectric-3874,La2 Te1 O2,La2TeO2,La-O-Te,I4/mmm,139,5,2.548589348378173,6b33bc69c9758b7b8eb0905a265a80c75b10417979ac27bf22684e0080b2aa4a
3874,mb-dielectric-3875,V4 O8 F4,VO2F,F-O-V,P2_12_12_1,19,16,2.21047596684515,14dd7abc6cadae9659d694c4c95a905fc3b14d87b6efd94806aef732be316f76
3875,mb-dielectric-3876,Ca1 As2 O6,Ca(AsO3)2,As-Ca-O,P-31m,162,9,1.9046755629240448,28400c3a88f3f788096233479aaa5991e70aaac22e67d6e9a286b6fcdc784943
3876,mb-dielectric-3877,Nb4 Cl12 O4,NbCl3O,Cl-Nb-O,P-42_1m,113,20,1.8588387952339134,6ad0083750283a0f1c1dccb6f61fedf8fec29a906a6f7e407cf1c7710a744cd3
3877,mb-dielectric-3878,Ag3 S1 I1,Ag3SI,Ag-I-S,R32,155,5,2.864542779106874,f6ebebe8167123dc0f8f01aa6286042b04206946dd33fb1cf392fcd3e60c6af1
3878,mb-dielectric-3879,Fe1 H2 O2,Fe(HO)2,Fe-H-O,C2,5,5,1.7778799172047588,cd74dfe3bf6b4e6c432079888171080a9f64c32296572bbe5378ef785e575ca7
3879,mb-dielectric-3880,Mn1 Cl2,MnCl2,Cl-Mn,R-3m,166,3,1.7826945896603412,a5f6f065dcdbd5243f6af270f2d8d49b472e619952b438c0411c3f72ef77ca2a
3880,mb-dielectric-3881,Te4 Pb4 O12,TePbO3,O-Pb-Te,P4_1,76,20,2.2987514002170832,3ce77dd39bea59f2202651078451b96cffa40176ff1f11c259aa0b763cdf6a17
3881,mb-dielectric-3882,Rb2 Li2 Br4,RbLiBr2,Br-Li-Rb,Cmcm,63,8,1.6577493779217622,859f2d8bb480d7684254c83325e5a9aa9c3eb61ce23b5d5e9fafb9ed28a43c5d
3883,mb-dielectric-3884,Bi8 S12,Bi2S3,Bi-S,Pnma,62,20,3.5301295538077166,4fdbe8926488dab7dec4f279804da467a5baf998d9d970400d779881252b650d
3884,mb-dielectric-3885,Mg1 Pb1 F6,MgPbF6,F-Mg-Pb,R-3,148,8,1.5499462356307985,83d3d49a5f42c3d2b5357530307966af879e9360d4278439b07aad9a394719a4
3885,mb-dielectric-3886,Rb2 Li2 Cl4,RbLiCl2,Cl-Li-Rb,Cmcm,63,8,1.5859356859595544,28efc4188b038613f7bdf752294165808bcd9a76e33aff122d0bdf312506ba38
3886,mb-dielectric-3887,Li8 Al4 Co4 O16,Li2AlCoO4,Al-Co-Li-O,Pna2_1,33,32,1.9504243982613971,4f20ed78fcc064a8f494985bff66b2baaee66015d6f89c886cf80c78c4618e3d
3887,mb-dielectric-3888,Nb4 As4 O16,NbAsO4,As-Nb-O,Pna2_1,33,24,2.37817535097814,d379304cf34b5c7934c92d02143d657a08d6022cdf1fc801aafb4dbc3de4c7dc
3888,mb-dielectric-3889,Li4 Al2 Ni2 O8,Li2AlNiO4,Al-Li-Ni-O,Pc,7,16,2.279162858010224,f1b2618bc26edea48b01c7bfce0cb6ed01e3dff821562b6ffe49acf5e47901c2
3889,mb-dielectric-3890,Li1 V1 Si1 O4,LiVSiO4,Li-O-Si-V,I-4,82,7,1.7886510745997015,8d91a303b2fa3f37d49da674874adf276f9267d62adf3e729158dfeaaaca35fe
3890,mb-dielectric-3891,Li2 Ni1 P4 O12,Li2Ni(PO3)4,Li-Ni-O-P,C2,5,19,1.6121953975867813,01eeba483c6644a46449ae659928c15dba2e9334a549b171721a794c3e6d42d8
3891,mb-dielectric-3892,K1 P1 F6,KPF6,F-K-P,R-3,148,8,1.3634515026229144,3177d52671bb9c81e88ef25eba7744f078c4ec30d77bf1cd27abc75de077520d
3892,mb-dielectric-3893,Cl4 O12,ClO3,Cl-O,Cc,9,16,2.03412552873639,c9398127e5b2b38a1565a4ddaca7185244519717108e16d546bcf7dffe003844
3894,mb-dielectric-3895,V4 Se18,V2Se9,Se-V,C2/c,15,22,2.833313725423047,b66ef0b5b5d36e943e23433f2aaf01625f3134ce644ab7f256640080f46f2833
3895,mb-dielectric-3896,Tl1 Br1,TlBr,Br-Tl,Pm-3m,221,2,2.682908869119486,7322af6e65205ee40c9ecfb26b203b66057f8c44aa4ae373b38b01200640cd74
3896,mb-dielectric-3897,P4 Br20,PBr5,Br-P,Pbcm,57,24,2.26789182575654,535fd3656766b91db3546870fa6626e4d1e23e874ac76ea26b7616da4dae2e75
3898,mb-dielectric-3899,Li8 Co4 O4 F12,Li2CoOF3,Co-F-Li-O,P4_1,76,28,1.7618148786596926,33bee4295897191e01e1c213305b80fe060a0e3fa49ad73e44807a128b9e6011
3900,mb-dielectric-3901,Sc1 Cu1 O2,ScCuO2,Cu-O-Sc,R-3m,166,4,2.4330196601479903,f7faac9447c57f6081fd5c4fb90f02fc7d65e53b2038f48c4f2189386015afc6
3902,mb-dielectric-3903,Li4 Mn4 P12 O36,LiMn(PO3)3,Li-Mn-O-P,P2_12_12_1,19,56,1.677664646664126,abc0a7678b50a7654cc32e429c96b9224b0ba5789c8d4bc8477fc7fad560bcfe
3903,mb-dielectric-3904,Na2 Mn2 O4,NaMnO2,Mn-Na-O,Pmmn,59,8,2.1106273948757512,5dfccdf7f2c630f853ce9f7426996e5defbd89f9de651aaffe2df92b073434df
3904,mb-dielectric-3905,Fe4 O4 F4,FeOF,F-Fe-O,Pm,6,12,2.119719635549318,0cfea50911b4e5b21a7283649d78f7221221ded0cef66ccb8956f6d65c33d89f
3905,mb-dielectric-3906,La2 Cl6,LaCl3,Cl-La,P6_3/m,176,8,1.9339941399428666,c3c29616cecf7452cd86bc12713a96c840799a9e1a7d106aa9973d21d7beb4ce
3906,mb-dielectric-3907,Hg2 Cl2,HgCl,Cl-Hg,I4/mmm,139,4,2.1059439688719395,76b8c180994d4c78b51f2592b82e30d6459eeee6dbaf6fce15954b2892b56161
3907,mb-dielectric-3908,Si4 H12 F4,SiH3F,F-H-Si,P2_1/c,14,20,1.410200931309672,205868c358ecbf8166f9d716955f5eb9eec89bbd573be3b1d2a92fae56e5d783
3910,mb-dielectric-3911,Li2 Sn2 P2 C2 O14,LiSnPCO7,C-Li-O-P-Sn,P2_1,4,22,1.6068206703508225,34efee29a81e56cacfd44f6818b780009e9edcb4502e7e64a5f16bb304f4d44b
3911,mb-dielectric-3912,Bi4 Cl12,BiCl3,Bi-Cl,Pna2_1,33,16,1.9822546086043875,248de8082bb6e586f16e69ad9c192b4a7106657a667bbabb242bd314b9dcfd60
3912,mb-dielectric-3913,Nd1 H3 C3 O6,NdH3(CO2)3,C-H-Nd-O,R3m,160,13,1.7444565533903837,21641d1290fd2b903d4bb6c77bcf3b8fe2f33ea5a2e8f64075ce1c2dd5106beb
3913,mb-dielectric-3914,B1 N1,BN,B-N,R3m,160,2,1.927802894488975,58ca03af9bf7a3ed85ce9e4cfe694cd3eedf905b29b50cd0a39c9bffd8fad975
3914,mb-dielectric-3915,Li2 Mn2 F6,LiMnF3,F-Li-Mn,P1,1,10,1.4797857953095779,10a67814ad69e139e03a1ab55b70d983363d83070a17e5a9e29ac7512dd0eb10
3915,mb-dielectric-3916,Cs2 Mn2 Br6,CsMnBr3,Br-Cs-Mn,P6_3/mmc,194,10,1.8244349810283695,bcf0ebd78fe6da3cc751f896ac13011aec3d833b896e82bc11f89c52f0afcbaa
3916,mb-dielectric-3917,Zn2 Te2 Mo2 O12,ZnTeMoO6,Mo-O-Te-Zn,P2_12_12,18,18,2.1755488962558394,99ae3ae8c8395285bdc0937e209779b122066a5011955214add9afb6e094fb76
3917,mb-dielectric-3918,Cu2 Br2,CuBr,Br-Cu,P4/nmm,129,4,2.190738079582617,a7b8dcb7d8cd568707c83db29b0b3888d6be31a7eef8594a8ae3c528ff07d472
3918,mb-dielectric-3919,Al4 H12 O12,Al(HO)3,Al-H-O,P2_12_12_1,19,28,1.6940623758685314,e476a67f3bac77f00215c33121dbaa51b7d1c1e44c1f6e32940c4260b0b7d9e6
3919,mb-dielectric-3920,Na32 Ti4 O24,Na8TiO6,Na-O-Ti,Pna2_1,33,60,1.7499751426806038,bc0ffc3dc47e087de5416746f5cff3c274da74c4e4b6bca7ef338eaf36d15073
3920,mb-dielectric-3921,H14 Cl2 O6,H7ClO3,Cl-H-O,P1,1,22,1.5251557297535225,762fa466fbe4a3bad3c8d2799a61e1bca73ffd98a3dcae7cfe5a713c67710096
3921,mb-dielectric-3922,K4 Cd1 P2,K4CdP2,Cd-K-P,R-3m,166,7,2.22151101471981,6e8fd84656055e7c5ad023683433b41d17b3e6d4adb807713aead044e0a9a375
3924,mb-dielectric-3925,Li4 Sn4 P12 O36,LiSn(PO3)3,Li-O-P-Sn,P2_12_12_1,19,56,1.5598994625722946,548e1042db47e19e74fc26a524b9db046b0df5fef3802b14fd6e917f985ae96a
3925,mb-dielectric-3926,Na4 I2 O1,Na4I2O,I-Na-O,I4/mmm,139,7,1.8592088819351855,e7675827f03726d8a1972cc25be7a75fb992dbf8546b0a966627084c4d36640b
3927,mb-dielectric-3928,In4 S4,InS,In-S,Pnnm,58,8,2.9621501199860436,d69f8b7a22cfd614d357b7202a3dad5791f38541100dedf13dee0c66d9784fb2
3928,mb-dielectric-3929,Li2 Lu2 O4,LiLuO2,Li-Lu-O,I4_1/amd,141,8,1.9243003923504256,9a6b55ae556821fec8b784931df2bbdad34779b04f1713ac9b5be6b3a19acc08
3929,mb-dielectric-3930,K2 Re1 Cl6,K2ReCl6,Cl-K-Re,Fm-3m,225,9,1.7397379112958375,2ed22691c3cfb89175260a3aff63de2ccb599f5e7cbcb9f6ef3d467d7e26bb47
3930,mb-dielectric-3931,K4 V5 Cd1 Cl1 O15,K4V5CdClO15,Cd-Cl-K-O-V,P4,75,26,1.8455127562098652,bb951453b4a8bd66ae5ff3bc070b4ee359db1a9452e04f11940a3c7f338952e9
3931,mb-dielectric-3932,Te2 Rh2 Cl2,TeRhCl,Cl-Rh-Te,C2/m,12,6,3.139504791098963,cb708f3d51037d779e41865aea32cbdb0557b682288d6252ec223547a0d5066c
3932,mb-dielectric-3933,Cs1 Cl1 O4,CsClO4,Cl-Cs-O,F-43m,216,6,1.441892506395676,2b2642dad7e05cb3ed73133d2d5880739388e570dbd145cb0eb850b741b9ca54
3933,mb-dielectric-3934,Pt4 I8,PtI2,I-Pt,P2_1/c,14,12,2.7352635461078822,06a54ba8f8136f59002ea829c46544eaa63ae50ea58d9c85a759a90ef19258dc
3934,mb-dielectric-3935,Ba1 Pb1 F6,BaPbF6,Ba-F-Pb,R-3m,166,8,1.6135593161289798,f9466e0b20a969b3a74eb2cb8b0dffca0d9648c6ad4b8de85314419eb3e65972
3935,mb-dielectric-3936,Ba2 I2 F2,BaIF,Ba-F-I,P4/nmm,129,6,1.9103228348458103,6f5f05b49de3ee3c367275916020b853515d7e7e07ad6c5a6a8d1bc009cb7420
3936,mb-dielectric-3937,Cs2 V2 Br6,CsVBr3,Br-Cs-V,P6_3/mmc,194,10,1.864644917046319,8c30291e19017a780f79e09829c841ce979913264c397f3ba66a29d9acb4ba28
3939,mb-dielectric-3940,Ba1 Mo4 P2 O16,BaMo4(PO8)2,Ba-Mo-O-P,I-42m,121,23,1.9990631972668262,e44f218ee1f27d7972cd126ae076df73873f4bf059ceb0a02df99e83984ef17a
3940,mb-dielectric-3941,Sr2 Cl2 F2,SrClF,Cl-F-Sr,P4/nmm,129,6,1.6918089923707897,0d3db99ba22ef06cd23fa76634bb6d394f8828c0a96c0e3263327d18ce357f7d
3941,mb-dielectric-3942,Zr1 Cl2,ZrCl2,Cl-Zr,R3m,160,3,2.938341652474512,71049753d592903adb01b99c41c8f5919b6dde6971cc6f2f7a8df08a4f6fae0b
3943,mb-dielectric-3944,Li4 Ga4 Br16,LiGaBr4,Br-Ga-Li,P2_1/c,14,24,1.7397317800933187,154ec7862b2ff602dd6113c182f25dca471ecd3079b0d7a0390240503bb1e8f6
3944,mb-dielectric-3945,Cs4 Na4 F12,CsNaF3,Cs-F-Na,Pnma,62,20,4.561659602966155,19f4dfe1be899b9d064a95fc878ed74e6d110535b84307637740161eab9cd34b
3945,mb-dielectric-3946,Fe8 Si16,FeSi2,Fe-Si,Cmce,64,24,4.963399372741335,943b274a52b39edb8ef611325d94648f37e3055f2e03936f988636e10278817c
3946,mb-dielectric-3947,C2 Cl4 F4,C(ClF)2,C-Cl-F,Fdd2,43,10,1.4199867370272639,5fea29d07801ea2ac53672ae5ee40ae1df344264458566b4deda1d4b35c2dcad
3948,mb-dielectric-3949,Na2 Cl2 O8,NaClO4,Cl-Na-O,Cmcm,63,12,1.4758048651497304,e92f768f542791acc434e16daa17414aff55929945cf92ed02d105bf6684a7f2
3950,mb-dielectric-3951,Ca6 Ti4 O14,Ca3Ti2O7,Ca-O-Ti,Cmc2_1,36,24,2.3037928147585958,7f481a5ca4e95995c5db7d5d60e825f5ff410998a44d45120720674e7a3f7369
3951,mb-dielectric-3952,Ca4 N2 F2,Ca2NF,Ca-F-N,I4_1/amd,141,8,2.1393799829581686,e7b6a1fee58262099dfc14f854c64b31fa553dea30a41412636bd52dbef0c0d4
3952,mb-dielectric-3953,Ba2 Sn1 O4,Ba2SnO4,Ba-O-Sn,I4/mmm,139,7,2.0856085442862917,12228751e365c8f51c6de1cdc33bcc539bf4ef4ac7487a15a16c6463a2458a96
3953,mb-dielectric-3954,Ba2 Nb6 N2 O14,BaNb3NO7,Ba-N-Nb-O,P1,1,24,2.291975883779326,aafad57f99f31628f4c6c95160caca7db20fec3dc6aaae3a5774634202228cab
3955,mb-dielectric-3956,K1 V1 S2 O8,KV(SO4)2,K-O-S-V,R-3,148,12,1.6917526262000517,ef588ef4df04091e6e772da947a1dfc77fbc5267308f871395acc480e229abf4
3957,mb-dielectric-3958,Ag3 S1 I1,Ag3SI,Ag-I-S,R3,146,5,2.9322507282518258,85677409134335ceb0b915a6f76c1a5075a9d591877750720ff4c03709847661
3958,mb-dielectric-3959,Co1 H2 O2,Co(HO)2,Co-H-O,C2,5,5,1.82848862907776,968a0a02abe01849b2fe08df97d6be15271cc4e74f29c21eb6a939fc08ddff48
3959,mb-dielectric-3960,Ag1 I1,AgI,Ag-I,F-43m,216,2,2.427352591295001,7ee661751280b78efc64eb0bce7f81150d76fb87ce63e3d10eb3d10f42b68468
3960,mb-dielectric-3961,Li1 Nb1 Te3 O12,LiNb(TeO4)3,Li-Nb-O-Te,P1,1,17,2.3609515031020862,9e89ffa41bd56cb251441f2862b520060a79b6af8aff1577a7625714b10d7496
3962,mb-dielectric-3963,Cr2 S2 Br2,CrSBr,Br-Cr-S,Pmmn,59,6,3.9894409382769402,b08e313f412532a9aeec4406862026172af46ad8e9ec758a126ca59a3cdd0c91
3964,mb-dielectric-3965,Cs4 Nb4 Cu8 Te16,CsNb(CuTe2)2,Cs-Cu-Nb-Te,Pna2_1,33,32,2.724320282198846,67d9e008d50380c4bd3efe7f3bbb666ba46d72defdba79d97fcef88a0eeb442a
3965,mb-dielectric-3966,Li8 Mn4 F20,Li2MnF5,F-Li-Mn,Pna2_1,33,32,1.5193000581408094,f425d5445c826995e7d1a99f6f6cfc591a85c8ab728ca54a199adfcf42b0c9b6
3966,mb-dielectric-3967,Cs2 Mg2 Br6,CsMgBr3,Br-Cs-Mg,P6_3/mmc,194,10,1.7231148152884863,534e356a8d197fd831b19789be22ee55d437f4f742876e3ecee564014fe0d3aa
3967,mb-dielectric-3968,K6 Ge8 Au2,K3Ge4Au,Au-Ge-K,Pmmn,59,16,3.1541507044950574,ea136c5b6c9424d5c5506ed6dcb10a33989b151d35a34e3c814fb0b5da09a34b
3968,mb-dielectric-3969,Ca2 Br1 N1,Ca2BrN,Br-Ca-N,R-3m,166,4,2.226612973404522,9359af9d1306f6ac21f2538befb4576ee9857ae83e8ee7ab6490564dcc275bd0
3969,mb-dielectric-3970,V1 Cu3 Se4,VCu3Se4,Cu-Se-V,P-43m,215,8,2.8649097717031156,1a19045e568544e0fe8a629cb3b75b590ee9e756286c8f205f873df778f10d71
3970,mb-dielectric-3971,Cs2 Mg2 I6,CsMgI3,Cs-I-Mg,P6_3/mmc,194,10,1.872383685751049,3b78ad9d4c1a5a2158dd8bd6167460a2697e18f306e93b7edc6284ad708ac5d7
3971,mb-dielectric-3972,Li4 Mn4 Sb4 O16,LiMnSbO4,Li-Mn-O-Sb,P4_322,95,28,1.997745398990447,82975aa921a46e6515e6fa0fc6cd046b1c6478192bdb27b237c49dea562bf988
3972,mb-dielectric-3973,Al2 Cl6,AlCl3,Al-Cl,C2/m,12,8,1.6875030864228973,fecf38e3b26846d879c2caecf66ee65a5f8c17139b27dc8815841d6ad64c061d
3973,mb-dielectric-3974,Cu8 S4,Cu2S,Cu-S,P4_32_12,96,12,3.613049173943434,5fbe75a4b2ea6134c9ba6c009cfd0362870587c91f84b960fc01b13fcd39aad6
3974,mb-dielectric-3975,Si16 Os8,Si2Os,Os-Si,Cmce,64,24,4.139243087004307,0836e5d0767187e3f1c2a713173af44663ba268fea435f59acfb6e3ec91a3d6e
3975,mb-dielectric-3976,K2 Re1 Br6,K2ReBr6,Br-K-Re,Fm-3m,225,9,1.8941885685784592,90bb736cbd1be96612405f2fce663ccad782349d7ded0d586fa95b4455c25f63
3977,mb-dielectric-3978,K2 Cl2 O6,KClO3,Cl-K-O,P2_1/m,11,10,1.487615541731129,ac3dff26f14bce466339b9f68b3d822cf2eee3ddf63f205cb4629f6dfcd4cf53
3978,mb-dielectric-3979,Y1 O1 F1,YOF,F-O-Y,F-43m,216,3,1.8864450694361592,758530da461765e612524f8ed474fe567ee19521d0a7e3db5fa6a83e55256518
3979,mb-dielectric-3980,Sr2 Br2 F2,SrBrF,Br-F-Sr,P4/nmm,129,6,1.782072482626151,844248adc802d418effa61d83866fc74a7a3fe03111feb5f9b458fc582c6fcb5
3980,mb-dielectric-3981,Ca2 As1 Au1,Ca2AsAu,As-Au-Ca,Fm-3m,225,4,6.203542939321042,289b0f48b042d74dc81ec91ff41ef1553a94fa9688cfb6c6d4a138fda8c1d1bc
3981,mb-dielectric-3982,La2 Cl2 O2,LaClO,Cl-La-O,P4/nmm,129,6,2.0701969310510857,4eedb54b646767312165449b2f4adfc30bd63a6435b314d166ae2f347e0173e7
3982,mb-dielectric-3983,Nd2 Al1 N1 O3,Nd2AlNO3,Al-N-Nd-O,I4mm,107,7,2.4440600101743275,da3a82912eb8669e12496c125711cdf5a0e84154f685ec64c4042c684d2e9a15
3984,mb-dielectric-3985,Cs1 Ge1 I3,CsGeI3,Cs-Ge-I,R3m,160,5,2.4749990572388856,370e526443d68ebef4e215cc83345f970e4b09a6db49b8ba0b1823b315f7cccf
3986,mb-dielectric-3987,Li4 Cu2 Sb2 O10,Li2CuSbO5,Cu-Li-O-Sb,P1,1,18,2.822298590392826,a5a78dde54c6af25193e431e93207d1938227c363530662f5a698d8bba4ab30b
3987,mb-dielectric-3988,Ba1 Al1 Si1 H1,BaAlSiH,Al-Ba-H-Si,P3m1,156,4,3.7896385051875368,6eeea99385bdc14dad018201482ca7e077e56d0a7f08bad26510a988f14cae9a
3988,mb-dielectric-3989,Li3 Mn3 O5 F3,Li3Mn3O5F3,F-Li-Mn-O,P1,1,14,2.0722902788943443,e03cf6551e82a6b4795e4d0b6d8763f9e3bd92fbf80234712822d021eb29b895
3989,mb-dielectric-3990,Li3 Ni4 O8,Li3(NiO2)4,Li-Ni-O,P-1,2,15,3.5798381248319036,ce75176f5a2ab0eb4a44966954b21bf45fa848289cba31a2d2173ba942a52f98
3992,mb-dielectric-3993,Sr2 Sn1 O4,Sr2SnO4,O-Sn-Sr,I4/mmm,139,7,1.9890099714849756,5beb97365eb353520a18158ab087720c5de980eef830d9203988854431d52a97
3993,mb-dielectric-3994,Se4 O8,SeO2,O-Se,Pmc2_1,26,12,1.9666690112980374,b75aeeb22a0b54e39df25a8b560d4300be6f30c809f9ca7ee90a76c41ede5e52
3994,mb-dielectric-3995,K1 N1 O3,KNO3,K-N-O,R3m,160,5,1.4668178709937616,b6deb9281cf026bae0dfbe168d564118d205779d2371cb26b9fdc89344c5da12
3996,mb-dielectric-3997,Li2 V2 P4 O16,LiV(PO4)2,Li-O-P-V,P2_1,4,24,2.4452491352280106,d1dfde252be5a95a27c08080fa0181f64204ccb8906c10beb95721d549fc90fb
3997,mb-dielectric-3998,Rb8 Sb8,RbSb,Rb-Sb,P2_12_12_1,19,16,2.7890939986549994,bc5fec8dacca0ddd0e21c4ac4420bf65e07e6c7ce6e3aa8ec576d4be632d6102
3998,mb-dielectric-3999,Nb1 Al1 Fe2,NbAlFe2,Al-Fe-Nb,Fm-3m,225,4,6.777898273063713,b58c1358cab82e799c0e740e1e145bae6d3ec39c31891e2b71e44051f53080e7
4000,mb-dielectric-4001,Sc1 Sb1 Pd1,ScSbPd,Pd-Sb-Sc,F-43m,216,3,4.238488055899174,1acd595fbc75abc067530b1efe42ee56a1d4be097c63522b50cf957b365d0f64
4001,mb-dielectric-4002,Na2 Zn2 P2,NaZnP,Na-P-Zn,P4/nmm,129,6,3.07412079571813,bfe02b4ea81012b7ed3e7e0d382e388c55728d758e2068670a4d59ec6bf4dccc
4002,mb-dielectric-4003,Sr2 I2 F2,SrIF,F-I-Sr,P4/nmm,129,6,1.8330449167073526,45748ad9358da2bedda4ddda5b958489af32206c863d4c928219576aace67a83
4004,mb-dielectric-4005,Li1 Mn1 P3 O9,LiMn(PO3)3,Li-Mn-O-P,R3,146,14,1.6274616226914072,f4ed19de5664f71d43fa2212251e7e10015d7ecb72a961b9f81f4f0f20040103
4006,mb-dielectric-4007,Gd2 Cl2 O2,GdClO,Cl-Gd-O,P4/nmm,129,6,2.1330729007701543,3f9aeded1499b816311790bb4b544799c0bdc60f688da17809222a7bad7dc7f1
4007,mb-dielectric-4008,Si4 Cl16,SiCl4,Cl-Si,P2_1/c,14,20,1.4524691620363808,003824abe3b97d5a4a4bf68c933f528f2fe94c5ac3ebf338830c5c73e604ac83
4008,mb-dielectric-4009,Na1 Cl1 O4,NaClO4,Cl-Na-O,I-42m,121,6,1.4842640151491464,9e2e1735327fcad3d176568a8de41a4bf03c0b65d6f99bbb6830c20d55f334e5
4009,mb-dielectric-4010,Ga2 Cu2 Se4,GaCuSe2,Cu-Ga-Se,I-42d,122,8,14.27643746398694,57ff8c022261a98c8be5ce7a8bb9c13190e533a9b8df49cfb1b5bc7d899416a9
4010,mb-dielectric-4011,B12 P2,B6P,B-P,R-3m,166,14,2.743659356890737,1d67c31a4f3c5a8029d59c70a4788c05093316b96c9383197812495fccd3a760
4011,mb-dielectric-4012,Sr2 Br1 N1,Sr2BrN,Br-N-Sr,R-3m,166,4,2.2316733631963244,f77ffc05613ff9000c342ac7c7b237b05da64e58a4c4da057bc043384a4eff53
4012,mb-dielectric-4013,P12 Ru4,P3Ru,P-Ru,P-1,2,16,4.174805384685614,28dc38c9a2814e4169b9cb4ee271547038de35a5d7f9946309265a57c9982ac7
4013,mb-dielectric-4014,Rb2 Sn1 Cl6,Rb2SnCl6,Cl-Rb-Sn,Fm-3m,225,9,1.653159097001861,615805b5b0a70522eb671d09d333e503d017c71855849db43f5134bae40d6523
4015,mb-dielectric-4016,Si4 O8,SiO2,O-Si,Pna2_1,33,12,1.497380824417534,87fb14663528dbc0aedfdf6653213193572eb8ae367eca076f897d8bbf631612
4016,mb-dielectric-4017,Ho1 H1 Se1,HoHSe,H-Ho-Se,P-6m2,187,3,2.9619894778116063,f0f5d37a039be5104314434f780edb98cea5c17236d90df0ec014dd724c241b3
4017,mb-dielectric-4018,Cs2 Pt1 I6,Cs2PtI6,Cs-I-Pt,Fm-3m,225,9,2.190957933568482,f8be56df2c16d0f6ee9f0b12b89ee3aa5fb7af2c1ef3b7d1d6346aef18e94476
4018,mb-dielectric-4019,S4 Cl8 O4,SCl2O,Cl-O-S,P2_1/c,14,16,1.53687995627505,2678ab861b5f6d3507ac494d182c254006feeed989ff8447d1f24856551bd658
4019,mb-dielectric-4020,Li2 Si2 Ni2 O8,LiSiNiO4,Li-Ni-O-Si,Imma,74,14,2.930803359717832,d98ea2efba2e4d076cf2dd3bd00380c14b119ad3578c7bb55bcb921efb4ad95f
4021,mb-dielectric-4022,Tb4 Cd2 S8,Tb2CdS4,Cd-S-Tb,I-42d,122,14,2.9065866005792205,24bca5cc0588e57239953392b07faf230c29c9759529b5fd6c72149a39b9ca3f
4022,mb-dielectric-4023,K2 P2 W2 C2 O14,KPWCO7,C-K-O-P-W,P2_1,4,22,1.591597206163251,f4844bc2a67aa13578b1c856e3af722be6c0c0c099388a292393f6e3105dc611
4023,mb-dielectric-4024,V2 O4 F2,VO2F,F-O-V,Cc,9,8,2.3170021579618783,b828eba697767839bec8a93ee74651e21b36673dd0d4d923c6cb16b8e94cb9f2
4024,mb-dielectric-4025,Rh8 S12,Rh2S3,Rh-S,Pbcn,60,20,5.008193287004806,a841609c121ef0e221785f43427a879295f6de59f8f2f4f71987c3059d1ca586
4025,mb-dielectric-4026,Cu1 P1 O4,CuPO4,Cu-O-P,I-4,82,6,3.5072602792873337,314a6f8e1b55d83e54e7d583aa60f0c0a53d7f255cf88f027b78f8fb57b40646
4026,mb-dielectric-4027,Na8 Ga12 Sb12,Na2(GaSb)3,Ga-Na-Sb,Pnma,62,32,4.335512272692428,4925598847cd981b0c5177a7ba8094a4906f6ff069d6f4c57fc5dcf0442c9461
4027,mb-dielectric-4028,Cs4 Er4 Si4 S16,CsErSiS4,Cs-Er-S-Si,P2_12_12_1,19,28,2.101095745874836,737fbc85707352df44dd3f2e17bd0e65f098ded497e3d571c8b26331b087ce80
4029,mb-dielectric-4030,Ba2 Br2 F2,BaBrF,Ba-Br-F,P4/nmm,129,6,1.7830685161634519,b75009f08e14c271b440d76e3cea72977c96459ea5aebec97779d73cb5b317d0
4030,mb-dielectric-4031,Sr2 Se2 O6,SrSeO3,O-Se-Sr,P2_1/m,11,10,1.841564009205219,40544b25d7c6a791a947cb222931e923953f8e23aeb8cb040b177c867e7319f1
4031,mb-dielectric-4032,Mn2 P8,MnP4,Mn-P,P-1,2,10,4.412746688099526,8be7a1526300f312d02087a1659a8e186931091346e4176bf8d55c68b3ed6e43
4032,mb-dielectric-4033,Ga2 Cl6,GaCl3,Cl-Ga,C2/m,12,8,1.5337318322236824,10e7ef91202340391d6c34b8da38a4b6de62fcfb809332c47a3889524a47818e
4033,mb-dielectric-4034,C8 Cl24 F8,CCl3F,C-Cl-F,Pbca,61,40,1.4538454755119838,e041c1df4635067b218c8753ffa2a88393e2cce7366e33f17d3c09b64db87f9f
4035,mb-dielectric-4036,Cs2 Li3 F5,Cs2Li3F5,Cs-F-Li,Amm2,38,10,1.5104470640619396,87c24373c660b593fea23e1f8f3d3c93e4bab4f3ab1855bf1491275745f4f9ad
4036,mb-dielectric-4037,Si3 As4,Si3As4,As-Si,P-43m,215,7,4.082142207224045,a1e9989dd15714dab8c9afec3857c8e300d5c6056657461ff0345c3bade294c2
4037,mb-dielectric-4038,Mn6 O2 F10,Mn3OF5,F-Mn-O,C2/m,12,18,2.5269187429225606,a649302faa4e7b3836981c4a0fe9a97bdf48154a0521955abc29f8104f724852
4038,mb-dielectric-4039,Ge4 N4 O2,Ge2N2O,Ge-N-O,Cc,9,10,2.083091772662293,e9072430cca6f740d243ada147e533b89c6b46277bae5339226a4a722f3dd685
4039,mb-dielectric-4040,Sr4 Mg2 Ge4 O14,Sr2MgGe2O7,Ge-Mg-O-Sr,P-42_1m,113,24,1.7489874213384153,2a58bdfc51bb6f95f32d4ce6cb4f2d2365ae842ebc77050b22f7473219bc8978
4040,mb-dielectric-4041,Si4 Cl8 O4,SiCl2O,Cl-O-Si,P-1,2,16,1.4796395957574715,82dff20173302099586d3ca230bfd840f998e5c7a9ca2e68c618aab6a512a5d4
4041,mb-dielectric-4042,Ag5 P1 S4 Cl2,Ag5P(S2Cl)2,Ag-Cl-P-S,Amm2,38,12,2.5537948886575315,56e7331b92c0972181df863ce7cc95fa890594e69b77e4980490caf5df73ac2a
4043,mb-dielectric-4044,Sb4 Se4 Br12 F24,SbSe(BrF2)3,Br-F-Sb-Se,P2_12_12_1,19,44,1.623963053766926,8d8123353b84a4075d44ddccd5918658e055dd97c7d480c799e3b0cf7f01e12a
4045,mb-dielectric-4046,K1 Sc2 F7,KSc2F7,F-K-Sc,Cmmm,65,10,1.555075453689189,c8eed20d8a6354014101a6ed6de54271edbe424f84148c71406012003ebc3fdb
4046,mb-dielectric-4047,Li2 Ta2 O6,LiTaO3,Li-O-Ta,R3c,161,10,2.2893958446260463,e89442c8960c568a4a10b80a60fe991d08b61060394fd1b8def69bece50b1359
4048,mb-dielectric-4049,H4 Br1 N1,H4BrN,Br-H-N,P-43m,215,6,1.749045168084575,e1f2e6295d52085f8e6712e6bc43640b35e29398398c91b51a43582d0834993d
4050,mb-dielectric-4051,K4 B4 F16,KBF4,B-F-K,Pnma,62,24,1.3410195126594293,43f5575495e607cd78da8bb08466fe96210f558e6f905a56236f6c73f42a11c5
4051,mb-dielectric-4052,Na8 Al8 Si8 O32,NaAlSiO4,Al-Na-O-Si,Pca2_1,29,56,1.5447743092978556,c438b9265e1ff1a6c8875d283c2b724809d699edeb5d6b8684fc1191415482c8
4052,mb-dielectric-4053,Rb1 Tl1 S2 O8,RbTl(SO4)2,O-Rb-S-Tl,R32,155,12,1.7574025340446786,7e9e71e18f436c7498b4dca6ad06f408ce986d4106a5b987a789ed16ca70e1d4
4053,mb-dielectric-4054,Li2 Fe2 F8,LiFeF4,F-Fe-Li,P1,1,12,1.5178054557775114,163e2d086ad91545b2eb4709ad830d2e540eb3234fa8de059b114bf33c9a73fa
4054,mb-dielectric-4055,Cd2 P2 S6,CdPS3,Cd-P-S,R-3,148,10,2.273788175417108,7def2fdf372610d9b00cd775dc20fe76d5680829eb94122b152e0199a8a9590a
4056,mb-dielectric-4057,Li2 Ti3 Ni1 O8,Li2Ti3NiO8,Li-Ni-O-Ti,R3m,160,14,2.299867315013341,c8a9d2874b64c0be62acd9509440fd618dd38f0cb1c352a0c21dcadc16eb1fac
4057,mb-dielectric-4058,Zn2 Fe4 O8,Zn(FeO2)2,Fe-O-Zn,Imma,74,14,2.3622319248258976,322060ef25f4bee640d12b3d932a1259a0fe46913a2f592800d1e8c692a72f7c
4058,mb-dielectric-4059,V6 O12 F6,VO2F,F-O-V,Cc,9,24,2.2496600483924976,2c20a2231d7f1d1afe44a71cbd74084416c73cc6ed5a33fd81175ded2a27e1a8
4059,mb-dielectric-4060,Ba4 Zn2 Ge4 S12 O2,Ba2ZnGe2S6O,Ba-Ge-O-S-Zn,P-42_1m,113,24,2.1759969362723526,e7ebe092ba44d6133e3cdd2527e1d855fe67f07805655a6a291b1310dfd3313c
4060,mb-dielectric-4061,Be1 Te1,BeTe,Be-Te,F-43m,216,2,2.7269004382265205,c61c0bd98fd8208dda2e946565849b4aadd98fcc642330d331f757087b287f90
4061,mb-dielectric-4062,K2 Ta2 Ag4 Se8,KTa(AgSe2)2,Ag-K-Se-Ta,Ama2,40,16,2.1904699647944654,1582876cb5a08dd1c9baabcab2f6e0c91fb53f30cf2c9f8ac729eab74b6e7897
4062,mb-dielectric-4063,Ag10 Sb2 S8,Ag5SbS4,Ag-S-Sb,Cmc2_1,36,20,3.1114061129977872,6d78a149ebd700cc1c81dde95938ca42b2b0f4db6487175a8d3e6e7657def034
4063,mb-dielectric-4064,Si4 O8,SiO2,O-Si,P2_1,4,12,1.4543665287677656,3208a3dcdf94aac9858b5114bbc41070f6ff5751575a55b4296a6cf3d9a084d4
4065,mb-dielectric-4066,Bi2 Br2 O2,BiBrO,Bi-Br-O,P4/nmm,129,6,2.4299705759535444,082be9bc4bde69dfd5619b6eab4634937890cfd44009049c714ade9dc8b2072c
4066,mb-dielectric-4067,K2 Au2 S2,KAuS,Au-K-S,Cmcm,63,6,2.0831822611892026,5471900f1aadb16e9cd7008f184c6a74d5840a296fce306916378543faa6d5f4
4068,mb-dielectric-4069,K2 Li2 Se2,KLiSe,K-Li-Se,P4/nmm,129,6,2.0086245708610324,eeafbb4a6e557c61d1b9db99a47c663d011a9b9935a8ba68593dcd4c59e80257
4069,mb-dielectric-4070,Li1 V1 B1 O4,LiVBO4,B-Li-O-V,I-4,82,7,1.9681865595855828,a83e465f7f0f05c5de290445b369a839d9ab663f30222a3fc9fa8d388e8aa3d6
4070,mb-dielectric-4071,W2 Se4,WSe2,Se-W,P6_3/mmc,194,6,3.1831849878175493,ae316562d620af8c0c645662989b8458148a3e52ff201d5ec8adca2d225d117a
4071,mb-dielectric-4072,Te4 Mo2,Te2Mo,Mo-Te,P6_3/mmc,194,6,3.7733716134690045,b2e3139228c9d375402e7676b62eca93bac3ddd93f4a81c49ee8dc73093da5ab
4072,mb-dielectric-4073,V4 O8,VO2,O-V,P4_2/mnm,136,12,3.1761619530185965,cd5125e3a3aee0630830f240164e27efc57c92c6517d693a39e1fddb233a7db4
4073,mb-dielectric-4074,K2 Au2 Se2,KAuSe,Au-K-Se,Cmcm,63,6,2.1633139701239235,9a7f092a4627d658889ea01150be970d49eb80e05e500d4a6428e9c9c358197c
4074,mb-dielectric-4075,Fe3 P1 O7,Fe3PO7,Fe-O-P,R3m,160,11,2.1150059889592114,ee06a72d5c01d9b304dddda9dec65b5050e1c7ab2d4c6b01e9302f7b2b87ac7a
4075,mb-dielectric-4076,P2 I4,PI2,I-P,P-1,2,6,1.9467922333931784,b2b2305d7cf6897ca99612647c76c3b8ead897ffa2247dbd87c65316a8679c80
4076,mb-dielectric-4077,Hf2 N2 Cl2,HfNCl,Cl-Hf-N,R-3m,166,6,2.1539875425204658,8d6a2baf61c23e7042917d5c8746e39371f3049fbc057c861a0dcdde8017a0e5
4078,mb-dielectric-4079,Fe2 S4,FeS2,Fe-S,Pnnm,58,6,4.589081244286994,327bb2e24e7a571680444d611361d2ec46d2b38863d2190ce9f2dcc87b90c8cb
4080,mb-dielectric-4081,Bi2 Cl2 O2,BiClO,Bi-Cl-O,P4/nmm,129,6,2.3792135255163624,d3258a2bf8b4c47a6531fbad0ebe93b804f37db6adfc1cc9c928f9a14ae85708
4081,mb-dielectric-4082,Si2 Se4,SiSe2,Se-Si,Ibam,72,6,1.9611221277707862,e687ecd47ef131ef313b234cdb9eb4621d91091cedeb367a038d572a440b6de6
4082,mb-dielectric-4083,Ge2 O4,GeO2,Ge-O,P4_2/mnm,136,6,2.0634114147853952,0ffc672031b654b7b8b1b92f8e741dcec92337d15c254a30e6b1f1536b980f54
4083,mb-dielectric-4084,Fe2 P4,FeP2,Fe-P,Pnnm,58,6,4.800867977078034,3705f736770d0c7f356347cdd7adb92729f60f63b5589bb5eb85e1e2bb1df431
4084,mb-dielectric-4085,Fe2 Se4,FeSe2,Fe-Se,Pnnm,58,6,5.167268782119493,31d164c6a6e8585ee4ec11ee08797a1cd0baa06d7f5ff945dd2ad170474615a1
4085,mb-dielectric-4086,Rb1 Be2 B1 O3 F2,RbBe2BO3F2,B-Be-F-O-Rb,R32,155,9,1.4801549468439732,5f7f7814f2aad574bd5d277915ecf3f40ed551dd4dd54debd646f64e50479d39
4086,mb-dielectric-4087,Ti2 O4,TiO2,O-Ti,I4_1/amd,141,6,2.6151391295047035,18b8028ba0df66911d0e1fac0af2c6e5ae4f0608739f54d47c85ed5822761888
4087,mb-dielectric-4088,Rb2 S1,Rb2S,Rb-S,Fm-3m,225,3,1.782601095778256,7cd45aee861f71ddd5b9f7d151404362442d587a9a470feb39ab57b877209150
4089,mb-dielectric-4090,Mo2 S4,MoS2,Mo-S,P6_3/mmc,194,6,3.083450448226339,eea4bab16637025e4b4f2371c0b5b10cbca6bd0a26e394f779cdc44d254de9f8
4090,mb-dielectric-4091,Al2 H2 O4,AlHO2,Al-H-O,Pmn2_1,31,8,1.7855760975102684,cecf2dea1635f327368ec4e51725de1817fc13d8310a88f6301e427d41a9248e
4093,mb-dielectric-4094,Ba1 Li1 P1,BaLiP,Ba-Li-P,P-6m2,187,3,3.060416257090963,b6d8df9c3573aa302ad2a91d3b1b0495fc14da95bb1a588b4d16b74f0b75bbf7
4094,mb-dielectric-4095,Al2 Cu2 S4,AlCuS2,Al-Cu-S,I-42d,122,8,2.5695894613731585,ba6ce9db6039b3cab769421a2a6fbc6a0478b94d6e3b07cf0a571920d8121b9f
4095,mb-dielectric-4096,Li2 Cr2 O4,LiCrO2,Cr-Li-O,P6_3mc,186,8,2.126782703208462,92dbb3e18a8fdaeccd7541a67698bb9c01d7a0758667483f9e99b0e5634f342e
4096,mb-dielectric-4097,Mg1 Al2 Se4,Mg(AlSe2)2,Al-Mg-Se,R-3m,166,7,2.324556947033133,82e6c958a090d1ecd7c327b9fe3913f69a064fa93d070c6d65d1845ff9d214a7
4097,mb-dielectric-4098,W1 Cl6,WCl6,Cl-W,R-3,148,7,1.8834365753476632,d5993591d7056a42103e43204a057d482dea6cea32b612b4a32699927bd3c2c5
4098,mb-dielectric-4099,Na2 H4 Pt1,Na2H4Pt,H-Na-Pt,I4/mmm,139,7,1.857809821626889,8546cb7941d8bdd39421a4be5b6971f4ae117b80fd0f77c5c461eed0d383364e
4099,mb-dielectric-4100,Li1 Bi1 P2 O7,LiBiP2O7,Bi-Li-O-P,P1,1,11,1.8338217834166257,a2fcca5f90dc22b09a5178aede16ebf1bbdd9c31a3c5aab104d3589b2ba6a134
4100,mb-dielectric-4101,Hf1 V1 F6,HfVF6,F-Hf-V,Fm-3m,225,8,1.4754660280738674,9c223305309a3eb25add629e2305d36e47ca3c661d471903b3da99aeaaffff31
4101,mb-dielectric-4102,Ba1 Sn1 O3,BaSnO3,Ba-O-Sn,Pm-3m,221,5,2.338302161825969,bcbe347485ba9fe27c2d59bbf4252cb372f9ec31b2fb9251cefc9d8c5d0e0507
4102,mb-dielectric-4103,Si4 O8,SiO2,O-Si,Ama2,40,12,1.4996078376251127,8371c62d0d7645ca6824a5f2bea67858a87e6b2fd796038f1b190d2cfed290c0
4103,mb-dielectric-4104,Ag1 N1 O2,AgNO2,Ag-N-O,Imm2,44,4,1.89030006436368,7f74dd21c67cad8ac39d5c0654c361a2d857d23c785bcdc3aed742adee420818
4104,mb-dielectric-4105,Zn2 Ge2 P4,ZnGeP2,Ge-P-Zn,I-42d,122,8,3.50414040837649,b715ebc26a9f503cb6026bfb7bdf7f187403c176ba1e047fd60ba8de7f147a8a
4105,mb-dielectric-4106,Zr4 Se4 O4,ZrSeO,O-Se-Zr,P2_13,198,12,3.0410235119117375,0f05a952c6d43fd805db8f2e46be9f9151821a138236875aeddc3f25ec505838
4106,mb-dielectric-4107,Ba1 Ag2 Ge1 S4,BaAg2GeS4,Ag-Ba-Ge-S,I-42m,121,8,2.569205194867341,d59409077e8a88f4d7a91b160b09fb7f607b7a3bef1b2c1a71fa9bc64e7c4058
4107,mb-dielectric-4108,Co2 Rh4 O8,Co(RhO2)2,Co-O-Rh,Fd-3m,227,14,3.1224991593273566,5d1f701a509257b414382e0ff5f507abc91e9161cddf5e32377663cf65c864f5
4108,mb-dielectric-4109,Tm2 Bi2 O6,TmBiO3,Bi-O-Tm,R3c,161,10,2.3549079245977604,6a67e9a9025db046cff696230d63061abc6c6861ff5a18494fc939be6a53bfa0
4109,mb-dielectric-4110,Na1 Ti2 Bi1 O6,NaTi2BiO6,Bi-Na-O-Ti,R3,146,10,2.5511167489291093,38e7d12d1e43b5647e36cae9ae5a9a54a0efb2352b1264940f2c517461b7b6b9
4110,mb-dielectric-4111,Ti3 Zn2 O8,Ti3Zn2O8,O-Ti-Zn,R-3m,166,13,2.444471040259357,30e962a525f1690b0835fffa593a29bfb21fa4b78830f9c3ec7c968c1f5d3eb8
4111,mb-dielectric-4112,Na2 Ta2 O6,NaTaO3,Na-O-Ta,P4/mbm,127,10,2.359734307077812,5d9016f8e55bb8f28cb0f68fecbf91169d3a8cc1ffb420775b7e23422b74d7e3
4112,mb-dielectric-4113,Rb1 I1,RbI,I-Rb,Fm-3m,225,2,1.6459040069214355,702c6817c03cdf61fb7c7ce40cdd5a2863053808bcb3ba7c2e0741e87ec9a343
4113,mb-dielectric-4114,In2 B2 O6,InBO3,B-In-O,R-3c,167,10,1.919213033164037,c351bd407b2f40a11e4d92cb175272dfe90abf9fb92b6f9df77472259c698005
4114,mb-dielectric-4115,Te6 As4,Te3As2,As-Te,C2/m,12,10,5.724275791166367,70f49b29d7e63f8880faf2ac922de8015f8510b029a5f6940e9b78518cac1f8c
4117,mb-dielectric-4118,Sc2 B2 O6,ScBO3,B-O-Sc,R-3c,167,10,1.9757827984539813,a246cb9927083fc5c84d9a9ea345a35b95e732a2356b5e580926ced6d9cd5212
4119,mb-dielectric-4120,Cs2 Sn1 F6,Cs2SnF6,Cs-F-Sn,P-3m1,164,9,1.4830710254963007,cda7de5e7919247821c7af439715f7177bb2c1cba30454898997aa2fe530dd4a
4120,mb-dielectric-4121,Na2 Sb2 O6,NaSbO3,Na-O-Sb,R-3,148,10,1.8169035013817787,d4c86fe0289871fc4766ca1eb81ae0ff1e9f5a9b9b640f9e29b032729ab3589c
4122,mb-dielectric-4123,Ca2 Mg2 As2 O8 F2,CaMgAsO4F,As-Ca-F-Mg-O,Cc,9,16,1.7216260724481764,9c037db46cb889b3785a1d35ef981677c47e901f828644a232b8627bb9bb94ef
4123,mb-dielectric-4124,Ti2 Mn2 O6,TiMnO3,Mn-O-Ti,R-3,148,10,2.4126993181911445,c359001cb86d227ab7f17456360dfcbd763204d76da45451df58505231277d1f
4124,mb-dielectric-4125,Co2 Ag2 O4,CoAgO2,Ag-Co-O,P6_3/mmc,194,8,3.261002351016228,2324b883e5846d632c57b05f96cd06a507f0826458312c5f19b51d4b9b5fb380
4125,mb-dielectric-4126,Li1 Ta2 Cu1 O6,LiTa2CuO6,Cu-Li-O-Ta,R32,155,10,2.7197367519669977,9ff3ffa98bfb51c2ce5788e9e3e22dc89f232dd39eda60f0ee56efdbb263c6dd
4126,mb-dielectric-4127,Cs2 Au2 I6,CsAuI3,Au-Cs-I,I4/mmm,139,10,2.999563412676362,e16181e6cdbe76efd593d3ed777875a8662667f5256147b095e6867a8ba520c5
4130,mb-dielectric-4131,Ga3 P3 O12,GaPO4,Ga-O-P,P3_121,152,18,1.6329211044423835,aa31388b8e5b3de79e57a067f0b4c7df1bc24f4d7720760ad209d84462deb609
4131,mb-dielectric-4132,Na1 Rh1 O2,NaRhO2,Na-O-Rh,R-3m,166,4,2.6311660279554165,639eaa5d553393a85f2c2c593bd365c7a258dee9ed0bf0d08d967c0ec3f9347a
4132,mb-dielectric-4133,K1 Ni1 I1 O6,KNiIO6,I-K-Ni-O,P312,149,9,2.22819164346337,b668a0171ee31e27eebc80f6e5f91c2c1c9244d49eb229546d7ab3074950e93c
4133,mb-dielectric-4134,Na4 S4,NaS,Na-S,P6_3/mmc,194,8,2.021055829685374,5b234f89613f1e81a055b2dbe4c154165d5d44c63ded3890cf04c265950e5e70
4136,mb-dielectric-4137,Cs2 Au2 Br6,CsAuBr3,Au-Br-Cs,I4/mmm,139,10,3.0075291076452366,d550f9bab52c72358fff0de775f6b9d2c4004c71a39c72432b4c535b639837f0
4137,mb-dielectric-4138,Te3,Te,Te,P3_221,154,3,6.949286917854712,2c68876b859de47a5bab3afc86dbaa9fa721bf4c4f34a5f0eec70fcd5d368f64
4139,mb-dielectric-4140,Fe4 O4 F4,FeOF,F-Fe-O,Pmc2_1,26,12,2.082898381262674,e694a3d7fedff7c9a2659ca10d45b3f2ce8c0a7bfc9c5019edfc959441a76ff6
4140,mb-dielectric-4141,Be4 Te1 O7,Be4TeO7,Be-O-Te,F-43m,216,12,1.8467850443405711,4ac1a56b5e2014ace89512d55648583774ac07e23c42972251ac2ac5211fa273
4141,mb-dielectric-4142,In6 Ga6 S18,InGaS3,Ga-In-S,P6_1,169,30,2.4103831645611855,b5f6bf2e9414992916d4a9308eb2ac2e6170962a08fcb2cdbd2c8d92efba3741
4142,mb-dielectric-4143,Li6 P2,Li3P,Li-P,P6_3/mmc,194,8,2.6218314207384465,a780cad27d80b24f8eff45a190b2e72ab4b0728029d7b0fdbff0a7aede3cc276
4143,mb-dielectric-4144,Mg1 H2 O2,Mg(HO)2,H-Mg-O,C2,5,5,1.6077331868192557,f491da86e9f0ce8cbd9462f68bf0f4d5079894c2b423911d2b09af15190147ae
4144,mb-dielectric-4145,Zn2 Ge2 As4,ZnGeAs2,As-Ge-Zn,I-42d,122,8,4.216764755117364,7156ad3cbb562fbc813d118b03b808388cb88bcd9cf2518c46c27454feac2769
4145,mb-dielectric-4146,I2 Cl6,ICl3,Cl-I,P-1,2,8,1.776607253540673,149094b00645817c7a04f61db586d2d65da01ecef1be74754f18cedf1da38a9e
4146,mb-dielectric-4147,Al2 As2,AlAs,Al-As,P6_3mc,186,4,3.0768597628101286,1b4e2352560ddc87e5eaa6062d64415164d218f2741ebe95115a53d7467ff3f8
4147,mb-dielectric-4148,Co4 B6 O13,Co4B6O13,B-Co-O,I-43m,217,23,1.8756340261362279,6c2d8ccc2bb63abc5f0ba921fcffb08802e9438c315ae6e3b4741e04d7f27a11
4148,mb-dielectric-4149,La2 Al2 O6,LaAlO3,Al-La-O,R-3c,167,10,2.1681984072804203,52a71010e695aee7106cf97dfc1d9b284bf1124cbd5ba2170d90c4fdbb36c166
4149,mb-dielectric-4150,Mg2 V2 O6,MgVO3,Mg-O-V,Cmc2_1,36,10,1.8170094477831424,2e0aed8e90d20a527063e1d7cf1de57a817f869626927d93d052805ec0ec0a49
4150,mb-dielectric-4151,In2 F6,InF3,F-In,R-3c,167,8,1.5083103129070128,72330b62760422cf508055d28b4a0dfdf980422faf70a9b7e8213c8f8097a670
4151,mb-dielectric-4152,Li1 Ca1 As1,LiCaAs,As-Ca-Li,F-43m,216,3,2.577353034930729,c83ad9f55d80776d1c8f20f27c49816f7343815add74c9c942b896a96b19998f
4152,mb-dielectric-4153,Ag2 P2 S6,AgPS3,Ag-P-S,C2/m,12,10,2.310309286654056,45c8d48f126aee5fea3c339d0597601988ff306cb1864e0ae49a0e11238fe929
4153,mb-dielectric-4154,Mg2 H6 Ru1,Mg2H6Ru,H-Mg-Ru,Fm-3m,225,9,2.2993983995819414,5462f8e6b22492502208a76df162584a288aad5969970beb31d1278c2b5d9869
4155,mb-dielectric-4156,Li1 Zn1 As1,LiZnAs,As-Li-Zn,F-43m,216,3,3.5584592171331697,e835605354d2204c4b5fcb2e3befb7cb8a6f63dea1e191f46a3fbbb14743fa2e
4156,mb-dielectric-4157,V4 O4 F4,VOF,F-O-V,P4_12_12,92,12,2.1558879841030705,040ef4fb66482d1f5af2251effb07aeaacb514dfeda1c9192a833e4c66eb6555
4157,mb-dielectric-4158,Al2 P2,AlP,Al-P,P6_3mc,186,4,2.8641860973058355,da0c15f00083ec8c0b05b3532af69fb3ee4d18e492e3eb3667c6b9fd23104895
4158,mb-dielectric-4159,Na2 H2 O2,NaHO,H-Na-O,P2_1,4,6,1.5343340574985618,6b59c50c545ebc7a38f8a7d011585ae7982adfc5eb168ffb541adf49d756548d
4159,mb-dielectric-4160,B1 As1,BAs,As-B,F-43m,216,2,3.139232868074619,085e9a6e8f2ea5e307cbcc29ba98a527d47b4dea5e38277467d79474ee6c7a2e
4160,mb-dielectric-4161,In2 Cu2 O4,InCuO2,Cu-In-O,P6_3/mmc,194,8,2.3457192216176876,b18eda602b935186c063292daba34b1c8bf1ac905538058dc9c61dba7fbacd9e
4161,mb-dielectric-4162,B2 Cl6,BCl3,B-Cl,P6_3/m,176,8,1.4252485163413922,2f1c0bd47441dd8250c9549dfde8a46f15276cd92cf830348898f5ecba883561
4162,mb-dielectric-4163,Li2 H1 N1,Li2HN,H-Li-N,R3m,160,4,1.910297795283936,c64bc622a9e56619e498be607cfc68821dfca55c193bb3ccd804441985b05ebe
4163,mb-dielectric-4164,Zn1 Cd1 Se2,ZnCdSe2,Cd-Se-Zn,P-4m2,115,4,2.7555262050408205,7ee9135d0169e2c9b83e188b7d4ae5d4f905bf24e00fc49f6b06d6f7a94f6ea7
4166,mb-dielectric-4167,Sn4 S4,SnS,S-Sn,Pnma,62,8,4.4643775228654965,30d96ecfddf7543813abe4ec661d76c6368f324c61400da986e0ed9c88a032b3
4167,mb-dielectric-4168,Na2 Nb2 O6,NaNbO3,Na-Nb-O,P4/mbm,127,10,2.6598898473433072,2dd57fc19f28df45ece02a06bcf1484d95becf2d199db4293f44895399357f81
4168,mb-dielectric-4169,B2 As2,BAs,As-B,P6_3mc,186,4,3.1305475027008707,07069b6303dd5aedd56121bd7e437d7c5749bcf87c14c8531b262b1c2ffc708b
4169,mb-dielectric-4170,In2 Cu2 Se4,InCuSe2,Cu-In-Se,I-42d,122,8,4.059720844261982,0a34ca39be2267c648c2ec8f6e227043f81230025a370b9b38eb6ec61081c250
4170,mb-dielectric-4171,Te2 O6,TeO3,O-Te,R-3c,167,8,2.343714999738737,bfc6b8d597d8ef987439b88f045ef6489bca231df6c1da3a39b67c06c21a188a
4171,mb-dielectric-4172,Hf2 Se6,HfSe3,Hf-Se,P2_1/m,11,8,3.0899838187278585,12f772090cd93686e40566239a4f614d5d66263ccc7bdf298e0969732e3cc301
4172,mb-dielectric-4173,Nd1 O1 F1,NdOF,F-Nd-O,F-43m,216,3,1.917949165124041,365475406b49b4e50a7b59d77b06fc59d5cb7cb317e93df65cbd5f81aedfe3b2
4173,mb-dielectric-4174,Mg9 As6 O24,Mg3(AsO4)2,As-Mg-O,I-4,82,39,1.7767138205124653,be863a3c7738a94720457ed0066b01e8859d645671d061cee3a6179763840ab3
4175,mb-dielectric-4176,Sn2 O4,SnO2,O-Sn,P4_2/mnm,136,6,2.107210039002479,783be8858e865cb9b55d3d4948f07a48022bf22cc4257553ef40caab706f7483
4178,mb-dielectric-4179,Co2 C2 O6,CoCO3,C-Co-O,R-3c,167,10,1.913786909071468,0a2cc1d40562a4010fa006cc3767cc681da58c8da1c53b3c3a149fc556d2cf73
4179,mb-dielectric-4180,Ba2 P6,BaP3,Ba-P,C2/m,12,8,3.165069772796126,8e1e1495fca6d4a88c2126855e01b03a304b4bfb8155142315b758e1068afe6d
4180,mb-dielectric-4181,Ca1 Se1,CaSe,Ca-Se,Fm-3m,225,2,2.3700210969525224,56df21290961c754a4d4e37e29cf39379541692d2bfff956610bea3adc7d0fbf
4181,mb-dielectric-4182,Mn2 C2 O6,MnCO3,C-Mn-O,R-3c,167,10,1.7858001941240083,973a44fc7f27d66ed268388c93cdbf9dba36787cd39a334e671933444eb3c48a
4182,mb-dielectric-4183,Cr1 H1 O2,CrHO2,Cr-H-O,R3m,160,4,2.0969688441494228,574b41100cd800d7ee24856282aa3a60f908a32eb35bab1e6f807f2b99b8e731
4183,mb-dielectric-4184,Ni2 O2,NiO,Ni-O,Fm-3m,225,4,2.252404155375784,469e937b23de7a8a7d8729f3be9192463f6770b83df1b8418ee6fec0d0679bbc
4185,mb-dielectric-4186,Gd3 Al3 Pd3,GdAlPd,Al-Gd-Pd,P-62m,189,9,1.0000000000000024,d438dbca6a27b903ae66702c87f40f698a41ddda9eef6bddf7ea4b08d29ad5db
4186,mb-dielectric-4187,Cs2 Sn2 I6,CsSnI3,Cs-I-Sn,P4/mbm,127,10,2.8360501876142226,e8f5488953cd272e4486d7382fb68e16276e4c8bcd65506558c04137777d80b9
4187,mb-dielectric-4188,Li6 P1 S5 Br1,Li6PS5Br,Br-Li-P-S,F-43m,216,13,1.917450129729586,329999f968089a26383801c2b942333d8220537ef512a609a5cd2a40d84efaa0
4188,mb-dielectric-4189,P3 N5,P3N5,N-P,Imm2,44,8,2.2703011547663303,a659bfbf35240289c0d418329ea528d1ace0ff91ff4ebf8134dda7d064541149
4189,mb-dielectric-4190,Sr1 S1,SrS,S-Sr,Fm-3m,225,2,2.155458187949844,9fb3d6127cf5a97b31449b9314065807ccc93cff97786c747ddefc8b4d5a01c3
4191,mb-dielectric-4192,Cd4 B6 O13,Cd4B6O13,B-Cd-O,I-43m,217,23,1.8589838622215085,193490c3f61b9cc41fca7ba77965c9e2bac3cd1595b50e767b49e9d4c1077b58
4192,mb-dielectric-4193,Mn2 P2 S6,MnPS3,Mn-P-S,C2/m,12,10,2.392524886669593,cd5c77992a899643f237623c82951490462c7fbdfbdbee6d9a6cae8eca320b8c
4194,mb-dielectric-4195,Sr2 Zr2 O6,SrZrO3,O-Sr-Zr,I4/mcm,140,10,2.1506841547129345,026998cd13bb08f3f72ddbd89cc1a3bbf57af6c104f6249af2d578e88ecf5483
4195,mb-dielectric-4196,Li1 Rh1 O2,LiRhO2,Li-O-Rh,R-3m,166,4,2.75382418949842,159d68724e1116ab76ab0a6b6d566dbd61af397905be36efd3d60a9b4281e926
4196,mb-dielectric-4197,Ti2 Cd2 O6,TiCdO3,Cd-O-Ti,R-3,148,10,2.3948529530362994,25484533670f5a6ee9663dea918f51706682ee50bff50562afffe23ab21ec0bd
4197,mb-dielectric-4198,N4,N2,N,I2_13,199,4,2.1607949925895324,ea941f80f6e06f1da66eff052c27fddd7d43c161531fd23b9efdc10c00412cf0
4198,mb-dielectric-4199,Sr8 Ta4 N12,Sr2TaN3,N-Sr-Ta,C2/c,15,24,2.399369083738473,457a1a5d82930bc14d4051c15ef9542a40ec4edb1b824f9154f9edeb44e4d02c
4199,mb-dielectric-4200,Na2 N2 O6,NaNO3,N-Na-O,R-3c,167,10,1.4864672885738148,0eabd9a3cb019c9a6bae6467ababf757ffaefe2cf70a910956bbe7c4bc6efbad
4201,mb-dielectric-4202,In2 Cu2 S4,InCuS2,Cu-In-S,I-42d,122,8,62.06299756430305,9b5214ff946b8903a9c24a175bbd91a4e0c192e20eab8c7e0d8580d194335c35
4204,mb-dielectric-4205,K1 Be2 B1 O3 F2,KBe2BO3F2,B-Be-F-K-O,R32,155,9,1.4705418502488594,8d3e77bbfd0853a1a3cf8faaeee71833be70500c74f8c30f55f90f935211e8bf
4205,mb-dielectric-4206,Zr2 Se6,ZrSe3,Se-Zr,P2_1/m,11,8,3.1302289586120264,f089dfb0ba13d6f9ac98490021927450b44eb9a8299f5cd22cce1f6cf70341cf
4206,mb-dielectric-4207,Cd2 P2 S6,CdPS3,Cd-P-S,C2/m,12,10,2.282644665002996,aac5d01b10a3183883bd13e5a78f288520d2980ffe6e772c60178faf07c90339
4207,mb-dielectric-4208,Ca2 Nd4 S8,Ca(NdS2)2,Ca-Nd-S,I-42d,122,14,2.7779480436706034,3599b84631027f6c176d286c9c8d86cc59615d33dae847c4cdd6197121c9256e
4208,mb-dielectric-4209,Li1 V1 F6,LiVF6,F-Li-V,Fm-3m,225,8,1.7178648569275365,40d2f062594fcdac086a311157536f513adafb2640752b334b6c49cb245ed788
4209,mb-dielectric-4210,Cr4 O6,Cr2O3,Cr-O,R-3c,167,10,2.5136295139345552,e94c507b2ec0fe574068858cbd78345c23f48d63ec2e7dcc20e0984fee6ec1e2
4210,mb-dielectric-4211,Hf2 Cu1 Sb3,Hf2CuSb3,Cu-Hf-Sb,P-4m2,115,6,1.0,7a5c99b9c0b3dec59886c5209e36b63191e180dd127d6d492366e8756d42d2d8
4211,mb-dielectric-4212,Tl2 P2 S6,TlPS3,P-S-Tl,Immm,71,10,2.289972998385205,d23dbe4dda2d0964762f388af2b2dcb7fe365db183885dc9926489ca9766e87b
4212,mb-dielectric-4213,Na4 Zn2 S4,Na2ZnS2,Na-S-Zn,Ibam,72,10,2.073214332061846,1a4280c8a1efa51c911d3b645c602474b76e73bc7fe7f7ff25f3ebcaffd5e6d4
4213,mb-dielectric-4214,Rb30 W14 N38,Rb15W7N19,N-Rb-W,P-1,2,82,2.176509973941463,3c1ef688007380eaf5889dbc8a73a06aa6b9fea1bbea5929086202573a4e6bbe
4215,mb-dielectric-4216,Nd2 Cr2 S4 O2,NdCrS2O,Cr-Nd-O-S,C2/m,12,10,3.0341742425567086,9196f6706dcae07d812384b42515a3ea35c546de1dac315f9c7a645877d42e3f
4216,mb-dielectric-4217,Ge2 Bi4 O10,GeBi2O5,Bi-Ge-O,Cmc2_1,36,16,2.287999271561647,4af11e83b1f7259ec84b98aa35ff3610c7f0f49a442b219ff0d0f1a4985e5bf9
4218,mb-dielectric-4219,Ba1 F2,BaF2,Ba-F,Fm-3m,225,3,1.5636495771112642,5e51a5e874b3dfe331acbfdec24b9b82981647c5bcfccca82a86f5dc63f8fcc9
4220,mb-dielectric-4221,Zn4 H8 O8,Zn(HO)2,H-O-Zn,P2_12_12_1,19,20,1.6932299509123583,8426ccf267be6fb4ea1eaeccacd1e4b6670616f30d795525bd41075dbb5c4a01
4221,mb-dielectric-4222,Ge1 Te1,GeTe,Ge-Te,R3m,160,2,6.144398967081048,f037e97037a50f0132201130155cb0d570ef5e34753e14505614dd099a1406ef
4222,mb-dielectric-4223,Rb3 Y1 F6,Rb3YF6,F-Rb-Y,I4/mmm,139,10,1.3888561240579744,f90e32d18d2b2f5a939b2bcfd76401ddd8e87c212951fbfa8ecd9783054c61a2
4223,mb-dielectric-4224,Li1 V2 Cr1 O6,LiV2CrO6,Cr-Li-O-V,R3,146,10,3.1794037659093815,3747ef547eb3558940c5ab57ff30bcab3c094b1064f2990a639d5ed973607fa1
4224,mb-dielectric-4225,Cd2 Bi2 O6,CdBiO3,Bi-Cd-O,R3,146,10,2.7973782368496387,5b18d07f2805bcf38c43deb57b42619751d5b8a36502deae9c275825cbaa9dbd
4225,mb-dielectric-4226,Ca12 Ga2 N10,Ca6GaN5,Ca-Ga-N,P6_3/mcm,193,24,2.375244127803851,bf1bab30a50bd6a7e6637bd41368e8a9eea24156d3d2f2b6763792b229a0d685
4226,mb-dielectric-4227,Zn1 Se1,ZnSe,Se-Zn,F-43m,216,2,2.705908350258746,033e312b23e0f6ab65d19433102f2fa1401f2f385d14e2c008b3b54b8bf1bb6f
4227,mb-dielectric-4228,Na6 O6,Na2O2,Na-O,P-62m,189,12,1.5782796541382225,765b4da1dc0b42208f5334540111be600c2adef53307e466b09f19afaddaceb2
4228,mb-dielectric-4229,Cr1 Ag1 S2,CrAgS2,Ag-Cr-S,R3m,160,4,3.537217409207413,d9cf98d0a3f147bc8dea6640d7f255a83fcc34c11f49e90c3eb3f6a2b0b79e1a
4229,mb-dielectric-4230,Li8 Nb4 Fe12 O32,Li2NbFe3O8,Fe-Li-Nb-O,P4_332,212,56,2.219020053987795,94aceabf140119c03577257c36b550062158a64d93bea14088cfdca86559e8c4
4230,mb-dielectric-4231,K2 Si1 F6,K2SiF6,F-K-Si,Fm-3m,225,9,1.3630407183939905,278444714ef1c71d4194d57e6221afd224e747635621e8465e5b462e18448b80
4231,mb-dielectric-4232,Cd1 F2,CdF2,Cd-F,Fm-3m,225,3,1.6742162345408136,9811cb1c4f69767749ea59470492f53a6eb511d8e3881fdc55e1aca3bbe28092
4234,mb-dielectric-4235,S9,S,S,P3_221,154,9,2.069875680646868,a0ab182986d043fc9c78a739885cf8600758c3560786a5a0b065eef7461d67cb
4235,mb-dielectric-4236,Na2 Se1,Na2Se,Na-Se,Fm-3m,225,3,1.9900586257796562,3f7d1446fa3e3eb3a45e960c4ef048f9e7c09dc09c92e1b3d31e0f001872115a
4236,mb-dielectric-4237,Sb2 O4 F2,SbO2F,F-O-Sb,Cc,9,8,2.0439915198780385,43eafe93fafcbb47493bc77151782fefbeaa96e11c57bb278976ef338205e0d8
4237,mb-dielectric-4238,V1 Sb1 Ru1,VSbRu,Ru-Sb-V,F-43m,216,3,5.667688947004768,20f051629ac3c3722a7ae9755a5052d3dbaf0e6f75788f3d4c7997e651ceb5bd
4239,mb-dielectric-4240,Ag12 Te8 Au4,Ag3Te2Au,Ag-Au-Te,I4_132,214,24,4.848814288050233,d65df2b956af5cc88ec978c702785d78130483277dc409664bc499b544ef5564
4242,mb-dielectric-4243,Rb2 Si1 F6,Rb2SiF6,F-Rb-Si,Fm-3m,225,9,1.371504648187535,748bc4d539f9bfb0e5f60e72988c3c338086964436cd5c1dcb01978bdf20386f
4244,mb-dielectric-4245,Mo1 S2,MoS2,Mo-S,R3m,160,3,3.1726727428673382,a9d025f7e766d84821109ea814eafdcc80ed7a10156bd1f999661dbbbe3833ef
4245,mb-dielectric-4246,K2 Sb2 S4,KSbS2,K-S-Sb,C2/c,15,8,2.294531469966508,731773beb1cc9a2c3995fb6d0738941b3de2491aebc7fce6c15fcbd0e0cfec8c
4246,mb-dielectric-4247,K2 N6,KN3,K-N,I4/mcm,140,8,1.5728954192792264,786bf73c00fb4135ee3a565756c94f188a1adbc1b46e7969b9ee06ebd872b857
4248,mb-dielectric-4249,Li4 Fe4 Si4 O16,LiFeSiO4,Fe-Li-O-Si,P2_13,198,28,1.7429219718621944,f8b819c228979ff3055e09fbf967b63ce49239d767beb3fe9c88252a43509ac5
4250,mb-dielectric-4251,Cr3 Si6,CrSi2,Cr-Si,P6_222,180,9,5.545099307797232,46222f12a671cbed334cfd66008f2f87d08b1994b90c1ad1f3b7181b730696c3
4251,mb-dielectric-4252,Cd2 P8,CdP4,Cd-P,P2_1/c,14,10,3.5701540583005658,2c65ca4fcfcdb089ce863b16d59cb25257f426d7385868f8cab21a2d056197a0
4252,mb-dielectric-4253,Na24 W16 N40,Na3W2N5,N-Na-W,I4_1,80,80,2.2855283123747703,0866976fd29e903da57cddb83a4e42dd4810dcda86605a3d908c87d5f29e095b
4253,mb-dielectric-4254,Ga4 O6,Ga2O3,Ga-O,C2/m,12,10,2.007652028287969,3021cf45b0594614b187a0addfdd9985cdedb67b6026a85d39b9b227dc1f3bb2
4254,mb-dielectric-4255,Ga4 S4,GaS,Ga-S,P6_3/mmc,194,8,2.3239334471251545,f6d84a6abc62eb7fcfade55b2ab8bd44bc7cd9baaed3efade8c16610f09c932b
4255,mb-dielectric-4256,Al4 O6,Al2O3,Al-O,R-3c,167,10,1.7939713858582833,a9b8c169a26269132a4d0a5810b953851f541e312ffb4bc30ab8e6583a597b52
4256,mb-dielectric-4257,Li4 Ge2 O6,Li2GeO3,Ge-Li-O,Cmc2_1,36,12,1.7894701264154518,9be230b5a0ed45d2f72da4f679a1138c64658ad0b2640529e7780a3599998e34
4257,mb-dielectric-4258,Au4 Cl4,AuCl,Au-Cl,I4_1/amd,141,8,2.137599900184689,daa30a6e09cf68eef1c853eac8ed91037f016bef7e0b1363a9ee9593a323208c
4258,mb-dielectric-4259,Nb1 Fe1 Sb1,NbFeSb,Fe-Nb-Sb,F-43m,216,3,4.97181063597559,46b32fb3f3e8ef1bc8230f8e1099ca9132acfed4c89ef8b04a72942f528581ea
4259,mb-dielectric-4260,Nb2 N2 O2,NbNO,N-Nb-O,I4_1md,109,6,3.055765097865563,83c50b8591de38c0b6fb7bb56913a9d7aac89d38920aabbcc764ada8035328c4
4260,mb-dielectric-4261,Ba1 Ag2 Sn1 Se4,BaAg2SnSe4,Ag-Ba-Se-Sn,I222,23,8,2.8200818546039876,7c6923dc81c290971015f59d48ce1f89009799ef9a8736d8b0cf1b8597a07d6a
4261,mb-dielectric-4262,Sr2 Hf2 N4,SrHfN2,Hf-N-Sr,P4/nmm,129,8,2.572084239159622,55bfef6aa007bdf23dfe52c30e4900e524f093c1e9273130d71e229c7f5c4f1e
4262,mb-dielectric-4263,Hg6 Se4 Cl4,Hg3(SeCl)2,Cl-Hg-Se,I2_13,199,14,2.3733267790171664,7edb5b64934c4b49aaef2309d33e561bc39375ddfa33570db8c4781414235dda
4263,mb-dielectric-4264,Ta2 Fe2 O8,TaFeO4,Fe-O-Ta,I4_1md,109,12,2.456832920652115,3f5ac247bb99bc10b40039ed76034005df8f747313684a610c94968fc739f1ee
4264,mb-dielectric-4265,K4 Na2 Mo2 O6 F6,K2NaMo(OF)3,F-K-Mo-Na-O,P1,1,20,1.6194716152453759,ecf97dd091a1e0aef2bae5ab3454967e2629c893e3b37981c46f56ad437844bf
4266,mb-dielectric-4267,Li1 Mn1 O2,LiMnO2,Li-Mn-O,Cm,8,4,2.1469278836541243,a6e49b014730f73b68d96c19a1d0184c14860e99c307e0f09c31eb80496bfa03
4267,mb-dielectric-4268,K1 Nb1 O3,KNbO3,K-Nb-O,P4mm,99,5,2.3813898602846755,65ff9d266aa59c4a31b030ba6d48c563e112de663d73d8a543bceedc9508b46e
4268,mb-dielectric-4269,Cu2 B2 S4,CuBS2,B-Cu-S,I-42d,122,8,2.886527209872329,1c7be303faf51c7233c755572852d1ea4a26fe0a9d59a46974022babc737fd64
4269,mb-dielectric-4270,Sr8 Si4,Sr2Si,Si-Sr,Pnma,62,12,4.107878609047091,73375831f0ee9120c95e258811637c373e90bb88497686f83ee692566cb8580f
4270,mb-dielectric-4271,Re4 Se8,ReSe2,Re-Se,P-1,2,12,3.4174551935614317,fe5f28b836cbec1fafe2c80bc0ff3007b4279355f49d0e1a2d176497cdcd0e13
4272,mb-dielectric-4273,Mn2 P4 O14,MnP2O7,Mn-O-P,P6_3/m,176,20,2.0959313754461144,a73c9c21ea721a871dbcdcd0a736e15c600d90f107f2eeea783578bb3088d75b
4273,mb-dielectric-4274,Li3 Zr1 Nb1 Te2 O12,Li3ZrNb(TeO6)2,Li-Nb-O-Te-Zr,P1,1,19,2.225588461508551,abb5fb90007903377597a4cd34f44ce0bc1e5be36d2aae13adf6fd2f96ea95c1
4274,mb-dielectric-4275,Rb8 V4 P8 O32,Rb2V(PO4)2,O-P-Rb-V,P2_12_12_1,19,52,1.616972273520277,1c26e87dc54877fe15a0d5b0363f0c8bed2d1db2e9f8a2c34efcedb5baa22698
4276,mb-dielectric-4277,Zn4 Sb4 As4 O20,ZnSbAsO5,As-O-Sb-Zn,P2_12_12_1,19,32,2.033263463431697,3c3424ade6627e611973ddd4ee118daca4e1c96d540ea229d53cfddbf49b0014
4277,mb-dielectric-4278,Mg2 P8,MgP4,Mg-P,P2_1/c,14,10,3.2071794461800853,c418eca60102388e367517e8f1e90b5b31ab22cd926ae2f8126ecd35b71c2a0c
4278,mb-dielectric-4279,Ba8 Ge16,BaGe2,Ba-Ge,Pnma,62,24,3.8471634572327007,3baeb663143d3ef9d481200c252278c2613c6a20c11fe8c9c77eca9add9fd373
4279,mb-dielectric-4280,K4 P4 Se24,KPSe6,K-P-Se,Pca2_1,29,32,2.587695113416571,8fad59dd625d8bcbfa6168bfff5a95651ce1f54797363ed8c671704d66366fba
4281,mb-dielectric-4282,B4 N4 F32,BNF8,B-F-N,P-42_1m,113,40,1.3695498043761192,9786581dbee70b5bcdf548d36b115543db90611e3009a905c5ad3d6ba854e871
4282,mb-dielectric-4283,Pr8 Ag4 Se14,Pr4Ag2Se7,Ag-Pr-Se,Pc,7,26,3.136884547870174,32e26f97a6d1464dbe3e4e09b921a23bd513881fbce25f678c7c53b2081eed13
4283,mb-dielectric-4284,H14 Br2 O6,H7BrO3,Br-H-O,P1,1,22,1.5790309264440223,8df525caaeb4193946f99583af484a7ed178e8d5d9ad613f3ace69374e33944a
4285,mb-dielectric-4286,Li1 Ag1 F2,LiAgF2,Ag-F-Li,P1,1,4,1.9356461453478526,74ad8443ea3c7ed4619d19e3deeebda9f5dd3ee17d2cdbbabf0c25f36f096683
4286,mb-dielectric-4287,Ga2 P2,GaP,Ga-P,P6_3mc,186,4,3.210822220761114,26263a87b5e1a999af21d743cacf0924a0fe2cfc122a9588235a47f75cb34543
4287,mb-dielectric-4288,Li1 Fe1 P1 O4,LiFePO4,Fe-Li-O-P,I-4,82,7,1.6465331254892301,d805966d05f2972b9a7e191d14b90f23e0b4dc07fffd2352f01b772d4ab9f30f
4288,mb-dielectric-4289,Li5 Fe4 O8,Li5(FeO2)4,Fe-Li-O,R3m,160,17,2.171828338827296,6d9426fb950f5adac05288aa36ba9460a0c434ad6379a7537d44d6b41dc8fdeb
4289,mb-dielectric-4290,Li2 Co2 O2 F4,LiCoOF2,Co-F-Li-O,P1,1,10,2.4372788788592357,a2685125f57761292716746e94385cc315586dd894dc1510c600da7a89901ef5
4290,mb-dielectric-4291,Li2 V1 Cr1 O4,Li2VCrO4,Cr-Li-O-V,I-4m2,119,8,2.2609631428515886,352605362a754d6d84fd86e3f8ec4ae6cfcddd8ea012c186c1c529547f0eeb0b
4291,mb-dielectric-4292,K6 S6 O18,KSO3,K-O-S,P321,150,30,1.489228099833378,b8de606fb756eab883884837f2116bcf14bfad8d0d73f033e8037a94076d01e1
4292,mb-dielectric-4293,Na4 V2 O6,Na2VO3,Na-O-V,Cmc2_1,36,12,1.910223808876855,5da19feb2dec26a29daa50a0d3cf087d77fb6de0a5bdd08690f4db91affbc2bb
4293,mb-dielectric-4294,Ba2 Nd4 S8,Ba(NdS2)2,Ba-Nd-S,I-42d,122,14,2.748638268913051,c39481d69d6d338c1e324f35d55e8b1e3ec8af4b7b7e5feb82fba93ea2d8eda9
4294,mb-dielectric-4295,Be12 F24,BeF2,Be-F,I-43m,217,36,1.2316764997352183,57fbf06f32eccfc62971b5f2c740f538fa1caa0d766226703bfe021062351039
4295,mb-dielectric-4296,Li3 Cr2 Fe1 O6,Li3Cr2FeO6,Cr-Fe-Li-O,C2/m,12,12,2.146192520100034,73de7d9048fdacc9b84893bf930412771b569f157fcfa399a78ed5dbe94f76c6
4296,mb-dielectric-4297,Cu8 Se4,Cu2Se,Cu-Se,P4_32_12,96,12,1.0,9e2e96d01819e1ab7f543f15f09556cb0bc5bbd939a0431d0685ad6cb6a8b5dd
4297,mb-dielectric-4298,Te2 Mo2 W1 Se2 S2,Te2Mo2W(SeS)2,Mo-S-Se-Te-W,P3m1,156,9,1.0000000000485465,5c4079f1331b6a094877ec62c2ec1293aba85add1ccd602558178b78246aecf2
4298,mb-dielectric-4299,Y2 Sc2 O6,YScO3,O-Sc-Y,P6_3/mmc,194,10,2.0653237073166624,93e3500aa0798bfafb2631e51e02e83d36f56644e0988b84cacd76416f37d90f
4300,mb-dielectric-4301,Li3 Mn1 Si2 O7,Li3MnSi2O7,Li-Mn-O-Si,P1,1,13,1.878194079428428,efdc6c9093f1d29dd6217dac1ca1325cc4302b76c8a2619593b88147b179a292
4301,mb-dielectric-4302,Li4 Ge4 O10,Li2Ge2O5,Ge-Li-O,Ccc2,37,18,1.6985767571705437,e92d68099a578b6b9ecc0d756ba92cfdbfb21a51d61280c0739b6f76fdc3b136
4302,mb-dielectric-4303,Zn2 Si2 P4,ZnSiP2,P-Si-Zn,I-42d,122,8,3.242959142511666,4348e622cec4166c28a79df11b9407500fdc02ae9615ea3188748d5208efa3b5
4303,mb-dielectric-4304,Pb7 Br2 F12,Pb7(BrF6)2,Br-F-Pb,P-6,174,21,2.0076843211355047,4b1968956dec8eca8fde3467810f2f7555e60cb04b9fa2e0df68f066bf2a0f01
4305,mb-dielectric-4306,Br2 F6,BrF3,Br-F,Cmc2_1,36,8,1.7601323813849912,a6a64dbf22c62ebe39c7c8508e33b88697edc93349277ee8e53e666b4a63487b
4307,mb-dielectric-4308,Li2 Ni4 O2 F6,LiNi2OF3,F-Li-Ni-O,R-3m,166,14,1.6760650345377506,4a8f362c7b0d3a32a08df5de300bc77f05932ab44b0659a5c7676ada539a4768
4308,mb-dielectric-4309,Li2 Zr1 N2,Li2ZrN2,Li-N-Zr,P-3m1,164,5,2.7710683258748188,0e16096f0750886454fb73fdee935ba9193c2f8816d47ed66f5996363410e65a
4309,mb-dielectric-4310,Cd2 Te2,CdTe,Cd-Te,P6_3mc,186,4,2.9848566688089626,2c0bb40cdb2f886b6b00becb12ad47170468f5027fa74ca0fcaedd7ac1e47faf
4310,mb-dielectric-4311,V3 Zn2 O8,V3Zn2O8,O-V-Zn,R-3m,166,13,2.5345428910686603,4a4b729e12bfbd2e3b546dc998a428e0927cd2f75e0767162eeacf8df9a66630
4311,mb-dielectric-4312,B1 P1 S4,BPS4,B-P-S,I222,23,6,1.8067505823069954,8e8189650f0ebf9804150fcf0de1fb22de86d1908722b1b8a5107f541acb2396
4312,mb-dielectric-4313,Li7 Mn1 O3 F3,Li7Mn(OF)3,F-Li-Mn-O,P1,1,14,1.6257622827461586,5a41bbe8eee40de75ab6f5e34eb5164bf267cd7fad39fe6c7f00cc7c1838f8ce
4313,mb-dielectric-4314,Na1 Li3 H8 N4,NaLi3(H2N)4,H-Li-N-Na,I-4,82,16,1.5966559846545947,6de0f2c9f17d341fdb97a7138f37e6121842e80ed367135939f8078133b1ed77
4314,mb-dielectric-4315,Y1 Cu1 Se2,YCuSe2,Cu-Se-Y,P3m1,156,4,3.159491731275776,1e85cb733219d682b415f241486f231d608e9e6b04c0233c24135f2e14f2d8b7
4315,mb-dielectric-4316,Li2 V1 O1 F5,Li2VOF5,F-Li-O-V,Imm2,44,9,1.501001110370453,00ba6e49675c8c0d3b87d4ea377a1ea5f8c9fdd9998fee364e6dac760cdfbc7d
4316,mb-dielectric-4317,Na8 Sn2 Se8,Na4SnSe4,Na-Se-Sn,P-42_1c,114,18,2.198704542831225,1c0eec84dfbdbda59b0629828f0b5affb2aaaaf7d79b83872c8a8448bf056916
4317,mb-dielectric-4318,Li4 Al4 O8,LiAlO2,Al-Li-O,P4_12_12,92,16,1.6528749700647858,50e4a9a3e7922a8cd7894df171efa65fb4063399faf19a5b18b7fd8b4116f1ab
4318,mb-dielectric-4319,Ba2 Mg2 F8,BaMgF4,Ba-F-Mg,Cmc2_1,36,12,1.5490857518773258,2a2498219fd8fb9ea46d8e4430a9a8234a5c85603367056c61c5c628dec725dc
4319,mb-dielectric-4320,Sn4 F8,SnF2,F-Sn,P4_12_12,92,12,1.822288030654503,007fd72103971ccf1d0fb15d61cb72c5d5da3d85998baa217a63bf83ad58a16c
4320,mb-dielectric-4321,Cu4 Si2 S6,Cu2SiS3,Cu-S-Si,Cmc2_1,36,12,3.0083417913085166,258c7234c7fd5d3cdd3217e6616efd9d75ec6a401177061524e0185e73fbc8c1
4321,mb-dielectric-4322,Li4 Ca4 N4,LiCaN,Ca-Li-N,Pnma,62,12,2.438733551114868,36dd6a9d7452c583fba9251f81efaf63a99510dfb396759fe535ac5c1ec3062a
4322,mb-dielectric-4323,C9 N12,C3N4,C-N,P3_1,144,21,2.2339099655064474,d24be4756a0bbee7538d7bc5e77a5cebe5ede9c37139832098251d4031d65a91
4323,mb-dielectric-4324,Mn2 C2 O6,MnCO3,C-Mn-O,Cc,9,10,1.766548801099666,421eacfdf450a33d9615f146b70e025a7aa0dbabd63b282e18459d29f3c0e47f
4325,mb-dielectric-4326,Li1 Sn2 P4 H3 O16,LiSn2P4H3O16,H-Li-O-P-Sn,P1,1,26,1.7011434389844966,aa533e4f33f307a1f2424094f251a2b852379b84d881596f8c2be523b427f820
4326,mb-dielectric-4327,Sr4 Si10 N16,Sr2Si5N8,N-Si-Sr,Pmn2_1,31,30,2.139908720794729,3496d85c13a0be718c28d0cfab9b04ee22c2b76e822452e7e65db9e2b755f901
4327,mb-dielectric-4328,Rb2 Y2 Te4,RbYTe2,Rb-Te-Y,P6_3/mmc,194,8,2.534083726583107,f3fcb4142fe68fa98d722cfed1105ef76aa97c72ef0cd7b0a690267e26c95489
4328,mb-dielectric-4329,H24 C4 N12 Cl4 O4,H6CN3ClO,C-Cl-H-N-O,P2_12_12_1,19,48,1.606364217728968,40fa3af6f49b389d35f3ea834731b223c44f72f27b52ce02b69f6c5417716060
4329,mb-dielectric-4330,K4 Cu4 O4,KCuO,Cu-K-O,I4/mmm,139,12,1.9443680207203569,93b4b1e0044676b2b6ac291d666d4d479ba054a4b8cf347ec72307479faef1a7
4330,mb-dielectric-4331,Zn1 Cd1 S2,ZnCdS2,Cd-S-Zn,P-4m2,115,4,2.455067751950375,589e3b30ef6412e6c625e5e72f3c15f44e55e3f2da997c1e128c14e91eb5e753
4331,mb-dielectric-4332,Ca2 Sn4 O8,Ca(SnO2)2,Ca-O-Sn,Imma,74,14,2.2967627217455444,a8795df610d6545a3135d7c1589dae7477453ef33efb54796562f1066a796964
4332,mb-dielectric-4333,Sr16 Ge8 N16,Sr2GeN2,Ge-N-Sr,P4_2/mbc,135,40,5.898406338438657,837d31f9254f83d518065a43b3f6bd6e4b5d2539cd5b46dbf1b7aa0c8c548eec
4333,mb-dielectric-4334,Nb2 O4 F2,NbO2F,F-Nb-O,Cc,9,8,2.3184599054832353,1b936369306d336f7f8526b08c04c4adc4aab4b1ac3282ab7d2aeb811da478a3
4334,mb-dielectric-4335,Cs2 Ni2 Cl6,CsNiCl3,Cl-Cs-Ni,P6_3/mmc,194,10,1.8654024588097122,d85167ed2855e33cda925aeed326fca9196fca144c3c22754b83b330f639f989
4335,mb-dielectric-4336,Rb4 Pb2 O6,Rb2PbO3,O-Pb-Rb,Cmc2_1,36,12,2.0708505498948977,c64b3353e1712cd53f2c399c1369cffbf27637ebf47d708d71d7cdddc21e7186
4336,mb-dielectric-4337,Te4 S2 O14,Te2SO7,O-S-Te,Pmn2_1,31,20,2.0519031816015754,f30012eac3095b7b0b605e25ba9242847aeeb0339a954c2fac5e75de1aa9f738
4337,mb-dielectric-4338,Na2 Cd1 Sn1 S4,Na2CdSnS4,Cd-Na-S-Sn,C2,5,8,2.113555377399261,1f5e213ee3b9040aed568d90c5f9ca68b1d9e6830be1ec5c5c80f63c204a26d7
4339,mb-dielectric-4340,Rb5 Te3 H4 N1 Cl18,Rb5Te3H4NCl18,Cl-H-N-Rb-Te,P3m1,156,31,1.7782463271436797,91d0144d09cc9fa56667cff3aa499fc181ae9584c41e24eaa03887772ef5fda7
4340,mb-dielectric-4341,K4 Na2 As2,K2NaAs,As-K-Na,P6_3/mmc,194,8,3.1522185837914174,1b7b85333e80b42372bc4f6aef7d88f819a0c683b4b7f443f0e1f6b64d89668f
4342,mb-dielectric-4343,Mg4 N2 F2,Mg2NF,F-Mg-N,I4_1/amd,141,8,1.9465471995304777,ad1538451ed32b0aea0bfd22e9fcc038472c6711b814866ba8ad2185abd6ee32
4343,mb-dielectric-4344,Ba1 La1 Mg1 Ta1 O6,BaLaMgTaO6,Ba-La-Mg-O-Ta,F-43m,216,10,2.2155525270234526,81baeffbac20e400bdd2d5a8d3816b59e90134058272e434757827c5c86f6201
4345,mb-dielectric-4346,Li2 Sc2 O4,LiScO2,Li-O-Sc,I4_1/amd,141,8,2.06315801624596,05b4f2a7fa6e14b3f06c0a8534804b4dfd25a3622749e43b40d7362cfbfb03c3
4346,mb-dielectric-4347,Si12 Os8,Si3Os2,Os-Si,P-4c2,116,20,4.432316098835913,47f0f753d972fbf4ca0428bef8756ed79202fe312c88d7b683caaf222e8a75d7
4347,mb-dielectric-4348,Co1 Pt3 O6,Co(PtO2)3,Co-O-Pt,Cmmm,65,10,3.9821729830165165,098e84ba15d013ff3db59013fd9f616dc0c224f7f9a45d67eb7892853fb12c91
4348,mb-dielectric-4349,Cs2 H2 O2,CsHO,Cs-H-O,Cmc2_1,36,6,1.6762191583043868,d3396703d63716d9892b31a6b7a6348d72f9c2dd566254070f2ccea47b05bd4b
4349,mb-dielectric-4350,Zn8 C8 N16,ZnCN2,C-N-Zn,I-42d,122,32,1.8859669491625066,54aa5bb7e35630b6406c9cd1f75ff5be6746f4bbbd17086409476e4af97c9e24
4350,mb-dielectric-4351,Sr2 Hf2 O6,SrHfO3,Hf-O-Sr,Imma,74,10,2.0871714511909736,cd790a07ac47e535b81b31ec2f7ba5ab6b97bb9969a74be4e3d76e57cd6b25ae
4351,mb-dielectric-4352,Mg4 H8,MgH2,H-Mg,Pca2_1,29,12,2.171032396503255,ed2806487cc97d171c88853a5d40b7cd1fb8d9adc87e39af0da9478e06ecd648
4352,mb-dielectric-4353,Mg1 Pt3 O6,Mg(PtO2)3,Mg-O-Pt,Cmmm,65,10,3.874928644504288,772c197386e2b42747d84fef43059999503280c7560fa4bcac2709e4f0fbf9bb
4353,mb-dielectric-4354,Li1 V1 F6,LiVF6,F-Li-V,Cm,8,8,1.4314356429822523,2c3195cf6aee33ddb5c6dee50a9ddb800d1d2da43c54c80336da737094c5eb25
4356,mb-dielectric-4357,Zr1 V1 F6,ZrVF6,F-V-Zr,Fm-3m,225,8,1.547578754054217,2cf8cab062151fccd0163cf46500f380feec71ef7c7186f3f3b174a5ad06a813
4357,mb-dielectric-4358,Ba4 Ge8 As8,Ba(GeAs)2,As-Ba-Ge,P4_2mc,105,20,3.8295279082414324,a425d718f7f9f5d995cfd3f9cad6ad2f192e72c776edd8d3d8403552506752ec
4358,mb-dielectric-4359,Tl1 Br1 O3,TlBrO3,Br-O-Tl,R3m,160,5,1.8871088998783387,4e85bb445c0ee51fbafc28a8de2f4f1b47164dfc5ae4f15800d370bfde3a1e85
4359,mb-dielectric-4360,Cd2 H4 O4,Cd(HO)2,Cd-H-O,Cm,8,10,1.969638968609899,3fbbca9268348a2c698316640a5e7f9de3b2df5b2b6b590dd215bbfaf7f06188
4360,mb-dielectric-4361,Rb2 Pd1 F6,Rb2PdF6,F-Pd-Rb,Fm-3m,225,9,1.5014946997353382,39022b31ef0ddefd5bd8b316bdbe301543a68d1b5b6ddc1a419d6c7fc9411f80
4361,mb-dielectric-4362,Sc1 Sn1 Au1,ScSnAu,Au-Sc-Sn,F-43m,216,3,4.592049651299512,084fe096fddcf2148de36a5f2d3c9c18a14349bea1cc3da31bb78da448087ba5
4362,mb-dielectric-4363,Fe1 H4 S2 N1 O8,FeH4S2NO8,Fe-H-N-O-S,R3,146,16,1.755922929212248,343dafc86a0198484c5c0dc4ad9ba51ea39e96f6d58b5cbd3a1226fd065a3416
4363,mb-dielectric-4364,Li6 P1 S5 I1,Li6PS5I,I-Li-P-S,F-43m,216,13,1.9817895952900741,99530be5b8352c34e530e591308be6d7968d0fb7f8a5229d1dfced9fc6356d88
4364,mb-dielectric-4365,Al14 Te20,Al7Te10,Al-Te,R32,155,34,2.73236033494852,3454f1f307949ab2ab24cc067f002ffb2a0967a58eb7489f317c558bc1599496
4365,mb-dielectric-4366,K8 H8 C8 N16,KHCN2,C-H-K-N,P2_12_12_1,19,40,1.5819860934913428,1805697e69eacf6aa47968c7d9dcdc7e9433acda724da78072e245fb262db9d0
4366,mb-dielectric-4367,Mn6 P24,MnP4,Mn-P,P-1,2,30,4.435425571464367,a8506755b9ad2376615568771f794349f4e17bd7574140f5a7a0666fb50fc6dc
4367,mb-dielectric-4368,Li2 V2 Si1 Ge1 O10,Li2V2SiGeO10,Ge-Li-O-Si-V,C222,21,16,2.0032010216983553,b5abdb0d0eb7fb88482ec7d3e4dce7a63eebbab1d260fb6d4cac0b7f2d25f4fe
4368,mb-dielectric-4369,Na6 H12 C12 N18 O6,NaH2C2N3O,C-H-N-Na-O,P-62c,190,54,1.6591316001651757,212cd5e94ccd0bc3d37a0fce2f6d9af6cb2a417b2b36127e0e2c56ad1437c665
4369,mb-dielectric-4370,Ba2 Te6,BaTe3,Ba-Te,P-42_1m,113,8,3.7254402871785954,9d5b88829870ca88c76f4eab26440c73ad81a0dd24e99263f505e505e686ab28
4370,mb-dielectric-4371,Ca10 Sn4 As12,Ca5(SnAs3)2,As-Ca-Sn,Pbam,55,26,3.93916234750486,314d2947d32bef0b971d41180cc445dd4417f9563097497137a075a34d885895
4371,mb-dielectric-4372,Na16 P8 O28,Na4P2O7,Na-O-P,P2_12_12_1,19,52,1.5137517409844103,3f1345b5cbaba80ee4c679e43a497d372ef4ae96e20b7537734e657d0f962cdc
4372,mb-dielectric-4373,Fe8 P8 O32,FePO4,Fe-O-P,Pca2_1,29,48,1.7262366581671238,d58d60f01346d49813d18fb21d9085d09141ab1aa020850d3d8b96e2abec1a28
4374,mb-dielectric-4375,Sr1 Nb6 O16,SrNb6O16,Nb-O-Sr,Amm2,38,23,2.5786559160410008,538c8506807f395227526568f8496ea6f98cc86ab52cb650794e54ece64a02eb
4375,mb-dielectric-4376,Te1 H6 O6,Te(HO)6,H-O-Te,P1,1,13,1.6140193100868816,e0a61cb1af4ce6a55798c9a0bac925ab59d1ff4f609c3e88ef4aed11ac6db75e
4376,mb-dielectric-4377,Ca8 Ge4,Ca2Ge,Ca-Ge,Pnma,62,12,4.069070327892273,88f1c94947922ffee422d3bb7413e73d263fbac7871db95bafde3d2c83270838
4377,mb-dielectric-4378,Fe2 Se2 Br14,FeSeBr7,Br-Fe-Se,Pc,7,18,2.180963548526201,fe85aa1134065658ebda58ea85692bde10dd8fa0687e1fc17244d0272807ed8e
4378,mb-dielectric-4379,Ti6 H4 O14,Ti3H2O7,H-O-Ti,P1,1,24,2.1431715594728606,1ffa9f10794e7f2b027882cb47d72a5255296f6161a2656a6bcebcd30c7c58a7
4379,mb-dielectric-4380,Na12 W4 N12,Na3WN3,N-Na-W,Cc,9,28,2.1359083937909586,9b7050bf857039099450e13db4827eae007d0c2ca8ef77942a48a8b7903f2e4e
4380,mb-dielectric-4381,Li8 Mn4 Si4 O16,Li2MnSiO4,Li-Mn-O-Si,Pna2_1,33,32,1.72140949999315,2311001e7608cbfc66830a52aa219dd1e201b1a81e59fc0be7dfb0fa1c150264
4381,mb-dielectric-4382,Ca12 Ga4 As12,Ca3GaAs3,As-Ca-Ga,Pnma,62,28,3.448526255276786,a8598b9f52d98c23dd719a7a3c73d3f6c7662431cf7f5985b8c3a6dcc2be869e
4384,mb-dielectric-4385,Cu4 P8,CuP2,Cu-P,P2_1/c,14,12,4.036087214122113,01145636993087edbe89fd2ec05169efeec8e60131548382995bd06416142668
4385,mb-dielectric-4386,Sr8 Nb4 N12,Sr2NbN3,N-Nb-Sr,C2/c,15,24,2.469133856233801,8c0c39cdf5a5c7f8e55e106130d9134c890b1b571d0fd40fb942898e45860817
4386,mb-dielectric-4387,Ba2 Na8 O6,BaNa4O3,Ba-Na-O,Cc,9,16,1.8854240018273518,4cb24525e07dd3308d73864031cee96754ff745e49970b5a7ce47eba519e67ff
4387,mb-dielectric-4388,Li8 Mn3 Cr1 O12,Li8Mn3CrO12,Cr-Li-Mn-O,P1,1,24,2.6186640359796702,75d256581afc8b772c87a310f7f3e81a79f214128058d638b33a2e72ddb425c8
4389,mb-dielectric-4390,H28 N4 O24,H7NO6,H-N-O,P2_12_12_1,19,56,1.4546020074233366,c52b262f638411880d8144f2467f5059c121d19f84b239362dc2c3aec098df43
4391,mb-dielectric-4392,Na4 Zr8 S4 N8 Cl4,NaZr2SN2Cl,Cl-N-Na-S-Zr,P2_1/c,14,28,2.4945010189080565,d86fed0b227f08ebb41580796af6e43383e3cdac6ff3970ea84aa4998e595db2
4392,mb-dielectric-4393,Al4 In4 Cl16,AlInCl4,Al-Cl-In,Pnma,62,24,1.7360875553957524,9a24abb0099b26eb7a9c238285f039a0636625c498b1ac49d5896c5aaee41919
4393,mb-dielectric-4394,Zn4 Ge4 N8,ZnGeN2,Ge-N-Zn,P2_1/c,14,16,2.4325427711210614,6b176974aeb1705cb15d0a110168fcc63eb923dacdbe6da5aa9f4582bba2cc1f
4395,mb-dielectric-4396,Sb4 Cl12 F8,SbCl3F2,Cl-F-Sb,I4,79,24,1.574629480227015,232872dd76f8cc3a2f9189f15e38bab0a682092670d59fd33f9b7850fc7852f0
4396,mb-dielectric-4397,K4 H2 S4 N2 O12,K2HS2NO6,H-K-N-O-S,Pc,7,24,1.4356522327267607,7f0b08bed5343afa5aa47c972fc2d3db456dd32708885ad803ff7cabe122af9d
4397,mb-dielectric-4398,B4 H16 O8 F12,BH4O2F3,B-F-H-O,P2_1/c,14,40,1.3935566009315876,3c44b736718b339fb61b8e0c9ca77dfee27b2528f516a6faf15832b9d0e4f395
4398,mb-dielectric-4399,Ca16 Si4 N16,Ca4SiN4,Ca-N-Si,P2_1/c,14,36,2.40906572485407,8e4f35c5f88e4b990834d7b543b39772675ce4117013e46d34f2297996a3ad23
4399,mb-dielectric-4400,Mn2 P2 H12 N2 O10,MnPH6NO5,H-Mn-N-O-P,Pmn2_1,31,28,1.6364484919076026,c6c4af701761e4aa0cd4e1b2c78ccb8de259c07122cb08a812da510dea18f9f8
4400,mb-dielectric-4401,Ag6 S2 I2,Ag3SI,Ag-I-S,P2_1,4,10,2.941669423983599,311929ad878d3af30e2aead65ac385ce110d9563b80000a599ae1297a337a027
4402,mb-dielectric-4403,Al4 H12 O12,Al(HO)3,Al-H-O,P1,1,28,1.6199503078798436,c747432d60d83105a11d7e47068785ff09bfb63c27b4f9d391e3f4ad75e0f8fb
4403,mb-dielectric-4404,Na2 V2 O4 F4,NaV(OF)2,F-Na-O-V,P2_1,4,12,1.8562304993364016,ac7f5b24d799d8db5160c4d2331275d3aa4cae7cf27b2eadb7d7ff42894ffe0a
4404,mb-dielectric-4405,Li3 Mn4 B4 O12,Li3Mn4(BO3)4,B-Li-Mn-O,P1,1,23,1.9646103939458326,06bc4e0f992ae39a0084a33714017eca531f6bbbf926bb7657c376d945a5fd70
4406,mb-dielectric-4407,Ba8 Si16,BaSi2,Ba-Si,Pnma,62,24,3.5132605938074106,b79f4863e250592e7ee8c94ff1bd17cda37ed70423bc57a9484f033a78c92d06
4407,mb-dielectric-4408,Ba4 Si10 N16,Ba2Si5N8,Ba-N-Si,Pmn2_1,31,30,2.228562615977692,3b2e2253a748f391a8bc8b421b59eeb0654a658c33c13ed3fc2db6ae927332f2
4408,mb-dielectric-4409,Li2 Mn2 P8 O24,LiMn(PO3)4,Li-Mn-O-P,P2_1,4,36,1.6287375479186323,5b3620fcba654996cee3afef2716f2e8b1b44e37e0d66649c51a7c94e99c6840
4409,mb-dielectric-4410,Mn8 O2 F16,Mn4OF8,F-Mn-O,Cc,9,26,1.9505832461087118,e56e11a33e96d08bf06c870405e719efe4d55f736d70dbb6c979a2e748e371b9
4410,mb-dielectric-4411,Cr2 P4 O14,CrP2O7,Cr-O-P,P2_1,4,20,2.331510454619494,3e4807cb5d31961a2b8bd0d36be5ed0c7370b46144607670e4554bc1879c810c
4411,mb-dielectric-4412,Ba4 H8 S8 O32,BaH2(SO4)2,Ba-H-O-S,P2_12_12_1,19,52,1.5826400938516207,808ec05a09cf9c16afbba8082a7b702c10d76790befaccb4dd3cf0911a5a3a48
4412,mb-dielectric-4413,V1 Mo1 O5,VMoO5,Mo-O-V,P1,1,7,2.47238494845227,10eb51dcd7fb82ea1c3249e7ce7b83fda2821014eecc13d03ebb99979aac892f
4413,mb-dielectric-4414,Nb6 Te2 I14,Nb3TeI7,I-Nb-Te,P6_3mc,186,22,2.936437751199009,a3ccbc166e668d13e090df85c87931b59281984e44431b792bc5d833e1e74c61
4414,mb-dielectric-4415,V8 O20,V2O5,O-V,Pnma,62,28,2.12694977216984,0840a05c744d1b66c723b3f944afcce3f99a993629a70d1bc70ba8b152a4a73c
4415,mb-dielectric-4416,Li3 Mn1 V1 P4 O14,Li3MnV(P2O7)2,Li-Mn-O-P-V,P1,1,23,1.6830746665948406,5d7e6944f0c9a04e483b27b1fe11118f60deb339e79838716a1269e2b80f1963
4416,mb-dielectric-4417,As8 Pb8 Cl8 O16,AsPbClO2,As-Cl-O-Pb,P2_12_12_1,19,40,2.1108195091006716,4e9ee08497993df79f99da8d36df35f36c514f1eadebbd51713d897ea144e113
4417,mb-dielectric-4418,Sr4 Al4 H20,SrAlH5,Al-H-Sr,P2_12_12_1,19,28,2.128335030017596,4dd68bdc1951e99cd471ba8a6211af16ef6d628c1f99301b34ccc3591e5eb544
4418,mb-dielectric-4419,Nd3 Al3 Si3 N2 O12,Nd3Al3Si3(NO6)2,Al-N-Nd-O-Si,C2,5,23,1.9422149726536453,628460ea66a4c2f84f895e498f65e6fdd1dc491fba25da0934b441c4c663ccee
4419,mb-dielectric-4420,Sb8 O12,Sb2O3,O-Sb,Pccn,56,20,2.2375581929117883,0760f4a3be91d9ed755b8aabf37f8df7b7d98bbef9e277162e71057d6788f0f4
4420,mb-dielectric-4421,K12 Co2 Se8,K6CoSe4,Co-K-Se,P6_3mc,186,22,2.0991275965664093,7d3eb0772444c3407fe88959ffecb713c5019950564049e45f73a2d18d6dfc1a
4421,mb-dielectric-4422,P8 W2 O24,P4WO12,O-P-W,P2_1,4,34,1.5894405724446992,60287f59aaa7ca2c74845176407cbd991b931331df46f12e7943172de022f203
4422,mb-dielectric-4423,B4 N4 O8 F16,BN(OF2)2,B-F-N-O,P2_1/c,14,32,1.3957077057894323,ea1ce73e4539023fa492dfc585bc16a716ce55946d37c798cadb1476fdb236d7
4423,mb-dielectric-4424,Cr1 Te1 W2 O12,CrTe(WO6)2,Cr-O-Te-W,P1,1,16,2.4485209821441187,55c10c0f942a28c883a1f9f3991f22c6faeb969fb55f5b1229c167dcc16b218b
4424,mb-dielectric-4425,Te3,Te,Te,P3_121,152,3,10.881819700769668,771c20671f48eb74f1b90b344aed7f8b701a47848ebc437d6661c08f3694e471
4425,mb-dielectric-4426,Li8 Cr4 H16 O24,Li2Cr(H2O3)2,Cr-H-Li-O,P2_12_12_1,19,52,1.6600029116440327,ba603139022d0b0efa6f0c5cce8dc5b665bcbc6bfa969078bbcdecb33f35bbac
4426,mb-dielectric-4427,Li1 Nb1 Te2 W1 O12,LiNbTe2WO12,Li-Nb-O-Te-W,P1,1,17,2.372367734282918,af075cd6c89dc311277b96e3b7d131f81ed970dcbebf7ef73099b0eb7e9f1e8e
4427,mb-dielectric-4428,Ca4 Zn4 As4 H4 O20,CaZnAsHO5,As-Ca-H-O-Zn,P2_12_12_1,19,36,1.8669311717361192,a67467e8766ea7de48dcb7663867d6e67156ad047ad1e2e5f07189dec130bd46
4428,mb-dielectric-4429,Rb2 P2 S6,RbPS3,P-Rb-S,Immm,71,10,1.8712185869107114,5ff8bf3568481b57bbd468607fd87ea2a295f783d6c020ff48679425ff8a43f5
4429,mb-dielectric-4430,Na8 Al6 Ge6 B2 H8 O24,Na4Al3Ge3B(HO3)4,Al-B-Ge-H-Na-O,P-43n,218,54,1.5703598313762364,398808ac922f6876361002d02ca3160f89d5aaf94d29d03e0d401f35900abea5
4430,mb-dielectric-4431,Ag4 Ge2 Pb2 S8,Ag2GePbS4,Ag-Ge-Pb-S,Ama2,40,16,2.9279896402366816,f662cabf7e1c22405b6ad1852aaf0f342b090f3fd43faad8c56ad3ef14b192d2
4431,mb-dielectric-4432,Ca10 Al12 O28,Ca5Al6O14,Al-Ca-O,Cmc2_1,36,50,1.7549945868862376,55badb749ca88949d08601b0031e0f9eb28880371b8140b3f24de4e79421ed83
4432,mb-dielectric-4433,Li8 B16 O28,Li2B4O7,B-Li-O,I4_1cd,110,52,1.5940514420837149,25b3202f2e02cf76598065db87c67c2315df273c3dfc4bd6cb5d022ad6e07dff
4433,mb-dielectric-4434,Ca8 Zr2 N8,Ca4ZrN4,Ca-N-Zr,P-1,2,18,2.4726394803933713,314f434b456671f6a23c1fe9939c40874432a489fe004730cb5ced6f6a114137
4434,mb-dielectric-4435,Zn2 Ag4 Ge2 O8,ZnAg2GeO4,Ag-Ge-O-Zn,Pc,7,16,2.4856450537704156,49822c11b7ac2d0a317ee7344d7406c99d7718916fd8ba5f99515bdd28da18e0
4435,mb-dielectric-4436,Cu3 Te1 S3 Cl1,Cu3TeS3Cl,Cl-Cu-S-Te,R3m,160,8,3.183453418328384,5be92ad0727766c32b1c4dcd25d6cf0008251689aa618ee4a9aadf390bc67e95
4436,mb-dielectric-4437,K1 Na1 B2 H8,KNa(BH4)2,B-H-K-Na,R-3m,166,12,1.5561705133755963,784e13980c75fbc58e5b69f848b786b82eeacb0debe2ffe21fc293e600885564
4437,mb-dielectric-4438,V2 Br2 O2,VBrO,Br-O-V,Pmmn,59,6,2.098171743844308,9b013637686e7928e6e53c3b6a9a548757f7d99a9f36c18da43af85d8c1f3eba
4438,mb-dielectric-4439,P8 H24 O24,P(HO)3,H-O-P,Pna2_1,33,56,1.5692940026224107,26ebef6b5fd087973289e7f87ece1c066d819f8f7dbd5d41a3e89716886ec144
4439,mb-dielectric-4440,Lu4 Sb4 O14,Lu2Sb2O7,Lu-O-Sb,Ima2,46,22,2.154090063112497,a6fac70ee6cecac96c78e9bf50fcab4a4d0610c8e8beb7bf8fe0e9df086fb5c4
4441,mb-dielectric-4442,Pr2 P6 O18,Pr(PO3)3,O-P-Pr,C222_1,20,26,1.6628504643132125,864fb520547ae4d93bd6e4d4b5b18cc8827e53707a2190a5e063ea071ea8b0fb
4442,mb-dielectric-4443,Mg4 P2 N6,Mg2PN3,Mg-N-P,Cmc2_1,36,12,2.101834040387902,0a15a8ba9202c975ee0f4ec2eb9141d21bd35fe78ab791219c2a0f22118bbfe3
4443,mb-dielectric-4444,Li1 V1 Te3 O12,LiV(TeO4)3,Li-O-Te-V,P2,3,17,2.2403193224776388,d7790fc2854485ea86032f2d7e194fdd4e3118fb2e2cc2d5f4d14199b05dbf2a
4444,mb-dielectric-4445,Na8 Ca4 Si4 O16,Na2CaSiO4,Ca-Na-O-Si,P2_13,198,32,1.6812718400068445,3651c2ea6a812e60bddcfefb33f74c39faa674ad2674814dd38e2cdf9a1952ec
4445,mb-dielectric-4446,Li1 Bi3 P2 O10,LiBi3(PO5)2,Bi-Li-O-P,P1,1,16,2.0428405060927624,c014b79737db485220cfb433b2bf9c6060ab3147da9dcf4e9445998ee37a3081
4447,mb-dielectric-4448,Li4 Cu4 S4,LiCuS,Cu-Li-S,I4/m,87,12,2.1496834650710794,8b13b3a79f5aa78dd57fd7c3ccdc6a073684539bae13b6046d61c4fd1b36069d
4448,mb-dielectric-4449,K2 Ta2 Cu4 Se8,KTa(CuSe2)2,Cu-K-Se-Ta,Ama2,40,16,2.3756744305565105,3a7665d90f517f01ee65c9fd0681d9cd482dbf20e388be00055e38fa67d9a520
4449,mb-dielectric-4450,Na4 Cl4 O12,NaClO3,Cl-Na-O,P2_13,198,20,1.530454507654507,a389f70885633fbaaa6812a3a91fa9e731e8afb452f81c58ce3942bc95dfb882
4450,mb-dielectric-4451,Ga2 Te5,Ga2Te5,Ga-Te,I4/m,87,7,3.7223200650592463,30cecaf0e31a2135aeef1ba599e7850301a6aeaa25ec2b923595553685ce640b
4451,mb-dielectric-4452,Li4 V2 Cr6 O16,Li2VCr3O8,Cr-Li-O-V,P6_3mc,186,28,2.5769265931855103,084844fd9a36692f89f6f9d2f92899f22e506a4dde28b653952761fdc163828e
4452,mb-dielectric-4453,Nd2 H2 O4,NdHO2,H-Nd-O,P2_1,4,8,1.9605394665754627,c14bb8520afff7e711c5be0e03d10296ee7a309b4df08302c9da4bb02d04f2b0
4453,mb-dielectric-4454,Ta2 As2 O8,TaAsO4,As-O-Ta,Cmc2_1,36,12,2.387299729820284,d1a76322ff7f70badc885e2fbece93162bd6bd4b097756a29bea7eb0bdf3500f
4454,mb-dielectric-4455,Cr2 O6,CrO3,Cr-O,Ama2,40,8,2.09495401699735,c73b245b5cdbbcb5e2d0cb48688882e22a46bc0e72942a68bccb64bf42d26f1f
4455,mb-dielectric-4456,K2 Mn1 H4 Cl4 O2,K2MnH4(Cl2O)2,Cl-H-K-Mn-O,I-42m,121,13,1.641002335972337,bf9840b2aad9034634903a812c1ae946aa26a0d54d26338aa6d45d34fc42265a
4457,mb-dielectric-4458,Ti2 Br2 N2,TiBrN,Br-N-Ti,Pmmn,59,6,3.030498858823962,1697510be49025db62a98ba7993d70770fa43e0279badc8d761299b8fa9c6813
4458,mb-dielectric-4459,Ca2 Br4,CaBr2,Br-Ca,Pnnm,58,6,1.7691806012954134,2f58c26016761d1eb1cdff126be11c7f29a3bcea2df0a8b61e8ffb3a0d983410
4459,mb-dielectric-4460,Ti2 S6,TiS3,S-Ti,P2_1/m,11,8,3.168069864549497,8c23f2d9ffab5794c5134cb25bae10d191c1ea28039e53c3d5ef8f19bb102873
4460,mb-dielectric-4461,H8 C2 S2 N4,H4CSN2,C-H-N-S,Pmc2_1,26,16,1.3694719176870087,7ed9ce1e82613b2acaa2054d151dc939420ed2ca41e60a1eb2e9dd5782153212
4461,mb-dielectric-4462,Bi2 O3,Bi2O3,Bi-O,Pm,6,5,2.4951655255714003,aff1202406125d3f4d38d8471b781ce9be61dee3609603b5588f0821955c2cc0
4462,mb-dielectric-4463,Na12 As4 Se12,Na3AsSe3,As-Na-Se,P2_13,198,28,2.314664770544538,e15b80692081db2663eec49acdde7ff825af5da40589005215df87ac7e06e097
4463,mb-dielectric-4464,Ca10 Ga4 As12,Ca5(GaAs3)2,As-Ca-Ga,Pbam,55,26,3.7399197852360415,71c783f48a1fc7b46f8a2a44089cd066f566d8f34e128db42356c829f424a6ec
4464,mb-dielectric-4465,Li2 Mn1 Br4,Li2MnBr4,Br-Li-Mn,Cmmm,65,7,1.9121541081547622,31bdd17e6e6c4088c8a01059b0430fbccc7424cdfb7fff4fde8b4d093716ad57
4465,mb-dielectric-4466,Na8 Al6 Si6 C1 O27,Na8Al6Si6CO27,Al-C-Na-O-Si,R3,146,48,1.4688212961419098,728c0d2d51dd9cee9035fb36fe4cbf0e608d202e143ac0e98587f21874024992
4466,mb-dielectric-4467,Ca8 Sb4 S2,Ca4Sb2S,Ca-S-Sb,I-42d,122,14,3.0611080782400784,401ed6e1217a6cd4d0cbb87ec8da2a38a4f2654732ed9e286691caae71a22cbc
4469,mb-dielectric-4470,Ca8 B8 O20,Ca2B2O5,B-Ca-O,P2_12_12_1,19,36,1.6984477226769938,1b172c04aa731172bcbe8ff9a040973bbc247f1b769c39eb2f0082813164c3f7
4470,mb-dielectric-4471,Na18 As6,Na3As,As-Na,P6_3cm,185,24,31.002267040761172,c526b86a7cb29f070b096626159b52bb2cb1c6002d33c113c3eb1f61ded9dd50
4471,mb-dielectric-4472,K16 V16 N32,KVN2,K-N-V,Pbca,61,64,3.5877492015654235,4db9d7812c218bf6f169f9d1d72c2ba631ab611167d3d972896c055e38f1e5fd
4472,mb-dielectric-4473,La6 Cu2 Sn2 S14,La3CuSnS7,Cu-La-S-Sn,P6_3,173,24,2.7463078244557177,29a09f32bb8e2f16a17ff0dc9c0ccdb821ea2dbeeda4e99cdc7e66f7f1af5634
4476,mb-dielectric-4477,Ba2 Al4 Si6 N8 O8,BaAl2Si3(NO)4,Al-Ba-N-O-Si,Cmc2_1,36,28,1.8433833025174118,43e01574a01dc79522c457619a4ecae8d49f0e59e291e2adb82ec1d7f039191b
4477,mb-dielectric-4478,Sr16 Ge16 N32,SrGeN2,Ge-N-Sr,Pbca,61,64,2.3920395760382673,0c6f2d37359b9f9f709529a92b58a27ea988c6360d690d0829e6af174c2af5a8
4478,mb-dielectric-4479,Zn2 Mo4 O14,ZnMo2O7,Mo-O-Zn,P2_1,4,20,1.8230234959173364,270e79a093353e73cbd2511b9da8f19b50a5b81e38d8ec5d8343eda8c09cdcf8
4481,mb-dielectric-4482,Li1 Fe3 O2 F6,LiFe3(OF3)2,F-Fe-Li-O,P1,1,12,1.699391852006672,e374fa1d33a1d64cb991fc47a86cdb25b4a26676652d5066f25266cd0074024c
4482,mb-dielectric-4483,Li4 Cl4 O16,LiClO4,Cl-Li-O,Pnma,62,24,1.5238110119040351,d676354124f0df326dead4e910fa8f81a0ed943e92eb6cb9b32b4b2a724bc637
4483,mb-dielectric-4484,K2 Cu8 As2 S8,KCu4AsS4,As-Cu-K-S,P2_1,4,20,2.8648727720441616,13355792422e5517333382192d24ed982703b19d35157d565291c5e2e42cd169
4484,mb-dielectric-4485,Ca4 Be2 Si4 O14,Ca2BeSi2O7,Be-Ca-O-Si,P-42_1m,113,24,1.7298714788484528,ab8b92e48e45089c0cd347bfbbbadf63d3445d645fd4e33c1e62266067de7a40
4485,mb-dielectric-4486,Ca1 Cd3 O4,CaCd3O4,Ca-Cd-O,Cmmm,65,8,2.46331030661317,c1bc40c2417ffddc880a3692a201b61f9b7754cfb3106d400c42bfa73dd231f1
4486,mb-dielectric-4487,Fe2 Te2 Cl14,FeTeCl7,Cl-Fe-Te,P1,1,18,1.8368417641883763,20ecd3bab0fd21a18387dfa338011816f1bdd315ba3393916674298a2f0d7362
4488,mb-dielectric-4489,In2 Br2,InBr,Br-In,Cmcm,63,4,2.615849129175877,fe9ef07a4ab01968f3ec1884e04905b8ef71b5b44b019215be4a17ceceba1025
4491,mb-dielectric-4492,Rb12 C24 N36,RbC2N3,C-N-Rb,P2_1/c,14,72,1.6355476147150225,7d281687fe02669363ba8bcf4421139cffac5899e5c260858661d44cc7265c31
4492,mb-dielectric-4493,Ti2 O4,TiO2,O-Ti,P4_2/mnm,136,6,2.845874206636688,1588e65f4b5272012b4d1c3161a67f6eda9f7c6e23ab4024b59357e9f8be189a
4493,mb-dielectric-4494,Rb4 Si2 As4,Rb2SiAs2,As-Rb-Si,Ibam,72,10,2.4863365285763925,29281798be3d0921e41b28aa4c708e1e4b82f6c4f96659f3c0e10d4c59d60e7d
4494,mb-dielectric-4495,Y2 Ag2 Te4,YAgTe2,Ag-Te-Y,P-42_1m,113,8,3.3514599803667657,05138300412fd3928a6ceba7219b8ff62ad2f598cea2d0b33570deda8867baa9
4495,mb-dielectric-4496,K6 As2,K3As,As-K,P6_3/mmc,194,8,3.7143415746715376,9fc3e894bf886dac3bf2af122b0989847d3d8d56d03341c9fec0628ee7ff06ef
4496,mb-dielectric-4497,Cd1 Hg1 O2,CdHgO2,Cd-Hg-O,C2/m,12,4,2.40984715974548,8249d58f00aa1edcd0ffdbdcec2d28f4890b9c5521406fe984f0bacf2374c9f0
4498,mb-dielectric-4499,Ca2 Tb4 S8,Ca(TbS2)2,Ca-S-Tb,I-42d,122,14,2.7685363160582406,8bfeb7daad0fe1b3792b1b47f9a4c828f1a940820ca7a659e52129a01a55dc15
4499,mb-dielectric-4500,H16 C4 S4 N8,H4CSN2,C-H-N-S,Pmc2_1,26,32,1.7428649785147827,0fc4496e24da562c62794526183b409e4b4b8de223b5e21c5abc6a3a1ed34aff
4500,mb-dielectric-4501,Sr1 Se1,SrSe,Se-Sr,Fm-3m,225,2,2.2753021777337876,7e4bc74c6d2901a654a949f31c6c66632aa4955da72b71af060f716be59fa35f
4501,mb-dielectric-4502,Cs4 Cu4 Se16,CsCuSe4,Cs-Cu-Se,P2_12_12_1,19,24,2.807886809209611,bcc35a491ee33691beee4d2545f8e14c65844f68b054f6a4c976cc061bcb5211
4502,mb-dielectric-4503,K1 F1,KF,F-K,Fm-3m,225,2,1.4470659971128883,46ec8bd812eb5afe5c57363d528b8095d8155606bba291fc8b24aa014bd05546
4504,mb-dielectric-4505,Li2 Te1,Li2Te,Li-Te,Fm-3m,225,3,2.228751518957051,18259161581ba69ad9f14bdb68123f067aa64966d976caa1e439b741c95bb53d
4508,mb-dielectric-4509,Rb2 O1,Rb2O,O-Rb,Fm-3m,225,3,1.8686001890952786,59a47ae010606bbcfd998281ef42dc99d6a11057945fed140edf95aec165465e
4509,mb-dielectric-4510,K1 Zn1 F3,KZnF3,F-K-Zn,Pm-3m,221,5,1.5328874714081269,8e8e1a2c473862a297ec9d7a8131be53559adc9b22a83816dd592b0a4c4a16ba
4511,mb-dielectric-4512,Na2 Sm2 O4,NaSmO2,Na-O-Sm,I4_1/amd,141,8,1.9679518964310756,878c1f764a4b4994ac23c4cd54ad976af919544cc871381911211422fe3d07dc
4512,mb-dielectric-4513,Na1 Br1,NaBr,Br-Na,Fm-3m,225,2,1.6806744677630077,c1bbad8f56dcd2824f057ddb3cc286968512721216adffc2b2203271125b9834
4513,mb-dielectric-4514,V4 O4 F12,VOF3,F-O-V,P4_1,76,20,1.6896101128169578,304eb1c250d7cf76ab96deb543df15c30847296423fdc1538142fad2def97bca
4514,mb-dielectric-4515,Ca1 Te1,CaTe,Ca-Te,Fm-3m,225,2,2.567489045741018,90777df880321975560049377caf7d148383af12afcf51ca41e7082cf5b0c265
4515,mb-dielectric-4516,K3 I1 O1,K3IO,I-K-O,Pm-3m,221,5,1.8044788721400988,8925f3b3d81a886d2ce1dc75913e956f583b124a48aa845048ddc5e3efee03c9
4516,mb-dielectric-4517,Cr3 Si6,CrSi2,Cr-Si,P6_422,181,9,5.530526647616844,d209060c47a6bb8a5ffb64564dfb3555c139ea1bf0940db5d8e8361585f9ee0d
4517,mb-dielectric-4518,Te1 Pb1,TePb,Pb-Te,Fm-3m,225,2,5.1203638542588,40f43fb573f6404e88698c9cc14bd948cb0955ae2107d420d958e58f8acfdad8
4518,mb-dielectric-4519,Ca1 O1,CaO,Ca-O,Fm-3m,225,2,1.9695177074605386,df1946e6aebf8d77c5058426cef31c22b80102e143f47dd917b917cc86eb2b75
4520,mb-dielectric-4521,Ga2 Cu2 S4,GaCuS2,Cu-Ga-S,I-42d,122,8,2.9624314335644395,694256291fae24997be3131f710ee398b801418f9675e629f3de86621876ca4b
4521,mb-dielectric-4522,Hg1 F2,HgF2,F-Hg,Fm-3m,225,3,1.9595917942265593,2dda969b9e2cdcf196c87627e962ac468497961c2588ed21318becb2e6eb68f5
4524,mb-dielectric-4525,Na1 Li2 Sb1,NaLi2Sb,Li-Na-Sb,Fm-3m,225,4,3.0429648371284097,b52eeae865d46da3eee5e7f59248ca5c8acfe582202399f3e2a08db08852342e
4525,mb-dielectric-4526,Nb4 O8 F4,NbO2F,F-Nb-O,P2_12_12_1,19,16,2.025471220893219,c743cf2ef9ef7e14dc0273213a358da64a7fb7b7b43b22ff7e6b8fec443289e6
4526,mb-dielectric-4527,Pb1 F2,PbF2,F-Pb,Fm-3m,225,3,1.8611824198611007,95924416722080623cc7049d9ed6d451fe60ba387cc60a60089d5e1f05ceaae3
4527,mb-dielectric-4528,Li6 Ta6 O9 F18,Li2Ta2(OF2)3,F-Li-O-Ta,P3_121,152,39,1.6777932927906638,8e47784bc0b89cbb2519f15e7431c3c09895d0978e6552fc63e0616da1934713
4528,mb-dielectric-4529,Li1 Br1,LiBr,Br-Li,Fm-3m,225,2,1.9227584351655234,258f20d1d2ea0edd52200c64de7e90b65f540d0c27227d1a2af2ca752008ee26
4530,mb-dielectric-4531,Eu2 Y4 S8,Eu(YS2)2,Eu-S-Y,I-42d,122,14,3.3539419090627196,c9ca2941b2f4f5623851bee44a1c9690f8e1920e5df443194b22314497eb3c5d
4531,mb-dielectric-4532,Na1 F1,NaF,F-Na,Fm-3m,225,2,1.3852797551398057,2fe1b2f8de8abfd9bd23d28d0615989ce0cf391121aa264e0b20df0f5e44cebb
4532,mb-dielectric-4533,Ba4 P8 O24,Ba(PO3)2,Ba-O-P,P2_12_12_1,19,36,1.6489882756809804,01b93e7a2df342e1fdba196f100d67189793feb4a0a140aa29b4c1c01312429e
4533,mb-dielectric-4534,K1 B1 F4,KBF4,B-F-K,P1,1,6,1.2846313349232406,d825cd47c89d61c8ce38515f7713820556ef115a932201769ffe339886df948b
4534,mb-dielectric-4535,Na16 P8 O24 F8,Na2PO3F,F-Na-O-P,P2_12_12_1,19,56,1.4853846864252596,8f924c35ee9ba0571d638dd91f1cbcfe86fd78a39ba2a0375aa0c92b69721588
4535,mb-dielectric-4536,Zr2 Se1 N2,Zr2SeN2,N-Se-Zr,P-3m1,164,5,3.2989191664341626,242be1da764ddd40393bfcde1888ddeb359a920ae8cd4df6e0b2ee831fc41ddc
4537,mb-dielectric-4538,Cs1 Ca1 Br3,CsCaBr3,Br-Ca-Cs,Pm-3m,221,5,1.7241165853851064,4186a5a68ede6395420c03eba05a5fa1edb3eef3998ea0a9f64bc5d0dcd634c0
4538,mb-dielectric-4539,Ag6 S3,Ag2S,Ag-S,P1,1,9,3.2924825992959583,faf68935cdd07c0841bb6d216d6ebcc380ac4af2c4149615bf651962e474676d
4539,mb-dielectric-4540,Si3 O6,SiO2,O-Si,R32,155,9,1.4557910793333873,0aa3702367f420a4aa5fbe9385af3374c8156641448f9d7e191d385994c746de
4540,mb-dielectric-4541,K2 O1,K2O,K-O,Fm-3m,225,3,1.7838161340227878,bf9feafb4129a5adbdf5afc1242739f38974f3b0ace2e73bd80a0a7439f9895d
4542,mb-dielectric-4543,K2 Hf2 P2 C2 O14,KHfPCO7,C-Hf-K-O-P,P2_1,4,22,1.5520065506734606,7fdf0d963aab74c41e522e5c5140110da602040cb306518e1f6fb57fb12f523e
4543,mb-dielectric-4544,Si4 O8,SiO2,O-Si,P4_32_12,96,12,1.4920604321988213,ce78fa94e850afdfb0b9cfa86d8ac746e2485a7015666e1fd0c42dbcecadf29b
4544,mb-dielectric-4545,Tl1 Br1,TlBr,Br-Tl,Fm-3m,225,2,2.14876297746711,a7bb75206800a8aa4afaa4cf2bca0c54158b78eb571a62e56e308b0dec2ccee3
4545,mb-dielectric-4546,Li2 Tl1 Bi1,Li2TlBi,Bi-Li-Tl,Fm-3m,225,4,9.769216959408778,9a8d7fcf8fd9dc4cd8f284cdc412748f7489093276a8c98badd067370210fa0b
4546,mb-dielectric-4547,Na12 Os4 N8,Na3OsN2,N-Na-Os,P2_1/c,14,24,2.225850698796605,a803707d1efcd16d9bf38dd118b9d64411db49310bb9b49b672d7b90a83cb4ab
4547,mb-dielectric-4548,In2 Ge2 Cl6,InGeCl3,Cl-Ge-In,R3c,161,10,1.8873430177544994,e0503a420bd716b52ec776f966c86d82b4cde1292bb156714dce9afd041484b9
4548,mb-dielectric-4549,Al2 Cd1 Te4,Al2CdTe4,Al-Cd-Te,I-4,82,7,2.822188925875327,e88e6137149242aa5c420ca197a8201a26c7d6377f447bbc63d882a001c46f25
4549,mb-dielectric-4550,Pd2 F8,PdF4,F-Pd,Fdd2,43,10,2.312417638172943,71b1f4c0a82e371ff7e85c40ded07e0f38ef951b8eef0d09b64d36517e9a7e62
4550,mb-dielectric-4551,Rb1 Cl1 O4,RbClO4,Cl-O-Rb,F-43m,216,6,1.4365096588606696,20e4c3141320143e530d273e5dbc7a676750b395f4f4bf155d93df574df8fe3b
4551,mb-dielectric-4552,Sr2 Hg1 Pb1,Sr2HgPb,Hg-Pb-Sr,Fm-3m,225,4,9.775962765886545,c9c2183501b69d981ad95712afeafe05d5d48157fe9089d55b14a768ce63eb60
4552,mb-dielectric-4553,Tl3 V1 S4,Tl3VS4,S-Tl-V,I-43m,217,8,2.7242892651111785,d3278fb54a64a04353a9943631a0b545998bd906253d04730803ed0fda02124d
4553,mb-dielectric-4554,Li1 Al1 O2,LiAlO2,Al-Li-O,R-3m,166,4,1.758407992095877,b8f80b1a799f0196ca63bd5429c0795e5ee69d005519067ab84632a04860aebb
4554,mb-dielectric-4555,Sb8 O12,Sb2O3,O-Sb,Fd-3m,227,20,2.060744202142034,1bdad9d912ce8a9d0376f5b119ce52b4d33e85f9e29a4ddc4c91833a9670e780
4555,mb-dielectric-4556,P2 N2 F4,PNF2,F-N-P,Cmc2_1,36,8,1.5368852700619304,8bac1634393ba0700d97e30de7c839a4ddd6c71ae546ef2faa614b050a2c7232
4557,mb-dielectric-4558,Sc2 Bi2 O6,ScBiO3,Bi-O-Sc,R3c,161,10,2.4406327731417052,488ed10c4d6860589c8819eaa5476e1ba20aee5c4c634f75c10066d97afa7590
4560,mb-dielectric-4561,Y16 Te12 N8,Y4Te3N2,N-Te-Y,Pnma,62,36,2.9993037525399124,47e563f5bcb401e64c324578e3cbc56ba019285535174337822694328ebaad09
4563,mb-dielectric-4564,Mo1 F6,MoF6,F-Mo,Im-3m,229,7,1.3860802045095735,b9f61afe4581687086ae117ddefb74ca368f73bdae52a2a47281ef534d5f4ee6
4564,mb-dielectric-4565,Na16 Nb16 N32,NaNbN2,N-Na-Nb,Pbca,61,64,2.5931195498858126,ff2aecedab479b6b12127ecfc9750d757188e7167853f8329508851f7619b97c
4565,mb-dielectric-4566,N4 O4 F4,NOF,F-N-O,P2_12_12_1,19,12,1.3944573616046256,f3e22bad9217dc7925d5cb2c670c47a038ba5f2f04a15d3b6af9d40b069521ef
4567,mb-dielectric-4568,Al1 F3,AlF3,Al-F,Pm-3m,221,4,1.3797342255103051,f8510d85e43936ba398b2f06fb96df10b58d6b5ddc550625cfe404c812396f0e
4568,mb-dielectric-4569,Ba1 O1,BaO,Ba-O,Fm-3m,225,2,2.064945519862451,096ba96634547fd62e07c5229aa87572f11940715fa3c2b1e648652fd5ec1a09
4569,mb-dielectric-4570,Li2 Ti2 P2 C2 O14,LiTiPCO7,C-Li-O-P-Ti,P2_1,4,22,1.7427499342514214,3c08972dffa93923f6ca94b021855e6ee72ee8e4a65b757a25810728d113178f
4570,mb-dielectric-4571,Sr1 O1,SrO,O-Sr,Fm-3m,225,2,1.9743353311938125,8f5eb9e77e5ebab310291f79756dca3f3f32db8819f4d804e12813bf624a819e
4572,mb-dielectric-4573,Hg8 Se4 O12,Hg2SeO3,Hg-O-Se,Cmc2_1,36,24,2.0956333966925924,996bafc6fc61705444856282bf280df961bea96b8ac8abc73ce391817f8b9a13
4574,mb-dielectric-4575,Ca1 S1,CaS,Ca-S,Fm-3m,225,2,2.2333830840230333,5447f392e863452de987e43597df8b9467402ee41b89d5ef29ef59e676ef46ce
4575,mb-dielectric-4576,Y1 N1,YN,N-Y,Fm-3m,225,2,3.927849284277742,07ecfef565f07f844f070eb5c030ca3a978f82810c0922a018e5711521942028
4576,mb-dielectric-4577,Li1 Cl1,LiCl,Cl-Li,Fm-3m,225,2,1.7854971296533293,aa435c328ffa50d058ea8cb55e47b06a7c0532133d25d90a987520b5d0b6043b
4577,mb-dielectric-4578,B3 P3 O12,BPO4,B-O-P,P3_121,152,18,1.6632627573537524,2855ec6a3b29727232ba96e81e6adfede22443378ffd6488bd27a356ebef0472
4578,mb-dielectric-4579,H2,H2,H,P6_3/mmc,194,2,1.1229425630903853,410e2d42180d11844b0e03fb90330bcb7543d6fe755e1a0cfab39cb09c4540a7
4579,mb-dielectric-4580,Ce1 O2,CeO2,Ce-O,Fm-3m,225,3,2.8222331583340186,d1583085bbfcb75e50c95ecad09cedf8d96c8b5aa788823fdaf01f520912b816
4580,mb-dielectric-4581,K1 I1 O3,KIO3,I-K-O,R3m,160,5,1.8945205198149715,5de99cc6f5056a075b5b56a0a3cdd5fe6e70943272388aee2cb2ecb6ea69d102
4581,mb-dielectric-4582,Na2 Te1,Na2Te,Na-Te,Fm-3m,225,3,2.079102370414536,74e8b85dbd331842e31bdaa042232398f7685b14f6cfffa942b73740506b2376
4582,mb-dielectric-4583,Rb1 F1,RbF,F-Rb,Fm-3m,225,2,1.4349216006458494,1e845dc220de8f8da17dda916ef4cbfa21816870a7affab6eca83885f14f3acc
4583,mb-dielectric-4584,Li2 S1,Li2S,Li-S,Fm-3m,225,3,1.965705980048936,627bfbc08f223848d28f2d2132ef75f050ee4965fda1a8efd8149c103238695b
4584,mb-dielectric-4585,K1 Br1,KBr,Br-K,Fm-3m,225,2,1.6595180023127352,53103cae90bf0c86d2979e36d82c6cbacaa8e16feefd4f3e068916d451f835a3
4585,mb-dielectric-4586,Ca1 Mg2 N2,CaMg2N2,Ca-Mg-N,P-3m1,164,5,2.4174805066432294,35c3d115713b12b5ead59cf8dcc246b297fe7321873ab5b9e85688d8f81b30c1
4586,mb-dielectric-4587,As8 O12,As2O3,As-O,Fd-3m,227,20,1.6734196524884615,6f663a5ff808efcffc2cbbc347eb94a2217cdb5da60f0acfd7252fda5e9e59be
4589,mb-dielectric-4590,Ba1 O2,BaO2,Ba-O,I4/mmm,139,3,1.8761663039071308,5cacbda6bd74a757fcc5111b457809edc6fdb544c322ded45c9f180ec71f18ea
4590,mb-dielectric-4591,K2 Sn2 O3,K2Sn2O3,K-O-Sn,R-3m,166,7,2.2098023290179984,59144b25a20dc837d9d90e15595ac69782f902916f63d4a7efd1e181b1c7c5d7
4591,mb-dielectric-4592,Li4 Mn2 P4 H2 O16,Li2MnP2HO8,H-Li-Mn-O-P,P2_1,4,28,1.8535591888760032,324e7f1e712557fbc905d4506466bfc8f45181cc0a4599e355215b7ec5173b8c
4592,mb-dielectric-4593,Sr10 Si4 N12,Sr5(SiN3)2,N-Si-Sr,C2/c,15,26,2.330222521563123,b537651775f46b9945c9f9511c77b82a6e8c104b5631a35d73567d6167f6b34a
4593,mb-dielectric-4594,Ca1 H2 O2,Ca(HO)2,Ca-H-O,P1,1,5,1.6263500033305665,bb457c915ff4616ef90920767c286d5858790d39cd1a0e19eeccf5b2bbe37d31
4594,mb-dielectric-4595,Na2 O1,Na2O,Na-O,Fm-3m,225,3,1.8088670486016276,11291372747e0c21f4d41985daa183f5643b9dd88beaf20af548c8b4a6c1bb6b
4595,mb-dielectric-4596,Li2 O1,Li2O,Li-O,Fm-3m,225,3,1.7092905230475297,8179301dfe11da3b024f8656e96039824b0bf69d708c05e28cac1fb88291bd30
4597,mb-dielectric-4598,Rb1 Cl1,RbCl,Cl-Rb,Fm-3m,225,2,1.5102979838429307,3bad56f93f74e045efe020bdb9fb88e8b1d0aeb76e9129c5c9519927852f35e1
4598,mb-dielectric-4599,Ca1 F2,CaF2,Ca-F,Fm-3m,225,3,1.536229149573748,397f0b2caa8903a3b33a5360df75237264deca9fad85d2afff0058a7e526cecf
4600,mb-dielectric-4601,Li3 Bi1,Li3Bi,Bi-Li,Fm-3m,225,4,3.711693234452241,bfacbe8a7694b8b35c445d115340a8eb4ccc60ed6a3315738888cd74738f60d0
4602,mb-dielectric-4603,Li1 F1,LiF,F-Li,Fm-3m,225,2,1.4543039572249332,bdaddf9619c5856e5a97fcf14c374531b179e874cf66114c2c68d1fa629c42b6
4603,mb-dielectric-4604,Mn2 O2,MnO,Mn-O,R-3m,166,4,2.2120880043679096,c089c73c2bed21efbe45fde40d533430e796d7e0a1c4fbd28ac9b92a61891af1
4604,mb-dielectric-4605,Rb1 Br1,RbBr,Br-Rb,Fm-3m,225,2,1.5662056059151577,510b80ec3f0f59674e96cc6fc672a14f9105e2188fa6b615ef5fe0dca6d99441
4605,mb-dielectric-4606,Mn2 P2 O8,MnPO4,Mn-O-P,Cc,9,12,2.2742935166772122,c71abb200f214a79ab6b0a13248282083b396080b5d5a5dfd33948393afa3fe3
4606,mb-dielectric-4607,K2 S1,K2S,K-S,Fm-3m,225,3,1.75945067184785,3882a227bce2abe3dc4bcad9969b6b7076f15be954be197645e189f00da99fb9
4608,mb-dielectric-4609,Ag1 Cl1,AgCl,Ag-Cl,Fm-3m,225,2,2.3985412233272516,bb32e4986d181f54569764eca324f78d2ead04f2bcfa9bc1377f9503199507d1
4609,mb-dielectric-4610,Rb3 Br1 O1,Rb3BrO,Br-O-Rb,Pm-3m,221,5,1.8600943524455957,899fe62a5699422b1e794aa72090e4ed479b0610514cb6b17257ba6caf9a6878
4611,mb-dielectric-4612,Ca2 Bi1 Au1,Ca2BiAu,Au-Bi-Ca,Fm-3m,225,4,6.7268082327356415,92cb6ab8f2edd6ad9e9e2ceb47057010e7eeaceede2ccbfa8e9974e6d612d565
4613,mb-dielectric-4614,Na1 Ca1 As1,NaCaAs,As-Ca-Na,F-43m,216,3,2.5550108936493046,81e7e622b843fd4e83924b29766349efa85dc0106daaa3b576cf171ee5f180dd
4614,mb-dielectric-4615,Tl1 I1,TlI,I-Tl,Fm-3m,225,2,2.7237841324158674,c405c006fc15e237754995d14d66c317df068feab4637527aaa911865687dc9d
4615,mb-dielectric-4616,Nb1 Cu3 Se4,NbCu3Se4,Cu-Nb-Se,P-43m,215,8,2.7123699968846435,f7ffff72f4b751f41c6c5d0b1fea7b21a5a182cb56532cac14843fce461d96bd
4616,mb-dielectric-4617,Na2 In2 Te4,NaInTe2,In-Na-Te,I4/mcm,140,8,3.073866457736902,1cb4f73c318b3fd37fd8f4c560829aa9c0b76d63907d59e1c9f061acbf060bc2
4617,mb-dielectric-4618,Li4 Ga4 S8,LiGaS2,Ga-Li-S,Pna2_1,33,16,2.2013402735606324,79d20e17d729a420f504bc2c059b35557f71ae824532856a92efaccf0b61f6c8
4618,mb-dielectric-4619,Li3 V1 S4,Li3VS4,Li-S-V,P-43m,215,8,1.7793327401023116,190f7a6106b09f6b84fb90854eddee6d38303923f431d8211d8254a2a16f1481
4619,mb-dielectric-4620,Rb1 I1 O3,RbIO3,I-O-Rb,R3m,160,5,1.840225348519397,c51ef871cda0f3d5c85693a23043ac00f2b6e5fcc5a7d33d273ee246669672a9
4621,mb-dielectric-4622,K1 Na2 Cu1 O2,KNa2CuO2,Cu-K-Na-O,I4mm,107,6,1.8275043091604461,a2cbc842272f208d8462a5f6cb93ba123dffcc4bf9c432708a5d4914ccdcbdb6
4622,mb-dielectric-4623,Na1 H1,NaH,H-Na,Fm-3m,225,2,1.7697457444503844,da87200c4c1bca2f687c5cb9c6dbfa5786050e568b4972ab6859dd18b4832f24
4623,mb-dielectric-4624,Li2 Cr1 W1 O6,Li2CrWO6,Cr-Li-O-W,R3,146,10,2.9391058731072173,33c08f85c4b167a21be8a612396d89c8bb637b2e1cb39687b19c0abd60b3153f
4624,mb-dielectric-4625,Na1 Sb1 F6,NaSbF6,F-Na-Sb,Fm-3m,225,8,1.3164345787011331,c179dc4bedcac9c543ed01a98d8c045524800e1556f3bb8a4ed1672cd54de29b
4625,mb-dielectric-4626,Li1 Mn2 C4 O12,LiMn2(CO3)4,C-Li-Mn-O,P1,1,19,1.9169762648504547,da8fc0143970763b60f372d0006ef6a7083365e2fbdddf10cf4f833da63dbeaf
4626,mb-dielectric-4627,Li5 P1 S4 Cl2,Li5P(S2Cl)2,Cl-Li-P-S,Amm2,38,12,1.953545409420188,831745378f8ca3d5aa74a52f53520ba5ec43a09ff2b5ad42de07b5d87f0fe586
4628,mb-dielectric-4629,S1 F6,SF6,F-S,Im-3m,229,7,1.3091982279242818,d345b7c7129255d0c277f20b827e08f1099129d46c9799a9d90c75fff2149a87
4629,mb-dielectric-4630,Li1 H1,LiH,H-Li,Fm-3m,225,2,2.248777445635767,be012c08de8682c1a10bd48558dfd0704a5299e14ed2e001c133bc039bdbda61
4630,mb-dielectric-4631,Mg1 S1,MgS,Mg-S,Fm-3m,225,2,2.3238617285261154,a00ebda5551e90895b40fee2be5347911a4d69393a1d5e10936d6e397235897b
4631,mb-dielectric-4632,Sr4 As2 O1,Sr4As2O,As-O-Sr,I4/mmm,139,7,2.815965790511899,d57c7398c839672fc95b3f172298460e92564fe6003710a6863cb401e45e526e
4632,mb-dielectric-4633,Ba2 Bi1 Au1,Ba2BiAu,Au-Ba-Bi,Fm-3m,225,4,4.713770571421568,deaa820e36f10e05af62b4a624c845a2ee058074ea2b4174d27e2f8ccbe44664
4633,mb-dielectric-4634,Nd2 P6 O18,Nd(PO3)3,Nd-O-P,C222_1,20,26,1.6655688717872543,026ad08a25b91da6fffe85c114d000b6a52c89a144ded507b93e9b32c86046e0
4634,mb-dielectric-4635,Cs1 Cl1,CsCl,Cl-Cs,Fm-3m,225,2,1.6223439832538753,c0d1125f00f532204d83b7604f1286eed98d81b94e708813dfe776d6f0556c76
4636,mb-dielectric-4637,Sr2 Sn1 Hg1,Sr2SnHg,Hg-Sn-Sr,Fm-3m,225,4,8.319696148297727,d6e1b33c7b1cf8d575bf4fc3dbad82675b53cf44713bad05b57be5dbe27a7b0c
4637,mb-dielectric-4638,Rb1 Ge1 I1 O6,RbGeIO6,Ge-I-O-Rb,P312,149,9,1.752379049559008,7b32e532a5d696f7b169e17d5a1fb1f7b450c421121a4cb62a012ecce208b634
4638,mb-dielectric-4639,Ca3 Cd3 Ge3,CaCdGe,Ca-Cd-Ge,P-62m,189,9,1.0,73e8e9cd5055f8f04b9a0c8f4491e6b623b5d43393494ecc6bc42fd916a6ff69
4640,mb-dielectric-4641,K1 N1 O2,KNO2,K-N-O,Cm,8,4,1.4875324086105375,5b1345095e51f0f07790c9ace50b659d17f88ab3d21187fcbc3d0acd65d7f50e
4641,mb-dielectric-4642,Cs2 Al2 O4,CsAlO2,Al-Cs-O,Fd-3m,227,8,1.7960557712201892,e4fcbbf7cca6bbf6456b5180b10ebc482d36b244bd012880fe8f69c3f2aff018
4642,mb-dielectric-4643,K3 Cr1 O4,K3CrO4,Cr-K-O,I-42m,121,8,1.653402350709994,ec4451ee7b46ef99782355f3e8394b40d5009764a36f1c4e08ee168798588226
4643,mb-dielectric-4644,H12 Os1 N5 Cl3 O1,H12OsN5Cl3O,Cl-H-N-O-Os,I4mm,107,22,1.6914716472153275,d75a54cfe6b9196cd5776c61494b80927ba60e47ddae6ddcdaf1cd9e3011b949
4645,mb-dielectric-4646,Zn4 Ag4 P4 S16,ZnAgPS4,Ag-P-S-Zn,Pna2_1,33,28,2.4886798374506376,550e99f8b5400fe0ab3ce79584dff3500b2e04c9e09694a12e7b3f97afcd3b91
4646,mb-dielectric-4647,Ca6 V4 O14,Ca3V2O7,Ca-O-V,Cmc2_1,36,24,2.4161158912601852,d4da2698e758d5fdf095b4d6a4a20d2e1ed0cc5cc4715186850113abc6a4ebde
4647,mb-dielectric-4648,Re4 O14,Re2O7,O-Re,Cmc2_1,36,18,1.5843084716472777,88e3370e206a91957f1a5a13dd51ec92b2274b3339a8d0763fc947018811adb9
4648,mb-dielectric-4649,K2 V2 Cu4 Se8,KV(CuSe2)2,Cu-K-Se-V,Ama2,40,16,2.6538151153889125,9f7661099c313d68de00a0a744c08bde3656da1999be29be7b7f105a2b5ab0b3
4649,mb-dielectric-4650,Ca2 Mn1 W1 O6,Ca2MnWO6,Ca-Mn-O-W,P1,1,10,2.137215634105896,fb26dff73696ca6819ded59182ab99b678b692348a969c8f6d021c6b3f51f241
4651,mb-dielectric-4652,Ca8 Tl8 O20,Ca2Tl2O5,Ca-O-Tl,P2_1/c,14,36,2.4065481503597637,8cf8284eece6a49490bb0624fef6edc7f6a99e61da972bf28c2186129cd6db3b
4652,mb-dielectric-4653,Sn2 F8,SnF4,F-Sn,P1,1,10,1.5883249588775015,8dc2b06be5032d4e804c50240882ba5c0868b40eeb282b08d1ef61b6b6330e0e
4653,mb-dielectric-4654,Zn6 Mo4 O14,Zn3Mo2O7,Mo-O-Zn,Cmc2_1,36,24,2.4928594023731065,8d88758355ca22e38e2003691ad294765201220acbed3839d393c7722d4848e7
4654,mb-dielectric-4655,Cs1 Ge1 Br3,CsGeBr3,Br-Cs-Ge,Cm,8,5,2.1160692332719173,d3af2aeee88a955b86411691d18f689978739f7fdc4d4c73f17d0c6c9dfe0035
4655,mb-dielectric-4656,Na6 Sr2 P2 C2 O14,Na3SrPCO7,C-Na-O-P-Sr,P2_1,4,26,1.5693660078728182,ad96a78d4f21aa53f80e6a165dc2ce0b83536bbba38943f1e338539db9b5a284
4656,mb-dielectric-4657,Cs1 K2 Bi1,CsK2Bi,Bi-Cs-K,Fm-3m,225,4,3.4020460020405365,e65881a073ee243f76eb9d8ffdd5fb48deee439f629090603c02912bb9a8207d
4657,mb-dielectric-4658,Al1 Fe1 W2 O8,AlFe(WO4)2,Al-Fe-O-W,P1,1,12,2.132404198707803,527843dd58e8b14c03c7e6244399336155d753a68247e4e71bd0c8e94252ea69
4658,mb-dielectric-4659,Ba2 Y1 Cr3 O7,Ba2YCr3O7,Ba-Cr-O-Y,Pmmm,47,13,2.4300441011159153,7ef0d7176165dda574e190222ab68d3e128a650164dbb90dcf9f49e47c004f33
4659,mb-dielectric-4660,Li2 Cu2 S2,LiCuS,Cu-Li-S,Pmn2_1,31,6,2.6781400262122212,fce7d35077416d86d8828b68c2245ed1cf2b8a86d745b667c658717b0a739501
4660,mb-dielectric-4661,Cs2 Mg1 P4 H8 O16,Cs2MgP4(HO2)8,Cs-H-Mg-O-P,P-1,2,31,1.5453422490395667,e8b375a765c868af17a63f77be5c9d9f26aadf7c7bd596478282b05f6e898dda
4662,mb-dielectric-4663,Dy4 Be4 Ge2 O14,Dy2Be2GeO7,Be-Dy-Ge-O,P-42_1m,113,24,1.9430048893402196,30818ced153e468a1517da15d7aa8af1e9508a0b73813d18b7bbb4118e704144
4663,mb-dielectric-4664,Mg2 Sb4 O12,Mg(SbO3)2,Mg-O-Sb,Pmn2_1,31,18,2.1162911510972457,bb6aed2665d1f23aeae9b2d5666913bcaf1815a1cf3a32801b60ca4aa79bca27
4664,mb-dielectric-4665,Sr4 Mg1 Cr2 S2 O6,Sr4MgCr2(SO3)2,Cr-Mg-O-S-Sr,P-4m2,115,15,2.1846424573981587,e66baade54d884681b64f14c9938e285b1c8eddd332e89fc7d58126ba0dd0524
4665,mb-dielectric-4666,Mg2 V2 P2 O10,MgVPO5,Mg-O-P-V,P1,1,16,1.9079382414882653,115ba360d4e9cfa88e4692677bd0cde2dab7f0c3477427b206e0120737c6e022
4667,mb-dielectric-4668,Sm4 Be4 Ge2 O14,Sm2Be2GeO7,Be-Ge-O-Sm,P-42_1m,113,24,1.956367381994837,84ebbc3d604b8cc118f035d0b7d7d77be5c79299a7a0375987e8e286d536b4d9
4668,mb-dielectric-4669,H16 S4 O20,H4SO5,H-O-S,P1,1,40,1.501110699893027,934f5df9141aa4a3e4d7108e973754568a58fd262648e5bde5f71e2bba0b66e4
4669,mb-dielectric-4670,Zr4 S2 N4,Zr2SN2,N-S-Zr,P6_3/mmc,194,10,3.0886556406739043,fce40b129f5b7d832607d758f0d9904603aa1999721b5c9a639410ff751d6e41
4670,mb-dielectric-4671,Al1 Co1 W2 O8,AlCo(WO4)2,Al-Co-O-W,P1,1,12,3.641049024663085,c7aa5f4a1b225973c74dfece191c89db5a108cb5a4481dabdf1511d87c6ec103
4671,mb-dielectric-4672,Rb1 Sr1 C1 O3 F1,RbSrCO3F,C-F-O-Rb-Sr,P-6m2,187,7,1.5378396101891414,8f4223bf841ee7ef3deeea99fbddbd5b17e71341850fef64df473a399d79d3b8
4672,mb-dielectric-4673,Zn2 Cu1 W1 O6,Zn2CuWO6,Cu-O-W-Zn,P1,1,10,2.5738881742090767,0f288a23bec268d589af809d764aa6b5dd28ffd467bec9ec41223339f8cd7b42
4674,mb-dielectric-4675,Na6 Ge2 P2 C2 O14,Na3GePCO7,C-Ge-Na-O-P,P2_1,4,26,1.6584924881751297,ad2b84a3ee9011ab71b64b57fdbf08c96ea19f5cadd1d9a72e888aaf6246d1d1
4675,mb-dielectric-4676,Ag4 H4 I2 O2 F2,Ag2H2IOF,Ag-F-H-I-O,P2_1,4,14,2.0236486849253255,35d6f3e06ab1e15d3438aa842f55f85b8fcd56f2a4df364a87d5e1c49fa8c6ba
4676,mb-dielectric-4677,Zn2 Sn4 O8,Zn(SnO2)2,O-Sn-Zn,Imma,74,14,2.591716419672492,563af7acbd54f3804999f3a455092a1c314eb3fe82959160169e33321ece9139
4677,mb-dielectric-4678,Li8 Al6 Ge6 Br2 O24,Li4Al3Ge3BrO12,Al-Br-Ge-Li-O,P-43n,218,46,1.630251821038701,72c7bce577c9de84b310d87cf7ef7dbe70900a5d5a1b4359b1fe135bb927b932
4678,mb-dielectric-4679,Te4 S28 Br8,TeS7Br2,Br-S-Te,Pnma,62,40,1.8409236811991962,9ee8d375e82a6c5f4e8265085ca5c833734e3a904bf73e98ba328e3cea3f8f34
4679,mb-dielectric-4680,Ca2 Mn1 W1 O6,Ca2MnWO6,Ca-Mn-O-W,P1,1,10,2.1334810328648874,0dd1da5f1a73c8376349e0ebccb63a129451a8a092a3bb7b21dd5bb2e53a471f
4680,mb-dielectric-4681,Ca1 Fe2 Si4 O12,CaFe2(SiO3)4,Ca-Fe-O-Si,C2,5,19,1.8716966456488973,d1641aecf3c0b6f61e202a3299d3f3b42adc85976527efa57b62cc360ad0abe6
4681,mb-dielectric-4682,Mn4 Zn2 O8,Mn2ZnO4,Mn-O-Zn,Imma,74,14,3.1857533907486726,018d4a5e94d0ff38c7d52553dd12a922ffaaede41c6f00ae704b61e8a7dd28eb
4682,mb-dielectric-4683,Na2 H2 O2,NaHO,H-Na-O,Pm,6,6,1.5454990564000137,3792e7c4299d6d3f2f5b312301162fbc4404180e5f0c69e0c36cc86287990609
4683,mb-dielectric-4684,Ca2 Cr1 W1 O6,Ca2CrWO6,Ca-Cr-O-W,P1,1,10,2.255897677939612,0d37ff3e0c1165fd2288a386126bb9177c4d8fc856a57eb56f1cb24ea8dcfa18
4684,mb-dielectric-4685,Mg2 V4 O8,MgV2O4,Mg-O-V,R3m,160,14,2.1743921756052487,29fa6ca4e54fe11218979c85a6529d22ed05d3d05aecfd0a188b6f7f89aafe58
4686,mb-dielectric-4687,Ba8 P5 Br1,Ba8P5Br,Ba-Br-P,I-4,82,14,2.949222778970758,75067caef30a2cd6d626d527c48a2e316b6a596ab55ca21549df22b01d0d12aa
4687,mb-dielectric-4688,Ti2 F8,TiF4,F-Ti,P1,1,10,1.5646068728810656,0000437dae41536c8483b568383faa74cf475a4fa6c9e33f07e1ccf68d2ed7a9
4689,mb-dielectric-4690,Li2 W1 S4,Li2WS4,Li-S-W,P-42m,111,7,1.7991919482552898,81c7b0b526d790fd0b1089592b68bb1a4f0a7d19656cc44db928195f7710e115
4690,mb-dielectric-4691,Ba2 Nb4 Bi4 O18,BaNb2Bi2O9,Ba-Bi-Nb-O,Cmc2_1,36,28,2.4488498660936067,fa7519661e62c33061ae2427126e79d178540fa7e996dc44952e1c713d8bc0b7
4691,mb-dielectric-4692,Li1 La1 Nb2 O7,LiLaNb2O7,La-Li-Nb-O,I-4m2,119,11,2.1768326378785607,2519655462f2f8c3b212053fe98e3b1d0150c2788226e37ceb7a2235fd83e03f
4693,mb-dielectric-4694,K2 Pd1 Cl4,K2PdCl4,Cl-K-Pd,P4/mmm,123,7,1.8294736948095207,6002eac24caee9848397e356fd2cb0b1cee040bfa18ab91876697aea4b2d83d0
4694,mb-dielectric-4695,W2 F8,WF4,F-W,P1,1,10,1.503084051763795,5ba4b02edebe0008cfdc2d8a84a690fe5cd6a1c136bdab31f01e7bfb3fbe20fc
4696,mb-dielectric-4697,Na2 Hf2 P2 C2 O14,NaHfPCO7,C-Hf-Na-O-P,P2_1,4,22,1.5729050617673443,446aa18c38b6804c23d34c1587b66c78ddf52c08761c6c9f3aec2a55b3b5d4e8
4697,mb-dielectric-4698,Li2 B2 C2,LiBC,B-C-Li,P6_3/mmc,194,6,3.4158839753910466,0b13e9ef55295fbd0870a97d125219b642b65186b6158f9462d752e183580a2b
4698,mb-dielectric-4699,Sn4 O8,SnO2,O-Sn,Imma,74,12,2.17780455198961,3bc7791e7802524be945554bd613bd33f62f0e22be4266ad5881319e7cd51da6
4699,mb-dielectric-4700,Li8 Al6 Ge6 Cl2 O24,Li4Al3Ge3ClO12,Al-Cl-Ge-Li-O,P-43n,218,46,1.612166864812697,0850b7fa0045b0eec99957d7026d9607a169bd14bd6d864855848572fae49247
4700,mb-dielectric-4701,Mg2 Fe2 F8,MgFeF4,F-Fe-Mg,P1,1,12,1.535095081766288,d561bae54d80b691a4a4e4d80f039421d0ba636ad8fc006c6f86aba6bc36758d
4701,mb-dielectric-4702,Ca2 Fe4 O8,Ca(FeO2)2,Ca-Fe-O,Imma,74,14,2.271005284009705,44cd4bdeadcd82b6f4078a2193001f83fb9dcf8fbf9d46d8609144ab410abddc
4702,mb-dielectric-4703,Ge4 N4 O2,Ge2N2O,Ge-N-O,Cmc2_1,36,10,2.0910606559032825,76da257146bafdd7a29dd4f60366dd7e23da53d7f665c4f636bfd6e611839ba3
4704,mb-dielectric-4705,Ca1 Cd1 O2,CaCdO2,Ca-Cd-O,P4/mmm,123,4,2.3464232354799086,4c3a1bb917494f5b3bdc88f0f9fb12bc4c2f54279441902eae2969b4eaa24cf9
4705,mb-dielectric-4706,Zr1 Si1 Pt1,ZrSiPt,Pt-Si-Zr,F-43m,216,3,4.056564104427945,ac9b427e2a382a75b3eccd0f06da24de3fab7e27ee5c5f1933dcd480f5532751
4708,mb-dielectric-4709,Cd2 Si2 As4,CdSiAs2,As-Cd-Si,I-42d,122,8,3.7516148078749585,e48a319491460eba7314991a591d8d939ca78fafceddaa612323c38c060b4d7b
4709,mb-dielectric-4710,La4 Zn2 Ga4 S12 O2,La2ZnGa2S6O,Ga-La-O-S-Zn,P-42_1m,113,24,2.419686963224789,6bc7dcd9b5b766934a68589c4937fae6a9c61a98e6dfc56c3d3aee2ec9b77469
4710,mb-dielectric-4711,Rb2 Mg1 P4 H8 O16,Rb2MgP4(HO2)8,H-Mg-O-P-Rb,P-1,2,31,1.526895652405014,a46e3b0c0a32d12d3302fa6a7ebea486ef3cf08d9e1c0edf14922e53292dde0c
4711,mb-dielectric-4712,Mo2 F8,MoF4,F-Mo,P1,1,10,1.6277126077208266,1629cdca9d7fcddf83d97be3d64828770ae8243243bb2120dfdecec45b11ac13
4712,mb-dielectric-4713,Mo4 O10,Mo2O5,Mo-O,Cmcm,63,14,1.9247618034447795,ac1e55665f65cd98b82cac72165be0a50c16d27a28ec489bce8ac33f1a9890be
4713,mb-dielectric-4714,Li4 Mn4 Si4 O14,Li2Mn2Si2O7,Li-Mn-O-Si,Ama2,40,26,1.7696952656695824,e15967314668cfee6d84a400965838e41be29c8d02945c4fd19ad132d9b5cb0a
4714,mb-dielectric-4715,Mn2 Cu4 Si2 S8,MnCu2SiS4,Cu-Mn-S-Si,Pmn2_1,31,16,2.835042562878613,d09df3b4cdb85ef408a1ed36c9fb0598bc503bef62d27b6ec8723fab7397ccce
4715,mb-dielectric-4716,Ca2 Zn1 N2,Ca2ZnN2,Ca-N-Zn,I4/mmm,139,5,2.5205810539864615,ec80f0e71af9a615b1fb2fca682b8e194344fe4d81e61f194821207b85ee2fb5
4716,mb-dielectric-4717,Sr2 As1 Au1,Sr2AsAu,As-Au-Sr,Fm-3m,225,4,4.783777691323036,648fbbacebf0d664c5efaa28ba8d159a4e806ee45c4a58f0551e7f027f554b4c
4718,mb-dielectric-4719,K2 Mg1 Cl4,K2MgCl4,Cl-K-Mg,I4/mmm,139,7,1.5859808742016301,42a844bd07addc6bf33b7a0be2321f3b15a05b35da0aa27e860961c0f9b9777a
4721,mb-dielectric-4722,Li1 Zn1 P1 S4,LiZnPS4,Li-P-S-Zn,I-4,82,7,2.181369447541307,36e378b029dd574962fa734e9151e58816ba3b0878c32c7624fcd5a7b90ff08f
4722,mb-dielectric-4723,Cd1 Sb2 O6,Cd(SbO3)2,Cd-O-Sb,P-31m,162,9,2.060176610552277,88c3caf6477febc62193a25b4af6bb18ab305bdd9cffa27628a32768d9eb82ab
4723,mb-dielectric-4724,Mg2 Mn4 O8,MgMn2O4,Mg-Mn-O,Imma,74,14,2.9420776672277027,c21054c39124d9ac942f1743c1728aeee80c5e34d94da9360882f260449d5827
4724,mb-dielectric-4725,Zn2 Cr4 O14,ZnCr2O7,Cr-O-Zn,P2_1,4,20,1.8991837720452434,b4d7e61827d4dbdb34ba0c759c012feb6696d0bd2307d8b99ca36568adb3ca49
4725,mb-dielectric-4726,Mg2 Cu2 F8,MgCuF4,Cu-F-Mg,P1,1,12,1.6547591623500362,a73a91ea79d94bd54b821804804d63b7110e166f5d1c10a661d56bfa8c7b1df9
4726,mb-dielectric-4727,W4 O12,WO3,O-W,P2_1,4,16,2.5755485356206034,eb013593bf40eb118af2a75cfb7dda5960201a71f32b0685511b57f888598b97
4727,mb-dielectric-4728,Zn6 Sn4 O14,Zn3Sn2O7,O-Sn-Zn,Cmc2_1,36,24,2.2638114615253038,edf7ad49a4001e52eed401525ffe07729d261ce0db60d41ca6ace5f20afecb0f
4728,mb-dielectric-4729,Cr1 Cu1 Se2,CrCuSe2,Cr-Cu-Se,R3m,160,4,4.461101956542428,77f0f989b473b5cd1ba529ba584e489cfd010bb673c7dd8c068257ef0982683e
4729,mb-dielectric-4730,Ba1 Cu1 B2 O5,BaCuB2O5,B-Ba-Cu-O,C2,5,9,1.9877158582990007,f8db496ef062ad3ee53a7f4a7b4e57cfbd82dad864ca46a18386d1692b559933
4730,mb-dielectric-4731,Ti2 N2 Cl2,TiNCl,Cl-N-Ti,Pmmn,59,6,2.9276512201194094,b67a2546b56befebf1e780061127488728f922ac92dcb1d55523f832761c3c1f
4731,mb-dielectric-4732,Ba1 Mg2 Sb2,Ba(MgSb)2,Ba-Mg-Sb,P-3m1,164,5,3.264920928087952,57c94ca48f24f78e197f6d276d63898d3b5d4e5e4bcf1f8479dd0bc93a3ee508
4733,mb-dielectric-4734,Ca6 Mo4 O14,Ca3Mo2O7,Ca-Mo-O,Cmc2_1,36,24,2.2470000741729703,daf64b7a78caaa94d2d1be115992e33d792596fe8b5e1c457588d9773638684e
4734,mb-dielectric-4735,Mg4 Ti6 O16,Mg2Ti3O8,Mg-O-Ti,P6_3mc,186,26,2.244229192098414,127823b9853ba07ddf661270cebabb2b8f7487f5b00b5ee7a3be9c49299f25d7
4735,mb-dielectric-4736,Rb8 Zn4 Cl16,Rb2ZnCl4,Cl-Rb-Zn,Pna2_1,33,28,1.585442735221511,ab35ad4447f2cb8cb6e123f79a3d4dd4f76ffeee0a491c76a4480bd73f80b5c7
4736,mb-dielectric-4737,Li2 Hf2 P2 C2 O14,LiHfPCO7,C-Hf-Li-O-P,P2_1,4,22,1.5967435611268328,3b9e13745d578d4f8d1e336f2710d543a4472bcce523e781d86f0c73dc0b5668
4737,mb-dielectric-4738,Tl2 H8 N2 Cl8,TlH4NCl4,Cl-H-N-Tl,I4_1/a,88,20,1.6905391644876693,c419d887a51ad6e29550c2d1764f75e980ea0c9b74c0a7781be878c11d68893b
4738,mb-dielectric-4739,Ca2 Cr4 O8,CaCr2O4,Ca-Cr-O,R3m,160,14,2.0966540010216206,fa0a7413aa0fc25ac1d6aa58e9c5b97a2ab27cb42e73442a2e2a74421304bff7
4740,mb-dielectric-4741,Y1 Fe1 W2 O8,YFe(WO4)2,Fe-O-W-Y,P1,1,12,2.129931376046343,1e77bda93f583176e3e61dd0342110a9ee56be7b5e27267b0b69e16914df382d
4742,mb-dielectric-4743,Te2 Br4,TeBr2,Br-Te,P4_2/mnm,136,6,2.3036926878383754,9bcb7d22deac96d1c5413aa763759e957381593a09c93b01e16c4a739068181c
4743,mb-dielectric-4744,Cr2 P2 O10,CrPO5,Cr-O-P,P1,1,14,2.194524490504956,296846f0765b2dedc638341d130828537ae7191ac6139476961808a69f4b5a2c
4745,mb-dielectric-4746,Rb2 F4,RbF2,F-Rb,P4_2/mnm,136,6,1.4274686219551962,b7c41fb352632b9c5f3c179da4a27f5ae0fbef5884f2c383c46e4858ed0ff064
4746,mb-dielectric-4747,Li3 Mn3 P3 O12,LiMnPO4,Li-Mn-O-P,P6_222,180,21,1.5475493530094577,a2025cf7845bfa1be376064849db0c3fdbec2b9b09bfe9991f40a924b40e8a8e
4747,mb-dielectric-4748,Li5 Mn1 Si2 O8,Li5Mn(SiO4)2,Li-Mn-O-Si,C2,5,16,1.9922823595063026,83d668cb2464cd4f59002f0d824ba1e51613118db5c53c20a79f036407c23bb2
4748,mb-dielectric-4749,Sr36 Mo12 N48,Sr3MoN4,Mo-N-Sr,C2/c,15,96,2.2858304107406275,c13ee40b5c640582dd93c7274300f2a5abb3041bfd9a6968fc58e19a9c3d70e4
4749,mb-dielectric-4750,Rb2 Se1 Cl6,Rb2SeCl6,Cl-Rb-Se,Fm-3m,225,9,1.7934413846011281,0d7b0bd4d0483e516c7e4131b7988d9be5127505454b70bdfdc82d5c041a0e0e
4750,mb-dielectric-4751,Zn6 W4 O14,Zn3W2O7,O-W-Zn,Cmc2_1,36,24,2.2951649904382325,1fbd7fba4d66ea9a48063f85369a45618ff78457ee3d09c35f82f92c7b21113a
4751,mb-dielectric-4752,Zn4 Sn6 O16,Zn2Sn3O8,O-Sn-Zn,P6_3mc,186,26,2.1149584708294715,148b547874250fa92a05fd8e5f25be156d7d2a3a47a6af166b88251b09f446ff
4752,mb-dielectric-4753,Mg4 Cr4 O8,MgCrO2,Cr-Mg-O,P2_1/m,11,16,2.045618899298044,16f6abf537d58b53f725695d3834d5f2061eeb446ea06e7c7001d43ee8fe5845
4755,mb-dielectric-4756,H20 N4 O4,H5NO,H-N-O,P2_12_12_1,19,28,1.446835627614047,db165891bb5c0141943457c0f14f2b3c929ff2b3c83406470977b725aa394e48
4756,mb-dielectric-4757,Cs2 Nd2 Nb4 O14,CsNdNb2O7,Cs-Nb-Nd-O,Pmc2_1,26,22,2.134236865954667,dd7d94bc8c29366ec1d69c32b7857c853d572dd393ef768bf01fed870b72f772
4759,mb-dielectric-4760,Ca2 Fe1 W1 O6,Ca2FeWO6,Ca-Fe-O-W,P1,1,10,2.1368373178850875,9cfd5ae3f347f4f5eb6a8d7ed7ad5492b7e0b00ca8e81bf55d220a158e03053e
4760,mb-dielectric-4761,La8 Mn2 S12 O2,La4MnS6O,La-Mn-O-S,P6_3mc,186,24,2.6906188879004733,11a2c3973d0d32c893728a1e220dc4b50cf36f9d50a9ca3c6445c98fbcfbb125
4761,mb-dielectric-4762,Ba1 Ag2 Ge1 Se4,BaAg2GeSe4,Ag-Ba-Ge-Se,I222,23,8,2.8114940274997324,6a91f4fe36a30ab5582f255de5d2803fa8d18cf26fc89a312be17eefa5e36e5d
4762,mb-dielectric-4763,K2 Zn1 H4 I4 O14,K2ZnH4(I2O7)2,H-I-K-O-Zn,C2,5,25,1.832887066897467,de3c83da0d6bbd22a45bd781c95d3d3320766e35e28510c5f9dd58140f224efe
4763,mb-dielectric-4764,Cs1 Ge1 Br3,CsGeBr3,Br-Cs-Ge,Pm-3m,221,5,2.559278804663532,525ff00f60cb7b8bf25ff315c0d4831fd17ee621d4a266541d260338915a3f03
