ood_fold,model,identifier,reduced_formula,chemical_system,y_true,y_pred,abs_error
0,DualHead_LogDirect_GNN_OOD,mb-dielectric-0002,K3VO4,K-O-V,1.6528587341308594,1.7364392280578613,0.08358049392700195
0,DualHead_LogDirect_GNN_OOD,mb-dielectric-0014,Na6MnTe4,Mn-Na-Te,2.275843858718872,2.2662177085876465,0.009626150131225586
0,DualHead_LogDirect_GNN_OOD,mb-dielectric-0021,SiO2,O-Si,1.375499963760376,1.3680825233459473,0.007417440414428711
0,DualHead_LogDirect_GNN_OOD,mb-dielectric-0028,CsSbF6,Cs-F-Sb,1.4138462543487549,1.4506230354309082,0.03677678108215332
0,DualHead_LogDirect_GNN_OOD,mb-dielectric-0034,KGeNO,Ge-K-N-O,1.8898024559020996,1.8156452178955078,0.0741572380065918
0,DualHead_LogDirect_GNN_OOD,mb-dielectric-0040,Au2O3,Au-O,3.0468835830688477,2.6522512435913086,0.39463233947753906
0,DualHead_LogDirect_GNN_OOD,mb-dielectric-0042,Li2Mn3ZnO8,Li-Mn-O-Zn,2.464982509613037,2.6041204929351807,0.13913798332214355
0,DualHead_LogDirect_GNN_OOD,mb-dielectric-0049,K2ZnO2,K-O-Zn,1.820935606956482,1.8022701740264893,0.018665432929992676
0,DualHead_LogDirect_GNN_OOD,mb-dielectric-0057,SiO2,O-Si,1.5073094367980957,1.5130356550216675,0.005726218223571777
0,DualHead_LogDirect_GNN_OOD,mb-dielectric-0059,ZnGeN2,Ge-N-Zn,2.4532482624053955,2.528424024581909,0.07517576217651367
0,DualHead_LogDirect_GNN_OOD,mb-dielectric-0062,Rb3Sb2Au3,Au-Rb-Sb,2.8633313179016113,2.760565757751465,0.10276556015014648
0,DualHead_LogDirect_GNN_OOD,mb-dielectric-0077,ZnAs,As-Zn,4.6191630363464355,4.384223461151123,0.2349395751953125
0,DualHead_LogDirect_GNN_OOD,mb-dielectric-0080,W(ClO)2,Cl-O-W,1.988964557647705,1.877990961074829,0.11097359657287598
0,DualHead_LogDirect_GNN_OOD,mb-dielectric-0082,Sr(CdAs)2,As-Cd-Sr,11.709115028381348,7.166404724121094,4.542710304260254
0,DualHead_LogDirect_GNN_OOD,mb-dielectric-0086,Sr(ZnAs)2,As-Sr-Zn,3.878960371017456,3.986405611038208,0.10744524002075195
0,DualHead_LogDirect_GNN_OOD,mb-dielectric-0090,P4S5,P-S,1.8867079019546509,1.961024284362793,0.07431638240814209
0,DualHead_LogDirect_GNN_OOD,mb-dielectric-0092,K2AgAs,Ag-As-K,2.641664981842041,2.865069627761841,0.2234046459197998
0,DualHead_LogDirect_GNN_OOD,mb-dielectric-0097,Mn2CrO4,Cr-Mn-O,2.4546451568603516,2.410064697265625,0.04458045959472656
0,DualHead_LogDirect_GNN_OOD,mb-dielectric-0098,CsBe4Al4(B3O7)4,Al-B-Be-Cs-O,1.0,1.670987606048584,0.670987606048584
0,DualHead_LogDirect_GNN_OOD,mb-dielectric-0102,K3V5O14,K-O-V,2.0405490398406982,2.0477397441864014,0.007190704345703125
0,DualHead_LogDirect_GNN_OOD,mb-dielectric-0110,TmH3(CO2)3,C-H-O-Tm,1.761470913887024,1.7334563732147217,0.028014540672302246
0,DualHead_LogDirect_GNN_OOD,mb-dielectric-0122,KZnSb,K-Sb-Zn,4.977921009063721,3.1260223388671875,1.8518986701965332
0,DualHead_LogDirect_GNN_OOD,mb-dielectric-0123,Ba(MgP)2,Ba-Mg-P,2.9011306762695312,2.8888635635375977,0.012267112731933594
0,DualHead_LogDirect_GNN_OOD,mb-dielectric-0131,CaPtF6,Ca-F-Pt,1.5685820579528809,1.7158422470092773,0.14726018905639648
0,DualHead_LogDirect_GNN_OOD,mb-dielectric-0134,K2MnSe2,K-Mn-Se,2.0910866260528564,2.015686511993408,0.07540011405944824
0,DualHead_LogDirect_GNN_OOD,mb-dielectric-0144,KCuSe,Cu-K-Se,6.781759738922119,2.5297012329101562,4.252058506011963
0,DualHead_LogDirect_GNN_OOD,mb-dielectric-0148,RbTlO2,O-Rb-Tl,2.303422451019287,2.2647738456726074,0.03864860534667969
0,DualHead_LogDirect_GNN_OOD,mb-dielectric-0159,KZnAs,As-K-Zn,5.888813018798828,3.245512008666992,2.643301010131836
0,DualHead_LogDirect_GNN_OOD,mb-dielectric-0160,SbPd2,Pd-Sb,1.0,6.638668060302734,5.638668060302734
0,DualHead_LogDirect_GNN_OOD,mb-dielectric-0163,K2V3O8,K-O-V,1.8426493406295776,1.7790908813476562,0.06355845928192139
0,DualHead_LogDirect_GNN_OOD,mb-dielectric-0170,AlFeF5,Al-F-Fe,1.4593167304992676,1.5039006471633911,0.044583916664123535
0,DualHead_LogDirect_GNN_OOD,mb-dielectric-0171,Ba4As2O,As-Ba-O,3.0586419105529785,2.9583144187927246,0.1003274917602539
0,DualHead_LogDirect_GNN_OOD,mb-dielectric-0186,Sr3TaGa3(SiO7)2,Ga-O-Si-Sr-Ta,1.849595308303833,1.8433082103729248,0.006287097930908203
0,DualHead_LogDirect_GNN_OOD,mb-dielectric-0197,SiO2,O-Si,1.4782042503356934,1.4731732606887817,0.005030989646911621
0,DualHead_LogDirect_GNN_OOD,mb-dielectric-0209,AsF5,As-F,1.3478378057479858,1.3995513916015625,0.05171358585357666
0,DualHead_LogDirect_GNN_OOD,mb-dielectric-0211,BaBeSiO4,Ba-Be-O-Si,1.7136056423187256,1.7372264862060547,0.0236208438873291
0,DualHead_LogDirect_GNN_OOD,mb-dielectric-0215,Na5WNO4,N-Na-O-W,1.7716690301895142,1.791061282157898,0.01939225196838379
0,DualHead_LogDirect_GNN_OOD,mb-dielectric-0218,K2AgP,Ag-K-P,2.5917248725891113,2.7459628582000732,0.15423798561096191
0,DualHead_LogDirect_GNN_OOD,mb-dielectric-0219,LiSiPCO7,C-Li-O-P-Si,1.5793628692626953,1.5679019689559937,0.01146090030670166
0,DualHead_LogDirect_GNN_OOD,mb-dielectric-0221,K3Nb3(BO6)2,B-K-Nb-O,2.1229212284088135,2.038055181503296,0.08486604690551758
0,DualHead_LogDirect_GNN_OOD,mb-dielectric-0239,SiO2,O-Si,1.5863028764724731,1.6028804779052734,0.016577601432800293
0,DualHead_LogDirect_GNN_OOD,mb-dielectric-0243,LiSbWO6,Li-O-Sb-W,2.0207691192626953,2.161992311477661,0.14122319221496582
0,DualHead_LogDirect_GNN_OOD,mb-dielectric-0248,RbHF2,F-H-Rb,1.3875067234039307,1.3823864459991455,0.005120277404785156
0,DualHead_LogDirect_GNN_OOD,mb-dielectric-0249,BaNa(PO3)3,Ba-Na-O-P,1.582353949546814,1.5972888469696045,0.014934897422790527
0,DualHead_LogDirect_GNN_OOD,mb-dielectric-0252,Tl4SiS4,S-Si-Tl,2.5806052684783936,2.6633176803588867,0.08271241188049316
0,DualHead_LogDirect_GNN_OOD,mb-dielectric-0254,LiAlSi2H2O7,Al-H-Li-O-Si,1.5511993169784546,1.5367100238800049,0.014489293098449707
0,DualHead_LogDirect_GNN_OOD,mb-dielectric-0263,BPPbO5,B-O-P-Pb,1.8970881700515747,1.9404196739196777,0.04333150386810303
0,DualHead_LogDirect_GNN_OOD,mb-dielectric-0267,BePH3O5,Be-H-O-P,1.5288307666778564,1.486753225326538,0.04207754135131836
0,DualHead_LogDirect_GNN_OOD,mb-dielectric-0268,Cr3O8,Cr-O,2.4855785369873047,2.010448455810547,0.4751300811767578
0,DualHead_LogDirect_GNN_OOD,mb-dielectric-0272,Na3LiMn5O9,Li-Mn-Na-O,2.6762332916259766,2.1197397708892822,0.5564935207366943
0,DualHead_LogDirect_GNN_OOD,mb-dielectric-0275,SrLiP,Li-P-Sr,2.891756534576416,3.1032779216766357,0.21152138710021973
0,DualHead_LogDirect_GNN_OOD,mb-dielectric-0281,ErCuS2,Cu-Er-S,2.758497953414917,2.6696648597717285,0.08883309364318848
0,DualHead_LogDirect_GNN_OOD,mb-dielectric-0285,DyBO3,B-Dy-O,1.8509602546691895,1.92750084400177,0.07654058933258057
0,DualHead_LogDirect_GNN_OOD,mb-dielectric-0286,RbFe(SeO4)2,Fe-O-Rb-Se,1.7811269760131836,1.6842299699783325,0.09689700603485107
0,DualHead_LogDirect_GNN_OOD,mb-dielectric-0290,Ba2CaI6,Ba-Ca-I,1.8766975402832031,1.7828466892242432,0.09385085105895996
0,DualHead_LogDirect_GNN_OOD,mb-dielectric-0291,AuI,Au-I,2.16117262840271,2.2018048763275146,0.04063224792480469
0,DualHead_LogDirect_GNN_OOD,mb-dielectric-0292,Ta2SnO6,O-Sn-Ta,2.4605956077575684,2.3483071327209473,0.1122884750366211
0,DualHead_LogDirect_GNN_OOD,mb-dielectric-0299,InAgS2,Ag-In-S,2.6815497875213623,2.7905261516571045,0.10897636413574219
0,DualHead_LogDirect_GNN_OOD,mb-dielectric-0304,BaCl2,Ba-Cl,1.7885075807571411,1.8731833696365356,0.08467578887939453
0,DualHead_LogDirect_GNN_OOD,mb-dielectric-0313,GaSeBr7,Br-Ga-Se,1.9640222787857056,1.8445043563842773,0.11951792240142822
0,DualHead_LogDirect_GNN_OOD,mb-dielectric-0314,Sr3CaI8,Ca-I-Sr,1.9900096654891968,2.0187318325042725,0.028722167015075684
0,DualHead_LogDirect_GNN_OOD,mb-dielectric-0320,Li3Co2(GeO4)2,Co-Ge-Li-O,4.699785232543945,1.9080601930618286,2.7917250394821167
0,DualHead_LogDirect_GNN_OOD,mb-dielectric-0328,SrP3,P-Sr,3.3719429969787598,3.5392465591430664,0.16730356216430664
0,DualHead_LogDirect_GNN_OOD,mb-dielectric-0331,PH3NF5,F-H-N-P,1.4100826978683472,1.4307063817977905,0.02062368392944336
0,DualHead_LogDirect_GNN_OOD,mb-dielectric-0332,ZnAs2,As-Zn,3.6693778038024902,3.500344753265381,0.16903305053710938
0,DualHead_LogDirect_GNN_OOD,mb-dielectric-0348,ZnF2,F-Zn,1.5979152917861938,1.5892438888549805,0.008671402931213379
0,DualHead_LogDirect_GNN_OOD,mb-dielectric-0351,TiSiPt,Pt-Si-Ti,4.279368877410889,3.82391619682312,0.45545268058776855
0,DualHead_LogDirect_GNN_OOD,mb-dielectric-0363,LiAgF4,Ag-F-Li,1.7300095558166504,1.5184450149536133,0.2115645408630371
0,DualHead_LogDirect_GNN_OOD,mb-dielectric-0365,YB4Mo,B-Mo-Y,5.932677745819092,6.213841438293457,0.28116369247436523
0,DualHead_LogDirect_GNN_OOD,mb-dielectric-0372,KAlTe2,Al-K-Te,2.4706931114196777,2.5328612327575684,0.062168121337890625
0,DualHead_LogDirect_GNN_OOD,mb-dielectric-0380,Ga(MoSe2)4,Ga-Mo-Se,4.019361972808838,3.7020297050476074,0.31733226776123047
0,DualHead_LogDirect_GNN_OOD,mb-dielectric-0386,K3Nb3(BO6)2,B-K-Nb-O,2.226257085800171,2.0881614685058594,0.13809561729431152
0,DualHead_LogDirect_GNN_OOD,mb-dielectric-0387,Se,Se,3.113321304321289,2.82007098197937,0.29325032234191895
0,DualHead_LogDirect_GNN_OOD,mb-dielectric-0392,Cs2ZrCl6,Cl-Cs-Zr,1.6542822122573853,1.7257044315338135,0.07142221927642822
0,DualHead_LogDirect_GNN_OOD,mb-dielectric-0394,Sm2CdSe4,Cd-Se-Sm,3.273634910583496,3.37454891204834,0.10091400146484375
0,DualHead_LogDirect_GNN_OOD,mb-dielectric-0398,K3VO4,K-O-V,1.5980883836746216,1.7863267660140991,0.18823838233947754
0,DualHead_LogDirect_GNN_OOD,mb-dielectric-0399,Zn(GaTe2)2,Ga-Te-Zn,3.2367606163024902,3.2700300216674805,0.033269405364990234
0,DualHead_LogDirect_GNN_OOD,mb-dielectric-0400,KBePO4,Be-K-O-P,1.5703710317611694,1.5534749031066895,0.01689612865447998
0,DualHead_LogDirect_GNN_OOD,mb-dielectric-0403,IrF3,F-Ir,2.663080930709839,1.7040003538131714,0.9590805768966675
0,DualHead_LogDirect_GNN_OOD,mb-dielectric-0409,N2,N,1.236772060394287,1.5410959720611572,0.3043239116668701
0,DualHead_LogDirect_GNN_OOD,mb-dielectric-0414,FePO4,Fe-O-P,1.7517056465148926,1.748694896697998,0.0030107498168945312
0,DualHead_LogDirect_GNN_OOD,mb-dielectric-0418,NaNb(CuS2)2,Cu-Na-Nb-S,2.2427306175231934,2.273298978805542,0.030568361282348633
0,DualHead_LogDirect_GNN_OOD,mb-dielectric-0421,Cd(BO2)2,B-Cd-O,1.91215181350708,1.9319119453430176,0.0197601318359375
0,DualHead_LogDirect_GNN_OOD,mb-dielectric-0429,Li7MnN4,Li-Mn-N,2.572453498840332,2.245774507522583,0.326678991317749
0,DualHead_LogDirect_GNN_OOD,mb-dielectric-0444,Rb2NaSbF6,F-Na-Rb-Sb,1.5270887613296509,1.4824604988098145,0.044628262519836426
0,DualHead_LogDirect_GNN_OOD,mb-dielectric-0450,Rb2NaAsF6,As-F-Na-Rb,1.531012773513794,1.4561176300048828,0.07489514350891113
0,DualHead_LogDirect_GNN_OOD,mb-dielectric-0455,CaNdTiMnO6,Ca-Mn-Nd-O-Ti,2.5425095558166504,2.5159406661987305,0.026568889617919922
0,DualHead_LogDirect_GNN_OOD,mb-dielectric-0456,FeP2O7,Fe-O-P,8.322433471679688,1.7664555311203003,6.555977940559387
0,DualHead_LogDirect_GNN_OOD,mb-dielectric-0478,PPdSe,P-Pd-Se,3.642892599105835,3.88606595993042,0.24317336082458496
0,DualHead_LogDirect_GNN_OOD,mb-dielectric-0486,Ba2ZrS4,Ba-S-Zr,2.677110195159912,2.6089556217193604,0.06815457344055176
0,DualHead_LogDirect_GNN_OOD,mb-dielectric-0492,GaS,Ga-S,2.3145194053649902,2.56078839302063,0.24626898765563965
0,DualHead_LogDirect_GNN_OOD,mb-dielectric-0495,LiV(TeO4)3,Li-O-Te-V,2.548506259918213,2.4603562355041504,0.0881500244140625
0,DualHead_LogDirect_GNN_OOD,mb-dielectric-0500,Ir2S3,Ir-S,4.378317832946777,3.3807339668273926,0.9975838661193848
0,DualHead_LogDirect_GNN_OOD,mb-dielectric-0501,CoBr2,Br-Co,3.4788408279418945,2.985360860824585,0.49347996711730957
0,DualHead_LogDirect_GNN_OOD,mb-dielectric-0503,Yb(As2Rh3)2,As-Rh-Yb,1.0,5.0430169105529785,4.0430169105529785
0,DualHead_LogDirect_GNN_OOD,mb-dielectric-0505,Ba(AgS)2,Ag-Ba-S,2.7395851612091064,2.710284948348999,0.029300212860107422
0,DualHead_LogDirect_GNN_OOD,mb-dielectric-0514,K3FeO2,Fe-K-O,1.9230928421020508,1.9977936744689941,0.07470083236694336
0,DualHead_LogDirect_GNN_OOD,mb-dielectric-0516,SrLiTa2O6F,F-Li-O-Sr-Ta,2.12449049949646,2.0830941200256348,0.041396379470825195
0,DualHead_LogDirect_GNN_OOD,mb-dielectric-0518,LiCoPO4,Co-Li-O-P,1.6791651248931885,1.8564677238464355,0.17730259895324707
0,DualHead_LogDirect_GNN_OOD,mb-dielectric-0520,P(HO)3,H-O-P,1.5541977882385254,1.4857783317565918,0.0684194564819336
0,DualHead_LogDirect_GNN_OOD,mb-dielectric-0524,RbNbN2,N-Nb-Rb,2.64406418800354,2.649073839187622,0.005009651184082031
0,DualHead_LogDirect_GNN_OOD,mb-dielectric-0527,Sr3Ta4(O6F)2,F-O-Sr-Ta,2.1350035667419434,2.0585806369781494,0.07642292976379395
0,DualHead_LogDirect_GNN_OOD,mb-dielectric-0531,Rb7NbAs4,As-Nb-Rb,2.4613327980041504,2.486363410949707,0.02503061294555664
0,DualHead_LogDirect_GNN_OOD,mb-dielectric-0533,BaGa4S7,Ba-Ga-S,2.3780760765075684,2.237577438354492,0.14049863815307617
0,DualHead_LogDirect_GNN_OOD,mb-dielectric-0538,Te2SO7,O-S-Te,1.9858150482177734,1.9858036041259766,1.1444091796875e-05
0,DualHead_LogDirect_GNN_OOD,mb-dielectric-0539,Li2Cr3CoO8,Co-Cr-Li-O,2.800877332687378,2.5054028034210205,0.2954745292663574
0,DualHead_LogDirect_GNN_OOD,mb-dielectric-0541,Cs2CN2,C-Cs-N,1.6437987089157104,1.7039861679077148,0.060187458992004395
0,DualHead_LogDirect_GNN_OOD,mb-dielectric-0542,BeO,Be-O,1.7643505334854126,1.8513965606689453,0.08704602718353271
0,DualHead_LogDirect_GNN_OOD,mb-dielectric-0544,BaSiF6,Ba-F-Si,1.4801381826400757,1.466111421585083,0.014026761054992676
0,DualHead_LogDirect_GNN_OOD,mb-dielectric-0550,AgI,Ag-I,2.2289628982543945,2.330327272415161,0.1013643741607666
0,DualHead_LogDirect_GNN_OOD,mb-dielectric-0556,Tl3AsSe3,As-Se-Tl,3.234553098678589,3.080264091491699,0.15428900718688965
0,DualHead_LogDirect_GNN_OOD,mb-dielectric-0557,RbLaO2,La-O-Rb,1.9365817308425903,1.8896143436431885,0.046967387199401855
0,DualHead_LogDirect_GNN_OOD,mb-dielectric-0560,UCO5,C-O-U,1.8410779237747192,1.9926823377609253,0.15160441398620605
0,DualHead_LogDirect_GNN_OOD,mb-dielectric-0563,Al2HgO4,Al-Hg-O,2.1437394618988037,1.9848147630691528,0.15892469882965088
0,DualHead_LogDirect_GNN_OOD,mb-dielectric-0565,Cs2ZrF6,Cs-F-Zr,1.4999332427978516,1.5097393989562988,0.009806156158447266
0,DualHead_LogDirect_GNN_OOD,mb-dielectric-0580,BeO,Be-O,6.547365665435791,1.6973421573638916,4.850023508071899
0,DualHead_LogDirect_GNN_OOD,mb-dielectric-0582,WOF4,F-O-W,1.5708245038986206,1.7370269298553467,0.16620242595672607
0,DualHead_LogDirect_GNN_OOD,mb-dielectric-0590,NaCrS2,Cr-Na-S,2.924813747406006,2.964296579360962,0.039482831954956055
0,DualHead_LogDirect_GNN_OOD,mb-dielectric-0593,Li4Cr3GaO8,Cr-Ga-Li-O,2.08486270904541,2.102633476257324,0.017770767211914062
0,DualHead_LogDirect_GNN_OOD,mb-dielectric-0598,K9Li3I2O13,I-K-Li-O,1.8318792581558228,1.7524182796478271,0.0794609785079956
0,DualHead_LogDirect_GNN_OOD,mb-dielectric-0612,CsSnF3,Cs-F-Sn,1.6797773838043213,1.6079778671264648,0.07179951667785645
0,DualHead_LogDirect_GNN_OOD,mb-dielectric-0613,TlP(HO2)2,H-O-P-Tl,1.7048949003219604,1.7116117477416992,0.0067168474197387695
0,DualHead_LogDirect_GNN_OOD,mb-dielectric-0614,BaCO3,Ba-C-O,1.6388130187988281,1.6042323112487793,0.03458070755004883
0,DualHead_LogDirect_GNN_OOD,mb-dielectric-0616,Li4Cr3(CoO4)3,Co-Cr-Li-O,2.5721375942230225,2.5600221157073975,0.012115478515625
0,DualHead_LogDirect_GNN_OOD,mb-dielectric-0618,Li2VGa3O8,Ga-Li-O-V,1.843488097190857,1.8118658065795898,0.03162229061126709
0,DualHead_LogDirect_GNN_OOD,mb-dielectric-0623,LiMnAsCO7,As-C-Li-Mn-O,1.976135015487671,1.908025860786438,0.06810915470123291
0,DualHead_LogDirect_GNN_OOD,mb-dielectric-0624,LiAlSi2H2O7,Al-H-Li-O-Si,1.5390772819519043,1.5328158140182495,0.006261467933654785
0,DualHead_LogDirect_GNN_OOD,mb-dielectric-0628,NbCu3Te4,Cu-Nb-Te,3.1343650817871094,3.164884090423584,0.03051900863647461
0,DualHead_LogDirect_GNN_OOD,mb-dielectric-0631,Mg2B24C,B-C-Mg,2.8458454608917236,2.682288646697998,0.16355681419372559
0,DualHead_LogDirect_GNN_OOD,mb-dielectric-0633,Li2Ti(BO3)2,B-Li-O-Ti,1.7834820747375488,1.7515606880187988,0.03192138671875
0,DualHead_LogDirect_GNN_OOD,mb-dielectric-0638,K2HgO2,Hg-K-O,1.74525785446167,1.9234386682510376,0.17818081378936768
0,DualHead_LogDirect_GNN_OOD,mb-dielectric-0639,K2PtF6,F-K-Pt,1.5334464311599731,1.630405068397522,0.09695863723754883
0,DualHead_LogDirect_GNN_OOD,mb-dielectric-0642,Hg(AsO3)2,As-Hg-O,2.2660443782806396,2.2259082794189453,0.040136098861694336
0,DualHead_LogDirect_GNN_OOD,mb-dielectric-0644,Li2TiVO4,Li-O-Ti-V,2.7764229774475098,2.1975510120391846,0.5788719654083252
0,DualHead_LogDirect_GNN_OOD,mb-dielectric-0646,RbAlF4,Al-F-Rb,1.4292188882827759,1.4072589874267578,0.021959900856018066
0,DualHead_LogDirect_GNN_OOD,mb-dielectric-0649,Li3YN2,Li-N-Y,2.4421982765197754,2.287869930267334,0.1543283462524414
0,DualHead_LogDirect_GNN_OOD,mb-dielectric-0660,SiO2,O-Si,1.4181368350982666,1.4409091472625732,0.02277231216430664
0,DualHead_LogDirect_GNN_OOD,mb-dielectric-0667,Li4V(TeO4)3,Li-O-Te-V,2.2557547092437744,2.1424386501312256,0.11331605911254883
0,DualHead_LogDirect_GNN_OOD,mb-dielectric-0678,HCl,Cl-H,1.4520716667175293,1.3653068542480469,0.08676481246948242
0,DualHead_LogDirect_GNN_OOD,mb-dielectric-0679,BaCl2,Ba-Cl,1.7686152458190918,1.6994541883468628,0.069161057472229
0,DualHead_LogDirect_GNN_OOD,mb-dielectric-0682,P(HO)3,H-O-P,1.5861023664474487,1.4889590740203857,0.09714329242706299
0,DualHead_LogDirect_GNN_OOD,mb-dielectric-0694,La5TlTe8,La-Te-Tl,3.5325052738189697,3.4104318618774414,0.12207341194152832
0,DualHead_LogDirect_GNN_OOD,mb-dielectric-0715,Yb2Cu4As3,As-Cu-Yb,1.0,3.5714573860168457,2.5714573860168457
0,DualHead_LogDirect_GNN_OOD,mb-dielectric-0718,SrTiO3,O-Sr-Ti,2.538092613220215,2.5797019004821777,0.04160928726196289
0,DualHead_LogDirect_GNN_OOD,mb-dielectric-0725,CsSbCl6,Cl-Cs-Sb,1.662248969078064,1.7633121013641357,0.10106313228607178
0,DualHead_LogDirect_GNN_OOD,mb-dielectric-0732,NbCl2O,Cl-Nb-O,2.139925956726074,2.1277048587799072,0.012221097946166992
0,DualHead_LogDirect_GNN_OOD,mb-dielectric-0738,Sm5CuSe8,Cu-Se-Sm,3.3280115127563477,3.4192678928375244,0.09125638008117676
0,DualHead_LogDirect_GNN_OOD,mb-dielectric-0746,KNO3,K-N-O,1.4312165975570679,1.4520723819732666,0.02085578441619873
0,DualHead_LogDirect_GNN_OOD,mb-dielectric-0750,SiO2,O-Si,1.4186848402023315,1.4158494472503662,0.002835392951965332
0,DualHead_LogDirect_GNN_OOD,mb-dielectric-0751,Ca10P6O25,Ca-O-P,1.7084904909133911,1.7094221115112305,0.0009316205978393555
0,DualHead_LogDirect_GNN_OOD,mb-dielectric-0754,H7SIO10,H-I-O-S,1.5751190185546875,1.7583390474319458,0.1832200288772583
0,DualHead_LogDirect_GNN_OOD,mb-dielectric-0755,La8Al7InO24,Al-In-La-O,2.2122387886047363,2.2245922088623047,0.01235342025756836
0,DualHead_LogDirect_GNN_OOD,mb-dielectric-0762,MnTl2GeTe4,Ge-Mn-Te-Tl,3.818791627883911,3.458528995513916,0.3602626323699951
0,DualHead_LogDirect_GNN_OOD,mb-dielectric-0768,NaP,Na-P,2.8509445190429688,2.918613910675049,0.06766939163208008
0,DualHead_LogDirect_GNN_OOD,mb-dielectric-0777,KCaCO3F,C-Ca-F-K-O,1.546876072883606,1.5323045253753662,0.014571547508239746
0,DualHead_LogDirect_GNN_OOD,mb-dielectric-0779,LiAgF2,Ag-F-Li,1.7123831510543823,1.7634758949279785,0.05109274387359619
0,DualHead_LogDirect_GNN_OOD,mb-dielectric-0780,LiCoO2,Co-Li-O,2.550713300704956,2.333376407623291,0.21733689308166504
0,DualHead_LogDirect_GNN_OOD,mb-dielectric-0781,GaAgTe2,Ag-Ga-Te,4.427489757537842,3.3936119079589844,1.0338778495788574
0,DualHead_LogDirect_GNN_OOD,mb-dielectric-0782,Sr2CaI6,Ca-I-Sr,1.8819310665130615,1.9855104684829712,0.10357940196990967
0,DualHead_LogDirect_GNN_OOD,mb-dielectric-0784,Ca2Si,Ca-Si,3.9702224731445312,3.78334903717041,0.1868734359741211
0,DualHead_LogDirect_GNN_OOD,mb-dielectric-0787,Rb3W2N5,N-Rb-W,2.246558666229248,2.249563694000244,0.0030050277709960938
0,DualHead_LogDirect_GNN_OOD,mb-dielectric-0794,Li2SiO3,Li-O-Si,1.6632907390594482,1.6511414051055908,0.012149333953857422
0,DualHead_LogDirect_GNN_OOD,mb-dielectric-0797,CaAlH5,Al-Ca-H,2.2024567127227783,1.9633203744888306,0.23913633823394775
0,DualHead_LogDirect_GNN_OOD,mb-dielectric-0799,Li10Si(PO6)2,Li-O-P-Si,1.5872554779052734,1.6368052959442139,0.04954981803894043
0,DualHead_LogDirect_GNN_OOD,mb-dielectric-0804,SbAsO5,As-O-Sb,1.869702935218811,1.9385817050933838,0.06887876987457275
0,DualHead_LogDirect_GNN_OOD,mb-dielectric-0805,KLiMnS2,K-Li-Mn-S,2.1301827430725098,2.1605606079101562,0.030377864837646484
0,DualHead_LogDirect_GNN_OOD,mb-dielectric-0814,RbSi,Rb-Si,2.415750026702881,2.6196236610412598,0.2038736343383789
0,DualHead_LogDirect_GNN_OOD,mb-dielectric-0819,Sr4Al6WO16,Al-O-Sr-W,1.6490185260772705,1.7032157182693481,0.05419719219207764
0,DualHead_LogDirect_GNN_OOD,mb-dielectric-0832,SiO2,O-Si,1.425109624862671,1.4458354711532593,0.02072584629058838
0,DualHead_LogDirect_GNN_OOD,mb-dielectric-0834,KF2,F-K,1.4022600650787354,1.3175077438354492,0.08475232124328613
0,DualHead_LogDirect_GNN_OOD,mb-dielectric-0837,Li2NiSnO4,Li-Ni-O-Sn,2.055940628051758,2.0767273902893066,0.020786762237548828
0,DualHead_LogDirect_GNN_OOD,mb-dielectric-0839,Li6CrN4,Cr-Li-N,2.3603286743164062,2.2806575298309326,0.07967114448547363
0,DualHead_LogDirect_GNN_OOD,mb-dielectric-0854,NaNb6O15F,F-Na-Nb-O,2.553614616394043,2.5037074089050293,0.04990720748901367
0,DualHead_LogDirect_GNN_OOD,mb-dielectric-0856,H5NO,H-N-O,1.4318625926971436,1.4323031902313232,0.0004405975341796875
0,DualHead_LogDirect_GNN_OOD,mb-dielectric-0860,BiPbF5,Bi-F-Pb,1.8367575407028198,1.9177587032318115,0.0810011625289917
0,DualHead_LogDirect_GNN_OOD,mb-dielectric-0861,LiVN2,Li-N-V,3.11708402633667,2.9102213382720947,0.2068626880645752
0,DualHead_LogDirect_GNN_OOD,mb-dielectric-0864,Cs2Ti(PO4)2,Cs-O-P-Ti,1.6339024305343628,1.6046572923660278,0.02924513816833496
0,DualHead_LogDirect_GNN_OOD,mb-dielectric-0879,TaZn2N3,N-Ta-Zn,2.620375156402588,2.7098450660705566,0.08946990966796875
0,DualHead_LogDirect_GNN_OOD,mb-dielectric-0881,Re2S2O13,O-Re-S,1.8426870107650757,1.7915136814117432,0.05117332935333252
0,DualHead_LogDirect_GNN_OOD,mb-dielectric-0886,Li2AgF5,Ag-F-Li,1.9613640308380127,1.529571533203125,0.4317924976348877
0,DualHead_LogDirect_GNN_OOD,mb-dielectric-0888,Li4VGa3O8,Ga-Li-O-V,1.869468331336975,1.9153488874435425,0.04588055610656738
0,DualHead_LogDirect_GNN_OOD,mb-dielectric-0890,Ba2H6Ru,Ba-H-Ru,2.1047372817993164,2.2952747344970703,0.1905374526977539
0,DualHead_LogDirect_GNN_OOD,mb-dielectric-0891,SiO2,O-Si,1.5024621486663818,1.5139179229736328,0.011455774307250977
0,DualHead_LogDirect_GNN_OOD,mb-dielectric-0899,BaCO3,Ba-C-O,1.6527233123779297,1.6640431880950928,0.011319875717163086
0,DualHead_LogDirect_GNN_OOD,mb-dielectric-0903,Na4Sr(SiO3)3,Na-O-Si-Sr,1.6181244850158691,1.602196455001831,0.015928030014038086
0,DualHead_LogDirect_GNN_OOD,mb-dielectric-0909,PI3,I-P,1.9080003499984741,1.9540175199508667,0.04601716995239258
0,DualHead_LogDirect_GNN_OOD,mb-dielectric-0911,Ga2HgSe4,Ga-Hg-Se,2.9293720722198486,2.928523540496826,0.0008485317230224609
0,DualHead_LogDirect_GNN_OOD,mb-dielectric-0924,Na3ReO5,Na-O-Re,1.7688498497009277,1.7891225814819336,0.02027273178100586
0,DualHead_LogDirect_GNN_OOD,mb-dielectric-0926,LiAgF2,Ag-F-Li,1.8302388191223145,1.9824082851409912,0.15216946601867676
0,DualHead_LogDirect_GNN_OOD,mb-dielectric-0927,BaMnF4,Ba-F-Mn,1.5528886318206787,1.5762736797332764,0.023385047912597656
0,DualHead_LogDirect_GNN_OOD,mb-dielectric-0929,Pr2Be2GeO7,Be-Ge-O-Pr,1.9654799699783325,1.9621789455413818,0.0033010244369506836
0,DualHead_LogDirect_GNN_OOD,mb-dielectric-0932,Y2SeO2,O-Se-Y,2.3504772186279297,2.37717866897583,0.02670145034790039
0,DualHead_LogDirect_GNN_OOD,mb-dielectric-0934,Cs2TeO3,Cs-O-Te,1.692808985710144,1.7787926197052002,0.08598363399505615
0,DualHead_LogDirect_GNN_OOD,mb-dielectric-0938,Na3Ca3AlAs4,Al-As-Ca-Na,2.8822882175445557,2.787755250930786,0.09453296661376953
0,DualHead_LogDirect_GNN_OOD,mb-dielectric-0942,VZn2P2O9,O-P-V-Zn,1.7319542169570923,1.8245666027069092,0.0926123857498169
0,DualHead_LogDirect_GNN_OOD,mb-dielectric-0944,HgBr2,Br-Hg,2.131401538848877,2.2374777793884277,0.10607624053955078
0,DualHead_LogDirect_GNN_OOD,mb-dielectric-0950,Be(HO)2,Be-H-O,1.627956748008728,1.571248173713684,0.056708574295043945
0,DualHead_LogDirect_GNN_OOD,mb-dielectric-0954,SiO2,O-Si,1.352774977684021,1.3492629528045654,0.0035120248794555664
0,DualHead_LogDirect_GNN_OOD,mb-dielectric-0955,Tb2PbS4,Pb-S-Tb,3.1124751567840576,2.9816174507141113,0.1308577060699463
0,DualHead_LogDirect_GNN_OOD,mb-dielectric-0961,La3CuGeSe7,Cu-Ge-La-Se,3.0028257369995117,2.9684836864471436,0.034342050552368164
0,DualHead_LogDirect_GNN_OOD,mb-dielectric-0964,SrHfO3,Hf-O-Sr,2.0857646465301514,2.0900228023529053,0.004258155822753906
0,DualHead_LogDirect_GNN_OOD,mb-dielectric-0968,SrCu2GeS4,Cu-Ge-S-Sr,2.802964925765991,2.851447582244873,0.048482656478881836
0,DualHead_LogDirect_GNN_OOD,mb-dielectric-0970,Si3Ru2,Ru-Si,4.609097003936768,4.7189483642578125,0.10985136032104492
0,DualHead_LogDirect_GNN_OOD,mb-dielectric-0972,Nd4Se3O4,Nd-O-Se,2.750379800796509,2.610322952270508,0.14005684852600098
0,DualHead_LogDirect_GNN_OOD,mb-dielectric-0990,Ca3TaGa3(SiO7)2,Ca-Ga-O-Si-Ta,1.8657994270324707,1.85546875,0.010330677032470703
0,DualHead_LogDirect_GNN_OOD,mb-dielectric-0991,Li2Cr(CO3)2,C-Cr-Li-O,1.64114511013031,1.6983168125152588,0.05717170238494873
0,DualHead_LogDirect_GNN_OOD,mb-dielectric-0994,SrB4O7,B-O-Sr,1.7774847745895386,1.7451093196868896,0.032375454902648926
0,DualHead_LogDirect_GNN_OOD,mb-dielectric-1002,KBiO2,Bi-K-O,2.0298690795898438,2.160691738128662,0.13082265853881836
0,DualHead_LogDirect_GNN_OOD,mb-dielectric-1014,IO2,I-O,2.261489152908325,2.146099805831909,0.11538934707641602
0,DualHead_LogDirect_GNN_OOD,mb-dielectric-1017,HgBr,Br-Hg,2.3173980712890625,2.33760142326355,0.020203351974487305
0,DualHead_LogDirect_GNN_OOD,mb-dielectric-1019,SiO2,O-Si,1.5304802656173706,1.5212974548339844,0.00918281078338623
0,DualHead_LogDirect_GNN_OOD,mb-dielectric-1022,LiP2WO7,Li-O-P-W,1.7399580478668213,1.813178539276123,0.07322049140930176
0,DualHead_LogDirect_GNN_OOD,mb-dielectric-1030,PBr3O,Br-O-P,1.5779181718826294,1.6424311399459839,0.06451296806335449
0,DualHead_LogDirect_GNN_OOD,mb-dielectric-1031,MgI2,I-Mg,1.91659414768219,1.868760585784912,0.04783356189727783
0,DualHead_LogDirect_GNN_OOD,mb-dielectric-1037,Ho3CuSnS7,Cu-Ho-S-Sn,2.819181203842163,2.8052730560302734,0.013908147811889648
0,DualHead_LogDirect_GNN_OOD,mb-dielectric-1039,Te2MoW3(SeS2)2,Mo-S-Se-Te-W,1.0,2.871757984161377,1.871757984161377
0,DualHead_LogDirect_GNN_OOD,mb-dielectric-1049,Ca2AsI,As-Ca-I,2.497687339782715,2.428385019302368,0.06930232048034668
0,DualHead_LogDirect_GNN_OOD,mb-dielectric-1056,NaCNO,C-N-Na-O,1.4686095714569092,1.4805254936218262,0.011915922164916992
0,DualHead_LogDirect_GNN_OOD,mb-dielectric-1058,H5NF2,F-H-N,1.4029730558395386,1.3880589008331299,0.014914155006408691
0,DualHead_LogDirect_GNN_OOD,mb-dielectric-1064,MgSiN2,Mg-N-Si,2.0909721851348877,2.0889062881469727,0.002065896987915039
0,DualHead_LogDirect_GNN_OOD,mb-dielectric-1067,BeCl2,Be-Cl,1.5188812017440796,1.3951077461242676,0.12377345561981201
0,DualHead_LogDirect_GNN_OOD,mb-dielectric-1068,GeF2,F-Ge,1.7008705139160156,1.5521939992904663,0.14867651462554932
0,DualHead_LogDirect_GNN_OOD,mb-dielectric-1069,Na5SbO5,Na-O-Sb,1.8199857473373413,1.8010493516921997,0.0189363956451416
0,DualHead_LogDirect_GNN_OOD,mb-dielectric-1075,RbLi2(H2N)3,H-Li-N-Rb,1.6701459884643555,1.6167569160461426,0.05338907241821289
0,DualHead_LogDirect_GNN_OOD,mb-dielectric-1086,Na4HgP2,Hg-Na-P,2.454556703567505,2.5709280967712402,0.11637139320373535
0,DualHead_LogDirect_GNN_OOD,mb-dielectric-1087,Na4Br2O,Br-Na-O,1.7302381992340088,1.7920663356781006,0.0618281364440918
0,DualHead_LogDirect_GNN_OOD,mb-dielectric-1088,Ba2PbO4,Ba-O-Pb,2.2782106399536133,2.128173828125,0.15003681182861328
0,DualHead_LogDirect_GNN_OOD,mb-dielectric-1091,Tl2TeI6,I-Te-Tl,2.504262924194336,2.4512939453125,0.05296897888183594
0,DualHead_LogDirect_GNN_OOD,mb-dielectric-1093,Tl9SbTe6,Sb-Te-Tl,4.638823986053467,4.591291904449463,0.047532081604003906
0,DualHead_LogDirect_GNN_OOD,mb-dielectric-1094,KMnF3,F-K-Mn,1.4916417598724365,1.492580771446228,0.0009390115737915039
0,DualHead_LogDirect_GNN_OOD,mb-dielectric-1101,ZrNiSn,Ni-Sn-Zr,4.686844348907471,4.7425031661987305,0.055658817291259766
0,DualHead_LogDirect_GNN_OOD,mb-dielectric-1104,AgPF6,Ag-F-P,1.3670727014541626,1.451555609703064,0.08448290824890137
0,DualHead_LogDirect_GNN_OOD,mb-dielectric-1110,TaTl(GeO3)3,Ge-O-Ta-Tl,1.8937841653823853,1.9408930540084839,0.04710888862609863
0,DualHead_LogDirect_GNN_OOD,mb-dielectric-1112,Li8CoO6,Co-Li-O,2.0016398429870605,1.872490644454956,0.1291491985321045
0,DualHead_LogDirect_GNN_OOD,mb-dielectric-1123,Cd(PO3)2,Cd-O-P,1.6713420152664185,1.731868028640747,0.06052601337432861
0,DualHead_LogDirect_GNN_OOD,mb-dielectric-1125,CsBr2F,Br-Cs-F,1.8703325986862183,1.6345020532608032,0.23583054542541504
0,DualHead_LogDirect_GNN_OOD,mb-dielectric-1127,H4IN,H-I-N,1.702366828918457,1.7215287685394287,0.01916193962097168
0,DualHead_LogDirect_GNN_OOD,mb-dielectric-1129,KNO3,K-N-O,1.4253958463668823,1.445582628250122,0.020186781883239746
0,DualHead_LogDirect_GNN_OOD,mb-dielectric-1140,RbBiS2,Bi-Rb-S,2.7297284603118896,3.08504319190979,0.3553147315979004
0,DualHead_LogDirect_GNN_OOD,mb-dielectric-1141,Cs2PbCl6,Cl-Cs-Pb,1.716243863105774,1.7678046226501465,0.05156075954437256
0,DualHead_LogDirect_GNN_OOD,mb-dielectric-1143,Cu2HgGeS4,Cu-Ge-Hg-S,3.3086330890655518,3.313208818435669,0.0045757293701171875
0,DualHead_LogDirect_GNN_OOD,mb-dielectric-1144,Te2MoWSeS,Mo-S-Se-Te-W,1.0,3.0515060424804688,2.0515060424804688
0,DualHead_LogDirect_GNN_OOD,mb-dielectric-1148,K2PtBr4,Br-K-Pt,1.9270004034042358,1.9065285921096802,0.020471811294555664
0,DualHead_LogDirect_GNN_OOD,mb-dielectric-1149,NaMnCl3,Cl-Mn-Na,1.75244140625,1.7832237482070923,0.030782341957092285
0,DualHead_LogDirect_GNN_OOD,mb-dielectric-1163,ZnH12SeO10,H-O-Se-Zn,1.5539132356643677,1.5934131145477295,0.039499878883361816
0,DualHead_LogDirect_GNN_OOD,mb-dielectric-1167,Na4SnS4,Na-S-Sn,2.021389961242676,2.1199564933776855,0.09856653213500977
0,DualHead_LogDirect_GNN_OOD,mb-dielectric-1170,TiCl4,Cl-Ti,1.5072048902511597,1.474703311920166,0.03250157833099365
0,DualHead_LogDirect_GNN_OOD,mb-dielectric-1172,Ag2PbO2,Ag-O-Pb,2.708524227142334,2.874246835708618,0.16572260856628418
0,DualHead_LogDirect_GNN_OOD,mb-dielectric-1174,BaBe2Si2O7,Ba-Be-O-Si,1.739377737045288,1.725696086883545,0.013681650161743164
0,DualHead_LogDirect_GNN_OOD,mb-dielectric-1181,Mo(PO4)2,Mo-O-P,1.9045672416687012,1.8845405578613281,0.020026683807373047
0,DualHead_LogDirect_GNN_OOD,mb-dielectric-1185,Fe(SiP)4,Fe-P-Si,4.110912799835205,4.102777481079102,0.008135318756103516
0,DualHead_LogDirect_GNN_OOD,mb-dielectric-1205,GaCuI4,Cu-Ga-I,2.1651668548583984,2.187161684036255,0.021994829177856445
0,DualHead_LogDirect_GNN_OOD,mb-dielectric-1213,Ga2TeSe2,Ga-Se-Te,2.611182451248169,2.629763126373291,0.01858067512512207
0,DualHead_LogDirect_GNN_OOD,mb-dielectric-1214,RbAuBr3,Au-Br-Rb,2.5451748371124268,1.87651526927948,0.6686595678329468
0,DualHead_LogDirect_GNN_OOD,mb-dielectric-1215,H3NO4,H-N-O,1.5432995557785034,1.465712547302246,0.07758700847625732
0,DualHead_LogDirect_GNN_OOD,mb-dielectric-1219,AlBiBr6,Al-Bi-Br,1.8529256582260132,1.9235436916351318,0.07061803340911865
0,DualHead_LogDirect_GNN_OOD,mb-dielectric-1228,Li2AgF3,Ag-F-Li,1.6274776458740234,1.7069414854049683,0.07946383953094482
0,DualHead_LogDirect_GNN_OOD,mb-dielectric-1230,NaH4BrO2,Br-H-Na-O,1.5470402240753174,1.5333819389343262,0.013658285140991211
0,DualHead_LogDirect_GNN_OOD,mb-dielectric-1235,BN,B-N,2.1097192764282227,2.2589731216430664,0.14925384521484375
0,DualHead_LogDirect_GNN_OOD,mb-dielectric-1236,BaLaMgNbO6,Ba-La-Mg-Nb-O,2.2739925384521484,2.3394739627838135,0.06548142433166504
0,DualHead_LogDirect_GNN_OOD,mb-dielectric-1241,CaH2,Ca-H,2.1101343631744385,2.3262743949890137,0.2161400318145752
0,DualHead_LogDirect_GNN_OOD,mb-dielectric-1244,SiO2,O-Si,1.4637417793273926,1.46088707447052,0.0028547048568725586
0,DualHead_LogDirect_GNN_OOD,mb-dielectric-1254,SiH4,H-Si,1.488399624824524,1.6204376220703125,0.13203799724578857
0,DualHead_LogDirect_GNN_OOD,mb-dielectric-1261,Zr3GeO8,Ge-O-Zr,2.304401159286499,2.3217906951904297,0.017389535903930664
0,DualHead_LogDirect_GNN_OOD,mb-dielectric-1263,MgSiN2,Mg-N-Si,2.1150176525115967,2.0913586616516113,0.02365899085998535
0,DualHead_LogDirect_GNN_OOD,mb-dielectric-1272,RbGeCl3,Cl-Ge-Rb,1.6726891994476318,1.6692628860473633,0.0034263134002685547
0,DualHead_LogDirect_GNN_OOD,mb-dielectric-1273,Sr2CaI6,Ca-I-Sr,1.8897910118103027,1.8418383598327637,0.04795265197753906
0,DualHead_LogDirect_GNN_OOD,mb-dielectric-1276,AlAgSe2,Ag-Al-Se,2.640899658203125,2.7442684173583984,0.10336875915527344
0,DualHead_LogDirect_GNN_OOD,mb-dielectric-1288,HgAsO3,As-Hg-O,2.2090344429016113,2.1440846920013428,0.06494975090026855
0,DualHead_LogDirect_GNN_OOD,mb-dielectric-1289,K2Zn(SiO3)2,K-O-Si-Zn,1.6286698579788208,1.5902527570724487,0.03841710090637207
0,DualHead_LogDirect_GNN_OOD,mb-dielectric-1293,Cu2HgGeS4,Cu-Ge-Hg-S,3.677025318145752,3.640817165374756,0.036208152770996094
0,DualHead_LogDirect_GNN_OOD,mb-dielectric-1294,Na5Li3Ti5O14,Li-Na-O-Ti,2.1108267307281494,2.0748543739318848,0.03597235679626465
0,DualHead_LogDirect_GNN_OOD,mb-dielectric-1297,BaPbO3,Ba-O-Pb,2.9794986248016357,2.260179042816162,0.7193195819854736
0,DualHead_LogDirect_GNN_OOD,mb-dielectric-1303,Dy3Se4O12F,Dy-F-O-Se,1.7929002046585083,1.8713009357452393,0.07840073108673096
0,DualHead_LogDirect_GNN_OOD,mb-dielectric-1313,BaHI,Ba-H-I,2.1072916984558105,2.0697641372680664,0.03752756118774414
0,DualHead_LogDirect_GNN_OOD,mb-dielectric-1324,N2,N,1.1814080476760864,1.4805935621261597,0.29918551445007324
0,DualHead_LogDirect_GNN_OOD,mb-dielectric-1337,In2Se3,In-Se,2.778106212615967,3.033661365509033,0.2555551528930664
0,DualHead_LogDirect_GNN_OOD,mb-dielectric-1338,PH3O4,H-O-P,1.4891831874847412,1.4959089756011963,0.006725788116455078
0,DualHead_LogDirect_GNN_OOD,mb-dielectric-1340,SiO2,O-Si,1.3335416316986084,1.3418972492218018,0.00835561752319336
0,DualHead_LogDirect_GNN_OOD,mb-dielectric-1345,GeS2,Ge-S,2.357605218887329,2.444399833679199,0.08679461479187012
0,DualHead_LogDirect_GNN_OOD,mb-dielectric-1350,Al2PdCl8,Al-Cl-Pd,1.6232683658599854,1.575406551361084,0.04786181449890137
0,DualHead_LogDirect_GNN_OOD,mb-dielectric-1354,Ge5Ir4,Ge-Ir,6.536015510559082,5.224949836730957,1.311065673828125
0,DualHead_LogDirect_GNN_OOD,mb-dielectric-1356,SrPr2O4,O-Pr-Sr,2.109090566635132,2.0517587661743164,0.05733180046081543
0,DualHead_LogDirect_GNN_OOD,mb-dielectric-1357,RbCaH3,Ca-H-Rb,1.7734266519546509,1.9901353120803833,0.21670866012573242
0,DualHead_LogDirect_GNN_OOD,mb-dielectric-1358,Na2Ti2O5,Na-O-Ti,1.8113919496536255,1.8102571964263916,0.0011347532272338867
0,DualHead_LogDirect_GNN_OOD,mb-dielectric-1363,VAg3O4,Ag-O-V,2.311094045639038,2.6642489433288574,0.35315489768981934
0,DualHead_LogDirect_GNN_OOD,mb-dielectric-1364,Na2V(PO4)2,Na-O-P-V,1.6442475318908691,1.7355613708496094,0.09131383895874023
0,DualHead_LogDirect_GNN_OOD,mb-dielectric-1371,Sn2OF2,F-O-Sn,2.084470510482788,2.042367458343506,0.04210305213928223
0,DualHead_LogDirect_GNN_OOD,mb-dielectric-1373,MnSe,Mn-Se,2.636810541152954,2.5023491382598877,0.1344614028930664
0,DualHead_LogDirect_GNN_OOD,mb-dielectric-1375,Tl2O,O-Tl,3.5326099395751953,3.6729283332824707,0.1403183937072754
0,DualHead_LogDirect_GNN_OOD,mb-dielectric-1380,BaMnO3,Ba-Mn-O,2.252354621887207,2.5183424949645996,0.2659878730773926
0,DualHead_LogDirect_GNN_OOD,mb-dielectric-1381,Y(AgCl2)3,Ag-Cl-Y,1.930975079536438,2.025611639022827,0.09463655948638916
0,DualHead_LogDirect_GNN_OOD,mb-dielectric-1395,CrP(HO)5,Cr-H-O-P,1.6217979192733765,1.6837655305862427,0.06196761131286621
0,DualHead_LogDirect_GNN_OOD,mb-dielectric-1397,Ca2SnN2,Ca-N-Sn,17.407039642333984,2.9743199348449707,14.432719707489014
0,DualHead_LogDirect_GNN_OOD,mb-dielectric-1412,Si3Ru2,Ru-Si,4.521283149719238,4.66379451751709,0.14251136779785156
0,DualHead_LogDirect_GNN_OOD,mb-dielectric-1413,LiSn2P4H3O16,H-Li-O-P-Sn,1.6937288045883179,1.6989920139312744,0.005263209342956543
0,DualHead_LogDirect_GNN_OOD,mb-dielectric-1416,FeBiO3,Bi-Fe-O,2.6882450580596924,2.6584713459014893,0.029773712158203125
0,DualHead_LogDirect_GNN_OOD,mb-dielectric-1426,H4SO5,H-O-S,1.4860461950302124,1.475942611694336,0.010103583335876465
0,DualHead_LogDirect_GNN_OOD,mb-dielectric-1429,Cu4SnP10,Cu-P-Sn,4.121486186981201,3.704838275909424,0.41664791107177734
0,DualHead_LogDirect_GNN_OOD,mb-dielectric-1430,DySbPt,Dy-Pt-Sb,4.8487749099731445,4.925407886505127,0.07663297653198242
0,DualHead_LogDirect_GNN_OOD,mb-dielectric-1432,AlP,Al-P,2.852370023727417,2.7962608337402344,0.05610918998718262
0,DualHead_LogDirect_GNN_OOD,mb-dielectric-1440,ScCuO2,Cu-O-Sc,2.4303061962127686,2.469060182571411,0.03875398635864258
0,DualHead_LogDirect_GNN_OOD,mb-dielectric-1441,H2SO4,H-O-S,1.4797521829605103,1.4945104122161865,0.01475822925567627
0,DualHead_LogDirect_GNN_OOD,mb-dielectric-1446,OsCl2O,Cl-O-Os,11.35710334777832,2.04142427444458,9.31567907333374
0,DualHead_LogDirect_GNN_OOD,mb-dielectric-1459,KPH3O4F,F-H-K-O-P,1.4717336893081665,1.4658308029174805,0.005902886390686035
0,DualHead_LogDirect_GNN_OOD,mb-dielectric-1460,CsBr3,Br-Cs,1.7941571474075317,1.7642385959625244,0.029918551445007324
0,DualHead_LogDirect_GNN_OOD,mb-dielectric-1462,Li4NCl,Cl-Li-N,2.010042905807495,2.0306594371795654,0.020616531372070312
0,DualHead_LogDirect_GNN_OOD,mb-dielectric-1463,Li5NCl2,Cl-Li-N,1.910940408706665,2.002188205718994,0.0912477970123291
0,DualHead_LogDirect_GNN_OOD,mb-dielectric-1467,SiO2,O-Si,1.5337222814559937,1.5064239501953125,0.027298331260681152
0,DualHead_LogDirect_GNN_OOD,mb-dielectric-1468,Te2Br,Br-Te,3.2696585655212402,3.118396282196045,0.1512622833251953
0,DualHead_LogDirect_GNN_OOD,mb-dielectric-1473,Cs2Se5,Cs-Se,2.212149143218994,2.3337976932525635,0.12164855003356934
0,DualHead_LogDirect_GNN_OOD,mb-dielectric-1479,TaTl3Se4,Se-Ta-Tl,2.7057511806488037,2.6204214096069336,0.08532977104187012
0,DualHead_LogDirect_GNN_OOD,mb-dielectric-1481,SeF4,F-Se,1.5185519456863403,1.545892596244812,0.02734065055847168
0,DualHead_LogDirect_GNN_OOD,mb-dielectric-1487,Tl4O3,O-Tl,2.8554041385650635,3.2762300968170166,0.4208259582519531
0,DualHead_LogDirect_GNN_OOD,mb-dielectric-1488,LiCoP2O7,Co-Li-O-P,2.191882610321045,1.958709716796875,0.23317289352416992
0,DualHead_LogDirect_GNN_OOD,mb-dielectric-1490,Al4(B2O5)3,Al-B-O,1.641543984413147,1.6987502574920654,0.05720627307891846
0,DualHead_LogDirect_GNN_OOD,mb-dielectric-1492,K2PtBr6,Br-K-Pt,1.983003854751587,1.9567756652832031,0.02622818946838379
0,DualHead_LogDirect_GNN_OOD,mb-dielectric-1516,CsSc3(CuTe3)2,Cs-Cu-Sc-Te,3.4427292346954346,3.1596083641052246,0.28312087059020996
0,DualHead_LogDirect_GNN_OOD,mb-dielectric-1523,LiCoS2,Co-Li-S,4.150614261627197,3.438204765319824,0.712409496307373
0,DualHead_LogDirect_GNN_OOD,mb-dielectric-1527,La3CuSiS7,Cu-La-S-Si,2.664318084716797,2.686356782913208,0.022038698196411133
0,DualHead_LogDirect_GNN_OOD,mb-dielectric-1535,NaCl,Cl-Na,1.5773861408233643,1.658942461013794,0.08155632019042969
0,DualHead_LogDirect_GNN_OOD,mb-dielectric-1536,BeSiP2,Be-P-Si,3.078094482421875,3.223816394805908,0.1457219123840332
0,DualHead_LogDirect_GNN_OOD,mb-dielectric-1539,CdSe,Cd-Se,2.935033082962036,2.583209991455078,0.351823091506958
0,DualHead_LogDirect_GNN_OOD,mb-dielectric-1546,NaInSe2,In-Na-Se,2.748966932296753,3.212160110473633,0.4631931781768799
0,DualHead_LogDirect_GNN_OOD,mb-dielectric-1550,Rb2ZrCl6,Cl-Rb-Zr,1.6748913526535034,1.6720170974731445,0.0028742551803588867
0,DualHead_LogDirect_GNN_OOD,mb-dielectric-1551,Er3TaO7,Er-O-Ta,2.1348867416381836,2.1036055088043213,0.031281232833862305
0,DualHead_LogDirect_GNN_OOD,mb-dielectric-1560,LaF3,F-La,1.7461581230163574,1.6760247945785522,0.07013332843780518
0,DualHead_LogDirect_GNN_OOD,mb-dielectric-1564,Na2O,Na-O,1.863084077835083,1.9914178848266602,0.12833380699157715
0,DualHead_LogDirect_GNN_OOD,mb-dielectric-1565,Be3Cd4Si3SeO12,Be-Cd-O-Se-Si,1.858547329902649,1.822739839553833,0.03580749034881592
0,DualHead_LogDirect_GNN_OOD,mb-dielectric-1571,Ba2CaSi4(BO7)2,B-Ba-Ca-O-Si,1.6674758195877075,1.6615538597106934,0.00592195987701416
0,DualHead_LogDirect_GNN_OOD,mb-dielectric-1576,KNO2,K-N-O,1.4268351793289185,1.437671422958374,0.010836243629455566
0,DualHead_LogDirect_GNN_OOD,mb-dielectric-1581,K2SbSO4F3,F-K-O-S-Sb,1.5505428314208984,1.5228333473205566,0.027709484100341797
0,DualHead_LogDirect_GNN_OOD,mb-dielectric-1582,BaBPO5,B-Ba-O-P,1.6891586780548096,1.7119712829589844,0.022812604904174805
0,DualHead_LogDirect_GNN_OOD,mb-dielectric-1584,CrO3,Cr-O,2.180544137954712,1.7461220026016235,0.4344221353530884
0,DualHead_LogDirect_GNN_OOD,mb-dielectric-1585,Bi2SO2,Bi-O-S,3.2752397060394287,3.0271687507629395,0.24807095527648926
0,DualHead_LogDirect_GNN_OOD,mb-dielectric-1586,NaLi5N2,Li-N-Na,2.6428637504577637,2.1063232421875,0.5365405082702637
0,DualHead_LogDirect_GNN_OOD,mb-dielectric-1587,Ti(SiO3)2,O-Si-Ti,1.9062658548355103,1.8557499647140503,0.05051589012145996
0,DualHead_LogDirect_GNN_OOD,mb-dielectric-1608,Cs2HfI6,Cs-Hf-I,1.949984073638916,2.0907630920410156,0.1407790184020996
0,DualHead_LogDirect_GNN_OOD,mb-dielectric-1632,RbVPO5,O-P-Rb-V,1.6521793603897095,1.6802773475646973,0.028097987174987793
0,DualHead_LogDirect_GNN_OOD,mb-dielectric-1633,Li2ZrF6,F-Li-Zr,1.5237613916397095,1.467207431793213,0.05655395984649658
0,DualHead_LogDirect_GNN_OOD,mb-dielectric-1654,BaYSi4N7,Ba-N-Si-Y,2.3048465251922607,2.138399600982666,0.16644692420959473
0,DualHead_LogDirect_GNN_OOD,mb-dielectric-1663,FePO4,Fe-O-P,1.7062742710113525,1.7654917240142822,0.05921745300292969
0,DualHead_LogDirect_GNN_OOD,mb-dielectric-1664,TeMoWSeS2,Mo-S-Se-Te-W,1.0,2.877086639404297,1.8770866394042969
0,DualHead_LogDirect_GNN_OOD,mb-dielectric-1672,Se,Se,2.2404613494873047,2.4031195640563965,0.1626582145690918
0,DualHead_LogDirect_GNN_OOD,mb-dielectric-1674,K3MnO4,K-Mn-O,1.6869763135910034,1.636434555053711,0.05054175853729248
0,DualHead_LogDirect_GNN_OOD,mb-dielectric-1686,Ca4P2O,Ca-O-P,2.713939666748047,2.5583622455596924,0.1555774211883545
0,DualHead_LogDirect_GNN_OOD,mb-dielectric-1691,Cs2Se,Cs-Se,1.919114351272583,1.9313852787017822,0.012270927429199219
0,DualHead_LogDirect_GNN_OOD,mb-dielectric-1695,K3TaF8,F-K-Ta,1.4645236730575562,1.4763715267181396,0.011847853660583496
0,DualHead_LogDirect_GNN_OOD,mb-dielectric-1698,BaFe(Si2O5)2,Ba-Fe-O-Si,1.652205467224121,1.6830723285675049,0.03086686134338379
0,DualHead_LogDirect_GNN_OOD,mb-dielectric-1699,Li7IN2,I-Li-N,2.2637929916381836,2.13157320022583,0.13221979141235352
0,DualHead_LogDirect_GNN_OOD,mb-dielectric-1706,K4ZnAs2,As-K-Zn,2.2602367401123047,2.394176483154297,0.1339397430419922
0,DualHead_LogDirect_GNN_OOD,mb-dielectric-1709,Li4SiO4,Li-O-Si,1.6421202421188354,1.693885326385498,0.0517650842666626
0,DualHead_LogDirect_GNN_OOD,mb-dielectric-1710,SiO2,O-Si,1.4286357164382935,1.408928632736206,0.019707083702087402
0,DualHead_LogDirect_GNN_OOD,mb-dielectric-1717,CaSnN2,Ca-N-Sn,2.451490879058838,2.651108741760254,0.19961786270141602
0,DualHead_LogDirect_GNN_OOD,mb-dielectric-1726,BaCaI4,Ba-Ca-I,2.0035972595214844,2.0662126541137695,0.06261539459228516
0,DualHead_LogDirect_GNN_OOD,mb-dielectric-1733,Li7VN4,Li-N-V,2.2600982189178467,2.2847719192504883,0.0246737003326416
0,DualHead_LogDirect_GNN_OOD,mb-dielectric-1740,BaCO3,Ba-C-O,1.6476272344589233,1.6293238401412964,0.018303394317626953
0,DualHead_LogDirect_GNN_OOD,mb-dielectric-1742,Y3GaO6,Ga-O-Y,2.0359487533569336,2.045293092727661,0.009344339370727539
0,DualHead_LogDirect_GNN_OOD,mb-dielectric-1743,SmBS3,B-S-Sm,2.6088740825653076,2.6154727935791016,0.006598711013793945
0,DualHead_LogDirect_GNN_OOD,mb-dielectric-1745,Y3Sb4Au3,Au-Sb-Y,5.201600551605225,4.910338401794434,0.291262149810791
0,DualHead_LogDirect_GNN_OOD,mb-dielectric-1750,H2S,H-S,1.4398518800735474,1.5212174654006958,0.08136558532714844
0,DualHead_LogDirect_GNN_OOD,mb-dielectric-1766,CdSe,Cd-Se,3.1103055477142334,2.532238721847534,0.5780668258666992
0,DualHead_LogDirect_GNN_OOD,mb-dielectric-1779,Cs2LiAsO4,As-Cs-Li-O,1.6811203956604004,1.6816778182983398,0.0005574226379394531
0,DualHead_LogDirect_GNN_OOD,mb-dielectric-1795,H7NO6,H-N-O,1.4740558862686157,1.4776668548583984,0.003610968589782715
0,DualHead_LogDirect_GNN_OOD,mb-dielectric-1798,KZnAs,As-K-Zn,5.313628196716309,3.1951842308044434,2.1184439659118652
0,DualHead_LogDirect_GNN_OOD,mb-dielectric-1805,Na3Sr3AlP4,Al-Na-P-Sr,2.692650079727173,2.665306806564331,0.027343273162841797
0,DualHead_LogDirect_GNN_OOD,mb-dielectric-1807,Li6I3N,I-Li-N,2.075929641723633,2.228476047515869,0.15254640579223633
0,DualHead_LogDirect_GNN_OOD,mb-dielectric-1809,Ga2S3,Ga-S,2.421509265899658,2.3505373001098633,0.07097196578979492
0,DualHead_LogDirect_GNN_OOD,mb-dielectric-1817,In2TeO6,In-O-Te,2.142333745956421,2.1658177375793457,0.023483991622924805
0,DualHead_LogDirect_GNN_OOD,mb-dielectric-1825,K2H4Pd,H-K-Pd,1.6762863397598267,1.890694499015808,0.21440815925598145
0,DualHead_LogDirect_GNN_OOD,mb-dielectric-1827,Rb2H6Pt,H-Pt-Rb,1.6350730657577515,1.7639245986938477,0.1288515329360962
0,DualHead_LogDirect_GNN_OOD,mb-dielectric-1830,PrGeBO5,B-Ge-O-Pr,1.9110379219055176,1.8919665813446045,0.019071340560913086
0,DualHead_LogDirect_GNN_OOD,mb-dielectric-1849,MoS2,Mo-S,2.1111607551574707,2.2010092735290527,0.08984851837158203
0,DualHead_LogDirect_GNN_OOD,mb-dielectric-1853,SiO2,O-Si,1.562051773071289,1.5605729818344116,0.0014787912368774414
0,DualHead_LogDirect_GNN_OOD,mb-dielectric-1854,Sm3CuSnS7,Cu-S-Sm-Sn,2.8102238178253174,2.8776402473449707,0.06741642951965332
0,DualHead_LogDirect_GNN_OOD,mb-dielectric-1867,Be(HO)2,Be-H-O,1.5742965936660767,1.5251905918121338,0.04910600185394287
0,DualHead_LogDirect_GNN_OOD,mb-dielectric-1879,GeS2,Ge-S,2.163984537124634,2.3350398540496826,0.17105531692504883
0,DualHead_LogDirect_GNN_OOD,mb-dielectric-1882,CdTe,Cd-Te,3.0511131286621094,3.333493947982788,0.2823808193206787
0,DualHead_LogDirect_GNN_OOD,mb-dielectric-1888,Th2HN3,H-N-Th,2.835411310195923,3.0037760734558105,0.1683647632598877
0,DualHead_LogDirect_GNN_OOD,mb-dielectric-1898,Li3GaSiO5,Ga-Li-O-Si,1.702123761177063,1.6904466152191162,0.011677145957946777
0,DualHead_LogDirect_GNN_OOD,mb-dielectric-1904,Zr3N4,N-Zr,3.6422863006591797,4.153780937194824,0.5114946365356445
0,DualHead_LogDirect_GNN_OOD,mb-dielectric-1913,Li10Ge(PO6)2,Ge-Li-O-P,1.6077299118041992,1.6621254682540894,0.05439555644989014
0,DualHead_LogDirect_GNN_OOD,mb-dielectric-1916,AgI,Ag-I,2.243255853652954,2.274644136428833,0.031388282775878906
0,DualHead_LogDirect_GNN_OOD,mb-dielectric-1921,Li5CoO4,Co-Li-O,1.9443072080612183,2.1600470542907715,0.21573984622955322
0,DualHead_LogDirect_GNN_OOD,mb-dielectric-1922,BeF2,Be-F,1.3211067914962769,1.2599515914916992,0.06115520000457764
0,DualHead_LogDirect_GNN_OOD,mb-dielectric-1923,AgI,Ag-I,2.1749985218048096,2.4100844860076904,0.23508596420288086
0,DualHead_LogDirect_GNN_OOD,mb-dielectric-1935,Li2AgF4,Ag-F-Li,21.911911010742188,1.5863711833953857,20.3255398273468
0,DualHead_LogDirect_GNN_OOD,mb-dielectric-1941,CaHClO,Ca-Cl-H-O,1.6970088481903076,1.6981761455535889,0.00116729736328125
0,DualHead_LogDirect_GNN_OOD,mb-dielectric-1944,LiTiV2O6,Li-O-Ti-V,2.337362051010132,2.4065957069396973,0.06923365592956543
0,DualHead_LogDirect_GNN_OOD,mb-dielectric-1945,Cd4SiS6,Cd-S-Si,2.4183967113494873,2.444279670715332,0.025882959365844727
0,DualHead_LogDirect_GNN_OOD,mb-dielectric-1946,Al5CuS8,Al-Cu-S,2.606900453567505,2.5484302043914795,0.05847024917602539
0,DualHead_LogDirect_GNN_OOD,mb-dielectric-1956,SiO2,O-Si,1.5337135791778564,1.5063886642456055,0.027324914932250977
0,DualHead_LogDirect_GNN_OOD,mb-dielectric-1959,BeCN2,Be-C-N,2.1917805671691895,2.3289575576782227,0.1371769905090332
0,DualHead_LogDirect_GNN_OOD,mb-dielectric-1961,Fe2P2O7,Fe-O-P,1.7615493535995483,2.0261270999908447,0.2645777463912964
0,DualHead_LogDirect_GNN_OOD,mb-dielectric-1962,LiCoPO4,Co-Li-O-P,1.6942247152328491,1.9357671737670898,0.24154245853424072
0,DualHead_LogDirect_GNN_OOD,mb-dielectric-1965,H2S,H-S,1.594693660736084,1.621880054473877,0.02718639373779297
0,DualHead_LogDirect_GNN_OOD,mb-dielectric-1970,Ni(HO)2,H-Ni-O,1.5028351545333862,1.6263500452041626,0.12351489067077637
0,DualHead_LogDirect_GNN_OOD,mb-dielectric-1980,BH2OF3,B-F-H-O,1.329034686088562,1.3505756855010986,0.02154099941253662
0,DualHead_LogDirect_GNN_OOD,mb-dielectric-1981,Hg,Hg,4.332965850830078,9.053194046020508,4.72022819519043
0,DualHead_LogDirect_GNN_OOD,mb-dielectric-1984,CsAgO,Ag-Cs-O,1.92978036403656,1.9632716178894043,0.03349125385284424
0,DualHead_LogDirect_GNN_OOD,mb-dielectric-1985,Re3(TeBr)7,Br-Re-Te,2.523027181625366,2.711747169494629,0.1887199878692627
0,DualHead_LogDirect_GNN_OOD,mb-dielectric-1986,BaCa2I6,Ba-Ca-I,1.8725244998931885,1.9031827449798584,0.030658245086669922
0,DualHead_LogDirect_GNN_OOD,mb-dielectric-1989,CsPbCl3,Cl-Cs-Pb,1.9123022556304932,1.9161396026611328,0.0038373470306396484
0,DualHead_LogDirect_GNN_OOD,mb-dielectric-1991,K2ZnCl4,Cl-K-Zn,1.578195333480835,1.6254456043243408,0.04725027084350586
0,DualHead_LogDirect_GNN_OOD,mb-dielectric-1994,SeBr,Br-Se,2.150634765625,2.200437068939209,0.049802303314208984
0,DualHead_LogDirect_GNN_OOD,mb-dielectric-2001,TaCu3S4,Cu-S-Ta,2.4617459774017334,2.50993275642395,0.0481867790222168
0,DualHead_LogDirect_GNN_OOD,mb-dielectric-2008,BaLiPrTeO6,Ba-Li-O-Pr-Te,2.0992379188537598,2.166281223297119,0.06704330444335938
0,DualHead_LogDirect_GNN_OOD,mb-dielectric-2017,NbSbO4,Nb-O-Sb,2.4775123596191406,2.3387374877929688,0.13877487182617188
0,DualHead_LogDirect_GNN_OOD,mb-dielectric-2031,SiO2,O-Si,1.5261061191558838,1.5418827533721924,0.015776634216308594
0,DualHead_LogDirect_GNN_OOD,mb-dielectric-2033,SiO2,O-Si,1.5719364881515503,1.5786017179489136,0.006665229797363281
0,DualHead_LogDirect_GNN_OOD,mb-dielectric-2039,Mg(BH4)2,B-H-Mg,1.5394822359085083,1.558606505393982,0.019124269485473633
0,DualHead_LogDirect_GNN_OOD,mb-dielectric-2051,AgBiS2,Ag-Bi-S,5.713662147521973,3.897693157196045,1.8159689903259277
0,DualHead_LogDirect_GNN_OOD,mb-dielectric-2058,Bi2Te2S,Bi-S-Te,4.223402976989746,4.076698303222656,0.14670467376708984
0,DualHead_LogDirect_GNN_OOD,mb-dielectric-2072,H4SO5,H-O-S,1.4961527585983276,1.4835855960845947,0.01256716251373291
0,DualHead_LogDirect_GNN_OOD,mb-dielectric-2076,SiO2,O-Si,1.4893163442611694,1.4686938524246216,0.02062249183654785
0,DualHead_LogDirect_GNN_OOD,mb-dielectric-2079,Mg5H8O9,H-Mg-O,1.631665825843811,1.6166139841079712,0.015051841735839844
0,DualHead_LogDirect_GNN_OOD,mb-dielectric-2081,NaAgO,Ag-Na-O,2.112907886505127,2.2699453830718994,0.15703749656677246
0,DualHead_LogDirect_GNN_OOD,mb-dielectric-2085,MgAl2O4,Al-Mg-O,1.77308988571167,1.766323447227478,0.0067664384841918945
0,DualHead_LogDirect_GNN_OOD,mb-dielectric-2088,Mg2ReN3,Mg-N-Re,3.248483180999756,2.583033561706543,0.6654496192932129
0,DualHead_LogDirect_GNN_OOD,mb-dielectric-2093,FePO4,Fe-O-P,1.7282605171203613,1.8442473411560059,0.11598682403564453
0,DualHead_LogDirect_GNN_OOD,mb-dielectric-2097,ErAgSe2,Ag-Er-Se,2.9475860595703125,3.0056943893432617,0.05810832977294922
0,DualHead_LogDirect_GNN_OOD,mb-dielectric-2099,Ti3Sn7O20,O-Sn-Ti,2.323392152786255,2.2652928829193115,0.05809926986694336
0,DualHead_LogDirect_GNN_OOD,mb-dielectric-2101,SiO2,O-Si,1.3936761617660522,1.3835195302963257,0.010156631469726562
0,DualHead_LogDirect_GNN_OOD,mb-dielectric-2103,SiO2,O-Si,1.3584305047988892,1.3592290878295898,0.0007985830307006836
0,DualHead_LogDirect_GNN_OOD,mb-dielectric-2104,SiO2,O-Si,1.3924797773361206,1.3766326904296875,0.015847086906433105
0,DualHead_LogDirect_GNN_OOD,mb-dielectric-2118,W(OF)2,F-O-W,1.76638662815094,1.7353336811065674,0.03105294704437256
0,DualHead_LogDirect_GNN_OOD,mb-dielectric-2128,Ca5P3HO13,Ca-H-O-P,1.713147521018982,1.7067936658859253,0.006353855133056641
0,DualHead_LogDirect_GNN_OOD,mb-dielectric-2133,LiGaSiO4,Ga-Li-O-Si,1.6743805408477783,1.6858984231948853,0.011517882347106934
0,DualHead_LogDirect_GNN_OOD,mb-dielectric-2134,NaCdF3,Cd-F-Na,1.5106425285339355,1.5298566818237305,0.019214153289794922
0,DualHead_LogDirect_GNN_OOD,mb-dielectric-2135,Ba3Ti3(BO6)2,B-Ba-O-Ti,2.252333641052246,2.287245988845825,0.0349123477935791
0,DualHead_LogDirect_GNN_OOD,mb-dielectric-2143,SiO2,O-Si,1.5726208686828613,1.539764165878296,0.03285670280456543
0,DualHead_LogDirect_GNN_OOD,mb-dielectric-2149,SiO2,O-Si,1.476754903793335,1.4737298488616943,0.003025054931640625
0,DualHead_LogDirect_GNN_OOD,mb-dielectric-2150,NaZrPCO7,C-Na-O-P-Zr,1.5885006189346313,1.5629421472549438,0.0255584716796875
0,DualHead_LogDirect_GNN_OOD,mb-dielectric-2151,BaCO3,Ba-C-O,1.6813641786575317,1.6870099306106567,0.005645751953125
0,DualHead_LogDirect_GNN_OOD,mb-dielectric-2155,LiHS,H-Li-S,1.7608643770217896,1.8609625101089478,0.1000981330871582
0,DualHead_LogDirect_GNN_OOD,mb-dielectric-2177,KPH3O3F,F-H-K-O-P,1.4641265869140625,1.471684217453003,0.00755763053894043
0,DualHead_LogDirect_GNN_OOD,mb-dielectric-2181,BaTeO3,Ba-O-Te,1.9546387195587158,1.9725444316864014,0.017905712127685547
0,DualHead_LogDirect_GNN_OOD,mb-dielectric-2185,Sc2TiO5,O-Sc-Ti,2.1896870136260986,2.1462059020996094,0.04348111152648926
0,DualHead_LogDirect_GNN_OOD,mb-dielectric-2202,K3SnIrCl8,Cl-Ir-K-Sn,1.763006567955017,1.7656118869781494,0.0026053190231323242
0,DualHead_LogDirect_GNN_OOD,mb-dielectric-2203,K2NaVOF5,F-K-Na-O-V,1.5088839530944824,1.5535988807678223,0.044714927673339844
0,DualHead_LogDirect_GNN_OOD,mb-dielectric-2207,Hf2SeN2,Hf-N-Se,3.100339412689209,3.182218551635742,0.0818791389465332
0,DualHead_LogDirect_GNN_OOD,mb-dielectric-2217,MgGeN2,Ge-Mg-N,2.241992235183716,2.2628190517425537,0.02082681655883789
0,DualHead_LogDirect_GNN_OOD,mb-dielectric-2219,RbAlF4,Al-F-Rb,1.4243093729019165,1.3992364406585693,0.025072932243347168
0,DualHead_LogDirect_GNN_OOD,mb-dielectric-2221,BeF2,Be-F,1.1991664171218872,1.2016406059265137,0.002474188804626465
0,DualHead_LogDirect_GNN_OOD,mb-dielectric-2232,K6MnSe4,K-Mn-Se,1.9996798038482666,1.951513648033142,0.04816615581512451
0,DualHead_LogDirect_GNN_OOD,mb-dielectric-2236,SiO2,O-Si,1.4919474124908447,1.4896166324615479,0.002330780029296875
0,DualHead_LogDirect_GNN_OOD,mb-dielectric-2241,Ga2S3,Ga-S,2.459932327270508,2.3784475326538086,0.08148479461669922
0,DualHead_LogDirect_GNN_OOD,mb-dielectric-2242,CdTe,Cd-Te,3.0976920127868652,3.3776960372924805,0.28000402450561523
0,DualHead_LogDirect_GNN_OOD,mb-dielectric-2243,Ga5(PS)3,Ga-P-S,2.8255507946014404,2.636913299560547,0.18863749504089355
0,DualHead_LogDirect_GNN_OOD,mb-dielectric-2260,Mn(CuCl2)2,Cl-Cu-Mn,2.1503868103027344,2.176114082336426,0.025727272033691406
0,DualHead_LogDirect_GNN_OOD,mb-dielectric-2279,SrBPO5,B-O-P-Sr,1.678964376449585,1.7025694847106934,0.0236051082611084
0,DualHead_LogDirect_GNN_OOD,mb-dielectric-2288,GaH3NF3,F-Ga-H-N,1.5327959060668945,1.5663408041000366,0.03354489803314209
0,DualHead_LogDirect_GNN_OOD,mb-dielectric-2291,B2AsP,As-B-P,3.091782569885254,3.1106619834899902,0.018879413604736328
0,DualHead_LogDirect_GNN_OOD,mb-dielectric-2302,SClO2F,Cl-F-O-S,1.4357343912124634,1.5115275382995605,0.07579314708709717
0,DualHead_LogDirect_GNN_OOD,mb-dielectric-2304,Be2BO3F,B-Be-F-O,1.5107393264770508,1.5179692506790161,0.007229924201965332
0,DualHead_LogDirect_GNN_OOD,mb-dielectric-2306,Na3VH6O7,H-Na-O-V,1.6592848300933838,1.694068431854248,0.03478360176086426
0,DualHead_LogDirect_GNN_OOD,mb-dielectric-2313,SrMgH4,H-Mg-Sr,2.039844274520874,2.0504226684570312,0.010578393936157227
0,DualHead_LogDirect_GNN_OOD,mb-dielectric-2319,FePO4,Fe-O-P,1.7319377660751343,1.802260398864746,0.07032263278961182
0,DualHead_LogDirect_GNN_OOD,mb-dielectric-2320,FeAsS,As-Fe-S,5.001766204833984,4.591421127319336,0.41034507751464844
0,DualHead_LogDirect_GNN_OOD,mb-dielectric-2340,SiO2,O-Si,1.4143314361572266,1.3940751552581787,0.02025628089904785
0,DualHead_LogDirect_GNN_OOD,mb-dielectric-2350,Al2Se3,Al-Se,2.4342164993286133,2.3751978874206543,0.059018611907958984
0,DualHead_LogDirect_GNN_OOD,mb-dielectric-2357,Bi14Te13S8,Bi-S-Te,4.248685836791992,4.222194671630859,0.026491165161132812
0,DualHead_LogDirect_GNN_OOD,mb-dielectric-2367,PNF2,F-N-P,1.4216188192367554,1.418591856956482,0.0030269622802734375
0,DualHead_LogDirect_GNN_OOD,mb-dielectric-2372,LiTaN2,Li-N-Ta,3.307677745819092,3.1804447174072266,0.12723302841186523
0,DualHead_LogDirect_GNN_OOD,mb-dielectric-2374,H10SO8,H-O-S,1.455946445465088,1.4335185289382935,0.022427916526794434
0,DualHead_LogDirect_GNN_OOD,mb-dielectric-2378,Hg3(TeBr)2,Br-Hg-Te,2.618785858154297,2.6273889541625977,0.008603096008300781
0,DualHead_LogDirect_GNN_OOD,mb-dielectric-2389,CsNiF3,Cs-F-Ni,1.5185317993164062,1.6072320938110352,0.0887002944946289
0,DualHead_LogDirect_GNN_OOD,mb-dielectric-2392,La3SiAgS7,Ag-La-S-Si,2.663271188735962,2.6835012435913086,0.02023005485534668
0,DualHead_LogDirect_GNN_OOD,mb-dielectric-2393,Na3SnPCO7,C-Na-O-P-Sn,1.726083755493164,1.6608539819717407,0.06522977352142334
0,DualHead_LogDirect_GNN_OOD,mb-dielectric-2402,SiO2,O-Si,1.5017766952514648,1.49996018409729,0.0018165111541748047
0,DualHead_LogDirect_GNN_OOD,mb-dielectric-2408,BaCa2I6,Ba-Ca-I,1.9055309295654297,2.0128960609436035,0.10736513137817383
0,DualHead_LogDirect_GNN_OOD,mb-dielectric-2409,HfTiO4,Hf-O-Ti,2.4301722049713135,2.261310577392578,0.16886162757873535
0,DualHead_LogDirect_GNN_OOD,mb-dielectric-2410,GePb3O5,Ge-O-Pb,2.554288387298584,2.430032253265381,0.12425613403320312
0,DualHead_LogDirect_GNN_OOD,mb-dielectric-2412,SiO2,O-Si,1.3890044689178467,1.386718511581421,0.0022859573364257812
0,DualHead_LogDirect_GNN_OOD,mb-dielectric-2414,Si2Ru,Ru-Si,4.485495090484619,4.680022239685059,0.19452714920043945
0,DualHead_LogDirect_GNN_OOD,mb-dielectric-2419,Sr4Cl6O,Cl-O-Sr,1.744166612625122,1.7728517055511475,0.02868509292602539
0,DualHead_LogDirect_GNN_OOD,mb-dielectric-2421,KMnF3,F-K-Mn,1.4940829277038574,1.5116500854492188,0.017567157745361328
0,DualHead_LogDirect_GNN_OOD,mb-dielectric-2430,HgBr2,Br-Hg,1.8669381141662598,2.0208420753479004,0.15390396118164062
0,DualHead_LogDirect_GNN_OOD,mb-dielectric-2431,K4Al3Si3ClO12,Al-Cl-K-O-Si,1.506735920906067,1.5241198539733887,0.017383933067321777
0,DualHead_LogDirect_GNN_OOD,mb-dielectric-2432,Li4CoO4,Co-Li-O,2.0489919185638428,2.089322090148926,0.04033017158508301
0,DualHead_LogDirect_GNN_OOD,mb-dielectric-2439,Tb2Ti2O7,O-Tb-Ti,2.0822415351867676,2.1297335624694824,0.047492027282714844
0,DualHead_LogDirect_GNN_OOD,mb-dielectric-2442,K3WF6,F-K-W,1.4165655374526978,1.4480386972427368,0.03147315979003906
0,DualHead_LogDirect_GNN_OOD,mb-dielectric-2473,LiCoPO4,Co-Li-O-P,1.5781389474868774,1.650834321975708,0.07269537448883057
0,DualHead_LogDirect_GNN_OOD,mb-dielectric-2479,SiPN3,N-P-Si,2.0514113903045654,2.107060670852661,0.0556492805480957
0,DualHead_LogDirect_GNN_OOD,mb-dielectric-2488,Ce(Ni2Sn)2,Ce-Ni-Sn,33.46723556518555,4.377574443817139,29.089661121368408
0,DualHead_LogDirect_GNN_OOD,mb-dielectric-2490,SrReN3,N-Re-Sr,2.434481620788574,2.434359073638916,0.00012254714965820312
0,DualHead_LogDirect_GNN_OOD,mb-dielectric-2491,Li2P2WO8,Li-O-P-W,1.7510793209075928,1.7918763160705566,0.04079699516296387
0,DualHead_LogDirect_GNN_OOD,mb-dielectric-2496,Mn4Be3Si3SO12,Be-Mn-O-S-Si,1.7729814052581787,1.7903826236724854,0.01740121841430664
0,DualHead_LogDirect_GNN_OOD,mb-dielectric-2500,MnSnF6,F-Mn-Sn,1.4881221055984497,1.7755411863327026,0.28741908073425293
0,DualHead_LogDirect_GNN_OOD,mb-dielectric-2509,GaTeI7,Ga-I-Te,2.1583125591278076,2.0175604820251465,0.14075207710266113
0,DualHead_LogDirect_GNN_OOD,mb-dielectric-2510,H8N2O,H-N-O,1.4464017152786255,1.4297127723693848,0.016688942909240723
0,DualHead_LogDirect_GNN_OOD,mb-dielectric-2513,BaBe2Si2O7,Ba-Be-O-Si,1.7384895086288452,1.7225368022918701,0.015952706336975098
0,DualHead_LogDirect_GNN_OOD,mb-dielectric-2514,SiO2,O-Si,1.3531445264816284,1.3257532119750977,0.02739131450653076
0,DualHead_LogDirect_GNN_OOD,mb-dielectric-2516,LiH3CO3,C-H-Li-O,1.4647271633148193,1.4639703035354614,0.0007568597793579102
0,DualHead_LogDirect_GNN_OOD,mb-dielectric-2527,SiH8,H-Si,1.4877192974090576,1.6464574337005615,0.1587381362915039
0,DualHead_LogDirect_GNN_OOD,mb-dielectric-2533,FePO4,Fe-O-P,1.712753415107727,1.8015663623809814,0.0888129472732544
0,DualHead_LogDirect_GNN_OOD,mb-dielectric-2538,Li4VCr(TeO6)2,Cr-Li-O-Te-V,2.4621641635894775,2.39235258102417,0.06981158256530762
0,DualHead_LogDirect_GNN_OOD,mb-dielectric-2542,NaSnPCO7,C-Na-O-P-Sn,1.582919716835022,1.6274104118347168,0.044490694999694824
0,DualHead_LogDirect_GNN_OOD,mb-dielectric-2545,Sr2MgH6,H-Mg-Sr,2.1680691242218018,2.1451773643493652,0.022891759872436523
0,DualHead_LogDirect_GNN_OOD,mb-dielectric-2549,ZnSO4,O-S-Zn,1.4346110820770264,1.486761212348938,0.05215013027191162
0,DualHead_LogDirect_GNN_OOD,mb-dielectric-2552,Cd4GeS6,Cd-Ge-S,2.4640021324157715,2.510519027709961,0.04651689529418945
0,DualHead_LogDirect_GNN_OOD,mb-dielectric-2561,KZnSb,K-Sb-Zn,4.290720462799072,3.019477367401123,1.2712430953979492
0,DualHead_LogDirect_GNN_OOD,mb-dielectric-2571,Li15Cr2N9,Cr-Li-N,2.4018590450286865,2.2765204906463623,0.12533855438232422
0,DualHead_LogDirect_GNN_OOD,mb-dielectric-2572,BN,B-N,2.1461970806121826,2.4305741786956787,0.2843770980834961
0,DualHead_LogDirect_GNN_OOD,mb-dielectric-2575,LiCaUF8,Ca-F-Li-U,1.6101537942886353,1.569477915763855,0.04067587852478027
0,DualHead_LogDirect_GNN_OOD,mb-dielectric-2577,InAgS2,Ag-In-S,2.824276924133301,2.8828110694885254,0.05853414535522461
0,DualHead_LogDirect_GNN_OOD,mb-dielectric-2578,Sr2HfO4,Hf-O-Sr,1.9822964668273926,2.0444295406341553,0.062133073806762695
0,DualHead_LogDirect_GNN_OOD,mb-dielectric-2581,NaSi2N3,N-Na-Si,2.0718274116516113,2.0531301498413086,0.018697261810302734
0,DualHead_LogDirect_GNN_OOD,mb-dielectric-2584,SiO2,O-Si,1.5564967393875122,1.5480237007141113,0.008473038673400879
0,DualHead_LogDirect_GNN_OOD,mb-dielectric-2587,Ga2Se3,Ga-Se,2.7922675609588623,2.9166383743286133,0.12437081336975098
0,DualHead_LogDirect_GNN_OOD,mb-dielectric-2589,LaF3,F-La,1.703048586845398,1.6938809156417847,0.009167671203613281
0,DualHead_LogDirect_GNN_OOD,mb-dielectric-2598,SrLiNb2O6F,F-Li-Nb-O-Sr,2.0592048168182373,2.0576953887939453,0.0015094280242919922
0,DualHead_LogDirect_GNN_OOD,mb-dielectric-2600,Cs2CaH4,Ca-Cs-H,1.7877329587936401,1.94655179977417,0.15881884098052979
0,DualHead_LogDirect_GNN_OOD,mb-dielectric-2603,LiAgF2,Ag-F-Li,1.6504383087158203,1.800398349761963,0.14996004104614258
0,DualHead_LogDirect_GNN_OOD,mb-dielectric-2604,TaRhO4,O-Rh-Ta,3.0516324043273926,2.8609981536865234,0.19063425064086914
0,DualHead_LogDirect_GNN_OOD,mb-dielectric-2605,TiVO4,O-Ti-V,2.989166259765625,3.1661643981933594,0.17699813842773438
0,DualHead_LogDirect_GNN_OOD,mb-dielectric-2609,Mg2H2O3,H-Mg-O,1.6701297760009766,1.624455451965332,0.04567432403564453
0,DualHead_LogDirect_GNN_OOD,mb-dielectric-2617,KNbCl6,Cl-K-Nb,1.6722025871276855,1.637070894241333,0.03513169288635254
0,DualHead_LogDirect_GNN_OOD,mb-dielectric-2618,SrP,P-Sr,2.7348575592041016,2.923391342163086,0.18853378295898438
0,DualHead_LogDirect_GNN_OOD,mb-dielectric-2622,WS2,S-W,2.0487020015716553,2.204664468765259,0.15596246719360352
0,DualHead_LogDirect_GNN_OOD,mb-dielectric-2630,Cs2Mo3SeO12,Cs-Mo-O-Se,2.084482431411743,1.9142494201660156,0.17023301124572754
0,DualHead_LogDirect_GNN_OOD,mb-dielectric-2631,Li9CrN5,Cr-Li-N,2.4450583457946777,2.2922234535217285,0.15283489227294922
0,DualHead_LogDirect_GNN_OOD,mb-dielectric-2633,NbGaO4,Ga-Nb-O,2.1502509117126465,2.1757090091705322,0.025458097457885742
0,DualHead_LogDirect_GNN_OOD,mb-dielectric-2637,P,P,1.6314021348953247,1.885620355606079,0.2542182207107544
0,DualHead_LogDirect_GNN_OOD,mb-dielectric-2641,BaH4O3,Ba-H-O,1.6444857120513916,1.6103620529174805,0.03412365913391113
0,DualHead_LogDirect_GNN_OOD,mb-dielectric-2648,Pr5AgSe8,Ag-Pr-Se,3.2206733226776123,3.34981632232666,0.12914299964904785
0,DualHead_LogDirect_GNN_OOD,mb-dielectric-2649,PHOF2,F-H-O-P,1.4061768054962158,1.3836171627044678,0.022559642791748047
0,DualHead_LogDirect_GNN_OOD,mb-dielectric-2655,CsB3H8,B-Cs-H,1.5640851259231567,1.5425539016723633,0.021531224250793457
0,DualHead_LogDirect_GNN_OOD,mb-dielectric-2659,SiO2,O-Si,1.519134283065796,1.5231330394744873,0.003998756408691406
0,DualHead_LogDirect_GNN_OOD,mb-dielectric-2662,LiV(TeO4)3,Li-O-Te-V,2.226853132247925,2.265273094177246,0.03841996192932129
0,DualHead_LogDirect_GNN_OOD,mb-dielectric-2663,PH3O4,H-O-P,1.5152558088302612,1.5078542232513428,0.007401585578918457
0,DualHead_LogDirect_GNN_OOD,mb-dielectric-2664,PH3O4,H-O-P,1.519320011138916,1.5220099687576294,0.002689957618713379
0,DualHead_LogDirect_GNN_OOD,mb-dielectric-2676,CaO2,Ca-O,1.8388402462005615,1.766728162765503,0.0721120834350586
0,DualHead_LogDirect_GNN_OOD,mb-dielectric-2682,Ca2CoSi2O7,Ca-Co-O-Si,11.215872764587402,1.8114895820617676,9.404383182525635
0,DualHead_LogDirect_GNN_OOD,mb-dielectric-2684,NaBrO3,Br-Na-O,1.651877760887146,1.6179215908050537,0.033956170082092285
0,DualHead_LogDirect_GNN_OOD,mb-dielectric-2685,Cs2Se3,Cs-Se,2.221505641937256,2.2416560649871826,0.020150423049926758
0,DualHead_LogDirect_GNN_OOD,mb-dielectric-2687,Li2Cr2CoO6,Co-Cr-Li-O,2.466214895248413,2.5909838676452637,0.12476897239685059
0,DualHead_LogDirect_GNN_OOD,mb-dielectric-2696,CoSbS,Co-S-Sb,5.385629177093506,5.460074424743652,0.07444524765014648
0,DualHead_LogDirect_GNN_OOD,mb-dielectric-2701,SnPSe3,P-Se-Sn,3.222323179244995,3.1974406242370605,0.02488255500793457
0,DualHead_LogDirect_GNN_OOD,mb-dielectric-2706,Li2CuSb,Cu-Li-Sb,4.287529468536377,4.748839378356934,0.46130990982055664
0,DualHead_LogDirect_GNN_OOD,mb-dielectric-2709,Mg(InSe2)2,In-Mg-Se,2.790858745574951,3.0214405059814453,0.23058176040649414
0,DualHead_LogDirect_GNN_OOD,mb-dielectric-2713,Be(HO)2,Be-H-O,1.6003398895263672,1.524101972579956,0.07623791694641113
0,DualHead_LogDirect_GNN_OOD,mb-dielectric-2716,SrNiF6,F-Ni-Sr,2.1311161518096924,1.568291187286377,0.5628249645233154
0,DualHead_LogDirect_GNN_OOD,mb-dielectric-2720,BaAl2Sb2O7,Al-Ba-O-Sb,1.840590000152588,1.7764991521835327,0.06409084796905518
0,DualHead_LogDirect_GNN_OOD,mb-dielectric-2724,K2PtS2,K-Pt-S,2.3087880611419678,2.28623628616333,0.022551774978637695
0,DualHead_LogDirect_GNN_OOD,mb-dielectric-2725,Ni(HO)2,H-Ni-O,1.8154593706130981,1.8881350755691528,0.07267570495605469
0,DualHead_LogDirect_GNN_OOD,mb-dielectric-2726,CsBrF6,Br-Cs-F,1.528494119644165,1.4408658742904663,0.08762824535369873
0,DualHead_LogDirect_GNN_OOD,mb-dielectric-2728,SnCl2,Cl-Sn,2.0902152061462402,2.231693744659424,0.1414785385131836
0,DualHead_LogDirect_GNN_OOD,mb-dielectric-2740,Li4VFe(TeO6)2,Fe-Li-O-Te-V,2.4408326148986816,2.2879858016967773,0.1528468132019043
0,DualHead_LogDirect_GNN_OOD,mb-dielectric-2745,GaHO2,Ga-H-O,1.9907736778259277,1.9825963973999023,0.00817728042602539
0,DualHead_LogDirect_GNN_OOD,mb-dielectric-2749,CaV2O6,Ca-O-V,1.966286063194275,2.108187675476074,0.14190161228179932
0,DualHead_LogDirect_GNN_OOD,mb-dielectric-2753,BeCl2,Be-Cl,1.402937889099121,1.4015858173370361,0.001352071762084961
0,DualHead_LogDirect_GNN_OOD,mb-dielectric-2765,BaBPO5,B-Ba-O-P,1.689229965209961,1.7119559049606323,0.022725939750671387
0,DualHead_LogDirect_GNN_OOD,mb-dielectric-2770,AlN,Al-N,2.4566915035247803,2.187063217163086,0.26962828636169434
0,DualHead_LogDirect_GNN_OOD,mb-dielectric-2773,Ni(HO)2,H-Ni-O,1.7888275384902954,1.8750181198120117,0.08619058132171631
0,DualHead_LogDirect_GNN_OOD,mb-dielectric-2777,Na6ZnSe4,Na-Se-Zn,2.123169422149658,2.1284430027008057,0.005273580551147461
0,DualHead_LogDirect_GNN_OOD,mb-dielectric-2787,Bi4RuBr2,Bi-Br-Ru,3.186220407485962,3.408519744873047,0.22229933738708496
0,DualHead_LogDirect_GNN_OOD,mb-dielectric-2799,InSe,In-Se,2.712665319442749,3.019118309020996,0.30645298957824707
0,DualHead_LogDirect_GNN_OOD,mb-dielectric-2802,K3NiO2,K-Ni-O,1.8063857555389404,1.9425735473632812,0.13618779182434082
0,DualHead_LogDirect_GNN_OOD,mb-dielectric-2804,Ge7Ir3,Ge-Ir,6.746011257171631,4.924586296081543,1.821424961090088
0,DualHead_LogDirect_GNN_OOD,mb-dielectric-2805,KSrCO3F,C-F-K-O-Sr,1.5199228525161743,1.5146979093551636,0.005224943161010742
0,DualHead_LogDirect_GNN_OOD,mb-dielectric-2810,H4IN,H-I-N,1.8239150047302246,1.7281248569488525,0.09579014778137207
0,DualHead_LogDirect_GNN_OOD,mb-dielectric-2824,Li2VGa3O8,Ga-Li-O-V,1.8442198038101196,1.8307180404663086,0.013501763343811035
0,DualHead_LogDirect_GNN_OOD,mb-dielectric-2829,H3NO4,H-N-O,1.478501796722412,1.4203355312347412,0.0581662654876709
0,DualHead_LogDirect_GNN_OOD,mb-dielectric-2831,Sr(ClO3)2,Cl-O-Sr,1.6182419061660767,1.5825071334838867,0.03573477268218994
0,DualHead_LogDirect_GNN_OOD,mb-dielectric-2833,H7NO6,H-N-O,1.4699907302856445,1.4266769886016846,0.04331374168395996
0,DualHead_LogDirect_GNN_OOD,mb-dielectric-2836,CsNd5Se8,Cs-Nd-Se,3.0637447834014893,3.082960605621338,0.019215822219848633
0,DualHead_LogDirect_GNN_OOD,mb-dielectric-2858,CoF2,Co-F,1.6160651445388794,1.7378807067871094,0.12181556224822998
0,DualHead_LogDirect_GNN_OOD,mb-dielectric-2860,CsSiTe3,Cs-Si-Te,2.5947048664093018,2.7036099433898926,0.10890507698059082
0,DualHead_LogDirect_GNN_OOD,mb-dielectric-2862,Cs3Ge4Au,Au-Cs-Ge,2.9447693824768066,3.141021490097046,0.19625210762023926
0,DualHead_LogDirect_GNN_OOD,mb-dielectric-2878,BeF2,Be-F,1.3418140411376953,1.2718970775604248,0.06991696357727051
0,DualHead_LogDirect_GNN_OOD,mb-dielectric-2882,SrLiSb,Li-Sb-Sr,3.1821377277374268,3.6758992671966553,0.4937615394592285
0,DualHead_LogDirect_GNN_OOD,mb-dielectric-2883,SiO2,O-Si,1.3979747295379639,1.3802247047424316,0.017750024795532227
0,DualHead_LogDirect_GNN_OOD,mb-dielectric-2886,Li4CrGa3O8,Cr-Ga-Li-O,1.8832207918167114,1.9165014028549194,0.03328061103820801
0,DualHead_LogDirect_GNN_OOD,mb-dielectric-2891,KCrF3,Cr-F-K,1.5700186491012573,1.5177195072174072,0.0522991418838501
0,DualHead_LogDirect_GNN_OOD,mb-dielectric-2905,LiFe2(ClO)2,Cl-Fe-Li-O,2.016695261001587,2.2841949462890625,0.2674996852874756
0,DualHead_LogDirect_GNN_OOD,mb-dielectric-2907,H3NO4,H-N-O,1.4197180271148682,1.4172699451446533,0.0024480819702148438
0,DualHead_LogDirect_GNN_OOD,mb-dielectric-2909,LiAlSiH2O5,Al-H-Li-O-Si,1.560114860534668,1.5344247817993164,0.025690078735351562
0,DualHead_LogDirect_GNN_OOD,mb-dielectric-2913,Ca2ZnSi2O7,Ca-O-Si-Zn,1.7385467290878296,1.7304203510284424,0.008126378059387207
0,DualHead_LogDirect_GNN_OOD,mb-dielectric-2915,BaCaI4,Ba-Ca-I,1.8462198972702026,1.9094951152801514,0.06327521800994873
0,DualHead_LogDirect_GNN_OOD,mb-dielectric-2918,FePO4,Fe-O-P,1.6786723136901855,1.7617473602294922,0.08307504653930664
0,DualHead_LogDirect_GNN_OOD,mb-dielectric-2923,Hg,Hg,1.8327827453613281,3.817269802093506,1.9844870567321777
0,DualHead_LogDirect_GNN_OOD,mb-dielectric-2929,SiO2,O-Si,1.4180763959884644,1.4183881282806396,0.00031173229217529297
0,DualHead_LogDirect_GNN_OOD,mb-dielectric-2935,SiO2,O-Si,1.5182119607925415,1.5146828889846802,0.003529071807861328
0,DualHead_LogDirect_GNN_OOD,mb-dielectric-2939,Ca4Al6WO16,Al-Ca-O-W,1.653599739074707,1.67574143409729,0.022141695022583008
0,DualHead_LogDirect_GNN_OOD,mb-dielectric-2942,NaMgSb,Mg-Na-Sb,3.082151174545288,3.1531758308410645,0.07102465629577637
0,DualHead_LogDirect_GNN_OOD,mb-dielectric-2947,Mg(HO)2,H-Mg-O,1.6148271560668945,1.5771288871765137,0.03769826889038086
0,DualHead_LogDirect_GNN_OOD,mb-dielectric-2955,In5Se5Br,Br-In-Se,3.2466118335723877,3.1130003929138184,0.13361144065856934
0,DualHead_LogDirect_GNN_OOD,mb-dielectric-2958,AgI2,Ag-I,7.229038238525391,2.1947712898254395,5.034266948699951
0,DualHead_LogDirect_GNN_OOD,mb-dielectric-2961,LiHS,H-Li-S,1.7540196180343628,1.7903077602386475,0.03628814220428467
0,DualHead_LogDirect_GNN_OOD,mb-dielectric-2962,W(BrO)2,Br-O-W,2.240718364715576,2.0799803733825684,0.1607379913330078
0,DualHead_LogDirect_GNN_OOD,mb-dielectric-2963,CuHO2,Cu-H-O,3.1405093669891357,2.9951162338256836,0.14539313316345215
0,DualHead_LogDirect_GNN_OOD,mb-dielectric-2971,CF4,C-F,1.2774975299835205,1.332642912864685,0.05514538288116455
0,DualHead_LogDirect_GNN_OOD,mb-dielectric-2973,FeBO3,B-Fe-O,2.2009670734405518,2.062873363494873,0.1380937099456787
0,DualHead_LogDirect_GNN_OOD,mb-dielectric-2979,GaS,Ga-S,2.324506998062134,2.6103434562683105,0.28583645820617676
0,DualHead_LogDirect_GNN_OOD,mb-dielectric-2981,K3Ta3(BO6)2,B-K-O-Ta,2.0550878047943115,2.0215578079223633,0.03352999687194824
0,DualHead_LogDirect_GNN_OOD,mb-dielectric-2984,La2MoO6,La-Mo-O,2.0341579914093018,1.932542085647583,0.10161590576171875
0,DualHead_LogDirect_GNN_OOD,mb-dielectric-2991,SiO2,O-Si,1.3600244522094727,1.3668618202209473,0.006837368011474609
0,DualHead_LogDirect_GNN_OOD,mb-dielectric-2992,CuRhO2,Cu-O-Rh,3.4867849349975586,3.4075684547424316,0.07921648025512695
0,DualHead_LogDirect_GNN_OOD,mb-dielectric-2996,SrHClO,Cl-H-O-Sr,1.6531667709350586,1.6393146514892578,0.013852119445800781
0,DualHead_LogDirect_GNN_OOD,mb-dielectric-2997,SiO2,O-Si,1.4190372228622437,1.4059696197509766,0.01306760311126709
0,DualHead_LogDirect_GNN_OOD,mb-dielectric-2999,CdHClO,Cd-Cl-H-O,1.8847850561141968,1.946082592010498,0.06129753589630127
0,DualHead_LogDirect_GNN_OOD,mb-dielectric-3000,Li3P2WO8,Li-O-P-W,1.7383567094802856,1.8022325038909912,0.06387579441070557
0,DualHead_LogDirect_GNN_OOD,mb-dielectric-3009,NaBiO3,Bi-Na-O,2.123340129852295,2.010251522064209,0.11308860778808594
0,DualHead_LogDirect_GNN_OOD,mb-dielectric-3017,Si2H2S3,H-S-Si,1.7791813611984253,1.7626100778579712,0.0165712833404541
0,DualHead_LogDirect_GNN_OOD,mb-dielectric-3023,Na2H6Pt,H-Na-Pt,1.798266887664795,1.9818309545516968,0.18356406688690186
0,DualHead_LogDirect_GNN_OOD,mb-dielectric-3029,Li5ReO6,Li-O-Re,2.1262402534484863,2.011427164077759,0.11481308937072754
0,DualHead_LogDirect_GNN_OOD,mb-dielectric-3032,Na6Ti2O7,Na-O-Ti,1.6756634712219238,1.7308756113052368,0.05521214008331299
0,DualHead_LogDirect_GNN_OOD,mb-dielectric-3037,H2S,H-S,1.6577092409133911,1.6815121173858643,0.023802876472473145
0,DualHead_LogDirect_GNN_OOD,mb-dielectric-3043,In2(CN2)3,C-In-N,2.018620729446411,2.1185035705566406,0.09988284111022949
0,DualHead_LogDirect_GNN_OOD,mb-dielectric-3047,Li4TaN3,Li-N-Ta,2.278988838195801,2.351736545562744,0.07274770736694336
0,DualHead_LogDirect_GNN_OOD,mb-dielectric-3049,BH3OF4,B-F-H-O,1.353021264076233,1.353473424911499,0.0004521608352661133
0,DualHead_LogDirect_GNN_OOD,mb-dielectric-3061,KSnAs,As-K-Sn,3.321378231048584,4.182201862335205,0.8608236312866211
0,DualHead_LogDirect_GNN_OOD,mb-dielectric-3073,H5N2F,F-H-N,1.5172927379608154,1.4441673755645752,0.07312536239624023
0,DualHead_LogDirect_GNN_OOD,mb-dielectric-3075,GeF4,F-Ge,1.3367599248886108,1.3715920448303223,0.034832119941711426
0,DualHead_LogDirect_GNN_OOD,mb-dielectric-3086,TbSbPt,Pt-Sb-Tb,4.824100494384766,4.392266273498535,0.43183422088623047
0,DualHead_LogDirect_GNN_OOD,mb-dielectric-3087,H2SO4,H-O-S,1.4749010801315308,1.4682976007461548,0.0066034793853759766
0,DualHead_LogDirect_GNN_OOD,mb-dielectric-3096,K2MnF6,F-K-Mn,1.475662350654602,1.4898178577423096,0.01415550708770752
0,DualHead_LogDirect_GNN_OOD,mb-dielectric-3101,Ba3BiN,Ba-Bi-N,3.5739333629608154,3.9528369903564453,0.3789036273956299
0,DualHead_LogDirect_GNN_OOD,mb-dielectric-3103,Zn2GeS4,Ge-S-Zn,2.4331119060516357,2.531693458557129,0.09858155250549316
0,DualHead_LogDirect_GNN_OOD,mb-dielectric-3106,TiFe2Si,Fe-Si-Ti,6.189692974090576,7.1403656005859375,0.9506726264953613
0,DualHead_LogDirect_GNN_OOD,mb-dielectric-3117,Li4MnSb2WO12,Li-Mn-O-Sb-W,2.4221532344818115,2.4406442642211914,0.018491029739379883
0,DualHead_LogDirect_GNN_OOD,mb-dielectric-3125,BaMnO3,Ba-Mn-O,2.2649381160736084,2.450005054473877,0.18506693840026855
0,DualHead_LogDirect_GNN_OOD,mb-dielectric-3130,KH,H-K,1.649848461151123,1.7011522054672241,0.051303744316101074
0,DualHead_LogDirect_GNN_OOD,mb-dielectric-3132,SiO2,O-Si,1.5067204236984253,1.5139504671096802,0.007230043411254883
0,DualHead_LogDirect_GNN_OOD,mb-dielectric-3140,Ca(PIr)2,Ca-Ir-P,5.692490577697754,4.295340538024902,1.3971500396728516
0,DualHead_LogDirect_GNN_OOD,mb-dielectric-3148,SrBPO5,B-O-P-Sr,1.680094599723816,1.7031638622283936,0.023069262504577637
0,DualHead_LogDirect_GNN_OOD,mb-dielectric-3149,SiO2,O-Si,1.4647685289382935,1.4592640399932861,0.005504488945007324
0,DualHead_LogDirect_GNN_OOD,mb-dielectric-3151,SiO2,O-Si,1.4064558744430542,1.382063627243042,0.024392247200012207
0,DualHead_LogDirect_GNN_OOD,mb-dielectric-3158,LiGaTe2,Ga-Li-Te,2.7304694652557373,2.742295265197754,0.011825799942016602
0,DualHead_LogDirect_GNN_OOD,mb-dielectric-3160,Li5NCl2,Cl-Li-N,1.8690142631530762,1.8975486755371094,0.028534412384033203
0,DualHead_LogDirect_GNN_OOD,mb-dielectric-3166,HCl,Cl-H,1.3527976274490356,1.368756890296936,0.01595926284790039
0,DualHead_LogDirect_GNN_OOD,mb-dielectric-3167,LaCrO3,Cr-La-O,2.395169973373413,2.6380228996276855,0.24285292625427246
0,DualHead_LogDirect_GNN_OOD,mb-dielectric-3168,Al5BO9,Al-B-O,1.6438822746276855,1.7028050422668457,0.058922767639160156
0,DualHead_LogDirect_GNN_OOD,mb-dielectric-3177,K3V(SO5)2,K-O-S-V,1.5669877529144287,1.560497760772705,0.006489992141723633
0,DualHead_LogDirect_GNN_OOD,mb-dielectric-3180,BaH4O3,Ba-H-O,1.6690806150436401,1.6038665771484375,0.06521403789520264
0,DualHead_LogDirect_GNN_OOD,mb-dielectric-3181,Li3Y3ZrO8,Li-O-Y-Zr,1.9695945978164673,1.8438808917999268,0.12571370601654053
0,DualHead_LogDirect_GNN_OOD,mb-dielectric-3182,SbO2,O-Sb,2.310699701309204,2.346564292907715,0.03586459159851074
0,DualHead_LogDirect_GNN_OOD,mb-dielectric-3193,CsCa(NO2)3,Ca-Cs-N-O,1.598280429840088,1.6065833568572998,0.008302927017211914
0,DualHead_LogDirect_GNN_OOD,mb-dielectric-3195,CNCl,C-Cl-N,1.5922729969024658,1.6187701225280762,0.02649712562561035
0,DualHead_LogDirect_GNN_OOD,mb-dielectric-3198,CClF3,C-Cl-F,1.4428962469100952,1.3933113813400269,0.04958486557006836
0,DualHead_LogDirect_GNN_OOD,mb-dielectric-3213,Li7SbN4,Li-N-Sb,2.2145602703094482,2.298283576965332,0.08372330665588379
0,DualHead_LogDirect_GNN_OOD,mb-dielectric-3215,Te4Mo3W(SeS)2,Mo-S-Se-Te-W,1.0,3.0168070793151855,2.0168070793151855
0,DualHead_LogDirect_GNN_OOD,mb-dielectric-3217,MoWS4,Mo-S-W,2.4956889152526855,2.575105667114258,0.07941675186157227
0,DualHead_LogDirect_GNN_OOD,mb-dielectric-3218,K3SbS4,K-S-Sb,1.9529229402542114,1.9894359111785889,0.03651297092437744
0,DualHead_LogDirect_GNN_OOD,mb-dielectric-3224,Na2PdS2,Na-Pd-S,2.6012184619903564,2.5211784839630127,0.08003997802734375
0,DualHead_LogDirect_GNN_OOD,mb-dielectric-3233,NaNbN2,N-Na-Nb,3.4634437561035156,2.817932605743408,0.6455111503601074
0,DualHead_LogDirect_GNN_OOD,mb-dielectric-3236,AgI,Ag-I,2.23591685295105,2.4502577781677246,0.2143409252166748
0,DualHead_LogDirect_GNN_OOD,mb-dielectric-3242,N2,N,1.1865917444229126,1.3912503719329834,0.2046586275100708
0,DualHead_LogDirect_GNN_OOD,mb-dielectric-3249,Te2Ru,Ru-Te,4.575040817260742,5.254467487335205,0.6794266700744629
0,DualHead_LogDirect_GNN_OOD,mb-dielectric-3255,Li7TaN4,Li-N-Ta,2.1986045837402344,2.2699828147888184,0.07137823104858398
0,DualHead_LogDirect_GNN_OOD,mb-dielectric-3258,SiO2,O-Si,1.5036622285842896,1.523547887802124,0.019885659217834473
0,DualHead_LogDirect_GNN_OOD,mb-dielectric-3260,CsC2N3,C-Cs-N,1.466492772102356,1.4962890148162842,0.029796242713928223
0,DualHead_LogDirect_GNN_OOD,mb-dielectric-3262,SrAl2B2O7,Al-B-O-Sr,1.5673260688781738,1.5689473152160645,0.001621246337890625
0,DualHead_LogDirect_GNN_OOD,mb-dielectric-3268,HoAgTe2,Ag-Ho-Te,3.353660821914673,3.2571072578430176,0.09655356407165527
0,DualHead_LogDirect_GNN_OOD,mb-dielectric-3269,HoBO3,B-Ho-O,1.8481745719909668,1.8896772861480713,0.04150271415710449
0,DualHead_LogDirect_GNN_OOD,mb-dielectric-3270,AlN,Al-N,2.1489384174346924,2.2515974044799805,0.10265898704528809
0,DualHead_LogDirect_GNN_OOD,mb-dielectric-3276,ZrSnPd,Pd-Sn-Zr,4.558289051055908,4.632721900939941,0.0744328498840332
0,DualHead_LogDirect_GNN_OOD,mb-dielectric-3282,BN,B-N,2.150479793548584,2.3129308223724365,0.16245102882385254
0,DualHead_LogDirect_GNN_OOD,mb-dielectric-3288,YN,N-Y,2.7325878143310547,2.768649101257324,0.03606128692626953
0,DualHead_LogDirect_GNN_OOD,mb-dielectric-3301,WS2,S-W,3.0397915840148926,3.064757823944092,0.02496623992919922
0,DualHead_LogDirect_GNN_OOD,mb-dielectric-3304,HoNiSb,Ho-Ni-Sb,4.319236755371094,4.2792768478393555,0.03995990753173828
0,DualHead_LogDirect_GNN_OOD,mb-dielectric-3316,BeSO4,Be-O-S,1.54600191116333,1.5026909112930298,0.04331099987030029
0,DualHead_LogDirect_GNN_OOD,mb-dielectric-3319,NbSbRu,Nb-Ru-Sb,4.773150444030762,4.466789245605469,0.30636119842529297
0,DualHead_LogDirect_GNN_OOD,mb-dielectric-3320,BN,B-N,1.8604658842086792,2.3165323734283447,0.4560664892196655
0,DualHead_LogDirect_GNN_OOD,mb-dielectric-3321,BN,B-N,1.9618544578552246,2.364785671234131,0.40293121337890625
0,DualHead_LogDirect_GNN_OOD,mb-dielectric-3324,TbNiSb,Ni-Sb-Tb,4.3420586585998535,4.115129470825195,0.2269291877746582
0,DualHead_LogDirect_GNN_OOD,mb-dielectric-3325,VPbO3,O-Pb-V,2.447612762451172,2.52040696144104,0.07279419898986816
0,DualHead_LogDirect_GNN_OOD,mb-dielectric-3326,FeBiO3,Bi-Fe-O,2.533313274383545,2.5768275260925293,0.043514251708984375
0,DualHead_LogDirect_GNN_OOD,mb-dielectric-3327,NaTmO2,Na-O-Tm,1.918859839439392,1.944095492362976,0.025235652923583984
0,DualHead_LogDirect_GNN_OOD,mb-dielectric-3340,CaO,Ca-O,1.827498435974121,1.938544750213623,0.11104631423950195
0,DualHead_LogDirect_GNN_OOD,mb-dielectric-3344,NaO3,Na-O,1.5340498685836792,1.4257240295410156,0.10832583904266357
0,DualHead_LogDirect_GNN_OOD,mb-dielectric-3347,Sr(ZnP)2,P-Sr-Zn,3.3321664333343506,3.5196614265441895,0.18749499320983887
0,DualHead_LogDirect_GNN_OOD,mb-dielectric-3354,CsCdF3,Cd-Cs-F,1.6092376708984375,1.6183967590332031,0.009159088134765625
0,DualHead_LogDirect_GNN_OOD,mb-dielectric-3360,BaZrO3,Ba-O-Zr,2.219909906387329,2.133500576019287,0.08640933036804199
0,DualHead_LogDirect_GNN_OOD,mb-dielectric-3369,ErAgSe2,Ag-Er-Se,3.044865131378174,3.140324115753174,0.095458984375
0,DualHead_LogDirect_GNN_OOD,mb-dielectric-3370,ZnF2,F-Zn,1.598436713218689,1.5887198448181152,0.00971686840057373
0,DualHead_LogDirect_GNN_OOD,mb-dielectric-3374,PbBrF,Br-F-Pb,2.2823963165283203,2.3147025108337402,0.03230619430541992
0,DualHead_LogDirect_GNN_OOD,mb-dielectric-3378,CsCaH3,Ca-Cs-H,1.8489394187927246,2.0941474437713623,0.2452080249786377
0,DualHead_LogDirect_GNN_OOD,mb-dielectric-3381,Ca3FeRhO6,Ca-Fe-O-Rh,2.352728843688965,2.536375045776367,0.18364620208740234
0,DualHead_LogDirect_GNN_OOD,mb-dielectric-3388,YGaO3,Ga-O-Y,2.0597288608551025,1.9927465915679932,0.06698226928710938
0,DualHead_LogDirect_GNN_OOD,mb-dielectric-3389,TlCd(NO2)3,Cd-N-O-Tl,1.8287307024002075,1.7924647331237793,0.03626596927642822
0,DualHead_LogDirect_GNN_OOD,mb-dielectric-3392,Na3Li5Mn5O9,Li-Mn-Na-O,2.029008150100708,1.9084898233413696,0.12051832675933838
0,DualHead_LogDirect_GNN_OOD,mb-dielectric-3396,SiO2,O-Si,1.4719147682189941,1.4682304859161377,0.0036842823028564453
0,DualHead_LogDirect_GNN_OOD,mb-dielectric-3402,SiO2,O-Si,1.4354801177978516,1.444190263748169,0.008710145950317383
0,DualHead_LogDirect_GNN_OOD,mb-dielectric-3405,SiO2,O-Si,1.4955278635025024,1.5049192905426025,0.009391427040100098
0,DualHead_LogDirect_GNN_OOD,mb-dielectric-3407,SiO2,O-Si,1.5925869941711426,1.5488086938858032,0.043778300285339355
0,DualHead_LogDirect_GNN_OOD,mb-dielectric-3410,SiO2,O-Si,1.4659358263015747,1.4782171249389648,0.012281298637390137
0,DualHead_LogDirect_GNN_OOD,mb-dielectric-3418,TiPbO3,O-Pb-Ti,2.5375494956970215,2.691434860229492,0.1538853645324707
0,DualHead_LogDirect_GNN_OOD,mb-dielectric-3420,LiVTe(WO6)2,Li-O-Te-V-W,2.4488298892974854,2.492063045501709,0.04323315620422363
0,DualHead_LogDirect_GNN_OOD,mb-dielectric-3422,VSb3(PO4)4,O-P-Sb-V,1.9662654399871826,1.8885161876678467,0.07774925231933594
0,DualHead_LogDirect_GNN_OOD,mb-dielectric-3426,SiO2,O-Si,1.438729166984558,1.4481006860733032,0.009371519088745117
0,DualHead_LogDirect_GNN_OOD,mb-dielectric-3435,PtF4,F-Pt,2.1083178520202637,2.004995107650757,0.10332274436950684
0,DualHead_LogDirect_GNN_OOD,mb-dielectric-3441,K(SnSe2)2,K-Se-Sn,2.443729877471924,2.475330352783203,0.0316004753112793
0,DualHead_LogDirect_GNN_OOD,mb-dielectric-3442,LiZrPCO7,C-Li-O-P-Zr,1.620287299156189,1.5849454402923584,0.035341858863830566
0,DualHead_LogDirect_GNN_OOD,mb-dielectric-3443,CsHgCl3,Cl-Cs-Hg,1.803413987159729,1.831539511680603,0.028125524520874023
0,DualHead_LogDirect_GNN_OOD,mb-dielectric-3449,ReSbOF10,F-O-Re-Sb,1.4528851509094238,1.5419635772705078,0.08907842636108398
0,DualHead_LogDirect_GNN_OOD,mb-dielectric-3450,Ti7Sn3O20,O-Sn-Ti,2.6027872562408447,2.5727875232696533,0.029999732971191406
0,DualHead_LogDirect_GNN_OOD,mb-dielectric-3457,BaCu(SeO3)2,Ba-Cu-O-Se,2.0528438091278076,1.974213719367981,0.07863008975982666
0,DualHead_LogDirect_GNN_OOD,mb-dielectric-3460,K15Os7N19,K-N-Os,6.294848918914795,2.118656873703003,4.176192045211792
0,DualHead_LogDirect_GNN_OOD,mb-dielectric-3462,LiCoGeO4,Co-Ge-Li-O,2.0365941524505615,1.9082692861557007,0.12832486629486084
0,DualHead_LogDirect_GNN_OOD,mb-dielectric-3471,KY(PO3)4,K-O-P-Y,1.634782314300537,1.6136806011199951,0.021101713180541992
0,DualHead_LogDirect_GNN_OOD,mb-dielectric-3476,H2SO4,H-O-S,1.4773850440979004,1.5018558502197266,0.024470806121826172
0,DualHead_LogDirect_GNN_OOD,mb-dielectric-3486,BaHgS2,Ba-Hg-S,2.5527846813201904,2.509970188140869,0.04281449317932129
0,DualHead_LogDirect_GNN_OOD,mb-dielectric-3491,Na4Al3Ge3IO12,Al-Ge-I-Na-O,1.601635456085205,1.5916123390197754,0.010023117065429688
0,DualHead_LogDirect_GNN_OOD,mb-dielectric-3495,MgMoN2,Mg-Mo-N,3.4342355728149414,3.020305633544922,0.41392993927001953
0,DualHead_LogDirect_GNN_OOD,mb-dielectric-3496,BaCaGe,Ba-Ca-Ge,4.707228660583496,4.813354015350342,0.1061253547668457
0,DualHead_LogDirect_GNN_OOD,mb-dielectric-3516,Zn(InTe2)2,In-Te-Zn,3.180891275405884,3.25864839553833,0.07775712013244629
0,DualHead_LogDirect_GNN_OOD,mb-dielectric-3518,CrPb2O5,Cr-O-Pb,2.2525429725646973,2.1600871086120605,0.09245586395263672
0,DualHead_LogDirect_GNN_OOD,mb-dielectric-3540,CdSnF6,Cd-F-Sn,1.5026975870132446,1.6158511638641357,0.11315357685089111
0,DualHead_LogDirect_GNN_OOD,mb-dielectric-3547,Rb2ZrF6,F-Rb-Zr,1.4682811498641968,1.4764524698257446,0.008171319961547852
0,DualHead_LogDirect_GNN_OOD,mb-dielectric-3550,Mg3P2,Mg-P,2.705364942550659,2.8409714698791504,0.1356065273284912
0,DualHead_LogDirect_GNN_OOD,mb-dielectric-3553,SiRu,Ru-Si,6.666162490844727,4.10693883895874,2.5592236518859863
0,DualHead_LogDirect_GNN_OOD,mb-dielectric-3556,Te2Ru,Ru-Te,4.6080002784729,4.9752349853515625,0.3672347068786621
0,DualHead_LogDirect_GNN_OOD,mb-dielectric-3560,GaSe,Ga-Se,2.872223377227783,2.817824363708496,0.05439901351928711
0,DualHead_LogDirect_GNN_OOD,mb-dielectric-3567,Sm3Si6N11,N-Si-Sm,2.308750867843628,2.3180253505706787,0.009274482727050781
0,DualHead_LogDirect_GNN_OOD,mb-dielectric-3572,Sr3P14,P-Sr,2.8046391010284424,3.1274585723876953,0.32281947135925293
0,DualHead_LogDirect_GNN_OOD,mb-dielectric-3582,K3Ag3As2,Ag-As-K,2.810603618621826,3.0295803546905518,0.21897673606872559
0,DualHead_LogDirect_GNN_OOD,mb-dielectric-3593,Sr3P4,P-Sr,3.0747900009155273,2.9718592166900635,0.10293078422546387
0,DualHead_LogDirect_GNN_OOD,mb-dielectric-3596,TaS2,S-Ta,1.0,2.131500244140625,1.131500244140625
0,DualHead_LogDirect_GNN_OOD,mb-dielectric-3600,Li2CaSiO4,Ca-Li-O-Si,1.7455358505249023,1.7296338081359863,0.015902042388916016
0,DualHead_LogDirect_GNN_OOD,mb-dielectric-3603,KCd(NO2)3,Cd-K-N-O,1.6779875755310059,1.6147613525390625,0.06322622299194336
0,DualHead_LogDirect_GNN_OOD,mb-dielectric-3609,CaReN3,Ca-N-Re,2.5197877883911133,2.55087947845459,0.031091690063476562
0,DualHead_LogDirect_GNN_OOD,mb-dielectric-3610,SrAgP,Ag-P-Sr,11.214826583862305,3.301008701324463,7.913817882537842
0,DualHead_LogDirect_GNN_OOD,mb-dielectric-3617,Mg3B(OF)3,B-F-Mg-O,1.5303593873977661,1.5315849781036377,0.001225590705871582
0,DualHead_LogDirect_GNN_OOD,mb-dielectric-3619,KAuF6,Au-F-K,1.5703952312469482,1.4882222414016724,0.08217298984527588
0,DualHead_LogDirect_GNN_OOD,mb-dielectric-3625,KLiZnS2,K-Li-S-Zn,2.092041015625,2.1169283390045166,0.0248873233795166
0,DualHead_LogDirect_GNN_OOD,mb-dielectric-3630,K3SbS4,K-S-Sb,1.9296057224273682,1.9618967771530151,0.03229105472564697
0,DualHead_LogDirect_GNN_OOD,mb-dielectric-3635,K2SrBe2F8,Be-F-K-Sr,1.428985595703125,1.419836163520813,0.009149432182312012
0,DualHead_LogDirect_GNN_OOD,mb-dielectric-3647,Sb2O5,O-Sb,2.4241836071014404,2.2292685508728027,0.1949150562286377
0,DualHead_LogDirect_GNN_OOD,mb-dielectric-3648,Mg3Sb2,Mg-Sb,3.847249984741211,3.673617362976074,0.17363262176513672
0,DualHead_LogDirect_GNN_OOD,mb-dielectric-3651,TiSnO4,O-Sn-Ti,2.32977557182312,2.2956652641296387,0.034110307693481445
0,DualHead_LogDirect_GNN_OOD,mb-dielectric-3653,Eu4Cl6O,Cl-Eu-O,2.022684335708618,2.033198833465576,0.010514497756958008
0,DualHead_LogDirect_GNN_OOD,mb-dielectric-3654,H7NF4,F-H-N,1.3479552268981934,1.3353862762451172,0.012568950653076172
0,DualHead_LogDirect_GNN_OOD,mb-dielectric-3662,ScAgSe2,Ag-Sc-Se,3.5002381801605225,3.643126964569092,0.14288878440856934
0,DualHead_LogDirect_GNN_OOD,mb-dielectric-3668,RuSe2,Ru-Se,4.425155162811279,5.073145866394043,0.6479907035827637
0,DualHead_LogDirect_GNN_OOD,mb-dielectric-3669,Al2CdSe4,Al-Cd-Se,2.4790241718292236,2.416821002960205,0.062203168869018555
0,DualHead_LogDirect_GNN_OOD,mb-dielectric-3673,CrSbSe3,Cr-Sb-Se,4.104184627532959,4.089595794677734,0.01458883285522461
0,DualHead_LogDirect_GNN_OOD,mb-dielectric-3687,GaSe,Ga-Se,2.5476787090301514,2.8276877403259277,0.28000903129577637
0,DualHead_LogDirect_GNN_OOD,mb-dielectric-3697,GeS,Ge-S,4.258638381958008,3.4735817909240723,0.7850565910339355
0,DualHead_LogDirect_GNN_OOD,mb-dielectric-3698,GaSe,Ga-Se,2.5563645362854004,2.7938544750213623,0.23748993873596191
0,DualHead_LogDirect_GNN_OOD,mb-dielectric-3703,H4NCl,Cl-H-N,1.671078085899353,1.67118501663208,0.00010693073272705078
0,DualHead_LogDirect_GNN_OOD,mb-dielectric-3708,NaSe,Na-Se,2.505261182785034,2.380192756652832,0.12506842613220215
0,DualHead_LogDirect_GNN_OOD,mb-dielectric-3714,Y2WO6,O-W-Y,2.1210544109344482,2.121048927307129,5.4836273193359375e-06
0,DualHead_LogDirect_GNN_OOD,mb-dielectric-3719,Nb2NiO6,Nb-Ni-O,2.594472646713257,2.7339179515838623,0.13944530487060547
0,DualHead_LogDirect_GNN_OOD,mb-dielectric-3720,YF3,F-Y,1.629212498664856,1.6134241819381714,0.01578831672668457
0,DualHead_LogDirect_GNN_OOD,mb-dielectric-3722,ZrCoBi,Bi-Co-Zr,4.574705123901367,4.772424221038818,0.19771909713745117
0,DualHead_LogDirect_GNN_OOD,mb-dielectric-3723,LiYS2,Li-S-Y,2.4170026779174805,2.5877585411071777,0.17075586318969727
0,DualHead_LogDirect_GNN_OOD,mb-dielectric-3728,FeS2,Fe-S,4.604454517364502,3.7500698566436768,0.8543846607208252
0,DualHead_LogDirect_GNN_OOD,mb-dielectric-3729,Al4C3,Al-C,2.857621431350708,2.870493173599243,0.012871742248535156
0,DualHead_LogDirect_GNN_OOD,mb-dielectric-3732,LiHS,H-Li-S,1.7575279474258423,1.8688535690307617,0.11132562160491943
0,DualHead_LogDirect_GNN_OOD,mb-dielectric-3735,Na3P,Na-P,3.156369209289551,2.911722183227539,0.24464702606201172
0,DualHead_LogDirect_GNN_OOD,mb-dielectric-3748,TiPb9O11,O-Pb-Ti,2.571957588195801,2.7071151733398438,0.13515758514404297
0,DualHead_LogDirect_GNN_OOD,mb-dielectric-3750,Mn(PtO2)3,Mn-O-Pt,4.027546405792236,3.4674339294433594,0.560112476348877
0,DualHead_LogDirect_GNN_OOD,mb-dielectric-3752,Cs3MgH5,Cs-H-Mg,1.743414282798767,1.7545157670974731,0.011101484298706055
0,DualHead_LogDirect_GNN_OOD,mb-dielectric-3758,Li5(CoO3)2,Co-Li-O,2.034886360168457,2.1749277114868164,0.14004135131835938
0,DualHead_LogDirect_GNN_OOD,mb-dielectric-3762,VPH7N2O5,H-N-O-P-V,1.691543698310852,1.6998159885406494,0.008272290229797363
0,DualHead_LogDirect_GNN_OOD,mb-dielectric-3767,NdBiPd,Bi-Nd-Pd,5.09811544418335,5.144454002380371,0.046338558197021484
0,DualHead_LogDirect_GNN_OOD,mb-dielectric-3773,IF7,F-I,1.4061768054962158,1.4866191148757935,0.08044230937957764
0,DualHead_LogDirect_GNN_OOD,mb-dielectric-3776,CsNO3,Cs-N-O,1.636315941810608,1.5773169994354248,0.058998942375183105
0,DualHead_LogDirect_GNN_OOD,mb-dielectric-3791,K4HgAs2,As-Hg-K,2.3178508281707764,2.5281035900115967,0.2102527618408203
0,DualHead_LogDirect_GNN_OOD,mb-dielectric-3793,BaNiO3,Ba-Ni-O,2.4181151390075684,2.728545904159546,0.31043076515197754
0,DualHead_LogDirect_GNN_OOD,mb-dielectric-3795,AsF3,As-F,1.4790762662887573,1.4884493350982666,0.009373068809509277
0,DualHead_LogDirect_GNN_OOD,mb-dielectric-3804,CsBiO2,Bi-Cs-O,1.9295424222946167,2.0170845985412598,0.08754217624664307
0,DualHead_LogDirect_GNN_OOD,mb-dielectric-3821,SrCa2I6,Ca-I-Sr,1.9345811605453491,2.0236008167266846,0.08901965618133545
0,DualHead_LogDirect_GNN_OOD,mb-dielectric-3823,Li(CoO2)2,Co-Li-O,3.1650779247283936,3.0519418716430664,0.11313605308532715
0,DualHead_LogDirect_GNN_OOD,mb-dielectric-3824,Rb2PdBr6,Br-Pd-Rb,2.163438081741333,1.921554446220398,0.24188363552093506
0,DualHead_LogDirect_GNN_OOD,mb-dielectric-3825,Rb2CaH4,Ca-H-Rb,1.7195626497268677,1.8756392002105713,0.1560765504837036
0,DualHead_LogDirect_GNN_OOD,mb-dielectric-3833,CdCO3,C-Cd-O,1.8223459720611572,1.8744686841964722,0.05212271213531494
0,DualHead_LogDirect_GNN_OOD,mb-dielectric-3848,K4BeAs2,As-Be-K,2.1619694232940674,2.292733669281006,0.13076424598693848
0,DualHead_LogDirect_GNN_OOD,mb-dielectric-3853,Rb2PdCl6,Cl-Pd-Rb,1.845558762550354,1.7538057565689087,0.09175300598144531
0,DualHead_LogDirect_GNN_OOD,mb-dielectric-3876,Ca(AsO3)2,As-Ca-O,1.9046756029129028,1.9493873119354248,0.04471170902252197
0,DualHead_LogDirect_GNN_OOD,mb-dielectric-3877,NbCl3O,Cl-Nb-O,1.8588387966156006,1.8815059661865234,0.02266716957092285
0,DualHead_LogDirect_GNN_OOD,mb-dielectric-3882,RbLiBr2,Br-Li-Rb,1.6577494144439697,1.6847171783447266,0.026967763900756836
0,DualHead_LogDirect_GNN_OOD,mb-dielectric-3889,Li2AlNiO4,Al-Li-Ni-O,2.279162883758545,1.764678716659546,0.514484167098999
0,DualHead_LogDirect_GNN_OOD,mb-dielectric-3901,ScCuO2,Cu-O-Sc,2.4330196380615234,2.4790573120117188,0.04603767395019531
0,DualHead_LogDirect_GNN_OOD,mb-dielectric-3910,LiYS2,Li-S-Y,2.455963373184204,2.567906618118286,0.11194324493408203
0,DualHead_LogDirect_GNN_OOD,mb-dielectric-3913,NdH3(CO2)3,C-H-Nd-O,1.7444565296173096,1.6733360290527344,0.0711205005645752
0,DualHead_LogDirect_GNN_OOD,mb-dielectric-3914,BN,B-N,1.9278029203414917,2.252913475036621,0.3251105546951294
0,DualHead_LogDirect_GNN_OOD,mb-dielectric-3920,Na8TiO6,Na-O-Ti,1.7499750852584839,1.7548353672027588,0.004860281944274902
0,DualHead_LogDirect_GNN_OOD,mb-dielectric-3928,InS,In-S,2.9621500968933105,3.162184953689575,0.20003485679626465
0,DualHead_LogDirect_GNN_OOD,mb-dielectric-3932,TeRhCl,Cl-Rh-Te,3.139504909515381,3.4736461639404297,0.33414125442504883
0,DualHead_LogDirect_GNN_OOD,mb-dielectric-3937,CsVBr3,Br-Cs-V,1.8646448850631714,1.9280548095703125,0.06340992450714111
0,DualHead_LogDirect_GNN_OOD,mb-dielectric-3947,C(ClF)2,C-Cl-F,1.4199867248535156,1.416993260383606,0.002993464469909668
0,DualHead_LogDirect_GNN_OOD,mb-dielectric-3954,BaNb3NO7,Ba-N-Nb-O,2.291975975036621,2.3720216751098633,0.08004570007324219
0,DualHead_LogDirect_GNN_OOD,mb-dielectric-3956,KV(SO4)2,K-O-S-V,1.6917526721954346,1.68693208694458,0.004820585250854492
0,DualHead_LogDirect_GNN_OOD,mb-dielectric-3957,WOF3,F-O-W,1.7635564804077148,1.8589200973510742,0.09536361694335938
0,DualHead_LogDirect_GNN_OOD,mb-dielectric-3959,Co(HO)2,Co-H-O,1.8284885883331299,1.9982810020446777,0.16979241371154785
0,DualHead_LogDirect_GNN_OOD,mb-dielectric-3960,AgI,Ag-I,2.4273526668548584,2.269869804382324,0.15748286247253418
0,DualHead_LogDirect_GNN_OOD,mb-dielectric-3969,Ca2BrN,Br-Ca-N,2.2266130447387695,2.358506679534912,0.13189363479614258
0,DualHead_LogDirect_GNN_OOD,mb-dielectric-3974,Cu2S,Cu-S,3.613049268722534,3.2190053462982178,0.3940439224243164
0,DualHead_LogDirect_GNN_OOD,mb-dielectric-3976,K2ReBr6,Br-K-Re,1.8941885232925415,1.9003033638000488,0.006114840507507324
0,DualHead_LogDirect_GNN_OOD,mb-dielectric-3983,Nd2AlNO3,Al-N-Nd-O,2.4440600872039795,2.274158000946045,0.16990208625793457
0,DualHead_LogDirect_GNN_OOD,mb-dielectric-3984,SiO2,O-Si,1.509375810623169,1.5287971496582031,0.01942133903503418
0,DualHead_LogDirect_GNN_OOD,mb-dielectric-3995,KNO3,K-N-O,1.466817855834961,1.4801616668701172,0.01334381103515625
0,DualHead_LogDirect_GNN_OOD,mb-dielectric-4007,GdClO,Cl-Gd-O,2.133072853088379,2.1851260662078857,0.052053213119506836
0,DualHead_LogDirect_GNN_OOD,mb-dielectric-4008,SiCl4,Cl-Si,1.4524691104888916,1.475077509880066,0.022608399391174316
0,DualHead_LogDirect_GNN_OOD,mb-dielectric-4012,Sr2BrN,Br-N-Sr,2.2316734790802,2.079476833343506,0.15219664573669434
0,DualHead_LogDirect_GNN_OOD,mb-dielectric-4016,SiO2,O-Si,1.4973808526992798,1.4963412284851074,0.0010396242141723633
0,DualHead_LogDirect_GNN_OOD,mb-dielectric-4017,HoHSe,H-Ho-Se,2.961989402770996,2.8438122272491455,0.11817717552185059
0,DualHead_LogDirect_GNN_OOD,mb-dielectric-4018,Cs2PtI6,Cs-I-Pt,2.190958023071289,2.3295507431030273,0.13859272003173828
0,DualHead_LogDirect_GNN_OOD,mb-dielectric-4023,KPWCO7,C-K-O-P-W,1.5915971994400024,1.6196125745773315,0.0280153751373291
0,DualHead_LogDirect_GNN_OOD,mb-dielectric-4025,Rh2S3,Rh-S,5.008193492889404,4.146053314208984,0.8621401786804199
0,DualHead_LogDirect_GNN_OOD,mb-dielectric-4029,K2PdCl6,Cl-K-Pd,1.8895734548568726,1.7576816082000732,0.13189184665679932
0,DualHead_LogDirect_GNN_OOD,mb-dielectric-4032,MnP4,Mn-P,4.412746906280518,4.247592926025391,0.16515398025512695
0,DualHead_LogDirect_GNN_OOD,mb-dielectric-4034,CCl3F,C-Cl-F,1.453845500946045,1.4553861618041992,0.0015406608581542969
0,DualHead_LogDirect_GNN_OOD,mb-dielectric-4044,SbSe(BrF2)3,Br-F-Sb-Se,1.6239629983901978,1.685102939605713,0.06113994121551514
0,DualHead_LogDirect_GNN_OOD,mb-dielectric-4045,SiO2,O-Si,1.5234593152999878,1.5268040895462036,0.0033447742462158203
0,DualHead_LogDirect_GNN_OOD,mb-dielectric-4064,SiO2,O-Si,1.4543665647506714,1.4469166994094849,0.0074498653411865234
0,DualHead_LogDirect_GNN_OOD,mb-dielectric-4075,Fe3PO7,Fe-O-P,2.1150059700012207,2.2651829719543457,0.150177001953125
0,DualHead_LogDirect_GNN_OOD,mb-dielectric-4076,PI2,I-P,1.9467922449111938,1.921920657157898,0.0248715877532959
0,DualHead_LogDirect_GNN_OOD,mb-dielectric-4079,FeS2,Fe-S,4.589081287384033,3.8567922115325928,0.7322890758514404
0,DualHead_LogDirect_GNN_OOD,mb-dielectric-4080,Hg2GeSe4,Ge-Hg-Se,3.2707951068878174,3.167872428894043,0.10292267799377441
0,DualHead_LogDirect_GNN_OOD,mb-dielectric-4090,MoS2,Mo-S,3.0834505558013916,2.8534698486328125,0.2299807071685791
0,DualHead_LogDirect_GNN_OOD,mb-dielectric-4093,Sr2TiO4,O-Sr-Ti,2.242811441421509,2.254288673400879,0.011477231979370117
0,DualHead_LogDirect_GNN_OOD,mb-dielectric-4095,AlCuS2,Al-Cu-S,2.569589376449585,2.645822286605835,0.07623291015625
0,DualHead_LogDirect_GNN_OOD,mb-dielectric-4099,Na2H4Pt,H-Na-Pt,1.8578097820281982,2.3591885566711426,0.5013787746429443
0,DualHead_LogDirect_GNN_OOD,mb-dielectric-4103,SiO2,O-Si,1.499607801437378,1.4739164113998413,0.02569139003753662
0,DualHead_LogDirect_GNN_OOD,mb-dielectric-4113,RbI,I-Rb,1.6459040641784668,1.5756456851959229,0.07025837898254395
0,DualHead_LogDirect_GNN_OOD,mb-dielectric-4116,Ni3TeO6,Ni-O-Te,2.1747918128967285,2.3136632442474365,0.138871431350708
0,DualHead_LogDirect_GNN_OOD,mb-dielectric-4118,ScBO3,B-O-Sc,1.9757827520370483,1.9068083763122559,0.06897437572479248
0,DualHead_LogDirect_GNN_OOD,mb-dielectric-4120,Cs2SnF6,Cs-F-Sn,1.483070969581604,1.5391829013824463,0.056111931800842285
0,DualHead_LogDirect_GNN_OOD,mb-dielectric-4121,NaSbO3,Na-O-Sb,1.8169034719467163,1.9314932823181152,0.11458981037139893
0,DualHead_LogDirect_GNN_OOD,mb-dielectric-4135,HfS3,Hf-S,2.542898654937744,2.625675678253174,0.08277702331542969
0,DualHead_LogDirect_GNN_OOD,mb-dielectric-4138,Te,Te,6.949286937713623,4.319218635559082,2.630068302154541
0,DualHead_LogDirect_GNN_OOD,mb-dielectric-4139,HgPS3,Hg-P-S,2.469775676727295,2.424668312072754,0.045107364654541016
0,DualHead_LogDirect_GNN_OOD,mb-dielectric-4144,Mg(HO)2,H-Mg-O,1.607733130455017,1.5810797214508057,0.026653409004211426
0,DualHead_LogDirect_GNN_OOD,mb-dielectric-4145,ZnGeAs2,As-Ge-Zn,4.2167649269104,4.111983299255371,0.1047816276550293
0,DualHead_LogDirect_GNN_OOD,mb-dielectric-4148,Co4B6O13,B-Co-O,1.8756340742111206,2.2192952632904053,0.34366118907928467
0,DualHead_LogDirect_GNN_OOD,mb-dielectric-4156,LiZnAs,As-Li-Zn,3.5584592819213867,3.7083797454833984,0.14992046356201172
0,DualHead_LogDirect_GNN_OOD,mb-dielectric-4158,AlP,Al-P,2.8641860485076904,2.782651662826538,0.08153438568115234
0,DualHead_LogDirect_GNN_OOD,mb-dielectric-4162,BCl3,B-Cl,1.4252485036849976,1.4090635776519775,0.01618492603302002
0,DualHead_LogDirect_GNN_OOD,mb-dielectric-4166,Li2Mn3CoO8,Co-Li-Mn-O,2.6309611797332764,2.6861021518707275,0.05514097213745117
0,DualHead_LogDirect_GNN_OOD,mb-dielectric-4173,NdOF,F-Nd-O,1.9179491996765137,1.8713301420211792,0.04661905765533447
0,DualHead_LogDirect_GNN_OOD,mb-dielectric-4177,WS2,S-W,3.042038679122925,2.975447177886963,0.06659150123596191
0,DualHead_LogDirect_GNN_OOD,mb-dielectric-4182,MnCO3,C-Mn-O,1.7858002185821533,2.0033955574035645,0.21759533882141113
0,DualHead_LogDirect_GNN_OOD,mb-dielectric-4192,Cd4B6O13,B-Cd-O,1.8589838743209839,1.9147093296051025,0.05572545528411865
0,DualHead_LogDirect_GNN_OOD,mb-dielectric-4193,MnPS3,Mn-P-S,2.3925249576568604,2.4760942459106445,0.08356928825378418
0,DualHead_LogDirect_GNN_OOD,mb-dielectric-4197,TiCdO3,Cd-O-Ti,2.394852876663208,2.346892833709717,0.04796004295349121
0,DualHead_LogDirect_GNN_OOD,mb-dielectric-4198,N2,N,2.160794973373413,2.22808837890625,0.06729340553283691
0,DualHead_LogDirect_GNN_OOD,mb-dielectric-4199,Sr2TaN3,N-Sr-Ta,2.39936900138855,2.442780017852783,0.0434110164642334
0,DualHead_LogDirect_GNN_OOD,mb-dielectric-4208,Ca(NdS2)2,Ca-Nd-S,2.7779481410980225,2.8108744621276855,0.032926321029663086
0,DualHead_LogDirect_GNN_OOD,mb-dielectric-4210,Cr2O3,Cr-O,2.51362943649292,2.3320443630218506,0.18158507347106934
0,DualHead_LogDirect_GNN_OOD,mb-dielectric-4214,Rb15W7N19,N-Rb-W,2.1765098571777344,2.187624454498291,0.01111459732055664
0,DualHead_LogDirect_GNN_OOD,mb-dielectric-4218,Ca4I6O,Ca-I-O,2.132657289505005,2.1302566528320312,0.002400636672973633
0,DualHead_LogDirect_GNN_OOD,mb-dielectric-4219,BaF2,Ba-F,1.5636495351791382,1.4936307668685913,0.07001876831054688
0,DualHead_LogDirect_GNN_OOD,mb-dielectric-4225,CdBiO3,Bi-Cd-O,2.7973783016204834,2.292675256729126,0.5047030448913574
0,DualHead_LogDirect_GNN_OOD,mb-dielectric-4228,Na2O2,Na-O,1.5782796144485474,1.6498973369598389,0.0716177225112915
0,DualHead_LogDirect_GNN_OOD,mb-dielectric-4236,Na2Se,Na-Se,1.9900586605072021,1.9787753820419312,0.011283278465270996
0,DualHead_LogDirect_GNN_OOD,mb-dielectric-4240,Ag3Te2Au,Ag-Au-Te,4.848814487457275,4.3709716796875,0.4778428077697754
0,DualHead_LogDirect_GNN_OOD,mb-dielectric-4241,Ba2AsAu,As-Au-Ba,4.486019611358643,4.474517822265625,0.011501789093017578
0,DualHead_LogDirect_GNN_OOD,mb-dielectric-4243,Rb2SiF6,F-Rb-Si,1.3715046644210815,1.3943790197372437,0.02287435531616211
0,DualHead_LogDirect_GNN_OOD,mb-dielectric-4245,MoS2,Mo-S,3.172672748565674,2.986104965209961,0.1865677833557129
0,DualHead_LogDirect_GNN_OOD,mb-dielectric-4246,KSbS2,K-S-Sb,2.2945315837860107,2.2362213134765625,0.05831027030944824
0,DualHead_LogDirect_GNN_OOD,mb-dielectric-4251,CrSi2,Cr-Si,5.545099258422852,6.249807357788086,0.7047080993652344
0,DualHead_LogDirect_GNN_OOD,mb-dielectric-4255,GaS,Ga-S,2.3239333629608154,2.60154390335083,0.27761054039001465
0,DualHead_LogDirect_GNN_OOD,mb-dielectric-4259,NbFeSb,Fe-Nb-Sb,4.971810817718506,4.78872013092041,0.1830906867980957
0,DualHead_LogDirect_GNN_OOD,mb-dielectric-4263,Hg3(SeCl)2,Cl-Hg-Se,2.3733267784118652,2.4682111740112305,0.09488439559936523
0,DualHead_LogDirect_GNN_OOD,mb-dielectric-4275,Rb2V(PO4)2,O-P-Rb-V,1.6169723272323608,1.6172850131988525,0.0003126859664916992
0,DualHead_LogDirect_GNN_OOD,mb-dielectric-4276,TlGeF3,F-Ge-Tl,1.7421505451202393,1.6772825717926025,0.06486797332763672
0,DualHead_LogDirect_GNN_OOD,mb-dielectric-4278,MgP4,Mg-P,3.207179546356201,3.3158490657806396,0.10866951942443848
0,DualHead_LogDirect_GNN_OOD,mb-dielectric-4283,Pr4Ag2Se7,Ag-Pr-Se,3.1368844509124756,3.2202954292297363,0.08341097831726074
0,DualHead_LogDirect_GNN_OOD,mb-dielectric-4286,LiAgF2,Ag-F-Li,1.9356461763381958,1.725891351699829,0.2097548246383667
0,DualHead_LogDirect_GNN_OOD,mb-dielectric-4295,BeF2,Be-F,1.231676459312439,1.2193214893341064,0.01235496997833252
0,DualHead_LogDirect_GNN_OOD,mb-dielectric-4298,Te2Mo2W(SeS)2,Mo-S-Se-Te-W,1.0,2.8800923824310303,1.8800923824310303
0,DualHead_LogDirect_GNN_OOD,mb-dielectric-4304,Pb7(BrF6)2,Br-F-Pb,2.0076842308044434,2.0532922744750977,0.0456080436706543
0,DualHead_LogDirect_GNN_OOD,mb-dielectric-4310,CdTe,Cd-Te,2.984856605529785,3.5496044158935547,0.5647478103637695
0,DualHead_LogDirect_GNN_OOD,mb-dielectric-4315,YCuSe2,Cu-Se-Y,3.159491777420044,2.9573216438293457,0.20217013359069824
0,DualHead_LogDirect_GNN_OOD,mb-dielectric-4324,MnCO3,C-Mn-O,1.766548752784729,1.9223908185958862,0.15584206581115723
0,DualHead_LogDirect_GNN_OOD,mb-dielectric-4326,LiSn2P4H3O16,H-Li-O-P-Sn,1.7011433839797974,1.7070493698120117,0.0059059858322143555
0,DualHead_LogDirect_GNN_OOD,mb-dielectric-4337,Te2SO7,O-S-Te,2.051903247833252,1.9910149574279785,0.06088829040527344
0,DualHead_LogDirect_GNN_OOD,mb-dielectric-4341,K2NaAs,As-K-Na,3.1522185802459717,2.6853954792022705,0.46682310104370117
0,DualHead_LogDirect_GNN_OOD,mb-dielectric-4342,CsNO2,Cs-N-O,1.55374014377594,1.5637023448944092,0.009962201118469238
0,DualHead_LogDirect_GNN_OOD,mb-dielectric-4348,Co(PtO2)3,Co-O-Pt,3.982172966003418,3.6306216716766357,0.3515512943267822
0,DualHead_LogDirect_GNN_OOD,mb-dielectric-4350,ZnCN2,C-N-Zn,1.8859668970108032,2.061367988586426,0.17540109157562256
0,DualHead_LogDirect_GNN_OOD,mb-dielectric-4351,SrHfO3,Hf-O-Sr,2.0871715545654297,2.131535768508911,0.044364213943481445
0,DualHead_LogDirect_GNN_OOD,mb-dielectric-4367,MnP4,Mn-P,4.435425758361816,4.167218208312988,0.2682075500488281
0,DualHead_LogDirect_GNN_OOD,mb-dielectric-4373,FePO4,Fe-O-P,1.7262367010116577,1.8190581798553467,0.09282147884368896
0,DualHead_LogDirect_GNN_OOD,mb-dielectric-4374,SiO2,O-Si,1.5370968580245972,1.5432438850402832,0.006147027015686035
0,DualHead_LogDirect_GNN_OOD,mb-dielectric-4378,FeSeBr7,Br-Fe-Se,2.1809635162353516,1.9723175764083862,0.20864593982696533
0,DualHead_LogDirect_GNN_OOD,mb-dielectric-4382,Ca3GaAs3,As-Ca-Ga,3.44852614402771,3.7477731704711914,0.29924702644348145
0,DualHead_LogDirect_GNN_OOD,mb-dielectric-4389,Mg2VN3,Mg-N-V,2.4987952709198,2.5252418518066406,0.02644658088684082
0,DualHead_LogDirect_GNN_OOD,mb-dielectric-4390,H7NO6,H-N-O,1.4546020030975342,1.4327661991119385,0.021835803985595703
0,DualHead_LogDirect_GNN_OOD,mb-dielectric-4391,Sn4OF6,F-O-Sn,1.8451706171035767,1.8645528554916382,0.019382238388061523
0,DualHead_LogDirect_GNN_OOD,mb-dielectric-4394,ZnGeN2,Ge-N-Zn,2.4325428009033203,2.478407382965088,0.04586458206176758
0,DualHead_LogDirect_GNN_OOD,mb-dielectric-4398,BH4O2F3,B-F-H-O,1.3935565948486328,1.399794101715088,0.006237506866455078
0,DualHead_LogDirect_GNN_OOD,mb-dielectric-4400,MnPH6NO5,H-Mn-N-O-P,1.6364485025405884,1.6279585361480713,0.00848996639251709
0,DualHead_LogDirect_GNN_OOD,mb-dielectric-4420,Sb2O3,O-Sb,2.237558126449585,2.3490312099456787,0.11147308349609375
0,DualHead_LogDirect_GNN_OOD,mb-dielectric-4425,Te,Te,10.881819725036621,4.310396194458008,6.571423530578613
0,DualHead_LogDirect_GNN_OOD,mb-dielectric-4427,LiNbTe2WO12,Li-Nb-O-Te-W,2.3723676204681396,2.573396921157837,0.20102930068969727
0,DualHead_LogDirect_GNN_OOD,mb-dielectric-4429,RbPS3,P-Rb-S,1.8712185621261597,1.773522138595581,0.09769642353057861
0,DualHead_LogDirect_GNN_OOD,mb-dielectric-4431,Ag2GePbS4,Ag-Ge-Pb-S,2.9279897212982178,3.001899242401123,0.07390952110290527
0,DualHead_LogDirect_GNN_OOD,mb-dielectric-4439,P(HO)3,H-O-P,1.5692939758300781,1.5070780515670776,0.06221592426300049
0,DualHead_LogDirect_GNN_OOD,mb-dielectric-4444,LiV(TeO4)3,Li-O-Te-V,2.24031925201416,2.271787405014038,0.03146815299987793
0,DualHead_LogDirect_GNN_OOD,mb-dielectric-4447,Rb2As2Pt,As-Pt-Rb,2.8928918838500977,2.73394775390625,0.15894412994384766
0,DualHead_LogDirect_GNN_OOD,mb-dielectric-4448,LiCuS,Cu-Li-S,2.1496834754943848,2.5070319175720215,0.3573484420776367
0,DualHead_LogDirect_GNN_OOD,mb-dielectric-4455,CrO3,Cr-O,2.094954013824463,1.6668848991394043,0.4280691146850586
0,DualHead_LogDirect_GNN_OOD,mb-dielectric-4463,Na3AsSe3,As-Na-Se,2.314664840698242,2.337338924407959,0.022674083709716797
0,DualHead_LogDirect_GNN_OOD,mb-dielectric-4464,Ca5(GaAs3)2,As-Ca-Ga,3.739919900894165,4.061237335205078,0.3213174343109131
0,DualHead_LogDirect_GNN_OOD,mb-dielectric-4476,SiCl2,Cl-Si,1.7049671411514282,1.522174596786499,0.1827925443649292
0,DualHead_LogDirect_GNN_OOD,mb-dielectric-4483,LiClO4,Cl-Li-O,1.5238109827041626,1.5247390270233154,0.000928044319152832
0,DualHead_LogDirect_GNN_OOD,mb-dielectric-4503,KF,F-K,1.4470659494400024,1.5176453590393066,0.0705794095993042
0,DualHead_LogDirect_GNN_OOD,mb-dielectric-4505,Li2Te,Li-Te,2.2287514209747314,2.2933640480041504,0.06461262702941895
0,DualHead_LogDirect_GNN_OOD,mb-dielectric-4517,CrSi2,Cr-Si,5.530526638031006,6.243976593017578,0.7134499549865723
0,DualHead_LogDirect_GNN_OOD,mb-dielectric-4519,CaO,Ca-O,1.969517707824707,2.080833911895752,0.11131620407104492
0,DualHead_LogDirect_GNN_OOD,mb-dielectric-4520,H2S,H-S,1.612128496170044,1.6569902896881104,0.044861793518066406
0,DualHead_LogDirect_GNN_OOD,mb-dielectric-4523,CdAs2,As-Cd,3.8776681423187256,3.994126081466675,0.11645793914794922
0,DualHead_LogDirect_GNN_OOD,mb-dielectric-4530,Sr(ErS2)2,Er-S-Sr,2.7038400173187256,2.6670331954956055,0.03680682182312012
0,DualHead_LogDirect_GNN_OOD,mb-dielectric-4540,SiO2,O-Si,1.4557911157608032,1.4497836828231812,0.00600743293762207
0,DualHead_LogDirect_GNN_OOD,mb-dielectric-4544,SiO2,O-Si,1.4920604228973389,1.4898170232772827,0.0022433996200561523
0,DualHead_LogDirect_GNN_OOD,mb-dielectric-4550,PdF4,F-Pd,2.31241774559021,1.7616209983825684,0.5507967472076416
0,DualHead_LogDirect_GNN_OOD,mb-dielectric-4553,Tl3VS4,S-Tl-V,2.7242891788482666,2.766928195953369,0.04263901710510254
0,DualHead_LogDirect_GNN_OOD,mb-dielectric-4555,Sb2O3,O-Sb,2.060744285583496,2.203001022338867,0.1422567367553711
0,DualHead_LogDirect_GNN_OOD,mb-dielectric-4556,PNF2,F-N-P,1.5368852615356445,1.3852906227111816,0.1515946388244629
0,DualHead_LogDirect_GNN_OOD,mb-dielectric-4563,SrF2,F-Sr,1.5261061191558838,1.4623262882232666,0.06377983093261719
0,DualHead_LogDirect_GNN_OOD,mb-dielectric-4565,NaNbN2,N-Na-Nb,2.5931196212768555,2.6681158542633057,0.0749962329864502
0,DualHead_LogDirect_GNN_OOD,mb-dielectric-4572,Ba2Ti(GeO4)2,Ba-Ge-O-Ti,1.8578130006790161,1.8775396347045898,0.01972663402557373
0,DualHead_LogDirect_GNN_OOD,mb-dielectric-4574,KNa2Sb,K-Na-Sb,3.0237841606140137,3.335336208343506,0.3115520477294922
0,DualHead_LogDirect_GNN_OOD,mb-dielectric-4575,CaS,Ca-S,2.2333831787109375,2.3001537322998047,0.06677055358886719
0,DualHead_LogDirect_GNN_OOD,mb-dielectric-4576,YN,N-Y,3.927849292755127,2.8318886756896973,1.0959606170654297
0,DualHead_LogDirect_GNN_OOD,mb-dielectric-4595,Na2O,Na-O,1.80886709690094,1.9058303833007812,0.09696328639984131
0,DualHead_LogDirect_GNN_OOD,mb-dielectric-4602,BN,B-N,1.8909611701965332,2.3385837078094482,0.44762253761291504
0,DualHead_LogDirect_GNN_OOD,mb-dielectric-4612,Ca2BiAu,Au-Bi-Ca,6.726808071136475,6.0587158203125,0.6680922508239746
0,DualHead_LogDirect_GNN_OOD,mb-dielectric-4613,H4NF,F-H-N,1.333622932434082,1.324298620223999,0.009324312210083008
0,DualHead_LogDirect_GNN_OOD,mb-dielectric-4622,KNa2CuO2,Cu-K-Na-O,1.827504277229309,1.7634694576263428,0.06403481960296631
0,DualHead_LogDirect_GNN_OOD,mb-dielectric-4635,CsCl,Cl-Cs,1.6223440170288086,1.7699658870697021,0.14762187004089355
0,DualHead_LogDirect_GNN_OOD,mb-dielectric-4639,CaCdGe,Ca-Cd-Ge,1.0,6.381868362426758,5.381868362426758
0,DualHead_LogDirect_GNN_OOD,mb-dielectric-4641,KNO2,K-N-O,1.487532377243042,1.459479570388794,0.028052806854248047
0,DualHead_LogDirect_GNN_OOD,mb-dielectric-4647,Ca3V2O7,Ca-O-V,2.4161159992218018,2.363508939743042,0.052607059478759766
0,DualHead_LogDirect_GNN_OOD,mb-dielectric-4651,Sr(MgAs)2,As-Mg-Sr,2.9742815494537354,3.003941535949707,0.02965998649597168
0,DualHead_LogDirect_GNN_OOD,mb-dielectric-4652,Ca2Tl2O5,Ca-O-Tl,2.406548261642456,2.314237594604492,0.09231066703796387
0,DualHead_LogDirect_GNN_OOD,mb-dielectric-4658,AlFe(WO4)2,Al-Fe-O-W,2.132404088973999,2.243281364440918,0.11087727546691895
0,DualHead_LogDirect_GNN_OOD,mb-dielectric-4659,Ba2YCr3O7,Ba-Cr-O-Y,2.430044174194336,2.275080442428589,0.15496373176574707
0,DualHead_LogDirect_GNN_OOD,mb-dielectric-4660,LiCuS,Cu-Li-S,2.6781399250030518,2.7616031169891357,0.08346319198608398
0,DualHead_LogDirect_GNN_OOD,mb-dielectric-4662,Er2Be2GeO7,Be-Er-Ge-O,1.9367238283157349,1.918489694595337,0.01823413372039795
0,DualHead_LogDirect_GNN_OOD,mb-dielectric-4669,H4SO5,H-O-S,1.5011106729507446,1.464978575706482,0.036132097244262695
0,DualHead_LogDirect_GNN_OOD,mb-dielectric-4674,Mg2SnWO6,Mg-O-Sn-W,2.211695909500122,1.984966516494751,0.2267293930053711
0,DualHead_LogDirect_GNN_OOD,mb-dielectric-4675,Na3GePCO7,C-Ge-Na-O-P,1.6584924459457397,1.5749106407165527,0.08358180522918701
0,DualHead_LogDirect_GNN_OOD,mb-dielectric-4687,Ba8P5Br,Ba-Br-P,2.9492228031158447,2.8538923263549805,0.09533047676086426
0,DualHead_LogDirect_GNN_OOD,mb-dielectric-4692,LiLaNb2O7,La-Li-Nb-O,2.176832675933838,2.248197555541992,0.0713648796081543
0,DualHead_LogDirect_GNN_OOD,mb-dielectric-4693,CsNaS,Cs-Na-S,1.9605633020401,2.007408857345581,0.04684555530548096
0,DualHead_LogDirect_GNN_OOD,mb-dielectric-4694,K2PdCl4,Cl-K-Pd,1.8294737339019775,1.7338511943817139,0.09562253952026367
0,DualHead_LogDirect_GNN_OOD,mb-dielectric-4700,Li4Al3Ge3ClO12,Al-Cl-Ge-Li-O,1.6121668815612793,1.5959025621414185,0.01626431941986084
0,DualHead_LogDirect_GNN_OOD,mb-dielectric-4701,MgFeF4,F-Fe-Mg,1.5350950956344604,1.567908525466919,0.032813429832458496
0,DualHead_LogDirect_GNN_OOD,mb-dielectric-4708,Cs2HfF6,Cs-F-Hf,1.4890546798706055,1.512756586074829,0.023701906204223633
0,DualHead_LogDirect_GNN_OOD,mb-dielectric-4710,La2ZnGa2S6O,Ga-La-O-S-Zn,2.419687032699585,2.3474671840667725,0.0722198486328125
0,DualHead_LogDirect_GNN_OOD,mb-dielectric-4711,Rb2MgP4(HO2)8,H-Mg-O-P-Rb,1.5268956422805786,1.5365532636642456,0.009657621383666992
0,DualHead_LogDirect_GNN_OOD,mb-dielectric-4720,BaCuPClO4,Ba-Cl-Cu-O-P,1.9667516946792603,1.977506399154663,0.010754704475402832
0,DualHead_LogDirect_GNN_OOD,mb-dielectric-4743,TeBr2,Br-Te,2.303692579269409,1.9090675115585327,0.39462506771087646
0,DualHead_LogDirect_GNN_OOD,mb-dielectric-4745,NaLi2Bi,Bi-Li-Na,4.063563346862793,4.60529899597168,0.5417356491088867
0,DualHead_LogDirect_GNN_OOD,mb-dielectric-4750,Rb2SeCl6,Cl-Rb-Se,1.7934414148330688,1.693264126777649,0.10017728805541992
0,DualHead_LogDirect_GNN_OOD,mb-dielectric-4756,H5NO,H-N-O,1.4468356370925903,1.4332894086837769,0.013546228408813477
0,DualHead_LogDirect_GNN_OOD,mb-dielectric-4759,Cr2O5,Cr-O,2.458294153213501,2.219238758087158,0.23905539512634277
1,DualHead_LogDirect_GNN_OOD,mb-dielectric-0011,CsGeCl3,Cl-Cs-Ge,1.908462643623352,1.8557307720184326,0.052731871604919434
1,DualHead_LogDirect_GNN_OOD,mb-dielectric-0013,RbCuO2,Cu-O-Rb,2.0107924938201904,1.9306550025939941,0.08013749122619629
1,DualHead_LogDirect_GNN_OOD,mb-dielectric-0015,Cs3YF6,Cs-F-Y,1.4515583515167236,1.4293708801269531,0.022187471389770508
1,DualHead_LogDirect_GNN_OOD,mb-dielectric-0017,MnCN2,C-Mn-N,2.323719024658203,2.175222873687744,0.14849615097045898
1,DualHead_LogDirect_GNN_OOD,mb-dielectric-0018,Na2SbAu,Au-Na-Sb,4.248906135559082,3.0566067695617676,1.1922993659973145
1,DualHead_LogDirect_GNN_OOD,mb-dielectric-0020,K2CuP,Cu-K-P,2.5537054538726807,2.712258815765381,0.1585533618927002
1,DualHead_LogDirect_GNN_OOD,mb-dielectric-0029,Ag2HgI4,Ag-Hg-I,2.3173646926879883,2.325402021408081,0.008037328720092773
1,DualHead_LogDirect_GNN_OOD,mb-dielectric-0030,AlAgO2,Ag-Al-O,2.416125535964966,2.342036485671997,0.07408905029296875
1,DualHead_LogDirect_GNN_OOD,mb-dielectric-0033,K3Cu3P2,Cu-K-P,2.6977241039276123,2.704089641571045,0.006365537643432617
1,DualHead_LogDirect_GNN_OOD,mb-dielectric-0035,IO2F,F-I-O,1.9809094667434692,2.0150976181030273,0.034188151359558105
1,DualHead_LogDirect_GNN_OOD,mb-dielectric-0041,Na2GeO3,Ge-Na-O,1.706842064857483,1.6675058603286743,0.039336204528808594
1,DualHead_LogDirect_GNN_OOD,mb-dielectric-0043,K2ZnF4,F-K-Zn,1.4650169610977173,1.4511765241622925,0.013840436935424805
1,DualHead_LogDirect_GNN_OOD,mb-dielectric-0045,GaGeTe,Ga-Ge-Te,7.05708122253418,3.6923649311065674,3.3647162914276123
1,DualHead_LogDirect_GNN_OOD,mb-dielectric-0058,BaSn(GeO3)3,Ba-Ge-O-Sn,1.8015767335891724,1.847947359085083,0.046370625495910645
1,DualHead_LogDirect_GNN_OOD,mb-dielectric-0065,RbSbF6,F-Rb-Sb,1.4052790403366089,1.4654433727264404,0.06016433238983154
1,DualHead_LogDirect_GNN_OOD,mb-dielectric-0068,SiC,C-Si,2.6600899696350098,2.6982975006103516,0.0382075309753418
1,DualHead_LogDirect_GNN_OOD,mb-dielectric-0071,K2Be2PbF8,Be-F-K-Pb,1.5250136852264404,1.5024657249450684,0.02254796028137207
1,DualHead_LogDirect_GNN_OOD,mb-dielectric-0074,RbNaO,Na-O-Rb,1.8586097955703735,1.8075275421142578,0.05108225345611572
1,DualHead_LogDirect_GNN_OOD,mb-dielectric-0076,KI,I-K,1.7655028104782104,1.6749248504638672,0.09057796001434326
1,DualHead_LogDirect_GNN_OOD,mb-dielectric-0084,Tb5AgS8,Ag-S-Tb,2.9518728256225586,2.921046733856201,0.030826091766357422
1,DualHead_LogDirect_GNN_OOD,mb-dielectric-0085,TbH3(CO2)3,C-H-O-Tb,1.761356234550476,1.7151217460632324,0.04623448848724365
1,DualHead_LogDirect_GNN_OOD,mb-dielectric-0087,SrCO3,C-O-Sr,1.6407889127731323,1.6526830196380615,0.0118941068649292
1,DualHead_LogDirect_GNN_OOD,mb-dielectric-0088,KYO2,K-O-Y,1.8857712745666504,1.835134506225586,0.05063676834106445
1,DualHead_LogDirect_GNN_OOD,mb-dielectric-0095,RbAuS,Au-Rb-S,2.0392253398895264,2.1260180473327637,0.0867927074432373
1,DualHead_LogDirect_GNN_OOD,mb-dielectric-0101,H3BrO,Br-H-O,1.6240469217300415,1.593693733215332,0.030353188514709473
1,DualHead_LogDirect_GNN_OOD,mb-dielectric-0103,K2GeAs2,As-Ge-K,2.6771061420440674,2.6449432373046875,0.03216290473937988
1,DualHead_LogDirect_GNN_OOD,mb-dielectric-0105,RbAu3Se2,Au-Rb-Se,2.3854806423187256,2.4582104682922363,0.07272982597351074
1,DualHead_LogDirect_GNN_OOD,mb-dielectric-0107,SrZrN2,N-Sr-Zr,3.3895554542541504,3.0395188331604004,0.35003662109375
1,DualHead_LogDirect_GNN_OOD,mb-dielectric-0112,TlSbF6,F-Sb-Tl,1.5213994979858398,1.6074283123016357,0.0860288143157959
1,DualHead_LogDirect_GNN_OOD,mb-dielectric-0115,KNbO3,K-Nb-O,2.3146579265594482,2.175323486328125,0.13933444023132324
1,DualHead_LogDirect_GNN_OOD,mb-dielectric-0117,K3CO3F,C-F-K-O,1.4898545742034912,1.48602294921875,0.003831624984741211
1,DualHead_LogDirect_GNN_OOD,mb-dielectric-0127,KNaO,K-Na-O,1.796831727027893,1.7522320747375488,0.04459965229034424
1,DualHead_LogDirect_GNN_OOD,mb-dielectric-0128,Zn(InS2)2,In-S-Zn,4.4490203857421875,2.5776286125183105,1.871391773223877
1,DualHead_LogDirect_GNN_OOD,mb-dielectric-0136,K2MnS2,K-Mn-S,1.9960271120071411,1.926353931427002,0.06967318058013916
1,DualHead_LogDirect_GNN_OOD,mb-dielectric-0138,KZnP,K-P-Zn,2.9186508655548096,4.721392631530762,1.8027417659759521
1,DualHead_LogDirect_GNN_OOD,mb-dielectric-0139,CrHO2,Cr-H-O,2.2592661380767822,2.3031020164489746,0.04383587837219238
1,DualHead_LogDirect_GNN_OOD,mb-dielectric-0151,Na4Al3Si3IO12,Al-I-Na-O-Si,1.5591555833816528,1.5330226421356201,0.026132941246032715
1,DualHead_LogDirect_GNN_OOD,mb-dielectric-0167,Sm2PbS4,Pb-S-Sm,3.1203324794769287,3.0629677772521973,0.057364702224731445
1,DualHead_LogDirect_GNN_OOD,mb-dielectric-0174,Ba(CuO)2,Ba-Cu-O,2.433112859725952,2.690413475036621,0.25730061531066895
1,DualHead_LogDirect_GNN_OOD,mb-dielectric-0178,Ca3VN3,Ca-N-V,2.825056552886963,2.810805320739746,0.014251232147216797
1,DualHead_LogDirect_GNN_OOD,mb-dielectric-0183,TaCrO4,Cr-O-Ta,2.401149034500122,2.493104934692383,0.09195590019226074
1,DualHead_LogDirect_GNN_OOD,mb-dielectric-0184,ZrPdF6,F-Pd-Zr,1.6488897800445557,1.7211124897003174,0.07222270965576172
1,DualHead_LogDirect_GNN_OOD,mb-dielectric-0190,BaS2,Ba-S,2.230919122695923,2.012932062149048,0.217987060546875
1,DualHead_LogDirect_GNN_OOD,mb-dielectric-0193,Rb2NbF6,F-Nb-Rb,1.6119179725646973,1.529290795326233,0.08262717723846436
1,DualHead_LogDirect_GNN_OOD,mb-dielectric-0204,Rb2MgF4,F-Mg-Rb,1.4509832859039307,1.4464130401611328,0.0045702457427978516
1,DualHead_LogDirect_GNN_OOD,mb-dielectric-0216,Ti3N2O3,N-O-Ti,2.9652321338653564,2.737551689147949,0.22768044471740723
1,DualHead_LogDirect_GNN_OOD,mb-dielectric-0217,Mg2Al2Se5,Al-Mg-Se,2.4178783893585205,2.3865387439727783,0.03133964538574219
1,DualHead_LogDirect_GNN_OOD,mb-dielectric-0220,Ba2SbAu,Au-Ba-Sb,4.337868690490723,4.424046516418457,0.08617782592773438
1,DualHead_LogDirect_GNN_OOD,mb-dielectric-0225,Na2GeF6,F-Ge-Na,1.3672717809677124,1.4003705978393555,0.033098816871643066
1,DualHead_LogDirect_GNN_OOD,mb-dielectric-0227,K6MnS4,K-Mn-S,1.9297592639923096,1.8828485012054443,0.046910762786865234
1,DualHead_LogDirect_GNN_OOD,mb-dielectric-0237,NaNbO3,Na-Nb-O,2.327406406402588,2.3423407077789307,0.014934301376342773
1,DualHead_LogDirect_GNN_OOD,mb-dielectric-0241,NaSb,Na-Sb,3.7604076862335205,3.395841121673584,0.3645665645599365
1,DualHead_LogDirect_GNN_OOD,mb-dielectric-0246,NaH9O5,H-Na-O,1.4453357458114624,1.4760403633117676,0.030704617500305176
1,DualHead_LogDirect_GNN_OOD,mb-dielectric-0256,Sr(PIr)2,Ir-P-Sr,6.252679347991943,4.683326244354248,1.5693531036376953
1,DualHead_LogDirect_GNN_OOD,mb-dielectric-0258,K2Hg3(GeS4)2,Ge-Hg-K-S,2.2656288146972656,2.2493457794189453,0.016283035278320312
1,DualHead_LogDirect_GNN_OOD,mb-dielectric-0261,Li7VO5F,F-Li-O-V,1.860805630683899,1.8346083164215088,0.026197314262390137
1,DualHead_LogDirect_GNN_OOD,mb-dielectric-0269,Na8Al6Si6SO28,Al-Na-O-S-Si,1.4715369939804077,1.4988716840744019,0.02733469009399414
1,DualHead_LogDirect_GNN_OOD,mb-dielectric-0271,GeAs,As-Ge,3.7453527450561523,4.557713985443115,0.8123612403869629
1,DualHead_LogDirect_GNN_OOD,mb-dielectric-0280,Te(HO)6,H-O-Te,1.6207319498062134,1.7247204780578613,0.10398852825164795
1,DualHead_LogDirect_GNN_OOD,mb-dielectric-0297,Mg3BeAl8O16,Al-Be-Mg-O,1.7594908475875854,1.7689777612686157,0.009486913681030273
1,DualHead_LogDirect_GNN_OOD,mb-dielectric-0298,NbBiO4,Bi-Nb-O,2.3316779136657715,2.3854482173919678,0.05377030372619629
1,DualHead_LogDirect_GNN_OOD,mb-dielectric-0301,Hg2TeO3,Hg-O-Te,2.177788019180298,2.259002685546875,0.08121466636657715
1,DualHead_LogDirect_GNN_OOD,mb-dielectric-0302,Ag2PSe3,Ag-P-Se,3.1046862602233887,3.426471710205078,0.32178544998168945
1,DualHead_LogDirect_GNN_OOD,mb-dielectric-0306,RbVBr3,Br-Rb-V,1.8698567152023315,1.9616572856903076,0.09180057048797607
1,DualHead_LogDirect_GNN_OOD,mb-dielectric-0309,Na2MgAlF7,Al-F-Mg-Na,1.3771952390670776,1.4138727188110352,0.03667747974395752
1,DualHead_LogDirect_GNN_OOD,mb-dielectric-0316,Ca2NbN3,Ca-N-Nb,2.5813615322113037,2.589977741241455,0.008616209030151367
1,DualHead_LogDirect_GNN_OOD,mb-dielectric-0317,KMgSb,K-Mg-Sb,2.796353816986084,2.7937378883361816,0.0026159286499023438
1,DualHead_LogDirect_GNN_OOD,mb-dielectric-0318,KSO2F,F-K-O-S,1.4889593124389648,1.4580769538879395,0.03088235855102539
1,DualHead_LogDirect_GNN_OOD,mb-dielectric-0329,As2Se3,As-Se,2.842358112335205,3.1074986457824707,0.2651405334472656
1,DualHead_LogDirect_GNN_OOD,mb-dielectric-0334,LiMn(PO3)3,Li-Mn-O-P,1.5472029447555542,1.58722722530365,0.0400242805480957
1,DualHead_LogDirect_GNN_OOD,mb-dielectric-0338,Rb2Se5,Rb-Se,2.395379066467285,2.2405734062194824,0.15480566024780273
1,DualHead_LogDirect_GNN_OOD,mb-dielectric-0340,TaGaO4,Ga-O-Ta,2.272027015686035,2.285947799682617,0.013920783996582031
1,DualHead_LogDirect_GNN_OOD,mb-dielectric-0341,BaSe3,Ba-Se,2.852916955947876,2.900176763534546,0.04725980758666992
1,DualHead_LogDirect_GNN_OOD,mb-dielectric-0344,SrTaNO2,N-O-Sr-Ta,2.8060054779052734,2.4802427291870117,0.3257627487182617
1,DualHead_LogDirect_GNN_OOD,mb-dielectric-0349,Ca2Al2SiO7,Al-Ca-O-Si,1.7341352701187134,1.678206205368042,0.05592906475067139
1,DualHead_LogDirect_GNN_OOD,mb-dielectric-0359,SiAs2,As-Si,3.4186742305755615,3.8462443351745605,0.427570104598999
1,DualHead_LogDirect_GNN_OOD,mb-dielectric-0373,SnS2,S-Sn,2.4746716022491455,3.0606489181518555,0.58597731590271
1,DualHead_LogDirect_GNN_OOD,mb-dielectric-0374,Li4Mn3P3O12F,F-Li-Mn-O-P,1.5877461433410645,1.57417893409729,0.013567209243774414
1,DualHead_LogDirect_GNN_OOD,mb-dielectric-0376,S(OF)2,F-O-S,1.3415166139602661,1.419536828994751,0.07802021503448486
1,DualHead_LogDirect_GNN_OOD,mb-dielectric-0393,K3NbO8,K-Nb-O,1.6465160846710205,1.6493289470672607,0.0028128623962402344
1,DualHead_LogDirect_GNN_OOD,mb-dielectric-0402,BaAgP,Ag-Ba-P,5.310262203216553,4.443459510803223,0.8668026924133301
1,DualHead_LogDirect_GNN_OOD,mb-dielectric-0406,Y3CuSnS7,Cu-S-Sn-Y,2.8141229152679443,2.81528377532959,0.0011608600616455078
1,DualHead_LogDirect_GNN_OOD,mb-dielectric-0411,YAlO3,Al-O-Y,2.0324041843414307,2.0331106185913086,0.0007064342498779297
1,DualHead_LogDirect_GNN_OOD,mb-dielectric-0412,RbSO2F,F-O-Rb-S,1.4761435985565186,1.4692580699920654,0.006885528564453125
1,DualHead_LogDirect_GNN_OOD,mb-dielectric-0420,H3BrO,Br-H-O,1.6238117218017578,1.5942282676696777,0.029583454132080078
1,DualHead_LogDirect_GNN_OOD,mb-dielectric-0433,Na3MoN3,Mo-N-Na,2.2598400115966797,2.1110901832580566,0.14874982833862305
1,DualHead_LogDirect_GNN_OOD,mb-dielectric-0435,H2O,H-O,1.4788297414779663,1.46864652633667,0.010183215141296387
1,DualHead_LogDirect_GNN_OOD,mb-dielectric-0436,NaY(SeO3)2,Na-O-Se-Y,1.8308372497558594,1.8332366943359375,0.002399444580078125
1,DualHead_LogDirect_GNN_OOD,mb-dielectric-0441,LiSn(PO3)3,Li-O-P-Sn,1.781761646270752,1.685465931892395,0.09629571437835693
1,DualHead_LogDirect_GNN_OOD,mb-dielectric-0446,La(GePt)2,Ge-La-Pt,1.0,5.304520606994629,4.304520606994629
1,DualHead_LogDirect_GNN_OOD,mb-dielectric-0449,CsVN2,Cs-N-V,4.355801105499268,2.7970855236053467,1.558715581893921
1,DualHead_LogDirect_GNN_OOD,mb-dielectric-0451,Sr4ZrN4,N-Sr-Zr,2.5075953006744385,2.5683491230010986,0.060753822326660156
1,DualHead_LogDirect_GNN_OOD,mb-dielectric-0453,YScS3,S-Sc-Y,2.8452885150909424,2.7208428382873535,0.12444567680358887
1,DualHead_LogDirect_GNN_OOD,mb-dielectric-0464,NaMg4V3O12,Mg-Na-O-V,1.9119105339050293,1.9390373229980469,0.027126789093017578
1,DualHead_LogDirect_GNN_OOD,mb-dielectric-0468,AlPS4,Al-P-S,1.7818750143051147,1.781595230102539,0.0002797842025756836
1,DualHead_LogDirect_GNN_OOD,mb-dielectric-0473,Rb6Si10O23,O-Rb-Si,1.5419268608093262,1.507310152053833,0.034616708755493164
1,DualHead_LogDirect_GNN_OOD,mb-dielectric-0481,Y2TeO6,O-Te-Y,2.0124452114105225,2.0070152282714844,0.005429983139038086
1,DualHead_LogDirect_GNN_OOD,mb-dielectric-0482,ScClO,Cl-O-Sc,2.0603528022766113,2.07511568069458,0.01476287841796875
1,DualHead_LogDirect_GNN_OOD,mb-dielectric-0483,SnBrCl,Br-Cl-Sn,2.4374430179595947,2.1243762969970703,0.3130667209625244
1,DualHead_LogDirect_GNN_OOD,mb-dielectric-0488,TiFeO3,Fe-O-Ti,2.4603114128112793,2.6195883750915527,0.15927696228027344
1,DualHead_LogDirect_GNN_OOD,mb-dielectric-0490,TaAgO3,Ag-O-Ta,2.5941643714904785,2.7362518310546875,0.14208745956420898
1,DualHead_LogDirect_GNN_OOD,mb-dielectric-0496,InCl3,Cl-In,1.6163091659545898,1.637842059135437,0.021532893180847168
1,DualHead_LogDirect_GNN_OOD,mb-dielectric-0504,RbCdF3,Cd-F-Rb,1.5443975925445557,1.5751430988311768,0.030745506286621094
1,DualHead_LogDirect_GNN_OOD,mb-dielectric-0509,Mg3SbN,Mg-N-Sb,3.279700517654419,3.2154669761657715,0.06423354148864746
1,DualHead_LogDirect_GNN_OOD,mb-dielectric-0521,NaH9O5,H-Na-O,1.4326294660568237,1.4729845523834229,0.04035508632659912
1,DualHead_LogDirect_GNN_OOD,mb-dielectric-0537,Ca5(CoN2)2,Ca-Co-N,3.1715898513793945,3.192392110824585,0.02080225944519043
1,DualHead_LogDirect_GNN_OOD,mb-dielectric-0540,NaPH4O5,H-Na-O-P,1.5001561641693115,1.4952552318572998,0.004900932312011719
1,DualHead_LogDirect_GNN_OOD,mb-dielectric-0545,CsRuF6,Cs-F-Ru,1.5291192531585693,1.4850544929504395,0.04406476020812988
1,DualHead_LogDirect_GNN_OOD,mb-dielectric-0549,SrLiN,Li-N-Sr,2.6145331859588623,2.2888522148132324,0.3256809711456299
1,DualHead_LogDirect_GNN_OOD,mb-dielectric-0555,LiSnPO4,Li-O-P-Sn,1.8610881567001343,1.7687780857086182,0.09231007099151611
1,DualHead_LogDirect_GNN_OOD,mb-dielectric-0558,KH3F4,F-H-K,1.3263986110687256,1.3994596004486084,0.07306098937988281
1,DualHead_LogDirect_GNN_OOD,mb-dielectric-0570,AlCuO2,Al-Cu-O,2.35886287689209,2.4543955326080322,0.09553265571594238
1,DualHead_LogDirect_GNN_OOD,mb-dielectric-0571,Na4Al3Si3BrO12,Al-Br-Na-O-Si,1.5248754024505615,1.5257153511047363,0.0008399486541748047
1,DualHead_LogDirect_GNN_OOD,mb-dielectric-0578,Li7Mn3(SiO6)2,Li-Mn-O-Si,2.0181095600128174,2.207449197769165,0.18933963775634766
1,DualHead_LogDirect_GNN_OOD,mb-dielectric-0588,RbMgF3,F-Mg-Rb,1.478350043296814,1.4745628833770752,0.0037871599197387695
1,DualHead_LogDirect_GNN_OOD,mb-dielectric-0595,SrTaNO2,N-O-Sr-Ta,2.6978671550750732,2.4623396396636963,0.23552751541137695
1,DualHead_LogDirect_GNN_OOD,mb-dielectric-0601,NaH8SeNO6,H-N-Na-O-Se,1.5121755599975586,1.5338528156280518,0.021677255630493164
1,DualHead_LogDirect_GNN_OOD,mb-dielectric-0604,NaInO2,In-Na-O,1.984728217124939,2.094804286956787,0.11007606983184814
1,DualHead_LogDirect_GNN_OOD,mb-dielectric-0617,Rb4SnO3,O-Rb-Sn,1.946358561515808,1.9138787984848022,0.03247976303100586
1,DualHead_LogDirect_GNN_OOD,mb-dielectric-0621,Re3S4Br,Br-Re-S,2.685950994491577,2.8267412185668945,0.14079022407531738
1,DualHead_LogDirect_GNN_OOD,mb-dielectric-0626,NaTlO2,Na-O-Tl,2.3170745372772217,2.209728956222534,0.1073455810546875
1,DualHead_LogDirect_GNN_OOD,mb-dielectric-0629,BaS3,Ba-S,2.4116733074188232,2.1787712574005127,0.23290205001831055
1,DualHead_LogDirect_GNN_OOD,mb-dielectric-0630,Na2Ge2O5,Ge-Na-O,1.6679189205169678,1.643857479095459,0.02406144142150879
1,DualHead_LogDirect_GNN_OOD,mb-dielectric-0632,GaF3,F-Ga,1.5162453651428223,1.5679651498794556,0.0517197847366333
1,DualHead_LogDirect_GNN_OOD,mb-dielectric-0634,LiSb(PO3)4,Li-O-P-Sb,1.6078811883926392,1.5483390092849731,0.059542179107666016
1,DualHead_LogDirect_GNN_OOD,mb-dielectric-0635,Li2MnP2O7,Li-Mn-O-P,1.6159223318099976,1.6411715745925903,0.025249242782592773
1,DualHead_LogDirect_GNN_OOD,mb-dielectric-0636,LiScP2O7,Li-O-P-Sc,1.670148253440857,1.6857194900512695,0.015571236610412598
1,DualHead_LogDirect_GNN_OOD,mb-dielectric-0651,Zr4MnO9,Mn-O-Zr,2.286691188812256,2.287550687789917,0.0008594989776611328
1,DualHead_LogDirect_GNN_OOD,mb-dielectric-0666,HfSiRu2,Hf-Ru-Si,5.166191577911377,4.268274784088135,0.8979167938232422
1,DualHead_LogDirect_GNN_OOD,mb-dielectric-0669,DyTa7O19,Dy-O-Ta,2.359729051589966,2.217985153198242,0.14174389839172363
1,DualHead_LogDirect_GNN_OOD,mb-dielectric-0670,NaNbO2,Na-Nb-O,2.864210605621338,2.421384811401367,0.4428257942199707
1,DualHead_LogDirect_GNN_OOD,mb-dielectric-0674,LiMn4(PO4)3,Li-Mn-O-P,1.7894874811172485,1.9158968925476074,0.1264094114303589
1,DualHead_LogDirect_GNN_OOD,mb-dielectric-0685,PHSF2,F-H-P-S,1.5618364810943604,1.4349055290222168,0.12693095207214355
1,DualHead_LogDirect_GNN_OOD,mb-dielectric-0686,Li4V2OF7,F-Li-O-V,1.6530282497406006,1.563992977142334,0.0890352725982666
1,DualHead_LogDirect_GNN_OOD,mb-dielectric-0688,LiMnPO4,Li-Mn-O-P,1.6197923421859741,1.7005393505096436,0.08074700832366943
1,DualHead_LogDirect_GNN_OOD,mb-dielectric-0690,Na3Sb,Na-Sb,3.313004732131958,3.1845929622650146,0.12841176986694336
1,DualHead_LogDirect_GNN_OOD,mb-dielectric-0696,NaCrO2,Cr-Na-O,2.070657253265381,2.0067660808563232,0.06389117240905762
1,DualHead_LogDirect_GNN_OOD,mb-dielectric-0703,CaPdF6,Ca-F-Pd,1.63623046875,1.6380960941314697,0.0018656253814697266
1,DualHead_LogDirect_GNN_OOD,mb-dielectric-0708,TiZn(BiO3)2,Bi-O-Ti-Zn,2.503138780593872,2.4539968967437744,0.049141883850097656
1,DualHead_LogDirect_GNN_OOD,mb-dielectric-0709,AsS2NF6,As-F-N-S,1.5620499849319458,1.5050245523452759,0.05702543258666992
1,DualHead_LogDirect_GNN_OOD,mb-dielectric-0713,Sb2Pb2O7,O-Pb-Sb,2.3621115684509277,2.463878631591797,0.10176706314086914
1,DualHead_LogDirect_GNN_OOD,mb-dielectric-0716,La2TeO6,La-O-Te,2.03776478767395,2.0593509674072266,0.021586179733276367
1,DualHead_LogDirect_GNN_OOD,mb-dielectric-0721,KPrSiSe4,K-Pr-Se-Si,2.3016443252563477,2.366525173187256,0.0648808479309082
1,DualHead_LogDirect_GNN_OOD,mb-dielectric-0743,Ba5CrN5,Ba-Cr-N,3.848759412765503,2.5270419120788574,1.3217175006866455
1,DualHead_LogDirect_GNN_OOD,mb-dielectric-0747,RbFeO2,Fe-O-Rb,1.9207969903945923,2.1184375286102295,0.1976405382156372
1,DualHead_LogDirect_GNN_OOD,mb-dielectric-0757,Ba2PrF7,Ba-F-Pr,1.5608172416687012,1.5586678981781006,0.002149343490600586
1,DualHead_LogDirect_GNN_OOD,mb-dielectric-0764,PH8IN4,H-I-N-P,1.630539894104004,1.6309285163879395,0.0003886222839355469
1,DualHead_LogDirect_GNN_OOD,mb-dielectric-0766,Ba3As14,As-Ba,3.25663423538208,3.428236961364746,0.17160272598266602
1,DualHead_LogDirect_GNN_OOD,mb-dielectric-0775,H7C3N3O5,C-H-N-O,1.5686511993408203,1.5110530853271484,0.057598114013671875
1,DualHead_LogDirect_GNN_OOD,mb-dielectric-0776,Cs3VH8(Cl3O2)2,Cl-Cs-H-O-V,1.594116449356079,1.5894126892089844,0.0047037601470947266
1,DualHead_LogDirect_GNN_OOD,mb-dielectric-0791,Ba(BrO3)2,Ba-Br-O,1.6904630661010742,1.6719403266906738,0.01852273941040039
1,DualHead_LogDirect_GNN_OOD,mb-dielectric-0792,Sm3NbS3O4,Nb-O-S-Sm,2.592334032058716,2.3579161167144775,0.23441791534423828
1,DualHead_LogDirect_GNN_OOD,mb-dielectric-0793,Na3Mo2N5,Mo-N-Na,2.4588685035705566,2.1920547485351562,0.2668137550354004
1,DualHead_LogDirect_GNN_OOD,mb-dielectric-0795,Li4FeSb(WO6)2,Fe-Li-O-Sb-W,2.2921624183654785,2.2962090969085693,0.00404667854309082
1,DualHead_LogDirect_GNN_OOD,mb-dielectric-0796,Li2H2SeO5,H-Li-O-Se,1.5337753295898438,1.5389225482940674,0.005147218704223633
1,DualHead_LogDirect_GNN_OOD,mb-dielectric-0801,B2S2O9,B-O-S,1.6055349111557007,1.6066968441009521,0.0011619329452514648
1,DualHead_LogDirect_GNN_OOD,mb-dielectric-0806,Li2Mn3NiO8,Li-Mn-Ni-O,2.5537376403808594,2.6232032775878906,0.06946563720703125
1,DualHead_LogDirect_GNN_OOD,mb-dielectric-0809,LiH3(SeO3)2,H-Li-O-Se,1.7599024772644043,1.669773817062378,0.09012866020202637
1,DualHead_LogDirect_GNN_OOD,mb-dielectric-0810,LiV2(OF)3,F-Li-O-V,2.3030765056610107,2.1502888202667236,0.1527876853942871
1,DualHead_LogDirect_GNN_OOD,mb-dielectric-0830,TaVO4,O-Ta-V,2.453742504119873,2.5325074195861816,0.0787649154663086
1,DualHead_LogDirect_GNN_OOD,mb-dielectric-0840,Na4Ga3Si3ClO12,Cl-Ga-Na-O-Si,1.5595544576644897,1.5620691776275635,0.0025147199630737305
1,DualHead_LogDirect_GNN_OOD,mb-dielectric-0845,Ag2O3,Ag-O,3.832268476486206,2.526994228363037,1.305274248123169
1,DualHead_LogDirect_GNN_OOD,mb-dielectric-0857,PHF2,F-H-P,1.5265485048294067,1.3656623363494873,0.16088616847991943
1,DualHead_LogDirect_GNN_OOD,mb-dielectric-0859,SbO2F,F-O-Sb,2.0569958686828613,1.9908137321472168,0.06618213653564453
1,DualHead_LogDirect_GNN_OOD,mb-dielectric-0866,H20C3(N2O5)2,C-H-N-O,1.531667947769165,1.4957835674285889,0.03588438034057617
1,DualHead_LogDirect_GNN_OOD,mb-dielectric-0868,BiOF,Bi-F-O,2.2562196254730225,2.2241907119750977,0.032028913497924805
1,DualHead_LogDirect_GNN_OOD,mb-dielectric-0872,ZnCl2,Cl-Zn,1.677583932876587,1.6831974983215332,0.005613565444946289
1,DualHead_LogDirect_GNN_OOD,mb-dielectric-0873,Na2PH11O8,H-Na-O-P,1.473471760749817,1.5006753206253052,0.02720355987548828
1,DualHead_LogDirect_GNN_OOD,mb-dielectric-0874,Na3ZnPCO7,C-Na-O-P-Zn,1.612045407295227,1.5930839776992798,0.018961429595947266
1,DualHead_LogDirect_GNN_OOD,mb-dielectric-0877,Li3BePCO7,Be-C-Li-O-P,1.5898888111114502,1.5583622455596924,0.03152656555175781
1,DualHead_LogDirect_GNN_OOD,mb-dielectric-0880,Ba3NbGa3(SiO7)2,Ba-Ga-Nb-O-Si,1.8991429805755615,1.9201363325119019,0.020993351936340332
1,DualHead_LogDirect_GNN_OOD,mb-dielectric-0882,NaGe2N3,Ge-N-Na,2.292174816131592,2.222262382507324,0.06991243362426758
1,DualHead_LogDirect_GNN_OOD,mb-dielectric-0889,SiC,C-Si,2.668955087661743,2.911590576171875,0.24263548851013184
1,DualHead_LogDirect_GNN_OOD,mb-dielectric-0894,LiBF4,B-F-Li,1.2880052328109741,1.3187878131866455,0.030782580375671387
1,DualHead_LogDirect_GNN_OOD,mb-dielectric-0897,SrCN2,C-N-Sr,1.774527668952942,1.7851991653442383,0.010671496391296387
1,DualHead_LogDirect_GNN_OOD,mb-dielectric-0902,SO2,O-S,1.5553507804870605,1.4222849607467651,0.1330658197402954
1,DualHead_LogDirect_GNN_OOD,mb-dielectric-0904,RbTe,Rb-Te,2.0603435039520264,2.0972344875335693,0.03689098358154297
1,DualHead_LogDirect_GNN_OOD,mb-dielectric-0908,Li3ZnPCO7,C-Li-O-P-Zn,1.6447807550430298,1.6215341091156006,0.0232466459274292
1,DualHead_LogDirect_GNN_OOD,mb-dielectric-0910,LiSnPO4,Li-O-P-Sn,1.7756186723709106,1.7881850004196167,0.012566328048706055
1,DualHead_LogDirect_GNN_OOD,mb-dielectric-0913,Sr2HN,H-N-Sr,2.36687970161438,2.2445476055145264,0.12233209609985352
1,DualHead_LogDirect_GNN_OOD,mb-dielectric-0920,BaCa(GaO2)4,Ba-Ca-Ga-O,1.879894495010376,1.8980767726898193,0.01818227767944336
1,DualHead_LogDirect_GNN_OOD,mb-dielectric-0922,Li4Fe3P3O12F,F-Fe-Li-O-P,1.6031625270843506,1.5933656692504883,0.009796857833862305
1,DualHead_LogDirect_GNN_OOD,mb-dielectric-0930,CsNd(PO3)4,Cs-Nd-O-P,1.5908617973327637,1.574777364730835,0.01608443260192871
1,DualHead_LogDirect_GNN_OOD,mb-dielectric-0946,Li4TiS4,Li-S-Ti,2.010650873184204,2.0516743659973145,0.04102349281311035
1,DualHead_LogDirect_GNN_OOD,mb-dielectric-0956,Rb4I2O,I-O-Rb,1.7139538526535034,1.8443984985351562,0.13044464588165283
1,DualHead_LogDirect_GNN_OOD,mb-dielectric-0959,CrHO2,Cr-H-O,2.094149112701416,2.07915997505188,0.014989137649536133
1,DualHead_LogDirect_GNN_OOD,mb-dielectric-0960,RbNiBr3,Br-Ni-Rb,2.036328077316284,1.9890766143798828,0.04725146293640137
1,DualHead_LogDirect_GNN_OOD,mb-dielectric-0962,GaAgSe2,Ag-Ga-Se,4.777830600738525,2.8925790786743164,1.885251522064209
1,DualHead_LogDirect_GNN_OOD,mb-dielectric-0967,Ca2ZnGe2O7,Ca-Ge-O-Zn,1.8211511373519897,1.8493671417236328,0.028216004371643066
1,DualHead_LogDirect_GNN_OOD,mb-dielectric-0971,MnGeN2,Ge-Mn-N,2.7120916843414307,2.5416152477264404,0.17047643661499023
1,DualHead_LogDirect_GNN_OOD,mb-dielectric-0974,CsVCl3,Cl-Cs-V,1.7561899423599243,1.8149824142456055,0.05879247188568115
1,DualHead_LogDirect_GNN_OOD,mb-dielectric-0980,Sr3SiO5,O-Si-Sr,1.8633570671081543,1.8534176349639893,0.009939432144165039
1,DualHead_LogDirect_GNN_OOD,mb-dielectric-0981,SnB4O7,B-O-Sn,1.9829695224761963,1.8583309650421143,0.12463855743408203
1,DualHead_LogDirect_GNN_OOD,mb-dielectric-0998,Rb3TaO8,O-Rb-Ta,1.6243720054626465,1.642117977142334,0.0177459716796875
1,DualHead_LogDirect_GNN_OOD,mb-dielectric-1000,Na2HgO2,Hg-Na-O,1.9022228717803955,1.946447730064392,0.04422485828399658
1,DualHead_LogDirect_GNN_OOD,mb-dielectric-1010,CeInNi,Ce-In-Ni,1.0,5.414813041687012,4.414813041687012
1,DualHead_LogDirect_GNN_OOD,mb-dielectric-1012,Ag3SnP7,Ag-P-Sn,4.017005443572998,3.7584848403930664,0.25852060317993164
1,DualHead_LogDirect_GNN_OOD,mb-dielectric-1013,Rb2Te5,Rb-Te,4.089172840118408,2.611800193786621,1.477372646331787
1,DualHead_LogDirect_GNN_OOD,mb-dielectric-1021,ZrMnO3,Mn-O-Zr,2.2217328548431396,2.2197329998016357,0.0019998550415039062
1,DualHead_LogDirect_GNN_OOD,mb-dielectric-1028,H8Se2N2O5,H-N-O-Se,1.6827534437179565,1.6610407829284668,0.021712660789489746
1,DualHead_LogDirect_GNN_OOD,mb-dielectric-1048,Ca2IN,Ca-I-N,2.3821706771850586,2.276458740234375,0.1057119369506836
1,DualHead_LogDirect_GNN_OOD,mb-dielectric-1053,BaZnO2,Ba-O-Zn,2.048316717147827,2.097679615020752,0.049362897872924805
1,DualHead_LogDirect_GNN_OOD,mb-dielectric-1054,K3Ta3Si2O13,K-O-Si-Ta,2.013362169265747,2.0048580169677734,0.008504152297973633
1,DualHead_LogDirect_GNN_OOD,mb-dielectric-1061,CO2,C-O,1.365772008895874,1.4931895732879639,0.12741756439208984
1,DualHead_LogDirect_GNN_OOD,mb-dielectric-1070,LaCuO2,Cu-La-O,2.1889913082122803,2.2714638710021973,0.08247256278991699
1,DualHead_LogDirect_GNN_OOD,mb-dielectric-1079,Ga2CoS4,Co-Ga-S,2.914581060409546,2.684746503829956,0.22983455657958984
1,DualHead_LogDirect_GNN_OOD,mb-dielectric-1083,CsNbN2,Cs-N-Nb,2.76625657081604,2.6685500144958496,0.09770655632019043
1,DualHead_LogDirect_GNN_OOD,mb-dielectric-1085,ZnTe,Te-Zn,3.002871036529541,3.2400407791137695,0.23716974258422852
1,DualHead_LogDirect_GNN_OOD,mb-dielectric-1090,ScCl3,Cl-Sc,1.750333309173584,1.644368290901184,0.1059650182723999
1,DualHead_LogDirect_GNN_OOD,mb-dielectric-1095,LiMnP2O7,Li-Mn-O-P,1.976273775100708,2.0186007022857666,0.042326927185058594
1,DualHead_LogDirect_GNN_OOD,mb-dielectric-1097,LiInTe2,In-Li-Te,2.679537773132324,2.5649962425231934,0.11454153060913086
1,DualHead_LogDirect_GNN_OOD,mb-dielectric-1100,Ba4Br6O,Ba-Br-O,1.8484147787094116,1.896014928817749,0.0476001501083374
1,DualHead_LogDirect_GNN_OOD,mb-dielectric-1105,S2O5F2,F-O-S,1.4124447107315063,1.4594244956970215,0.04697978496551514
1,DualHead_LogDirect_GNN_OOD,mb-dielectric-1106,Mn(GaSe2)2,Ga-Mn-Se,2.781883478164673,2.7002875804901123,0.08159589767456055
1,DualHead_LogDirect_GNN_OOD,mb-dielectric-1113,CrAgSe2,Ag-Cr-Se,3.8981361389160156,4.068225860595703,0.1700897216796875
1,DualHead_LogDirect_GNN_OOD,mb-dielectric-1115,Pr4Se3O4,O-Pr-Se,2.7354047298431396,2.410768985748291,0.32463574409484863
1,DualHead_LogDirect_GNN_OOD,mb-dielectric-1121,Li4Ti3O8,Li-O-Ti,2.308952808380127,2.2842612266540527,0.02469158172607422
1,DualHead_LogDirect_GNN_OOD,mb-dielectric-1133,Cs2PtCl6,Cl-Cs-Pt,1.7040928602218628,1.7383967638015747,0.034303903579711914
1,DualHead_LogDirect_GNN_OOD,mb-dielectric-1135,PH3,H-P,53.79349899291992,1.4545351266860962,52.338963866233826
1,DualHead_LogDirect_GNN_OOD,mb-dielectric-1138,GeAs2,As-Ge,3.622246026992798,4.135319709777832,0.5130736827850342
1,DualHead_LogDirect_GNN_OOD,mb-dielectric-1145,RbCaSb,Ca-Rb-Sb,2.4857068061828613,2.6006741523742676,0.11496734619140625
1,DualHead_LogDirect_GNN_OOD,mb-dielectric-1154,Cs2PtBr6,Br-Cs-Pt,1.876546859741211,1.9847888946533203,0.10824203491210938
1,DualHead_LogDirect_GNN_OOD,mb-dielectric-1159,Re(AgCl3)2,Ag-Cl-Re,2.0399858951568604,2.082216262817383,0.04223036766052246
1,DualHead_LogDirect_GNN_OOD,mb-dielectric-1168,RbNiCl3,Cl-Ni-Rb,1.871153473854065,1.8039418458938599,0.06721162796020508
1,DualHead_LogDirect_GNN_OOD,mb-dielectric-1177,Li2SiN2,Li-N-Si,2.0651495456695557,2.229461431503296,0.16431188583374023
1,DualHead_LogDirect_GNN_OOD,mb-dielectric-1187,Ba(CuTe)2,Ba-Cu-Te,3.523397922515869,3.7576262950897217,0.23422837257385254
1,DualHead_LogDirect_GNN_OOD,mb-dielectric-1192,AgClO4,Ag-Cl-O,1.6784913539886475,1.7701438665390015,0.091652512550354
1,DualHead_LogDirect_GNN_OOD,mb-dielectric-1194,PBr3,Br-P,1.6105899810791016,1.6244349479675293,0.013844966888427734
1,DualHead_LogDirect_GNN_OOD,mb-dielectric-1195,Rb2MnBr4,Br-Mn-Rb,1.795811653137207,1.8048237562179565,0.009012103080749512
1,DualHead_LogDirect_GNN_OOD,mb-dielectric-1210,BH6N,B-H-N,1.512770175933838,1.4968159198760986,0.015954256057739258
1,DualHead_LogDirect_GNN_OOD,mb-dielectric-1216,Zn2Ge3O8,Ge-O-Zn,2.010979652404785,1.966404676437378,0.04457497596740723
1,DualHead_LogDirect_GNN_OOD,mb-dielectric-1221,LiCo2(BO3)2,B-Co-Li-O,2.196910858154297,2.0241293907165527,0.17278146743774414
1,DualHead_LogDirect_GNN_OOD,mb-dielectric-1223,Li2MnP2O7,Li-Mn-O-P,1.5881505012512207,1.6852465867996216,0.09709608554840088
1,DualHead_LogDirect_GNN_OOD,mb-dielectric-1224,H7Se2NO6,H-N-O-Se,1.6795158386230469,1.6463031768798828,0.03321266174316406
1,DualHead_LogDirect_GNN_OOD,mb-dielectric-1229,H4CN2O,C-H-N-O,1.5327222347259521,1.4836604595184326,0.04906177520751953
1,DualHead_LogDirect_GNN_OOD,mb-dielectric-1243,ReH3O5,H-O-Re,1.6819878816604614,1.7098432779312134,0.027855396270751953
1,DualHead_LogDirect_GNN_OOD,mb-dielectric-1252,ReH3O5,H-O-Re,1.6535110473632812,1.668347954750061,0.014836907386779785
1,DualHead_LogDirect_GNN_OOD,mb-dielectric-1253,Re2H4O9,H-O-Re,1.7631988525390625,1.741715908050537,0.02148294448852539
1,DualHead_LogDirect_GNN_OOD,mb-dielectric-1256,BSF7,B-F-S,1.395349383354187,1.370367169380188,0.024982213973999023
1,DualHead_LogDirect_GNN_OOD,mb-dielectric-1262,ZnTe,Te-Zn,3.0332658290863037,3.209986686706543,0.17672085762023926
1,DualHead_LogDirect_GNN_OOD,mb-dielectric-1268,HfO2,Hf-O,2.19339919090271,2.1662888526916504,0.02711033821105957
1,DualHead_LogDirect_GNN_OOD,mb-dielectric-1274,BaS3,Ba-S,2.4351210594177246,2.363896369934082,0.07122468948364258
1,DualHead_LogDirect_GNN_OOD,mb-dielectric-1280,ZnSnSb2,Sb-Sn-Zn,4.72365665435791,3.8437838554382324,0.8798727989196777
1,DualHead_LogDirect_GNN_OOD,mb-dielectric-1299,KHF2,F-H-K,1.3766334056854248,1.3904510736465454,0.013817667961120605
1,DualHead_LogDirect_GNN_OOD,mb-dielectric-1304,In2HgTe4,Hg-In-Te,3.3378098011016846,3.580627918243408,0.24281811714172363
1,DualHead_LogDirect_GNN_OOD,mb-dielectric-1309,CaHCl,Ca-Cl-H,1.9406795501708984,1.8719598054885864,0.06871974468231201
1,DualHead_LogDirect_GNN_OOD,mb-dielectric-1312,As3(HO2)5,As-H-O,1.7291616201400757,1.6901211738586426,0.039040446281433105
1,DualHead_LogDirect_GNN_OOD,mb-dielectric-1318,BiTeI,Bi-I-Te,3.1592929363250732,3.38156795501709,0.2222750186920166
1,DualHead_LogDirect_GNN_OOD,mb-dielectric-1323,LiBiF6,Bi-F-Li,1.562583327293396,1.5416626930236816,0.020920634269714355
1,DualHead_LogDirect_GNN_OOD,mb-dielectric-1333,NaHO,H-Na-O,1.5303806066513062,1.5580826997756958,0.02770209312438965
1,DualHead_LogDirect_GNN_OOD,mb-dielectric-1336,Na2GeN2,Ge-N-Na,2.227327585220337,2.210184335708618,0.01714324951171875
1,DualHead_LogDirect_GNN_OOD,mb-dielectric-1344,Zn(InS2)2,In-S-Zn,4.609313011169434,2.5361032485961914,2.073209762573242
1,DualHead_LogDirect_GNN_OOD,mb-dielectric-1346,Ba(NdSe2)2,Ba-Nd-Se,2.9769208431243896,3.0653579235076904,0.08843708038330078
1,DualHead_LogDirect_GNN_OOD,mb-dielectric-1347,KLi2As,As-K-Li,2.5269927978515625,2.396134614944458,0.1308581829071045
1,DualHead_LogDirect_GNN_OOD,mb-dielectric-1360,NaCaAlF6,Al-Ca-F-Na,1.3977363109588623,1.4260847568511963,0.028348445892333984
1,DualHead_LogDirect_GNN_OOD,mb-dielectric-1365,AlAs,Al-As,3.0839579105377197,3.316507339477539,0.23254942893981934
1,DualHead_LogDirect_GNN_OOD,mb-dielectric-1382,Ta3N5,N-Ta,3.2909977436065674,2.8869285583496094,0.404069185256958
1,DualHead_LogDirect_GNN_OOD,mb-dielectric-1384,CuH,Cu-H,3.655200958251953,3.048978090286255,0.6062228679656982
1,DualHead_LogDirect_GNN_OOD,mb-dielectric-1387,Li4Ti7O16,Li-O-Ti,2.2162835597991943,2.2393715381622314,0.02308797836303711
1,DualHead_LogDirect_GNN_OOD,mb-dielectric-1389,LiNbO3,Li-Nb-O,2.6015422344207764,2.4271950721740723,0.1743471622467041
1,DualHead_LogDirect_GNN_OOD,mb-dielectric-1393,Pr2CdS4,Cd-Pr-S,2.930445432662964,2.7808918952941895,0.14955353736877441
1,DualHead_LogDirect_GNN_OOD,mb-dielectric-1394,H2O,H-O,1.4459137916564941,1.4466540813446045,0.0007402896881103516
1,DualHead_LogDirect_GNN_OOD,mb-dielectric-1396,NaRuN,N-Na-Ru,4.443108558654785,2.7285938262939453,1.7145147323608398
1,DualHead_LogDirect_GNN_OOD,mb-dielectric-1399,LiSn(PO3)3,Li-O-P-Sn,1.7304537296295166,1.6601433753967285,0.07031035423278809
1,DualHead_LogDirect_GNN_OOD,mb-dielectric-1401,TaIn3O7,In-O-Ta,2.3946285247802734,2.3136305809020996,0.08099794387817383
1,DualHead_LogDirect_GNN_OOD,mb-dielectric-1402,BH6N,B-H-N,1.5171266794204712,1.4391745328903198,0.07795214653015137
1,DualHead_LogDirect_GNN_OOD,mb-dielectric-1403,Na8Ta7VO24,Na-O-Ta-V,2.425114631652832,2.274689197540283,0.15042543411254883
1,DualHead_LogDirect_GNN_OOD,mb-dielectric-1406,Nb2GeTe4,Ge-Nb-Te,4.082931995391846,4.896925926208496,0.8139939308166504
1,DualHead_LogDirect_GNN_OOD,mb-dielectric-1414,SiC,C-Si,2.6457784175872803,2.459716796875,0.18606162071228027
1,DualHead_LogDirect_GNN_OOD,mb-dielectric-1418,HfO2,Hf-O,2.2388923168182373,2.218846082687378,0.020046234130859375
1,DualHead_LogDirect_GNN_OOD,mb-dielectric-1419,K2AgBi,Ag-Bi-K,2.970066547393799,2.665069818496704,0.3049967288970947
1,DualHead_LogDirect_GNN_OOD,mb-dielectric-1420,Mg3Si2H4O9,H-Mg-O-Si,1.5893394947052002,1.5872879028320312,0.0020515918731689453
1,DualHead_LogDirect_GNN_OOD,mb-dielectric-1424,NaTlO2,Na-O-Tl,2.459043025970459,2.2109642028808594,0.2480788230895996
1,DualHead_LogDirect_GNN_OOD,mb-dielectric-1443,ErCu(WO4)2,Cu-Er-O-W,2.2901875972747803,2.2233364582061768,0.06685113906860352
1,DualHead_LogDirect_GNN_OOD,mb-dielectric-1444,MgB4,B-Mg,3.4071004390716553,6.602422714233398,3.195322275161743
1,DualHead_LogDirect_GNN_OOD,mb-dielectric-1448,H4CN2O,C-H-N-O,1.4514554738998413,1.4377179145812988,0.01373755931854248
1,DualHead_LogDirect_GNN_OOD,mb-dielectric-1461,CoAsSe,As-Co-Se,5.384298324584961,5.289868354797363,0.09442996978759766
1,DualHead_LogDirect_GNN_OOD,mb-dielectric-1465,LiMnPO4,Li-Mn-O-P,1.728798508644104,1.8240294456481934,0.09523093700408936
1,DualHead_LogDirect_GNN_OOD,mb-dielectric-1469,Na10CaSn12,Ca-Na-Sn,3.973663330078125,3.7702784538269043,0.2033848762512207
1,DualHead_LogDirect_GNN_OOD,mb-dielectric-1470,In2Te5,In-Te,3.4785008430480957,4.057571887969971,0.579071044921875
1,DualHead_LogDirect_GNN_OOD,mb-dielectric-1472,Li3B5(HO5)2,B-H-Li-O,1.5943914651870728,1.5473930835723877,0.04699838161468506
1,DualHead_LogDirect_GNN_OOD,mb-dielectric-1476,Sb2PbO6,O-Pb-Sb,2.108717441558838,2.1652798652648926,0.05656242370605469
1,DualHead_LogDirect_GNN_OOD,mb-dielectric-1483,IrCl3,Cl-Ir,2.1064188480377197,2.3647117614746094,0.25829291343688965
1,DualHead_LogDirect_GNN_OOD,mb-dielectric-1485,CaZrN2,Ca-N-Zr,3.281947612762451,2.9760117530822754,0.3059358596801758
1,DualHead_LogDirect_GNN_OOD,mb-dielectric-1495,Rb2SnO2,O-Rb-Sn,1.9421892166137695,2.029106378555298,0.08691716194152832
1,DualHead_LogDirect_GNN_OOD,mb-dielectric-1496,Ti3Zn2O8,O-Ti-Zn,2.3218741416931152,2.2849225997924805,0.036951541900634766
1,DualHead_LogDirect_GNN_OOD,mb-dielectric-1498,Rb2Na(NO3)3,N-Na-O-Rb,1.4755953550338745,1.5163418054580688,0.040746450424194336
1,DualHead_LogDirect_GNN_OOD,mb-dielectric-1502,Ba(MgBi)2,Ba-Bi-Mg,4.133848667144775,3.5659375190734863,0.5679111480712891
1,DualHead_LogDirect_GNN_OOD,mb-dielectric-1514,NaZnSiHO4,H-Na-O-Si-Zn,1.6516897678375244,1.6297821998596191,0.021907567977905273
1,DualHead_LogDirect_GNN_OOD,mb-dielectric-1515,LiGa5O8,Ga-Li-O,2.0238728523254395,1.9404135942459106,0.08345925807952881
1,DualHead_LogDirect_GNN_OOD,mb-dielectric-1517,KAlCl4,Al-Cl-K,1.533079743385315,1.5603982210159302,0.027318477630615234
1,DualHead_LogDirect_GNN_OOD,mb-dielectric-1519,RhCl3,Cl-Rh,2.217055082321167,2.4720027446746826,0.2549476623535156
1,DualHead_LogDirect_GNN_OOD,mb-dielectric-1520,Ca4Mg4Fe3H22,Ca-Fe-H-Mg,2.204676389694214,2.440783977508545,0.23610758781433105
1,DualHead_LogDirect_GNN_OOD,mb-dielectric-1534,La4MnSe6O,La-Mn-O-Se,2.91935396194458,2.7285499572753906,0.19080400466918945
1,DualHead_LogDirect_GNN_OOD,mb-dielectric-1538,SnS,S-Sn,2.5499491691589355,2.2068490982055664,0.34310007095336914
1,DualHead_LogDirect_GNN_OOD,mb-dielectric-1553,Tl2TeCl6,Cl-Te-Tl,1.983831763267517,2.1167540550231934,0.13292229175567627
1,DualHead_LogDirect_GNN_OOD,mb-dielectric-1556,K2TiCl6,Cl-K-Ti,1.790391445159912,1.6876733303070068,0.10271811485290527
1,DualHead_LogDirect_GNN_OOD,mb-dielectric-1557,LiMgH6Ir,H-Ir-Li-Mg,2.129000425338745,2.6238813400268555,0.49488091468811035
1,DualHead_LogDirect_GNN_OOD,mb-dielectric-1559,LiV5O7F,F-Li-O-V,2.623415946960449,2.321615695953369,0.3018002510070801
1,DualHead_LogDirect_GNN_OOD,mb-dielectric-1567,Li2O2,Li-O,1.7775450944900513,1.6904224157333374,0.08712267875671387
1,DualHead_LogDirect_GNN_OOD,mb-dielectric-1570,PdBr2,Br-Pd,2.0549938678741455,2.1876606941223145,0.13266682624816895
1,DualHead_LogDirect_GNN_OOD,mb-dielectric-1573,Na2BeSiO4,Be-Na-O-Si,1.6495065689086914,1.6083543300628662,0.041152238845825195
1,DualHead_LogDirect_GNN_OOD,mb-dielectric-1580,Li2MgCl4,Cl-Li-Mg,1.6594175100326538,1.617072343826294,0.04234516620635986
1,DualHead_LogDirect_GNN_OOD,mb-dielectric-1583,Cs2GeCl6,Cl-Cs-Ge,1.6533348560333252,1.6916453838348389,0.03831052780151367
1,DualHead_LogDirect_GNN_OOD,mb-dielectric-1588,Sr3YRhO6,O-Rh-Sr-Y,2.204843044281006,2.2001965045928955,0.0046465396881103516
1,DualHead_LogDirect_GNN_OOD,mb-dielectric-1590,CsHO,Cs-H-O,1.6107940673828125,1.5547837018966675,0.05601036548614502
1,DualHead_LogDirect_GNN_OOD,mb-dielectric-1597,VCu3Te4,Cu-Te-V,3.3643555641174316,3.4767351150512695,0.11237955093383789
1,DualHead_LogDirect_GNN_OOD,mb-dielectric-1606,SiTePt,Pt-Si-Te,4.85468864440918,4.974776268005371,0.1200876235961914
1,DualHead_LogDirect_GNN_OOD,mb-dielectric-1607,BaHgO2,Ba-Hg-O,1.8871222734451294,2.0293872356414795,0.1422649621963501
1,DualHead_LogDirect_GNN_OOD,mb-dielectric-1613,LiMnP2O7,Li-Mn-O-P,1.8234175443649292,1.939429759979248,0.11601221561431885
1,DualHead_LogDirect_GNN_OOD,mb-dielectric-1614,LiNbO2,Li-Nb-O,2.9489777088165283,2.451016664505005,0.49796104431152344
1,DualHead_LogDirect_GNN_OOD,mb-dielectric-1615,NaH9O5,H-Na-O,1.448760986328125,1.4898736476898193,0.041112661361694336
1,DualHead_LogDirect_GNN_OOD,mb-dielectric-1617,Sc2MnS4,Mn-S-Sc,2.8268356323242188,2.6492512226104736,0.17758440971374512
1,DualHead_LogDirect_GNN_OOD,mb-dielectric-1618,Li3AlN2,Al-Li-N,2.145332098007202,2.155130624771118,0.009798526763916016
1,DualHead_LogDirect_GNN_OOD,mb-dielectric-1625,La3Ti2N3O4,La-N-O-Ti,2.967317581176758,2.737092971801758,0.230224609375
1,DualHead_LogDirect_GNN_OOD,mb-dielectric-1637,SiNiH12(OF)6,F-H-Ni-O-Si,1.407361626625061,1.4698323011398315,0.06247067451477051
1,DualHead_LogDirect_GNN_OOD,mb-dielectric-1640,TlGaS2,Ga-S-Tl,2.5990383625030518,2.7092370986938477,0.1101987361907959
1,DualHead_LogDirect_GNN_OOD,mb-dielectric-1642,NaSm3SiS7,Na-S-Si-Sm,2.625547409057617,2.4726219177246094,0.1529254913330078
1,DualHead_LogDirect_GNN_OOD,mb-dielectric-1643,NaHO,H-Na-O,1.5637727975845337,1.5527660846710205,0.011006712913513184
1,DualHead_LogDirect_GNN_OOD,mb-dielectric-1644,Li5SiP3,Li-P-Si,2.6848607063293457,2.705090045928955,0.020229339599609375
1,DualHead_LogDirect_GNN_OOD,mb-dielectric-1645,KCrS2,Cr-K-S,2.7826197147369385,2.4351868629455566,0.34743285179138184
1,DualHead_LogDirect_GNN_OOD,mb-dielectric-1647,Cu3Se2,Cu-Se,22.780685424804688,3.1780645847320557,19.602620840072632
1,DualHead_LogDirect_GNN_OOD,mb-dielectric-1657,HfMgN2,Hf-Mg-N,2.5098395347595215,2.6335716247558594,0.12373208999633789
1,DualHead_LogDirect_GNN_OOD,mb-dielectric-1661,Mg2MnN3,Mg-Mn-N,3.8912506103515625,2.3914976119995117,1.4997529983520508
1,DualHead_LogDirect_GNN_OOD,mb-dielectric-1667,BaSi3SnO9,Ba-O-Si-Sn,1.699275255203247,1.7550662755966187,0.05579102039337158
1,DualHead_LogDirect_GNN_OOD,mb-dielectric-1670,NaAg(NO2)2,Ag-N-Na-O,1.6384614706039429,1.6384572982788086,4.172325134277344e-06
1,DualHead_LogDirect_GNN_OOD,mb-dielectric-1673,Li2H2SeO5,H-Li-O-Se,1.5515458583831787,1.5423707962036133,0.00917506217956543
1,DualHead_LogDirect_GNN_OOD,mb-dielectric-1676,CrCdF6,Cd-Cr-F,1.6631345748901367,1.5998815298080444,0.06325304508209229
1,DualHead_LogDirect_GNN_OOD,mb-dielectric-1678,FeF2,F-Fe,1.5545631647109985,1.6455968618392944,0.0910336971282959
1,DualHead_LogDirect_GNN_OOD,mb-dielectric-1679,Li5VO3F2,F-Li-O-V,1.761260986328125,1.7288652658462524,0.03239572048187256
1,DualHead_LogDirect_GNN_OOD,mb-dielectric-1682,LiV(OF)2,F-Li-O-V,1.6769200563430786,1.6452698707580566,0.03165018558502197
1,DualHead_LogDirect_GNN_OOD,mb-dielectric-1684,Li3Mn(PO4)2,Li-Mn-O-P,2.146409749984741,1.8048646450042725,0.34154510498046875
1,DualHead_LogDirect_GNN_OOD,mb-dielectric-1685,MgTiN2,Mg-N-Ti,2.9374048709869385,2.8258228302001953,0.11158204078674316
1,DualHead_LogDirect_GNN_OOD,mb-dielectric-1696,ZnCl2,Cl-Zn,1.6790870428085327,1.8231309652328491,0.1440439224243164
1,DualHead_LogDirect_GNN_OOD,mb-dielectric-1700,LiCaPrTeO6,Ca-Li-O-Pr-Te,1.9833142757415771,2.0113399028778076,0.02802562713623047
1,DualHead_LogDirect_GNN_OOD,mb-dielectric-1702,Li2MnSiO4,Li-Mn-O-Si,1.7306193113327026,1.736514687538147,0.005895376205444336
1,DualHead_LogDirect_GNN_OOD,mb-dielectric-1705,Ca3AlAs3,Al-As-Ca,3.156369209289551,3.2037224769592285,0.047353267669677734
1,DualHead_LogDirect_GNN_OOD,mb-dielectric-1708,TmClO,Cl-O-Tm,1.711168646812439,1.8057525157928467,0.09458386898040771
1,DualHead_LogDirect_GNN_OOD,mb-dielectric-1714,Li5Sn2,Li-Sn,10.537710189819336,4.301380157470703,6.236330032348633
1,DualHead_LogDirect_GNN_OOD,mb-dielectric-1730,Ag2HgI4,Ag-Hg-I,2.307342529296875,2.315617799758911,0.008275270462036133
1,DualHead_LogDirect_GNN_OOD,mb-dielectric-1736,LiMnPO4,Li-Mn-O-P,1.7362722158432007,1.7901030778884888,0.053830862045288086
1,DualHead_LogDirect_GNN_OOD,mb-dielectric-1741,Sc(ClO4)3,Cl-O-Sc,1.7576096057891846,1.6640560626983643,0.09355354309082031
1,DualHead_LogDirect_GNN_OOD,mb-dielectric-1748,LiMoP2O7,Li-Mo-O-P,1.7681970596313477,1.8029696941375732,0.034772634506225586
1,DualHead_LogDirect_GNN_OOD,mb-dielectric-1757,TaGaO4,Ga-O-Ta,2.2792601585388184,2.285379648208618,0.006119489669799805
1,DualHead_LogDirect_GNN_OOD,mb-dielectric-1770,Hf3N2O3,Hf-N-O,2.3182501792907715,2.181551933288574,0.13669824600219727
1,DualHead_LogDirect_GNN_OOD,mb-dielectric-1772,LiAsS2,As-Li-S,2.9209036827087402,2.5306177139282227,0.3902859687805176
1,DualHead_LogDirect_GNN_OOD,mb-dielectric-1780,Li5ReN4,Li-N-Re,2.088427782058716,2.2720160484313965,0.18358826637268066
1,DualHead_LogDirect_GNN_OOD,mb-dielectric-1786,Na10Be4Si4O17,Be-Na-O-Si,1.6043612957000732,1.5960146188735962,0.00834667682647705
1,DualHead_LogDirect_GNN_OOD,mb-dielectric-1796,TiPHO5,H-O-P-Ti,2.033853054046631,2.0613386631011963,0.02748560905456543
1,DualHead_LogDirect_GNN_OOD,mb-dielectric-1800,CsLiH4SO5,Cs-H-Li-O-S,1.5593748092651367,1.5656440258026123,0.006269216537475586
1,DualHead_LogDirect_GNN_OOD,mb-dielectric-1804,YWN3,N-W-Y,2.6530206203460693,2.7599990367889404,0.1069784164428711
1,DualHead_LogDirect_GNN_OOD,mb-dielectric-1811,Mn4Be3Ge3SO12,Be-Ge-Mn-O-S,1.8362399339675903,1.8305401802062988,0.005699753761291504
1,DualHead_LogDirect_GNN_OOD,mb-dielectric-1821,Sb2Os,Os-Sb,4.679173946380615,4.798974990844727,0.11980104446411133
1,DualHead_LogDirect_GNN_OOD,mb-dielectric-1823,Ge3As4,As-Ge,4.593000888824463,4.393374443054199,0.19962644577026367
1,DualHead_LogDirect_GNN_OOD,mb-dielectric-1835,RbVBr3,Br-Rb-V,1.859925389289856,1.9543068408966064,0.09438145160675049
1,DualHead_LogDirect_GNN_OOD,mb-dielectric-1852,Li3Co3OF7,Co-F-Li-O,1.583416223526001,1.579229712486267,0.004186511039733887
1,DualHead_LogDirect_GNN_OOD,mb-dielectric-1855,AuBrF6,Au-Br-F,1.6489747762680054,1.7644500732421875,0.11547529697418213
1,DualHead_LogDirect_GNN_OOD,mb-dielectric-1860,Si4P4Ru,P-Ru-Si,3.8919155597686768,3.6943066120147705,0.19760894775390625
1,DualHead_LogDirect_GNN_OOD,mb-dielectric-1864,SmYO3,O-Sm-Y,2.105233907699585,2.056152105331421,0.04908180236816406
1,DualHead_LogDirect_GNN_OOD,mb-dielectric-1865,BrF5,Br-F,1.4775995016098022,1.4803074598312378,0.002707958221435547
1,DualHead_LogDirect_GNN_OOD,mb-dielectric-1868,Ba2NaNb5O15,Ba-Na-Nb-O,2.3502025604248047,2.3000423908233643,0.05016016960144043
1,DualHead_LogDirect_GNN_OOD,mb-dielectric-1869,Mn(PbO2)2,Mn-O-Pb,2.7361602783203125,2.655363082885742,0.08079719543457031
1,DualHead_LogDirect_GNN_OOD,mb-dielectric-1874,PH2F3,F-H-P,1.4057536125183105,1.3585435152053833,0.047210097312927246
1,DualHead_LogDirect_GNN_OOD,mb-dielectric-1876,Hf3SnO8,Hf-O-Sn,2.1504063606262207,2.1646573543548584,0.014250993728637695
1,DualHead_LogDirect_GNN_OOD,mb-dielectric-1884,CdSeO4,Cd-O-Se,1.9049485921859741,1.927754521369934,0.02280592918395996
1,DualHead_LogDirect_GNN_OOD,mb-dielectric-1886,KGe2N3,Ge-K-N,2.323667287826538,2.251248359680176,0.0724189281463623
1,DualHead_LogDirect_GNN_OOD,mb-dielectric-1889,Li3NbO4,Li-Nb-O,1.991229772567749,2.1257147789001465,0.13448500633239746
1,DualHead_LogDirect_GNN_OOD,mb-dielectric-1891,Ho3CuSiS7,Cu-Ho-S-Si,2.7512199878692627,2.693864345550537,0.057355642318725586
1,DualHead_LogDirect_GNN_OOD,mb-dielectric-1892,Be3Cd4Si3SO12,Be-Cd-O-S-Si,1.8293591737747192,1.7863082885742188,0.04305088520050049
1,DualHead_LogDirect_GNN_OOD,mb-dielectric-1905,Li3Sb(PO4)2,Li-O-P-Sb,1.8885897397994995,1.681336760520935,0.20725297927856445
1,DualHead_LogDirect_GNN_OOD,mb-dielectric-1906,Ca6MnN5,Ca-Mn-N,2.59663987159729,2.3536763191223145,0.24296355247497559
1,DualHead_LogDirect_GNN_OOD,mb-dielectric-1907,LiHO,H-Li-O,1.506885290145874,1.5525791645050049,0.04569387435913086
1,DualHead_LogDirect_GNN_OOD,mb-dielectric-1908,CsH3O2,Cs-H-O,1.6385340690612793,1.633499026298523,0.005035042762756348
1,DualHead_LogDirect_GNN_OOD,mb-dielectric-1924,CuI,Cu-I,2.4940109252929688,2.8791298866271973,0.3851189613342285
1,DualHead_LogDirect_GNN_OOD,mb-dielectric-1925,LiHO,H-Li-O,1.496863842010498,1.5478795766830444,0.05101573467254639
1,DualHead_LogDirect_GNN_OOD,mb-dielectric-1928,BaHBr,Ba-Br-H,1.9730725288391113,1.9177182912826538,0.05535423755645752
1,DualHead_LogDirect_GNN_OOD,mb-dielectric-1930,SrZrN2,N-Sr-Zr,2.6798455715179443,2.4656147956848145,0.21423077583312988
1,DualHead_LogDirect_GNN_OOD,mb-dielectric-1931,CdS,Cd-S,2.494014024734497,2.511018753051758,0.017004728317260742
1,DualHead_LogDirect_GNN_OOD,mb-dielectric-1932,Al2CdS4,Al-Cd-S,2.2383008003234863,2.2367160320281982,0.001584768295288086
1,DualHead_LogDirect_GNN_OOD,mb-dielectric-1947,Ba2H6Os,Ba-H-Os,2.105445623397827,2.194521188735962,0.08907556533813477
1,DualHead_LogDirect_GNN_OOD,mb-dielectric-1949,Mg2Ge,Ge-Mg,4.04845666885376,3.6130194664001465,0.4354372024536133
1,DualHead_LogDirect_GNN_OOD,mb-dielectric-1951,Li2VOF3,F-Li-O-V,1.7348814010620117,1.7182801961898804,0.016601204872131348
1,DualHead_LogDirect_GNN_OOD,mb-dielectric-1952,Li5CoOF5,Co-F-Li-O,1.5280765295028687,1.524085283279419,0.003991246223449707
1,DualHead_LogDirect_GNN_OOD,mb-dielectric-1954,LiMgP,Li-Mg-P,2.637788772583008,2.6576507091522217,0.019861936569213867
1,DualHead_LogDirect_GNN_OOD,mb-dielectric-1955,RbVN2,N-Rb-V,3.9095611572265625,2.8221237659454346,1.087437391281128
1,DualHead_LogDirect_GNN_OOD,mb-dielectric-1964,Cs2TiS3,Cs-S-Ti,2.203648090362549,2.043212890625,0.16043519973754883
1,DualHead_LogDirect_GNN_OOD,mb-dielectric-1969,NbVO4,Nb-O-V,2.624734878540039,2.604515552520752,0.02021932601928711
1,DualHead_LogDirect_GNN_OOD,mb-dielectric-1974,K2PdN2(ClO2)2,Cl-K-N-O-Pd,1.7242701053619385,1.6918619871139526,0.03240811824798584
1,DualHead_LogDirect_GNN_OOD,mb-dielectric-1975,HgB4O7,B-Hg-O,2.0957436561584473,1.916725516319275,0.17901813983917236
1,DualHead_LogDirect_GNN_OOD,mb-dielectric-1978,Ca3ZnGe5O14,Ca-Ge-O-Zn,1.9008346796035767,1.8851852416992188,0.01564943790435791
1,DualHead_LogDirect_GNN_OOD,mb-dielectric-1987,PH4N(OF)2,F-H-N-O-P,1.4375905990600586,1.4439970254898071,0.006406426429748535
1,DualHead_LogDirect_GNN_OOD,mb-dielectric-1993,CuAsSe2,As-Cu-Se,4.555184364318848,2.821519136428833,1.7336652278900146
1,DualHead_LogDirect_GNN_OOD,mb-dielectric-1995,Ga3PO7,Ga-O-P,1.8534677028656006,1.8910466432571411,0.03757894039154053
1,DualHead_LogDirect_GNN_OOD,mb-dielectric-1996,BaAl2B2O7,Al-B-Ba-O,1.5784621238708496,1.5858187675476074,0.0073566436767578125
1,DualHead_LogDirect_GNN_OOD,mb-dielectric-1999,NaNbO3,Na-Nb-O,2.3050343990325928,2.279005765914917,0.02602863311767578
1,DualHead_LogDirect_GNN_OOD,mb-dielectric-2005,InCuTe2,Cu-In-Te,3.9810807704925537,3.5534067153930664,0.4276740550994873
1,DualHead_LogDirect_GNN_OOD,mb-dielectric-2020,BrCl,Br-Cl,2.007512092590332,1.8133466243743896,0.19416546821594238
1,DualHead_LogDirect_GNN_OOD,mb-dielectric-2028,Li2MnSiO4,Li-Mn-O-Si,1.7490062713623047,1.7791025638580322,0.03009629249572754
1,DualHead_LogDirect_GNN_OOD,mb-dielectric-2032,Al2ZnTe4,Al-Te-Zn,2.874087333679199,2.868666648864746,0.005420684814453125
1,DualHead_LogDirect_GNN_OOD,mb-dielectric-2034,YBiO3,Bi-O-Y,2.357555627822876,2.2794575691223145,0.07809805870056152
1,DualHead_LogDirect_GNN_OOD,mb-dielectric-2035,AlAgS2,Ag-Al-S,2.769373893737793,2.9966559410095215,0.22728204727172852
1,DualHead_LogDirect_GNN_OOD,mb-dielectric-2037,Hf3N2O3,Hf-N-O,2.3180620670318604,2.1813769340515137,0.13668513298034668
1,DualHead_LogDirect_GNN_OOD,mb-dielectric-2038,Re2H4O9,H-O-Re,1.8763229846954346,1.8181836605072021,0.05813932418823242
1,DualHead_LogDirect_GNN_OOD,mb-dielectric-2041,SbBr3,Br-Sb,1.678566813468933,1.861604928970337,0.1830381155014038
1,DualHead_LogDirect_GNN_OOD,mb-dielectric-2049,SrTaNO2,N-O-Sr-Ta,2.7059810161590576,2.4747977256774902,0.23118329048156738
1,DualHead_LogDirect_GNN_OOD,mb-dielectric-2061,H2O,H-O,1.3611106872558594,1.4344978332519531,0.07338714599609375
1,DualHead_LogDirect_GNN_OOD,mb-dielectric-2067,PrAsO4,As-O-Pr,1.8927286863327026,1.836179494857788,0.05654919147491455
1,DualHead_LogDirect_GNN_OOD,mb-dielectric-2070,Cd(InTe2)2,Cd-In-Te,3.0850343704223633,3.3771586418151855,0.29212427139282227
1,DualHead_LogDirect_GNN_OOD,mb-dielectric-2074,LiMnPO4,Li-Mn-O-P,1.6213444471359253,1.7178510427474976,0.09650659561157227
1,DualHead_LogDirect_GNN_OOD,mb-dielectric-2082,Ag3Sn2(GeP2)3,Ag-Ge-P-Sn,4.869992733001709,3.9106216430664062,0.9593710899353027
1,DualHead_LogDirect_GNN_OOD,mb-dielectric-2086,Li6WN4,Li-N-W,2.192426919937134,2.2826972007751465,0.0902702808380127
1,DualHead_LogDirect_GNN_OOD,mb-dielectric-2091,CsNbN2,Cs-N-Nb,2.767569065093994,2.3995094299316406,0.3680596351623535
1,DualHead_LogDirect_GNN_OOD,mb-dielectric-2094,Li2CrFeO4,Cr-Fe-Li-O,2.263949394226074,2.2114439010620117,0.0525054931640625
1,DualHead_LogDirect_GNN_OOD,mb-dielectric-2098,BeH8(NO5)2,Be-H-N-O,1.458685278892517,1.4541144371032715,0.0045708417892456055
1,DualHead_LogDirect_GNN_OOD,mb-dielectric-2100,SrTaNO2,N-O-Sr-Ta,2.7490603923797607,2.4780426025390625,0.27101778984069824
1,DualHead_LogDirect_GNN_OOD,mb-dielectric-2106,Rb2LiVO4,Li-O-Rb-V,1.6806596517562866,1.7111579179763794,0.030498266220092773
1,DualHead_LogDirect_GNN_OOD,mb-dielectric-2112,SnF2,F-Sn,1.8237056732177734,1.7189676761627197,0.10473799705505371
1,DualHead_LogDirect_GNN_OOD,mb-dielectric-2114,LiVOF3,F-Li-O-V,1.7892144918441772,1.6895782947540283,0.09963619709014893
1,DualHead_LogDirect_GNN_OOD,mb-dielectric-2116,AlCuTe2,Al-Cu-Te,3.156869649887085,3.216978073120117,0.06010842323303223
1,DualHead_LogDirect_GNN_OOD,mb-dielectric-2124,Na3AsS3,As-Na-S,2.11148738861084,2.164170265197754,0.05268287658691406
1,DualHead_LogDirect_GNN_OOD,mb-dielectric-2125,LuHO2,H-Lu-O,1.914056658744812,1.995845079421997,0.08178842067718506
1,DualHead_LogDirect_GNN_OOD,mb-dielectric-2126,LiV4O5F7,F-Li-O-V,2.1449429988861084,2.128328323364258,0.016614675521850586
1,DualHead_LogDirect_GNN_OOD,mb-dielectric-2129,NaHO,H-Na-O,1.5368971824645996,1.5361324548721313,0.0007647275924682617
1,DualHead_LogDirect_GNN_OOD,mb-dielectric-2136,KAlSiO4,Al-K-O-Si,1.5587579011917114,1.5432289838790894,0.01552891731262207
1,DualHead_LogDirect_GNN_OOD,mb-dielectric-2140,Li2Si3NiO8,Li-Ni-O-Si,1.786672592163086,1.9433956146240234,0.1567230224609375
1,DualHead_LogDirect_GNN_OOD,mb-dielectric-2144,Ca2Si5N8,Ca-N-Si,2.0802180767059326,2.105212450027466,0.024994373321533203
1,DualHead_LogDirect_GNN_OOD,mb-dielectric-2153,H11O8,H-O,1.5040595531463623,1.4344326257705688,0.06962692737579346
1,DualHead_LogDirect_GNN_OOD,mb-dielectric-2154,Na3VS3O,Na-O-S-V,1.9947096109390259,1.8898056745529175,0.1049039363861084
1,DualHead_LogDirect_GNN_OOD,mb-dielectric-2162,K2Sn2O3,K-O-Sn,2.1977202892303467,2.000919818878174,0.19680047035217285
1,DualHead_LogDirect_GNN_OOD,mb-dielectric-2165,GeTeRh,Ge-Rh-Te,5.264978408813477,6.167646884918213,0.9026684761047363
1,DualHead_LogDirect_GNN_OOD,mb-dielectric-2168,YBr3,Br-Y,1.7667295932769775,1.741464376449585,0.025265216827392578
1,DualHead_LogDirect_GNN_OOD,mb-dielectric-2171,Li2MnSi3O8,Li-Mn-O-Si,1.5979689359664917,1.6346986293792725,0.03672969341278076
1,DualHead_LogDirect_GNN_OOD,mb-dielectric-2175,ScHO2,H-O-Sc,1.9578709602355957,1.865150809288025,0.0927201509475708
1,DualHead_LogDirect_GNN_OOD,mb-dielectric-2187,SiC,C-Si,2.66414475440979,2.858549118041992,0.19440436363220215
1,DualHead_LogDirect_GNN_OOD,mb-dielectric-2194,SbS(BrF2)3,Br-F-S-Sb,1.6063737869262695,1.6523679494857788,0.04599416255950928
1,DualHead_LogDirect_GNN_OOD,mb-dielectric-2197,Sr4CN4,C-N-Sr,2.3106846809387207,2.318028450012207,0.007343769073486328
1,DualHead_LogDirect_GNN_OOD,mb-dielectric-2206,Ba(FeO2)2,Ba-Fe-O,2.0205018520355225,2.1642117500305176,0.14370989799499512
1,DualHead_LogDirect_GNN_OOD,mb-dielectric-2210,IOF3,F-I-O,1.640934705734253,1.7099699974060059,0.06903529167175293
1,DualHead_LogDirect_GNN_OOD,mb-dielectric-2216,H2O,H-O,1.3659218549728394,1.4339442253112793,0.06802237033843994
1,DualHead_LogDirect_GNN_OOD,mb-dielectric-2218,H2O,H-O,1.4276461601257324,1.4504362344741821,0.022790074348449707
1,DualHead_LogDirect_GNN_OOD,mb-dielectric-2223,KNbO3,K-Nb-O,2.4813973903656006,2.1833090782165527,0.29808831214904785
1,DualHead_LogDirect_GNN_OOD,mb-dielectric-2234,P3N5,N-P,2.0044949054718018,2.3250622749328613,0.32056736946105957
1,DualHead_LogDirect_GNN_OOD,mb-dielectric-2244,LiAlB2O5,Al-B-Li-O,1.5506987571716309,1.5206949710845947,0.030003786087036133
1,DualHead_LogDirect_GNN_OOD,mb-dielectric-2247,RbSb2,Rb-Sb,3.0517208576202393,3.387094497680664,0.3353736400604248
1,DualHead_LogDirect_GNN_OOD,mb-dielectric-2248,Tm2P4O13,O-P-Tm,1.658186435699463,1.6725863218307495,0.014399886131286621
1,DualHead_LogDirect_GNN_OOD,mb-dielectric-2251,SO3,O-S,1.5102980136871338,1.5447773933410645,0.034479379653930664
1,DualHead_LogDirect_GNN_OOD,mb-dielectric-2253,Ca(InTe2)2,Ca-In-Te,3.230638027191162,3.002044200897217,0.2285938262939453
1,DualHead_LogDirect_GNN_OOD,mb-dielectric-2254,CuI,Cu-I,2.520979881286621,2.8433611392974854,0.32238125801086426
1,DualHead_LogDirect_GNN_OOD,mb-dielectric-2258,BeGeAs2,As-Be-Ge,3.618263006210327,3.551731586456299,0.06653141975402832
1,DualHead_LogDirect_GNN_OOD,mb-dielectric-2265,SnAu5,Au-Sn,1.0,4.496609210968018,3.4966092109680176
1,DualHead_LogDirect_GNN_OOD,mb-dielectric-2266,SmOF,F-O-Sm,1.9074375629425049,1.8913592100143433,0.01607835292816162
1,DualHead_LogDirect_GNN_OOD,mb-dielectric-2269,CdGeP2,Cd-Ge-P,3.5758111476898193,3.5848870277404785,0.00907588005065918
1,DualHead_LogDirect_GNN_OOD,mb-dielectric-2270,Na6MoN4,Mo-N-Na,2.161536693572998,2.0959410667419434,0.06559562683105469
1,DualHead_LogDirect_GNN_OOD,mb-dielectric-2274,Mg3Si2H4O9,H-Mg-O-Si,1.5908069610595703,1.590698003768921,0.00010895729064941406
1,DualHead_LogDirect_GNN_OOD,mb-dielectric-2275,LiNdS2,Li-Nd-S,2.492974281311035,2.4000282287597656,0.09294605255126953
1,DualHead_LogDirect_GNN_OOD,mb-dielectric-2281,CsCu3O2,Cs-Cu-O,2.141146659851074,2.219724655151367,0.07857799530029297
1,DualHead_LogDirect_GNN_OOD,mb-dielectric-2292,CaSiN2,Ca-N-Si,2.20310378074646,2.2592599391937256,0.056156158447265625
1,DualHead_LogDirect_GNN_OOD,mb-dielectric-2294,KVF3,F-K-V,1.5037163496017456,1.5475740432739258,0.043857693672180176
1,DualHead_LogDirect_GNN_OOD,mb-dielectric-2295,CuH4Pb2(ClO2)2,Cl-Cu-H-O-Pb,2.0134313106536865,2.146202564239502,0.13277125358581543
1,DualHead_LogDirect_GNN_OOD,mb-dielectric-2309,CsPbF3,Cs-F-Pb,1.6988893747329712,1.6851766109466553,0.013712763786315918
1,DualHead_LogDirect_GNN_OOD,mb-dielectric-2310,LiMn2(PO4)2,Li-Mn-O-P,2.4372057914733887,1.8537423610687256,0.5834634304046631
1,DualHead_LogDirect_GNN_OOD,mb-dielectric-2312,InCl,Cl-In,2.404925584793091,2.114922046661377,0.29000353813171387
1,DualHead_LogDirect_GNN_OOD,mb-dielectric-2329,Ca2Ga2O5,Ca-Ga-O,1.9831236600875854,1.9610621929168701,0.022061467170715332
1,DualHead_LogDirect_GNN_OOD,mb-dielectric-2330,Li3VOF5,F-Li-O-V,1.4873155355453491,1.4870575666427612,0.0002579689025878906
1,DualHead_LogDirect_GNN_OOD,mb-dielectric-2335,CuI,Cu-I,2.3308236598968506,2.790070056915283,0.4592463970184326
1,DualHead_LogDirect_GNN_OOD,mb-dielectric-2346,Li4Si2NiO7,Li-Ni-O-Si,1.724855661392212,1.6554855108261108,0.06937015056610107
1,DualHead_LogDirect_GNN_OOD,mb-dielectric-2348,LiMnPO4,Li-Mn-O-P,1.7452173233032227,1.779599905014038,0.03438258171081543
1,DualHead_LogDirect_GNN_OOD,mb-dielectric-2349,HoAgSe2,Ag-Ho-Se,2.950631856918335,2.8189539909362793,0.13167786598205566
1,DualHead_LogDirect_GNN_OOD,mb-dielectric-2352,LiGePCO7,C-Ge-Li-O-P,1.6215423345565796,1.6176319122314453,0.003910422325134277
1,DualHead_LogDirect_GNN_OOD,mb-dielectric-2355,Li2V3(OF)4,F-Li-O-V,2.1865122318267822,1.9217262268066406,0.2647860050201416
1,DualHead_LogDirect_GNN_OOD,mb-dielectric-2358,CuPO4,Cu-O-P,5.245432376861572,2.4527828693389893,2.792649507522583
1,DualHead_LogDirect_GNN_OOD,mb-dielectric-2362,LiH3O2,H-Li-O,1.5100752115249634,1.498612403869629,0.011462807655334473
1,DualHead_LogDirect_GNN_OOD,mb-dielectric-2365,MnPtF6,F-Mn-Pt,1.8435956239700317,1.8427577018737793,0.0008379220962524414
1,DualHead_LogDirect_GNN_OOD,mb-dielectric-2368,Hf2N2O,Hf-N-O,2.8909354209899902,2.6555027961730957,0.23543262481689453
1,DualHead_LogDirect_GNN_OOD,mb-dielectric-2384,Li7BiN4,Bi-Li-N,2.4745960235595703,2.4435834884643555,0.031012535095214844
1,DualHead_LogDirect_GNN_OOD,mb-dielectric-2385,TeF4,F-Te,1.6102794408798218,1.5804316997528076,0.02984774112701416
1,DualHead_LogDirect_GNN_OOD,mb-dielectric-2391,Li2MnSiO4,Li-Mn-O-Si,1.784583568572998,1.719042181968689,0.06554138660430908
1,DualHead_LogDirect_GNN_OOD,mb-dielectric-2398,BaAs2,As-Ba,3.8386547565460205,3.4858899116516113,0.3527648448944092
1,DualHead_LogDirect_GNN_OOD,mb-dielectric-2403,Ca2B5Os3,B-Ca-Os,1.0,3.450045585632324,2.450045585632324
1,DualHead_LogDirect_GNN_OOD,mb-dielectric-2411,Sr2ZnGe2O7,Ge-O-Sr-Zn,1.7971208095550537,1.838161826133728,0.041041016578674316
1,DualHead_LogDirect_GNN_OOD,mb-dielectric-2441,IrCl3,Cl-Ir,2.183727741241455,2.5385406017303467,0.3548128604888916
1,DualHead_LogDirect_GNN_OOD,mb-dielectric-2445,LiSbTe2WO12,Li-O-Sb-Te-W,2.2972195148468018,2.3235669136047363,0.02634739875793457
1,DualHead_LogDirect_GNN_OOD,mb-dielectric-2449,SiOs,Os-Si,4.893936634063721,4.370747089385986,0.5231895446777344
1,DualHead_LogDirect_GNN_OOD,mb-dielectric-2464,CuBr,Br-Cu,2.5018341541290283,2.3737215995788574,0.1281125545501709
1,DualHead_LogDirect_GNN_OOD,mb-dielectric-2465,SrLi4N2,Li-N-Sr,2.566239595413208,2.379655361175537,0.1865842342376709
1,DualHead_LogDirect_GNN_OOD,mb-dielectric-2469,NaFeP2O7,Fe-Na-O-P,1.7715873718261719,1.7171800136566162,0.054407358169555664
1,DualHead_LogDirect_GNN_OOD,mb-dielectric-2470,Na2MgAlF7,Al-F-Mg-Na,1.376694917678833,1.4109225273132324,0.034227609634399414
1,DualHead_LogDirect_GNN_OOD,mb-dielectric-2471,Sm3CuSiS7,Cu-S-Si-Sm,2.735602855682373,2.634345531463623,0.10125732421875
1,DualHead_LogDirect_GNN_OOD,mb-dielectric-2472,SiC,C-Si,2.661447525024414,2.917232036590576,0.2557845115661621
1,DualHead_LogDirect_GNN_OOD,mb-dielectric-2484,P2O5,O-P,1.4701473712921143,1.4818496704101562,0.011702299118041992
1,DualHead_LogDirect_GNN_OOD,mb-dielectric-2485,Lu3AlO6,Al-Lu-O,1.9649097919464111,2.085449695587158,0.12053990364074707
1,DualHead_LogDirect_GNN_OOD,mb-dielectric-2489,SO3,O-S,1.449837327003479,1.5059441328048706,0.0561068058013916
1,DualHead_LogDirect_GNN_OOD,mb-dielectric-2492,PClOF2,Cl-F-O-P,1.4034481048583984,1.4598982334136963,0.05645012855529785
1,DualHead_LogDirect_GNN_OOD,mb-dielectric-2499,GaCl2,Cl-Ga,1.7961996793746948,1.683678150177002,0.11252152919769287
1,DualHead_LogDirect_GNN_OOD,mb-dielectric-2501,K3BN2,B-K-N,1.7866548299789429,1.705074429512024,0.08158040046691895
1,DualHead_LogDirect_GNN_OOD,mb-dielectric-2504,K2V(PO4)2,K-O-P-V,1.6299521923065186,1.6216797828674316,0.008272409439086914
1,DualHead_LogDirect_GNN_OOD,mb-dielectric-2506,CrHgF6,Cr-F-Hg,1.7870887517929077,1.7608213424682617,0.026267409324645996
1,DualHead_LogDirect_GNN_OOD,mb-dielectric-2508,CuI,Cu-I,2.337092161178589,2.880286455154419,0.5431942939758301
1,DualHead_LogDirect_GNN_OOD,mb-dielectric-2512,LiFeAs2O7,As-Fe-Li-O,1.9911811351776123,1.9108326435089111,0.08034849166870117
1,DualHead_LogDirect_GNN_OOD,mb-dielectric-2519,LiSiBO4,B-Li-O-Si,1.6440255641937256,1.6016042232513428,0.04242134094238281
1,DualHead_LogDirect_GNN_OOD,mb-dielectric-2520,SrTaNO2,N-O-Sr-Ta,2.6733250617980957,2.415877103805542,0.2574479579925537
1,DualHead_LogDirect_GNN_OOD,mb-dielectric-2522,In5S5Br,Br-In-S,2.8844759464263916,2.7985143661499023,0.08596158027648926
1,DualHead_LogDirect_GNN_OOD,mb-dielectric-2535,LiMnP2O7,Li-Mn-O-P,1.6942994594573975,1.7816684246063232,0.08736896514892578
1,DualHead_LogDirect_GNN_OOD,mb-dielectric-2548,Li2Mn3NiO8,Li-Mn-Ni-O,2.5195860862731934,2.582531213760376,0.06294512748718262
1,DualHead_LogDirect_GNN_OOD,mb-dielectric-2550,BeZnO2,Be-O-Zn,1.9639809131622314,1.9923527240753174,0.028371810913085938
1,DualHead_LogDirect_GNN_OOD,mb-dielectric-2558,RbTa(CuSe2)2,Cu-Rb-Se-Ta,2.339128017425537,2.4649789333343506,0.12585091590881348
1,DualHead_LogDirect_GNN_OOD,mb-dielectric-2563,AlGaN2,Al-Ga-N,2.2850382328033447,2.3086800575256348,0.02364182472229004
1,DualHead_LogDirect_GNN_OOD,mb-dielectric-2573,Cs2CoSiO4,Co-Cs-O-Si,1.7530597448349,1.8081505298614502,0.05509078502655029
1,DualHead_LogDirect_GNN_OOD,mb-dielectric-2576,LaH3(CO2)3,C-H-La-O,1.7440919876098633,1.6931477785110474,0.05094420909881592
1,DualHead_LogDirect_GNN_OOD,mb-dielectric-2582,CdS,Cd-S,2.5403411388397217,2.510072708129883,0.030268430709838867
1,DualHead_LogDirect_GNN_OOD,mb-dielectric-2586,K2Pb2O3,K-O-Pb,2.210097551345825,2.0962276458740234,0.11386990547180176
1,DualHead_LogDirect_GNN_OOD,mb-dielectric-2588,PBr7,Br-P,2.208393096923828,1.9536664485931396,0.2547266483306885
1,DualHead_LogDirect_GNN_OOD,mb-dielectric-2592,TiZn(BiO3)2,Bi-O-Ti-Zn,2.486886978149414,2.402745246887207,0.08414173126220703
1,DualHead_LogDirect_GNN_OOD,mb-dielectric-2594,LiSb(PO3)4,Li-O-P-Sb,1.7515363693237305,1.6550078392028809,0.09652853012084961
1,DualHead_LogDirect_GNN_OOD,mb-dielectric-2601,KSnSb,K-Sb-Sn,3.55196475982666,3.495465040206909,0.05649971961975098
1,DualHead_LogDirect_GNN_OOD,mb-dielectric-2610,LaHBr2,Br-H-La,1.9979889392852783,2.0528564453125,0.05486750602722168
1,DualHead_LogDirect_GNN_OOD,mb-dielectric-2612,Ca5NbN5,Ca-N-Nb,2.5722529888153076,2.4907474517822266,0.08150553703308105
1,DualHead_LogDirect_GNN_OOD,mb-dielectric-2615,TlGaTe2,Ga-Te-Tl,3.6497836112976074,3.7576775550842285,0.1078939437866211
1,DualHead_LogDirect_GNN_OOD,mb-dielectric-2621,Te2Mo,Mo-Te,2.4756593704223633,2.2231853008270264,0.2524740695953369
1,DualHead_LogDirect_GNN_OOD,mb-dielectric-2623,ZnCl2,Cl-Zn,1.6939283609390259,1.7070099115371704,0.013081550598144531
1,DualHead_LogDirect_GNN_OOD,mb-dielectric-2629,LiMnPO4,Li-Mn-O-P,1.6468565464019775,1.7708491086959839,0.12399256229400635
1,DualHead_LogDirect_GNN_OOD,mb-dielectric-2632,LiSnPO4,Li-O-P-Sn,1.8643475770950317,1.734955072402954,0.12939250469207764
1,DualHead_LogDirect_GNN_OOD,mb-dielectric-2642,Li2VO3F,F-Li-O-V,1.972426176071167,1.9086824655532837,0.0637437105178833
1,DualHead_LogDirect_GNN_OOD,mb-dielectric-2644,P4Se5,P-Se,2.3567075729370117,2.5116872787475586,0.15497970581054688
1,DualHead_LogDirect_GNN_OOD,mb-dielectric-2657,LiCo(WO4)2,Co-Li-O-W,2.56374192237854,2.295764923095703,0.2679769992828369
1,DualHead_LogDirect_GNN_OOD,mb-dielectric-2667,Ca3SiO5,Ca-O-Si,1.7816722393035889,1.6851511001586914,0.09652113914489746
1,DualHead_LogDirect_GNN_OOD,mb-dielectric-2670,TaCrO4,Cr-O-Ta,2.439551830291748,2.4568214416503906,0.017269611358642578
1,DualHead_LogDirect_GNN_OOD,mb-dielectric-2672,La5TlSe8,La-Se-Tl,3.135532855987549,3.1295371055603027,0.005995750427246094
1,DualHead_LogDirect_GNN_OOD,mb-dielectric-2678,H2,H,1.2372010946273804,1.5507419109344482,0.31354081630706787
1,DualHead_LogDirect_GNN_OOD,mb-dielectric-2679,H2,H,1.0747092962265015,1.171690583229065,0.09698128700256348
1,DualHead_LogDirect_GNN_OOD,mb-dielectric-2695,NaPF6,F-Na-P,1.2918977737426758,1.3353570699691772,0.043459296226501465
1,DualHead_LogDirect_GNN_OOD,mb-dielectric-2697,HgIBr,Br-Hg-I,1.9196574687957764,2.0459446907043457,0.12628722190856934
1,DualHead_LogDirect_GNN_OOD,mb-dielectric-2698,Li2CaHfF8,Ca-F-Hf-Li,1.5110996961593628,1.5375880002975464,0.026488304138183594
1,DualHead_LogDirect_GNN_OOD,mb-dielectric-2700,AlGaCl4,Al-Cl-Ga,1.7242389917373657,1.660758376121521,0.06348061561584473
1,DualHead_LogDirect_GNN_OOD,mb-dielectric-2702,NiSnF6,F-Ni-Sn,1.5295213460922241,1.658311367034912,0.128790020942688
1,DualHead_LogDirect_GNN_OOD,mb-dielectric-2711,Cs2PdI6,Cs-I-Pd,2.535841941833496,2.3475279808044434,0.18831396102905273
1,DualHead_LogDirect_GNN_OOD,mb-dielectric-2712,InBr3,Br-In,1.914157748222351,2.079376697540283,0.16521894931793213
1,DualHead_LogDirect_GNN_OOD,mb-dielectric-2714,Li2V3(CO3)6,C-Li-O-V,1.9440394639968872,1.7714239358901978,0.17261552810668945
1,DualHead_LogDirect_GNN_OOD,mb-dielectric-2727,LiNbFeO4,Fe-Li-Nb-O,2.0425868034362793,2.174644947052002,0.13205814361572266
1,DualHead_LogDirect_GNN_OOD,mb-dielectric-2729,Na5HfAs3,As-Hf-Na,2.7543904781341553,3.1067557334899902,0.35236525535583496
1,DualHead_LogDirect_GNN_OOD,mb-dielectric-2731,LiMn2(PO4)2,Li-Mn-O-P,2.026630401611328,1.9889864921569824,0.0376439094543457
1,DualHead_LogDirect_GNN_OOD,mb-dielectric-2732,Ba3SbN,Ba-N-Sb,3.3376638889312744,3.4793357849121094,0.14167189598083496
1,DualHead_LogDirect_GNN_OOD,mb-dielectric-2733,ZrCl4,Cl-Zr,1.7302215099334717,1.6686127185821533,0.06160879135131836
1,DualHead_LogDirect_GNN_OOD,mb-dielectric-2743,Rb2Se3,Rb-Se,2.3749890327453613,1.989302396774292,0.38568663597106934
1,DualHead_LogDirect_GNN_OOD,mb-dielectric-2750,CsCaF3,Ca-Cs-F,1.5192314386367798,1.5559589862823486,0.03672754764556885
1,DualHead_LogDirect_GNN_OOD,mb-dielectric-2754,Li3V2(CO3)4,C-Li-O-V,1.6687523126602173,1.6160523891448975,0.052699923515319824
1,DualHead_LogDirect_GNN_OOD,mb-dielectric-2759,BaMgTe2O7,Ba-Mg-O-Te,2.0199782848358154,2.0209991931915283,0.0010209083557128906
1,DualHead_LogDirect_GNN_OOD,mb-dielectric-2762,CuI,Cu-I,2.5160815715789795,2.841979503631592,0.3258979320526123
1,DualHead_LogDirect_GNN_OOD,mb-dielectric-2776,BaPt2S3,Ba-Pt-S,2.896714448928833,2.990149974822998,0.09343552589416504
1,DualHead_LogDirect_GNN_OOD,mb-dielectric-2781,Ta3TeI7,I-Ta-Te,2.805405378341675,2.7090415954589844,0.09636378288269043
1,DualHead_LogDirect_GNN_OOD,mb-dielectric-2784,NaH9O5,H-Na-O,1.4234598875045776,1.468963861465454,0.045503973960876465
1,DualHead_LogDirect_GNN_OOD,mb-dielectric-2792,P4N3Cl11,Cl-N-P,1.7049615383148193,1.6317102909088135,0.07325124740600586
1,DualHead_LogDirect_GNN_OOD,mb-dielectric-2801,Ca7SiN6,Ca-N-Si,2.4545891284942627,2.299570083618164,0.15501904487609863
1,DualHead_LogDirect_GNN_OOD,mb-dielectric-2806,LiMn2PO5,Li-Mn-O-P,1.803073525428772,1.9836134910583496,0.18053996562957764
1,DualHead_LogDirect_GNN_OOD,mb-dielectric-2807,Ca5(SiN3)2,Ca-N-Si,2.2878644466400146,2.315859317779541,0.027994871139526367
1,DualHead_LogDirect_GNN_OOD,mb-dielectric-2809,CO2,C-O,1.3723459243774414,1.5123481750488281,0.14000225067138672
1,DualHead_LogDirect_GNN_OOD,mb-dielectric-2818,ErClO,Cl-Er-O,1.71430242061615,1.8005096912384033,0.08620727062225342
1,DualHead_LogDirect_GNN_OOD,mb-dielectric-2823,FeF3,F-Fe,1.4913080930709839,1.4564756155014038,0.03483247756958008
1,DualHead_LogDirect_GNN_OOD,mb-dielectric-2826,CsTb(PO3)4,Cs-O-P-Tb,1.6017262935638428,1.601675271987915,5.1021575927734375e-05
1,DualHead_LogDirect_GNN_OOD,mb-dielectric-2828,CsTiNb(O2F)2,Cs-F-Nb-O-Ti,2.1585609912872314,2.006347417831421,0.15221357345581055
1,DualHead_LogDirect_GNN_OOD,mb-dielectric-2830,Nd2Be2SiO7,Be-Nd-O-Si,1.9227758646011353,1.9007518291473389,0.022024035453796387
1,DualHead_LogDirect_GNN_OOD,mb-dielectric-2832,CdP2,Cd-P,3.1081392765045166,3.0040581226348877,0.1040811538696289
1,DualHead_LogDirect_GNN_OOD,mb-dielectric-2835,H2,H,1.1168408393859863,1.2855565547943115,0.1687157154083252
1,DualHead_LogDirect_GNN_OOD,mb-dielectric-2842,Na2Ge2O5,Ge-Na-O,1.709336757659912,1.6890869140625,0.02024984359741211
1,DualHead_LogDirect_GNN_OOD,mb-dielectric-2845,RbSe,Rb-Se,1.8343044519424438,1.802186131477356,0.03211832046508789
1,DualHead_LogDirect_GNN_OOD,mb-dielectric-2846,ErH9C5(NO4)2,C-Er-H-N-O,1.6185656785964966,1.603995680809021,0.014569997787475586
1,DualHead_LogDirect_GNN_OOD,mb-dielectric-2850,H8Se2N2O5,H-N-O-Se,1.6741359233856201,1.6621900796890259,0.011945843696594238
1,DualHead_LogDirect_GNN_OOD,mb-dielectric-2851,Tm2MgS4,Mg-S-Tm,2.744050979614258,2.791924476623535,0.047873497009277344
1,DualHead_LogDirect_GNN_OOD,mb-dielectric-2868,Na2ZnB6O11,B-Na-O-Zn,1.6003936529159546,1.5964550971984863,0.003938555717468262
1,DualHead_LogDirect_GNN_OOD,mb-dielectric-2869,FeF3,F-Fe,1.6340134143829346,1.653520941734314,0.019507527351379395
1,DualHead_LogDirect_GNN_OOD,mb-dielectric-2871,Li3SiNiO5,Li-Ni-O-Si,2.332223892211914,2.35327410697937,0.021050214767456055
1,DualHead_LogDirect_GNN_OOD,mb-dielectric-2872,Li7NbO6,Li-Nb-O,1.920120120048523,1.938062071800232,0.017941951751708984
1,DualHead_LogDirect_GNN_OOD,mb-dielectric-2877,ScGaO3,Ga-O-Sc,2.131636142730713,2.132967710494995,0.0013315677642822266
1,DualHead_LogDirect_GNN_OOD,mb-dielectric-2880,BeI2,Be-I,1.7868034839630127,1.7721054553985596,0.014698028564453125
1,DualHead_LogDirect_GNN_OOD,mb-dielectric-2881,SnF4,F-Sn,1.5441292524337769,1.615042805671692,0.07091355323791504
1,DualHead_LogDirect_GNN_OOD,mb-dielectric-2885,GaCuO2,Cu-Ga-O,2.41668701171875,2.575483798980713,0.1587967872619629
1,DualHead_LogDirect_GNN_OOD,mb-dielectric-2893,PNCl2,Cl-N-P,1.596767544746399,1.5896035432815552,0.00716400146484375
1,DualHead_LogDirect_GNN_OOD,mb-dielectric-2899,LiCrSnO4,Cr-Li-O-Sn,2.19565749168396,2.275697708129883,0.08004021644592285
1,DualHead_LogDirect_GNN_OOD,mb-dielectric-2911,LiI,I-Li,1.7744232416152954,1.679985523223877,0.09443771839141846
1,DualHead_LogDirect_GNN_OOD,mb-dielectric-2919,Li4Ga3Si3BrO12,Br-Ga-Li-O-Si,1.632237434387207,1.615790605545044,0.016446828842163086
1,DualHead_LogDirect_GNN_OOD,mb-dielectric-2921,K2SiAs2,As-K-Si,2.525435447692871,2.5334205627441406,0.007985115051269531
1,DualHead_LogDirect_GNN_OOD,mb-dielectric-2925,CaB4O7,B-Ca-O,1.775750994682312,1.6922310590744019,0.08351993560791016
1,DualHead_LogDirect_GNN_OOD,mb-dielectric-2927,NaP3(PbO3)4,Na-O-P-Pb,1.9588598012924194,1.9501566886901855,0.008703112602233887
1,DualHead_LogDirect_GNN_OOD,mb-dielectric-2928,Ho3CuGeS7,Cu-Ge-Ho-S,2.808222770690918,2.6926002502441406,0.11562252044677734
1,DualHead_LogDirect_GNN_OOD,mb-dielectric-2940,BaCdSb2,Ba-Cd-Sb,16.34526252746582,4.226222515106201,12.11904001235962
1,DualHead_LogDirect_GNN_OOD,mb-dielectric-2948,Cs3TaO8,Cs-O-Ta,1.6715633869171143,1.6557040214538574,0.015859365463256836
1,DualHead_LogDirect_GNN_OOD,mb-dielectric-2953,Co(SiP)3,Co-P-Si,4.345560550689697,3.9804937839508057,0.3650667667388916
1,DualHead_LogDirect_GNN_OOD,mb-dielectric-2954,CaCO3,C-Ca-O,1.6916460990905762,1.6163489818572998,0.07529711723327637
1,DualHead_LogDirect_GNN_OOD,mb-dielectric-2957,AlSCl3O2,Al-Cl-O-S,1.540562629699707,1.5664269924163818,0.025864362716674805
1,DualHead_LogDirect_GNN_OOD,mb-dielectric-2959,Ag3PSe4,Ag-P-Se,3.072190046310425,2.9577903747558594,0.11439967155456543
1,DualHead_LogDirect_GNN_OOD,mb-dielectric-2965,LiYF4,F-Li-Y,1.5214028358459473,1.533693790435791,0.01229095458984375
1,DualHead_LogDirect_GNN_OOD,mb-dielectric-2970,SiC,C-Si,2.658069372177124,2.9235782623291016,0.26550889015197754
1,DualHead_LogDirect_GNN_OOD,mb-dielectric-2972,K2PbO3,K-O-Pb,2.0773065090179443,1.904785394668579,0.17252111434936523
1,DualHead_LogDirect_GNN_OOD,mb-dielectric-2975,CO2,C-O,1.3748939037322998,1.4747081995010376,0.09981429576873779
1,DualHead_LogDirect_GNN_OOD,mb-dielectric-2976,LiNb(PO4)2,Li-Nb-O-P,1.9454259872436523,1.8655250072479248,0.07990097999572754
1,DualHead_LogDirect_GNN_OOD,mb-dielectric-2978,VCr(P2O7)2,Cr-O-P-V,2.0717034339904785,1.9508135318756104,0.12088990211486816
1,DualHead_LogDirect_GNN_OOD,mb-dielectric-2980,Ga(IO3)3,Ga-I-O,2.025709629058838,2.0773000717163086,0.0515904426574707
1,DualHead_LogDirect_GNN_OOD,mb-dielectric-2986,Mg2SbN3,Mg-N-Sb,2.377429962158203,2.293247699737549,0.0841822624206543
1,DualHead_LogDirect_GNN_OOD,mb-dielectric-2989,H5CNO2,C-H-N-O,1.4761024713516235,1.4505376815795898,0.02556478977203369
1,DualHead_LogDirect_GNN_OOD,mb-dielectric-2995,H10C2N2O5,C-H-N-O,1.539480447769165,1.514293909072876,0.025186538696289062
1,DualHead_LogDirect_GNN_OOD,mb-dielectric-3003,SnF3,F-Sn,1.612038016319275,1.5004379749298096,0.11160004138946533
1,DualHead_LogDirect_GNN_OOD,mb-dielectric-3013,NbI4,I-Nb,2.6153724193573,2.4549553394317627,0.1604170799255371
1,DualHead_LogDirect_GNN_OOD,mb-dielectric-3016,Li2WS4,Li-S-W,1.8727595806121826,1.865108609199524,0.007650971412658691
1,DualHead_LogDirect_GNN_OOD,mb-dielectric-3026,CsB3PbF12,B-Cs-F-Pb,1.3563382625579834,1.3880656957626343,0.03172743320465088
1,DualHead_LogDirect_GNN_OOD,mb-dielectric-3045,Y2SO2,O-S-Y,2.257542848587036,2.189429521560669,0.06811332702636719
1,DualHead_LogDirect_GNN_OOD,mb-dielectric-3050,KNd(PO3)4,K-Nd-O-P,1.6277110576629639,1.6063014268875122,0.02140963077545166
1,DualHead_LogDirect_GNN_OOD,mb-dielectric-3051,H2,H,1.2459267377853394,1.528341293334961,0.2824145555496216
1,DualHead_LogDirect_GNN_OOD,mb-dielectric-3053,Li2VOF4,F-Li-O-V,1.8300144672393799,1.6093475818634033,0.22066688537597656
1,DualHead_LogDirect_GNN_OOD,mb-dielectric-3057,As3HO6,As-H-O,1.8223611116409302,1.7526373863220215,0.06972372531890869
1,DualHead_LogDirect_GNN_OOD,mb-dielectric-3060,LiSnPO4,Li-O-P-Sn,1.8271112442016602,1.7185460329055786,0.10856521129608154
1,DualHead_LogDirect_GNN_OOD,mb-dielectric-3069,H7BrO3,Br-H-O,1.606756567955017,1.5347591638565063,0.07199740409851074
1,DualHead_LogDirect_GNN_OOD,mb-dielectric-3076,MgAgF3,Ag-F-Mg,1.6509376764297485,1.732816457748413,0.08187878131866455
1,DualHead_LogDirect_GNN_OOD,mb-dielectric-3079,P2S2O3,O-P-S,1.591566562652588,1.5099940299987793,0.0815725326538086
1,DualHead_LogDirect_GNN_OOD,mb-dielectric-3084,LiGaSi,Ga-Li-Si,4.6571855545043945,4.480368614196777,0.1768169403076172
1,DualHead_LogDirect_GNN_OOD,mb-dielectric-3098,Ca4VN4,Ca-N-V,8.476518630981445,2.527552366256714,5.9489662647247314
1,DualHead_LogDirect_GNN_OOD,mb-dielectric-3099,H5CSN2Cl,C-Cl-H-N-S,1.6187865734100342,1.5807085037231445,0.03807806968688965
1,DualHead_LogDirect_GNN_OOD,mb-dielectric-3104,K2Hg3(GeS4)2,Ge-Hg-K-S,2.268730878829956,2.2888455390930176,0.020114660263061523
1,DualHead_LogDirect_GNN_OOD,mb-dielectric-3108,Mn3SnO8,Mn-O-Sn,2.46397066116333,2.6544909477233887,0.1905202865600586
1,DualHead_LogDirect_GNN_OOD,mb-dielectric-3110,Y3CuSiSe7,Cu-Se-Si-Y,3.0259885787963867,3.0576109886169434,0.03162240982055664
1,DualHead_LogDirect_GNN_OOD,mb-dielectric-3114,InCl,Cl-In,2.4372718334198,2.1110410690307617,0.3262307643890381
1,DualHead_LogDirect_GNN_OOD,mb-dielectric-3118,LiSi2N3,Li-N-Si,2.098891258239746,2.0300371646881104,0.06885409355163574
1,DualHead_LogDirect_GNN_OOD,mb-dielectric-3119,In3Ru,In-Ru,5.028862476348877,4.3992204666137695,0.6296420097351074
1,DualHead_LogDirect_GNN_OOD,mb-dielectric-3127,Yb2AsAu,As-Au-Yb,6.60603141784668,4.719023704528809,1.887007713317871
1,DualHead_LogDirect_GNN_OOD,mb-dielectric-3131,Rb2NiO2,Ni-O-Rb,1.7000415325164795,1.7142813205718994,0.014239788055419922
1,DualHead_LogDirect_GNN_OOD,mb-dielectric-3133,MnSnO3,Mn-O-Sn,2.146824359893799,2.1948487758636475,0.04802441596984863
1,DualHead_LogDirect_GNN_OOD,mb-dielectric-3134,BaS,Ba-S,2.1922590732574463,2.2315754890441895,0.039316415786743164
1,DualHead_LogDirect_GNN_OOD,mb-dielectric-3135,RbCd(NO2)3,Cd-N-O-Rb,1.6929773092269897,1.6508368253707886,0.04214048385620117
1,DualHead_LogDirect_GNN_OOD,mb-dielectric-3136,CdO2,Cd-O,2.1111607551574707,1.9511833190917969,0.15997743606567383
1,DualHead_LogDirect_GNN_OOD,mb-dielectric-3137,K2NaTiOF5,F-K-Na-O-Ti,1.508156657218933,1.506064534187317,0.002092123031616211
1,DualHead_LogDirect_GNN_OOD,mb-dielectric-3150,InSnCl3,Cl-In-Sn,2.0415492057800293,1.8087692260742188,0.23277997970581055
1,DualHead_LogDirect_GNN_OOD,mb-dielectric-3163,FeF3,F-Fe,1.5968588590621948,1.6021647453308105,0.005305886268615723
1,DualHead_LogDirect_GNN_OOD,mb-dielectric-3173,FeH8(BrO2)2,Br-Fe-H-O,1.6343194246292114,1.658194661140442,0.02387523651123047
1,DualHead_LogDirect_GNN_OOD,mb-dielectric-3179,LiMnPO4,Li-Mn-O-P,1.619309663772583,1.7112795114517212,0.09196984767913818
1,DualHead_LogDirect_GNN_OOD,mb-dielectric-3184,BrCl,Br-Cl,1.7319947481155396,1.8323776721954346,0.10038292407989502
1,DualHead_LogDirect_GNN_OOD,mb-dielectric-3185,SiC,C-Si,2.7179648876190186,2.5415444374084473,0.1764204502105713
1,DualHead_LogDirect_GNN_OOD,mb-dielectric-3197,MnH12N2(Cl2O)2,Cl-H-Mn-N-O,1.6517517566680908,1.6318795680999756,0.019872188568115234
1,DualHead_LogDirect_GNN_OOD,mb-dielectric-3207,Ba3ZnB5PO14,B-Ba-O-P-Zn,1.7258845567703247,1.7099335193634033,0.015951037406921387
1,DualHead_LogDirect_GNN_OOD,mb-dielectric-3208,Y2(CN2)3,C-N-Y,1.9332332611083984,1.8389489650726318,0.0942842960357666
1,DualHead_LogDirect_GNN_OOD,mb-dielectric-3216,Te2Mo(WS2)2,Mo-S-Te-W,1.0,2.278900623321533,1.2789006233215332
1,DualHead_LogDirect_GNN_OOD,mb-dielectric-3219,Li2CN2,C-Li-N,1.6435422897338867,1.6694719791412354,0.025929689407348633
1,DualHead_LogDirect_GNN_OOD,mb-dielectric-3221,HfFe2Sn,Fe-Hf-Sn,6.177685260772705,8.293046951293945,2.1153616905212402
1,DualHead_LogDirect_GNN_OOD,mb-dielectric-3228,BaSe2,Ba-Se,2.8120572566986084,2.3437626361846924,0.468294620513916
1,DualHead_LogDirect_GNN_OOD,mb-dielectric-3230,Sm3CuGeS7,Cu-Ge-S-Sm,2.7905614376068115,2.6341400146484375,0.15642142295837402
1,DualHead_LogDirect_GNN_OOD,mb-dielectric-3232,LiMnPO4,Li-Mn-O-P,1.6331024169921875,1.7147138118743896,0.08161139488220215
1,DualHead_LogDirect_GNN_OOD,mb-dielectric-3238,SiC,C-Si,2.667708158493042,2.793728828430176,0.1260206699371338
1,DualHead_LogDirect_GNN_OOD,mb-dielectric-3239,Ca2VN3,Ca-N-V,2.645993709564209,2.8082494735717773,0.16225576400756836
1,DualHead_LogDirect_GNN_OOD,mb-dielectric-3244,Rb2Sn2O3,O-Rb-Sn,2.1659998893737793,2.2198991775512695,0.053899288177490234
1,DualHead_LogDirect_GNN_OOD,mb-dielectric-3247,AlCuO2,Al-Cu-O,2.359020948410034,2.4563117027282715,0.0972907543182373
1,DualHead_LogDirect_GNN_OOD,mb-dielectric-3251,KNb(AgSe2)2,Ag-K-Nb-Se,2.258808135986328,2.280411720275879,0.02160358428955078
1,DualHead_LogDirect_GNN_OOD,mb-dielectric-3253,KNbN2,K-N-Nb,2.5911242961883545,2.5789237022399902,0.012200593948364258
1,DualHead_LogDirect_GNN_OOD,mb-dielectric-3261,CdCN2,C-Cd-N,2.1047520637512207,2.1634135246276855,0.058661460876464844
1,DualHead_LogDirect_GNN_OOD,mb-dielectric-3275,TiSnPd,Pd-Sn-Ti,4.951363563537598,4.258721351623535,0.6926422119140625
1,DualHead_LogDirect_GNN_OOD,mb-dielectric-3277,ZrSnPt,Pt-Sn-Zr,4.1805500984191895,4.877915859222412,0.6973657608032227
1,DualHead_LogDirect_GNN_OOD,mb-dielectric-3278,ErSbPt,Er-Pt-Sb,5.1087799072265625,4.776350498199463,0.3324294090270996
1,DualHead_LogDirect_GNN_OOD,mb-dielectric-3281,HoSnAu,Au-Ho-Sn,4.746796607971191,4.48358154296875,0.2632150650024414
1,DualHead_LogDirect_GNN_OOD,mb-dielectric-3284,ThNiSn,Ni-Sn-Th,5.655393123626709,5.886220455169678,0.23082733154296875
1,DualHead_LogDirect_GNN_OOD,mb-dielectric-3285,Al3GaN4,Al-Ga-N,2.213989019393921,2.228745460510254,0.014756441116333008
1,DualHead_LogDirect_GNN_OOD,mb-dielectric-3289,LiGeBO4,B-Ge-Li-O,1.735037088394165,1.6927329301834106,0.042304158210754395
1,DualHead_LogDirect_GNN_OOD,mb-dielectric-3291,Dy3Sb4Au3,Au-Dy-Sb,5.227237701416016,4.844764709472656,0.3824729919433594
1,DualHead_LogDirect_GNN_OOD,mb-dielectric-3293,ScNiSb,Ni-Sb-Sc,4.277998924255371,4.258179187774658,0.01981973648071289
1,DualHead_LogDirect_GNN_OOD,mb-dielectric-3297,SnS2,S-Sn,2.967209577560425,3.0198352336883545,0.05262565612792969
1,DualHead_LogDirect_GNN_OOD,mb-dielectric-3302,ZrZnN2,N-Zn-Zr,3.0241386890411377,3.116471767425537,0.09233307838439941
1,DualHead_LogDirect_GNN_OOD,mb-dielectric-3303,ErNiSb,Er-Ni-Sb,4.296431541442871,4.141753196716309,0.1546783447265625
1,DualHead_LogDirect_GNN_OOD,mb-dielectric-3331,Ga2HgS4,Ga-Hg-S,2.571481227874756,2.5753536224365234,0.003872394561767578
1,DualHead_LogDirect_GNN_OOD,mb-dielectric-3339,Rb2Se,Rb-Se,1.8206225633621216,1.9090206623077393,0.08839809894561768
1,DualHead_LogDirect_GNN_OOD,mb-dielectric-3342,ZnSnP2,P-Sn-Zn,3.51373291015625,3.5060629844665527,0.007669925689697266
1,DualHead_LogDirect_GNN_OOD,mb-dielectric-3343,Ca(ZnAs)2,As-Ca-Zn,3.7947328090667725,3.914883613586426,0.12015080451965332
1,DualHead_LogDirect_GNN_OOD,mb-dielectric-3351,CsPbF3,Cs-F-Pb,1.7038946151733398,1.7341718673706055,0.030277252197265625
1,DualHead_LogDirect_GNN_OOD,mb-dielectric-3353,GaPO4,Ga-O-P,1.5502597093582153,1.6147125959396362,0.0644528865814209
1,DualHead_LogDirect_GNN_OOD,mb-dielectric-3356,Ba(MgAs)2,As-Ba-Mg,3.076439619064331,2.9730300903320312,0.1034095287322998
1,DualHead_LogDirect_GNN_OOD,mb-dielectric-3364,LiI,I-Li,2.027313470840454,1.9769392013549805,0.05037426948547363
1,DualHead_LogDirect_GNN_OOD,mb-dielectric-3367,As2Os,As-Os,4.570011138916016,4.864616394042969,0.2946052551269531
1,DualHead_LogDirect_GNN_OOD,mb-dielectric-3372,CO2,C-O,1.401903510093689,1.5183820724487305,0.1164785623550415
1,DualHead_LogDirect_GNN_OOD,mb-dielectric-3375,RbAuSe,Au-Rb-Se,2.1037840843200684,2.1869304180145264,0.08314633369445801
1,DualHead_LogDirect_GNN_OOD,mb-dielectric-3382,Y3AlO6,Al-O-Y,1.9917166233062744,1.9718128442764282,0.01990377902984619
1,DualHead_LogDirect_GNN_OOD,mb-dielectric-3383,LiNbO3,Li-Nb-O,2.1190569400787354,2.124114513397217,0.005057573318481445
1,DualHead_LogDirect_GNN_OOD,mb-dielectric-3387,K2PdBr4,Br-K-Pd,1.9454997777938843,1.8305397033691406,0.11496007442474365
1,DualHead_LogDirect_GNN_OOD,mb-dielectric-3398,H2O,H-O,1.3133900165557861,1.4115920066833496,0.09820199012756348
1,DualHead_LogDirect_GNN_OOD,mb-dielectric-3403,Li4NbFe3O8,Fe-Li-Nb-O,1.9315191507339478,2.072719097137451,0.14119994640350342
1,DualHead_LogDirect_GNN_OOD,mb-dielectric-3406,LiH4SNO4,H-Li-N-O-S,1.5074491500854492,1.52231764793396,0.014868497848510742
1,DualHead_LogDirect_GNN_OOD,mb-dielectric-3409,SbOF,F-O-Sb,1.7538061141967773,1.8292876482009888,0.07548153400421143
1,DualHead_LogDirect_GNN_OOD,mb-dielectric-3416,Sr3BiN,Bi-N-Sr,5.866422653198242,3.5976545810699463,2.268768072128296
1,DualHead_LogDirect_GNN_OOD,mb-dielectric-3421,AlAgS2,Ag-Al-S,2.397625207901001,2.443372964859009,0.04574775695800781
1,DualHead_LogDirect_GNN_OOD,mb-dielectric-3423,NaH4ClO2,Cl-H-Na-O,1.4929835796356201,1.5082900524139404,0.015306472778320312
1,DualHead_LogDirect_GNN_OOD,mb-dielectric-3427,CuBr,Br-Cu,2.5065455436706543,2.346158266067505,0.16038727760314941
1,DualHead_LogDirect_GNN_OOD,mb-dielectric-3430,H2O2,H-O,1.537645936012268,1.4620459079742432,0.0756000280380249
1,DualHead_LogDirect_GNN_OOD,mb-dielectric-3432,Rb2SnO3,O-Rb-Sn,1.864363670349121,1.9138774871826172,0.049513816833496094
1,DualHead_LogDirect_GNN_OOD,mb-dielectric-3436,LiNbO3,Li-Nb-O,2.4108781814575195,2.3080883026123047,0.10278987884521484
1,DualHead_LogDirect_GNN_OOD,mb-dielectric-3438,Ca3AsBr3,As-Br-Ca,2.2383503913879395,2.13284969329834,0.10550069808959961
1,DualHead_LogDirect_GNN_OOD,mb-dielectric-3445,Tl2S5,S-Tl,2.4543938636779785,2.3498876094818115,0.10450625419616699
1,DualHead_LogDirect_GNN_OOD,mb-dielectric-3451,H9C3N3O2,C-H-N-O,1.5355345010757446,1.4717803001403809,0.06375420093536377
1,DualHead_LogDirect_GNN_OOD,mb-dielectric-3458,Li5SiN3,Li-N-Si,2.132420778274536,2.4176924228668213,0.28527164459228516
1,DualHead_LogDirect_GNN_OOD,mb-dielectric-3459,H9BrO4,Br-H-O,1.540306806564331,1.5192770957946777,0.02102971076965332
1,DualHead_LogDirect_GNN_OOD,mb-dielectric-3464,Na15Mo7N19,Mo-N-Na,2.3394734859466553,2.19881534576416,0.14065814018249512
1,DualHead_LogDirect_GNN_OOD,mb-dielectric-3465,KSnO2,K-O-Sn,1.9593698978424072,1.9384422302246094,0.02092766761779785
1,DualHead_LogDirect_GNN_OOD,mb-dielectric-3478,ZnTe,Te-Zn,2.9690494537353516,3.238492488861084,0.2694430351257324
1,DualHead_LogDirect_GNN_OOD,mb-dielectric-3483,KSnPCO7,C-K-O-P-Sn,1.5463258028030396,1.5966675281524658,0.05034172534942627
1,DualHead_LogDirect_GNN_OOD,mb-dielectric-3489,BaTe2,Ba-Te,2.9721484184265137,3.042438507080078,0.07029008865356445
1,DualHead_LogDirect_GNN_OOD,mb-dielectric-3490,BaGe7N10,Ba-Ge-N,2.255709648132324,2.2416868209838867,0.0140228271484375
1,DualHead_LogDirect_GNN_OOD,mb-dielectric-3497,TaCl4F,Cl-F-Ta,1.630676507949829,1.5879673957824707,0.0427091121673584
1,DualHead_LogDirect_GNN_OOD,mb-dielectric-3498,ZnPbF6,F-Pb-Zn,1.7054321765899658,1.6431009769439697,0.062331199645996094
1,DualHead_LogDirect_GNN_OOD,mb-dielectric-3508,NaGaTe2,Ga-Na-Te,3.1346893310546875,2.9831249713897705,0.151564359664917
1,DualHead_LogDirect_GNN_OOD,mb-dielectric-3510,SiC,C-Si,2.679490089416504,2.5452635288238525,0.13422656059265137
1,DualHead_LogDirect_GNN_OOD,mb-dielectric-3511,PdS2,Pd-S,3.301565170288086,3.107429027557373,0.1941361427307129
1,DualHead_LogDirect_GNN_OOD,mb-dielectric-3512,K4ZnP2,K-P-Zn,2.1647069454193115,2.1008291244506836,0.06387782096862793
1,DualHead_LogDirect_GNN_OOD,mb-dielectric-3513,YWN3,N-W-Y,2.7350051403045654,2.820807456970215,0.08580231666564941
1,DualHead_LogDirect_GNN_OOD,mb-dielectric-3515,Ba2MgSi2O7,Ba-Mg-O-Si,1.7152073383331299,1.719531536102295,0.004324197769165039
1,DualHead_LogDirect_GNN_OOD,mb-dielectric-3517,KLaTe2,K-La-Te,2.473142623901367,2.3514211177825928,0.12172150611877441
1,DualHead_LogDirect_GNN_OOD,mb-dielectric-3531,Ca3PN,Ca-N-P,2.9060282707214355,2.6717140674591064,0.2343142032623291
1,DualHead_LogDirect_GNN_OOD,mb-dielectric-3536,ZrS2,S-Zr,2.8364884853363037,2.381561279296875,0.4549272060394287
1,DualHead_LogDirect_GNN_OOD,mb-dielectric-3538,ZnSnF6,F-Sn-Zn,1.525111198425293,1.6109403371810913,0.08582913875579834
1,DualHead_LogDirect_GNN_OOD,mb-dielectric-3541,Ca(BC)2,B-C-Ca,3.9806103706359863,2.3859798908233643,1.594630479812622
1,DualHead_LogDirect_GNN_OOD,mb-dielectric-3545,CoBiO3,Bi-Co-O,2.584880828857422,2.6284801959991455,0.04359936714172363
1,DualHead_LogDirect_GNN_OOD,mb-dielectric-3548,Mg(BeN)2,Be-Mg-N,2.169180393218994,2.426877498626709,0.25769710540771484
1,DualHead_LogDirect_GNN_OOD,mb-dielectric-3561,Li3CrClO4,Cl-Cr-Li-O,1.8200303316116333,1.7236552238464355,0.09637510776519775
1,DualHead_LogDirect_GNN_OOD,mb-dielectric-3571,Na2AgAs,Ag-As-Na,3.2487854957580566,3.0785293579101562,0.1702561378479004
1,DualHead_LogDirect_GNN_OOD,mb-dielectric-3577,Mg4P6SN12,Mg-N-P-S,1.9751185178756714,1.9135953187942505,0.0615231990814209
1,DualHead_LogDirect_GNN_OOD,mb-dielectric-3579,Si3Os2,Os-Si,4.352930068969727,4.613022327423096,0.26009225845336914
1,DualHead_LogDirect_GNN_OOD,mb-dielectric-3581,K3Cu3As2,As-Cu-K,2.7886383533477783,2.925388813018799,0.1367504596710205
1,DualHead_LogDirect_GNN_OOD,mb-dielectric-3586,SiAs,As-Si,2.937629461288452,3.4119582176208496,0.47432875633239746
1,DualHead_LogDirect_GNN_OOD,mb-dielectric-3587,Sc2TeO6,O-Sc-Te,2.108943462371826,2.1186182498931885,0.009674787521362305
1,DualHead_LogDirect_GNN_OOD,mb-dielectric-3588,LiH5S(NO2)2,H-Li-N-O-S,1.5543979406356812,1.5352059602737427,0.019191980361938477
1,DualHead_LogDirect_GNN_OOD,mb-dielectric-3589,Na6MnSe4,Mn-Na-Se,2.15759539604187,2.142813205718994,0.014782190322875977
1,DualHead_LogDirect_GNN_OOD,mb-dielectric-3598,Cd4SiSe6,Cd-Se-Si,2.6870317459106445,2.6815295219421387,0.005502223968505859
1,DualHead_LogDirect_GNN_OOD,mb-dielectric-3601,AgClO3,Ag-Cl-O,1.798678994178772,1.858080267906189,0.05940127372741699
1,DualHead_LogDirect_GNN_OOD,mb-dielectric-3611,Sr2Ge,Ge-Sr,4.347451210021973,3.914273262023926,0.4331779479980469
1,DualHead_LogDirect_GNN_OOD,mb-dielectric-3612,CsSrSiHO4,Cs-H-O-Si-Sr,1.719618320465088,1.665202260017395,0.05441606044769287
1,DualHead_LogDirect_GNN_OOD,mb-dielectric-3613,SrCaGe,Ca-Ge-Sr,4.1537933349609375,4.0420823097229,0.11171102523803711
1,DualHead_LogDirect_GNN_OOD,mb-dielectric-3614,TeF6,F-Te,1.3655279874801636,1.4918041229248047,0.1262761354446411
1,DualHead_LogDirect_GNN_OOD,mb-dielectric-3618,SrGe2,Ge-Sr,4.1838579177856445,4.640312194824219,0.4564542770385742
1,DualHead_LogDirect_GNN_OOD,mb-dielectric-3627,K2ZnTe2,K-Te-Zn,2.2109909057617188,2.1727066040039062,0.0382843017578125
1,DualHead_LogDirect_GNN_OOD,mb-dielectric-3633,RbAs,As-Rb,2.798034906387329,2.3856053352355957,0.4124295711517334
1,DualHead_LogDirect_GNN_OOD,mb-dielectric-3644,ZrSe2,Se-Zr,3.506993055343628,2.7758607864379883,0.7311322689056396
1,DualHead_LogDirect_GNN_OOD,mb-dielectric-3649,Rb2P3,P-Rb,2.1333072185516357,2.2727131843566895,0.1394059658050537
1,DualHead_LogDirect_GNN_OOD,mb-dielectric-3650,BaN6,Ba-N,1.7256882190704346,1.8057249784469604,0.08003675937652588
1,DualHead_LogDirect_GNN_OOD,mb-dielectric-3652,Sr2H6Ru,H-Ru-Sr,2.070308208465576,2.2835874557495117,0.21327924728393555
1,DualHead_LogDirect_GNN_OOD,mb-dielectric-3657,GaCuO2,Cu-Ga-O,2.416104316711426,2.5118958950042725,0.09579157829284668
1,DualHead_LogDirect_GNN_OOD,mb-dielectric-3664,CsAu,Au-Cs,2.2340545654296875,2.576749324798584,0.3426947593688965
1,DualHead_LogDirect_GNN_OOD,mb-dielectric-3667,Cs2CaF4,Ca-Cs-F,1.5060123205184937,1.5531567335128784,0.047144412994384766
1,DualHead_LogDirect_GNN_OOD,mb-dielectric-3671,K2Hg3(GeSe4)2,Ge-Hg-K-Se,2.504509449005127,2.401956081390381,0.1025533676147461
1,DualHead_LogDirect_GNN_OOD,mb-dielectric-3676,SiSbPt,Pt-Sb-Si,5.731113910675049,5.117258071899414,0.6138558387756348
1,DualHead_LogDirect_GNN_OOD,mb-dielectric-3679,SrO2,O-Sr,1.809051275253296,1.749673843383789,0.059377431869506836
1,DualHead_LogDirect_GNN_OOD,mb-dielectric-3682,Sr3As4,As-Sr,3.415747880935669,3.8892111778259277,0.4734632968902588
1,DualHead_LogDirect_GNN_OOD,mb-dielectric-3699,Rb2As3,As-Rb,2.3506736755371094,2.40049147605896,0.049817800521850586
1,DualHead_LogDirect_GNN_OOD,mb-dielectric-3710,K2CuAs,As-Cu-K,2.626915693283081,2.7968554496765137,0.16993975639343262
1,DualHead_LogDirect_GNN_OOD,mb-dielectric-3734,As2Rh,As-Rh,5.5432844161987305,5.273290634155273,0.26999378204345703
1,DualHead_LogDirect_GNN_OOD,mb-dielectric-3741,Cd3P2,Cd-P,4.131343841552734,3.884171485900879,0.24717235565185547
1,DualHead_LogDirect_GNN_OOD,mb-dielectric-3742,SrN6,N-Sr,1.6997058391571045,1.7479350566864014,0.048229217529296875
1,DualHead_LogDirect_GNN_OOD,mb-dielectric-3744,P2O5,O-P,1.5737428665161133,1.6047992706298828,0.03105640411376953
1,DualHead_LogDirect_GNN_OOD,mb-dielectric-3746,BaSe,Ba-Se,2.3008694648742676,2.3635125160217285,0.06264305114746094
1,DualHead_LogDirect_GNN_OOD,mb-dielectric-3751,Li2Mn(NiO3)2,Li-Mn-Ni-O,2.989832878112793,2.610159397125244,0.37967348098754883
1,DualHead_LogDirect_GNN_OOD,mb-dielectric-3759,CsLiMoO4,Cs-Li-Mo-O,1.5798296928405762,1.6024047136306763,0.022575020790100098
1,DualHead_LogDirect_GNN_OOD,mb-dielectric-3764,La3MnGaS7,Ga-La-Mn-S,2.762819766998291,2.6530160903930664,0.10980367660522461
1,DualHead_LogDirect_GNN_OOD,mb-dielectric-3771,Ca3BiN,Bi-Ca-N,4.316408634185791,3.99680757522583,0.31960105895996094
1,DualHead_LogDirect_GNN_OOD,mb-dielectric-3778,K5CuSb2,Cu-K-Sb,2.6230504512786865,2.8507027626037598,0.22765231132507324
1,DualHead_LogDirect_GNN_OOD,mb-dielectric-3781,PdCl2,Cl-Pd,1.9479904174804688,2.093442678451538,0.14545226097106934
1,DualHead_LogDirect_GNN_OOD,mb-dielectric-3787,H5BrO2,Br-H-O,1.6058226823806763,1.5783889293670654,0.02743375301361084
1,DualHead_LogDirect_GNN_OOD,mb-dielectric-3796,NaH9O5,H-Na-O,1.4340393543243408,1.4726929664611816,0.03865361213684082
1,DualHead_LogDirect_GNN_OOD,mb-dielectric-3797,MgSiAs2,As-Mg-Si,3.189110279083252,3.177859306335449,0.011250972747802734
1,DualHead_LogDirect_GNN_OOD,mb-dielectric-3800,RbMnBr3,Br-Mn-Rb,1.828213095664978,1.8762707710266113,0.0480576753616333
1,DualHead_LogDirect_GNN_OOD,mb-dielectric-3801,Sr(YS2)2,S-Sr-Y,2.713836908340454,2.6404166221618652,0.07342028617858887
1,DualHead_LogDirect_GNN_OOD,mb-dielectric-3808,PHF4,F-H-P,1.3391540050506592,1.3516634702682495,0.012509465217590332
1,DualHead_LogDirect_GNN_OOD,mb-dielectric-3812,RbBiO2,Bi-O-Rb,1.960615634918213,2.129359245300293,0.16874361038208008
1,DualHead_LogDirect_GNN_OOD,mb-dielectric-3814,BrNO3,Br-N-O,1.8460769653320312,1.7286810874938965,0.11739587783813477
1,DualHead_LogDirect_GNN_OOD,mb-dielectric-3817,BaLiLaTeO6,Ba-La-Li-O-Te,2.1056365966796875,2.122203826904297,0.016567230224609375
1,DualHead_LogDirect_GNN_OOD,mb-dielectric-3826,Na4P2H4CO9,C-H-Na-O-P,1.5475409030914307,1.5196937322616577,0.02784717082977295
1,DualHead_LogDirect_GNN_OOD,mb-dielectric-3830,SCl,Cl-S,1.618847370147705,1.6435539722442627,0.024706602096557617
1,DualHead_LogDirect_GNN_OOD,mb-dielectric-3837,Rb2PtI6,I-Pt-Rb,2.268615484237671,2.2036290168762207,0.0649864673614502
1,DualHead_LogDirect_GNN_OOD,mb-dielectric-3838,BaGeN2,Ba-Ge-N,2.553054094314575,2.5863993167877197,0.03334522247314453
1,DualHead_LogDirect_GNN_OOD,mb-dielectric-3843,Rb2Te,Rb-Te,1.854993224143982,1.943166971206665,0.0881737470626831
1,DualHead_LogDirect_GNN_OOD,mb-dielectric-3845,SCl2,Cl-S,1.644688367843628,1.6713409423828125,0.02665257453918457
1,DualHead_LogDirect_GNN_OOD,mb-dielectric-3852,CsHF2,Cs-F-H,1.4456249475479126,1.4262826442718506,0.01934230327606201
1,DualHead_LogDirect_GNN_OOD,mb-dielectric-3856,NaH9O5,H-Na-O,1.4297126531600952,1.4741121530532837,0.04439949989318848
1,DualHead_LogDirect_GNN_OOD,mb-dielectric-3862,H2O,H-O,1.5410250425338745,1.5434598922729492,0.002434849739074707
1,DualHead_LogDirect_GNN_OOD,mb-dielectric-3865,BP,B-P,3.031743288040161,2.9429426193237305,0.08880066871643066
1,DualHead_LogDirect_GNN_OOD,mb-dielectric-3867,RbTaO3,O-Rb-Ta,2.2993741035461426,2.17834734916687,0.12102675437927246
1,DualHead_LogDirect_GNN_OOD,mb-dielectric-3871,KGeCl3,Cl-Ge-K,1.7988743782043457,1.6246681213378906,0.17420625686645508
1,DualHead_LogDirect_GNN_OOD,mb-dielectric-3874,La2TeO2,La-O-Te,2.5485892295837402,2.455530881881714,0.09305834770202637
1,DualHead_LogDirect_GNN_OOD,mb-dielectric-3880,MnCl2,Cl-Mn,1.7826945781707764,1.7685625553131104,0.014132022857666016
1,DualHead_LogDirect_GNN_OOD,mb-dielectric-3881,TePbO3,O-Pb-Te,2.2987513542175293,2.322035789489746,0.023284435272216797
1,DualHead_LogDirect_GNN_OOD,mb-dielectric-3888,NbAsO4,As-Nb-O,2.3781752586364746,2.3354177474975586,0.042757511138916016
1,DualHead_LogDirect_GNN_OOD,mb-dielectric-3892,KPF6,F-K-P,1.3634514808654785,1.368208885192871,0.004757404327392578
1,DualHead_LogDirect_GNN_OOD,mb-dielectric-3897,PBr5,Br-P,2.2678918838500977,1.9114773273468018,0.3564145565032959
1,DualHead_LogDirect_GNN_OOD,mb-dielectric-3898,Ba4LiNb3O12,Ba-Li-Nb-O,2.245171070098877,2.183102607727051,0.06206846237182617
1,DualHead_LogDirect_GNN_OOD,mb-dielectric-3899,Li2CoOF3,Co-F-Li-O,1.761814832687378,1.5911812782287598,0.17063355445861816
1,DualHead_LogDirect_GNN_OOD,mb-dielectric-3900,P2Pd,P-Pd,4.7535600662231445,4.423344612121582,0.3302154541015625
1,DualHead_LogDirect_GNN_OOD,mb-dielectric-3903,LiMn(PO3)3,Li-Mn-O-P,1.6776646375656128,1.6976053714752197,0.019940733909606934
1,DualHead_LogDirect_GNN_OOD,mb-dielectric-3918,CuBr,Br-Cu,2.1907379627227783,2.389749526977539,0.19901156425476074
1,DualHead_LogDirect_GNN_OOD,mb-dielectric-3923,BPO4,B-O-P,1.608278751373291,1.6048922538757324,0.0033864974975585938
1,DualHead_LogDirect_GNN_OOD,mb-dielectric-3925,LiSn(PO3)3,Li-O-P-Sn,1.5598994493484497,1.5402803421020508,0.019619107246398926
1,DualHead_LogDirect_GNN_OOD,mb-dielectric-3927,CuSnF6,Cu-F-Sn,2.4113900661468506,1.87502920627594,0.5363608598709106
1,DualHead_LogDirect_GNN_OOD,mb-dielectric-3942,ZrCl2,Cl-Zr,2.9383416175842285,2.1308841705322266,0.807457447052002
1,DualHead_LogDirect_GNN_OOD,mb-dielectric-3950,Na3VSO3,Na-O-S-V,1.803361177444458,1.7772711515426636,0.026090025901794434
1,DualHead_LogDirect_GNN_OOD,mb-dielectric-3951,Ca3Ti2O7,Ca-O-Ti,2.303792715072632,2.2226507663726807,0.08114194869995117
1,DualHead_LogDirect_GNN_OOD,mb-dielectric-3962,Li2MnWO6,Li-Mn-O-W,2.9132473468780518,2.758822202682495,0.15442514419555664
1,DualHead_LogDirect_GNN_OOD,mb-dielectric-3963,CrSBr,Br-Cr-S,3.98944091796875,2.5993971824645996,1.3900437355041504
1,DualHead_LogDirect_GNN_OOD,mb-dielectric-3970,VCu3Se4,Cu-Se-V,2.8649098873138428,2.904451370239258,0.03954148292541504
1,DualHead_LogDirect_GNN_OOD,mb-dielectric-3972,LiMnSbO4,Li-Mn-O-Sb,1.997745394706726,2.0487072467803955,0.050961852073669434
1,DualHead_LogDirect_GNN_OOD,mb-dielectric-3975,Si2Os,Os-Si,4.139243125915527,4.554397106170654,0.41515398025512695
1,DualHead_LogDirect_GNN_OOD,mb-dielectric-3991,BaMgSiO4,Ba-Mg-O-Si,1.707515001296997,1.7009320259094238,0.006582975387573242
1,DualHead_LogDirect_GNN_OOD,mb-dielectric-3998,RbSb,Rb-Sb,2.7890939712524414,2.6939327716827393,0.09516119956970215
1,DualHead_LogDirect_GNN_OOD,mb-dielectric-3999,NbAlFe2,Al-Fe-Nb,6.77789831161499,8.912979125976562,2.1350808143615723
1,DualHead_LogDirect_GNN_OOD,mb-dielectric-4002,NaZnP,Na-P-Zn,3.0741207599639893,3.3583946228027344,0.2842738628387451
1,DualHead_LogDirect_GNN_OOD,mb-dielectric-4005,LiMn(PO3)3,Li-Mn-O-P,1.6274616718292236,1.6463623046875,0.018900632858276367
1,DualHead_LogDirect_GNN_OOD,mb-dielectric-4006,Li4WO5,Li-O-W,2.030898332595825,2.132375955581665,0.10147762298583984
1,DualHead_LogDirect_GNN_OOD,mb-dielectric-4011,B6P,B-P,2.743659257888794,2.8011579513549805,0.05749869346618652
1,DualHead_LogDirect_GNN_OOD,mb-dielectric-4020,LiSiNiO4,Li-Ni-O-Si,2.9308032989501953,2.1562271118164062,0.7745761871337891
1,DualHead_LogDirect_GNN_OOD,mb-dielectric-4026,CuPO4,Cu-O-P,3.507260322570801,2.248710870742798,1.258549451828003
1,DualHead_LogDirect_GNN_OOD,mb-dielectric-4031,SrSeO3,O-Se-Sr,1.8415640592575073,1.8358535766601562,0.005710482597351074
1,DualHead_LogDirect_GNN_OOD,mb-dielectric-4033,GaCl3,Cl-Ga,1.5337318181991577,1.500541090965271,0.03319072723388672
1,DualHead_LogDirect_GNN_OOD,mb-dielectric-4035,BiOF,Bi-F-O,2.2186646461486816,2.276965618133545,0.05830097198486328
1,DualHead_LogDirect_GNN_OOD,mb-dielectric-4037,Si3As4,As-Si,4.082142353057861,3.963222026824951,0.11892032623291016
1,DualHead_LogDirect_GNN_OOD,mb-dielectric-4048,GaPO4,Ga-O-P,1.6403884887695312,1.680931806564331,0.040543317794799805
1,DualHead_LogDirect_GNN_OOD,mb-dielectric-4056,Al(MoS2)4,Al-Mo-S,3.9569251537323,3.1616318225860596,0.7952933311462402
1,DualHead_LogDirect_GNN_OOD,mb-dielectric-4058,Zn(FeO2)2,Fe-O-Zn,2.362231969833374,2.3184316158294678,0.04380035400390625
1,DualHead_LogDirect_GNN_OOD,mb-dielectric-4062,KTa(AgSe2)2,Ag-K-Se-Ta,2.190469980239868,2.244861125946045,0.05439114570617676
1,DualHead_LogDirect_GNN_OOD,mb-dielectric-4066,BiBrO,Bi-Br-O,2.4299705028533936,2.5095021724700928,0.07953166961669922
1,DualHead_LogDirect_GNN_OOD,mb-dielectric-4068,KLiS,K-Li-S,1.9126167297363281,1.8553639650344849,0.05725276470184326
1,DualHead_LogDirect_GNN_OOD,mb-dielectric-4072,Te2Mo,Mo-Te,3.773371696472168,4.290832996368408,0.5174612998962402
1,DualHead_LogDirect_GNN_OOD,mb-dielectric-4085,FeSe2,Fe-Se,5.167268753051758,5.541012763977051,0.37374401092529297
1,DualHead_LogDirect_GNN_OOD,mb-dielectric-4092,CuI,Cu-I,2.610555410385132,2.8806328773498535,0.2700774669647217
1,DualHead_LogDirect_GNN_OOD,mb-dielectric-4097,Mg(AlSe2)2,Al-Mg-Se,2.324557065963745,2.2245421409606934,0.10001492500305176
1,DualHead_LogDirect_GNN_OOD,mb-dielectric-4101,HfVF6,F-Hf-V,1.475466012954712,1.486100435256958,0.010634422302246094
1,DualHead_LogDirect_GNN_OOD,mb-dielectric-4111,Ti3Zn2O8,O-Ti-Zn,2.4444711208343506,2.3435354232788086,0.10093569755554199
1,DualHead_LogDirect_GNN_OOD,mb-dielectric-4126,LiTa2CuO6,Cu-Li-O-Ta,2.7197368144989014,2.4972293376922607,0.22250747680664062
1,DualHead_LogDirect_GNN_OOD,mb-dielectric-4129,TiFeO3,Fe-O-Ti,2.412443161010742,2.495565891265869,0.08312273025512695
1,DualHead_LogDirect_GNN_OOD,mb-dielectric-4130,MnSnO3,Mn-O-Sn,2.237017869949341,2.23783540725708,0.0008175373077392578
1,DualHead_LogDirect_GNN_OOD,mb-dielectric-4131,GaPO4,Ga-O-P,1.6329210996627808,1.7210586071014404,0.08813750743865967
1,DualHead_LogDirect_GNN_OOD,mb-dielectric-4147,AlAs,Al-As,3.076859712600708,3.3251218795776367,0.2482621669769287
1,DualHead_LogDirect_GNN_OOD,mb-dielectric-4150,MgVO3,Mg-O-V,1.817009449005127,1.847257137298584,0.03024768829345703
1,DualHead_LogDirect_GNN_OOD,mb-dielectric-4151,InF3,F-In,1.508310317993164,1.5677024126052856,0.05939209461212158
1,DualHead_LogDirect_GNN_OOD,mb-dielectric-4154,Mg2H6Ru,H-Mg-Ru,2.299398422241211,2.278437852859497,0.020960569381713867
1,DualHead_LogDirect_GNN_OOD,mb-dielectric-4155,BP,B-P,3.0258090496063232,3.1824450492858887,0.15663599967956543
1,DualHead_LogDirect_GNN_OOD,mb-dielectric-4159,NaHO,H-Na-O,1.5343340635299683,1.5323519706726074,0.00198209285736084
1,DualHead_LogDirect_GNN_OOD,mb-dielectric-4167,SnS,S-Sn,4.464377403259277,4.7115254402160645,0.2471480369567871
1,DualHead_LogDirect_GNN_OOD,mb-dielectric-4168,NaNbO3,Na-Nb-O,2.6598899364471436,2.393420696258545,0.26646924018859863
1,DualHead_LogDirect_GNN_OOD,mb-dielectric-4179,CoCO3,C-Co-O,1.9137868881225586,1.859987735748291,0.05379915237426758
1,DualHead_LogDirect_GNN_OOD,mb-dielectric-4181,CaSe,Ca-Se,2.370021104812622,2.4900848865509033,0.12006378173828125
1,DualHead_LogDirect_GNN_OOD,mb-dielectric-4183,CrHO2,Cr-H-O,2.09696888923645,2.0108723640441895,0.08609652519226074
1,DualHead_LogDirect_GNN_OOD,mb-dielectric-4186,GdAlPd,Al-Gd-Pd,1.0,3.9760499000549316,2.9760499000549316
1,DualHead_LogDirect_GNN_OOD,mb-dielectric-4188,Li6PS5Br,Br-Li-P-S,1.9174500703811646,1.8601248264312744,0.05732524394989014
1,DualHead_LogDirect_GNN_OOD,mb-dielectric-4189,P3N5,N-P,2.270301103591919,2.7940573692321777,0.5237562656402588
1,DualHead_LogDirect_GNN_OOD,mb-dielectric-4194,ZrS3,S-Zr,2.587920665740967,2.5285720825195312,0.05934858322143555
1,DualHead_LogDirect_GNN_OOD,mb-dielectric-4205,KBe2BO3F2,B-Be-F-K-O,1.4705418348312378,1.4593689441680908,0.011172890663146973
1,DualHead_LogDirect_GNN_OOD,mb-dielectric-4206,ZrSe3,Se-Zr,3.1302289962768555,3.246847629547119,0.11661863327026367
1,DualHead_LogDirect_GNN_OOD,mb-dielectric-4220,NbCoSn,Co-Nb-Sn,4.9972991943359375,4.9046454429626465,0.09265375137329102
1,DualHead_LogDirect_GNN_OOD,mb-dielectric-4223,Rb3YF6,F-Rb-Y,1.3888561725616455,1.3996578454971313,0.01080167293548584
1,DualHead_LogDirect_GNN_OOD,mb-dielectric-4230,Li2NbFe3O8,Fe-Li-Nb-O,2.219020128250122,2.266958713531494,0.04793858528137207
1,DualHead_LogDirect_GNN_OOD,mb-dielectric-4231,K2SiF6,F-K-Si,1.3630406856536865,1.3678175210952759,0.0047768354415893555
1,DualHead_LogDirect_GNN_OOD,mb-dielectric-4232,CdF2,Cd-F,1.6742162704467773,1.7329370975494385,0.05872082710266113
1,DualHead_LogDirect_GNN_OOD,mb-dielectric-4233,HoHO2,H-Ho-O,1.9049022197723389,1.8930307626724243,0.01187145709991455
1,DualHead_LogDirect_GNN_OOD,mb-dielectric-4237,SbO2F,F-O-Sb,2.0439915657043457,1.9962613582611084,0.047730207443237305
1,DualHead_LogDirect_GNN_OOD,mb-dielectric-4238,VSbRu,Ru-Sb-V,5.667688846588135,4.256171226501465,1.41151762008667
1,DualHead_LogDirect_GNN_OOD,mb-dielectric-4248,HgTe,Hg-Te,3.912665605545044,4.3289337158203125,0.41626811027526855
1,DualHead_LogDirect_GNN_OOD,mb-dielectric-4250,CsCdCl3,Cd-Cl-Cs,1.8459924459457397,1.8556885719299316,0.009696125984191895
1,DualHead_LogDirect_GNN_OOD,mb-dielectric-4252,CdP4,Cd-P,3.5701539516448975,3.5068202018737793,0.06333374977111816
1,DualHead_LogDirect_GNN_OOD,mb-dielectric-4260,NbNO,N-Nb-O,3.055765151977539,2.6781258583068848,0.3776392936706543
1,DualHead_LogDirect_GNN_OOD,mb-dielectric-4268,KNbO3,K-Nb-O,2.381389856338501,2.201305389404297,0.1800844669342041
1,DualHead_LogDirect_GNN_OOD,mb-dielectric-4269,CuBS2,B-Cu-S,2.8865272998809814,3.661823034286499,0.7752957344055176
1,DualHead_LogDirect_GNN_OOD,mb-dielectric-4271,ReSe2,Re-Se,3.4174551963806152,3.705153465270996,0.28769826889038086
1,DualHead_LogDirect_GNN_OOD,mb-dielectric-4272,BaH2,Ba-H,2.064380407333374,1.9503109455108643,0.11406946182250977
1,DualHead_LogDirect_GNN_OOD,mb-dielectric-4284,H7BrO3,Br-H-O,1.5790308713912964,1.5337145328521729,0.045316338539123535
1,DualHead_LogDirect_GNN_OOD,mb-dielectric-4290,LiCoOF2,Co-F-Li-O,2.437278985977173,1.7727851867675781,0.6644937992095947
1,DualHead_LogDirect_GNN_OOD,mb-dielectric-4296,Li3Cr2FeO6,Cr-Fe-Li-O,2.1461925506591797,2.1064367294311523,0.039755821228027344
1,DualHead_LogDirect_GNN_OOD,mb-dielectric-4297,Cu2Se,Cu-Se,1.0,3.7743029594421387,2.7743029594421387
1,DualHead_LogDirect_GNN_OOD,mb-dielectric-4300,Ga3Os,Ga-Os,4.182429313659668,4.474973678588867,0.2925443649291992
1,DualHead_LogDirect_GNN_OOD,mb-dielectric-4301,Li3MnSi2O7,Li-Mn-O-Si,1.8781940937042236,1.7386136054992676,0.13958048820495605
1,DualHead_LogDirect_GNN_OOD,mb-dielectric-4305,Li2Mn3NiO8,Li-Mn-Ni-O,2.4041547775268555,2.576657295227051,0.1725025177001953
1,DualHead_LogDirect_GNN_OOD,mb-dielectric-4306,BrF3,Br-F,1.7601324319839478,1.5628597736358643,0.1972726583480835
1,DualHead_LogDirect_GNN_OOD,mb-dielectric-4307,LiSO3F,F-Li-O-S,1.407480001449585,1.4337124824523926,0.026232481002807617
1,DualHead_LogDirect_GNN_OOD,mb-dielectric-4311,V3Zn2O8,O-V-Zn,2.5345427989959717,2.4549195766448975,0.07962322235107422
1,DualHead_LogDirect_GNN_OOD,mb-dielectric-4312,BPS4,B-P-S,1.8067505359649658,1.8424652814865112,0.03571474552154541
1,DualHead_LogDirect_GNN_OOD,mb-dielectric-4314,NaLi3(H2N)4,H-Li-N-Na,1.5966559648513794,1.56432044506073,0.032335519790649414
1,DualHead_LogDirect_GNN_OOD,mb-dielectric-4316,Li2VOF5,F-Li-O-V,1.5010011196136475,1.4923057556152344,0.008695363998413086
1,DualHead_LogDirect_GNN_OOD,mb-dielectric-4317,Na4SnSe4,Na-Se-Sn,2.198704481124878,2.2386562824249268,0.03995180130004883
1,DualHead_LogDirect_GNN_OOD,mb-dielectric-4319,BaMgF4,Ba-F-Mg,1.5490857362747192,1.5073550939559937,0.041730642318725586
1,DualHead_LogDirect_GNN_OOD,mb-dielectric-4320,SnF2,F-Sn,1.8222880363464355,1.688659906387329,0.13362812995910645
1,DualHead_LogDirect_GNN_OOD,mb-dielectric-4325,Li7V(O2F)2,F-Li-O-V,1.7290048599243164,1.7181230783462524,0.010881781578063965
1,DualHead_LogDirect_GNN_OOD,mb-dielectric-4332,Ca(SnO2)2,Ca-O-Sn,2.296762704849243,2.2451701164245605,0.05159258842468262
1,DualHead_LogDirect_GNN_OOD,mb-dielectric-4347,Si3Os2,Os-Si,4.432316303253174,4.595231533050537,0.16291522979736328
1,DualHead_LogDirect_GNN_OOD,mb-dielectric-4349,CsHO,Cs-H-O,1.67621910572052,1.5922527313232422,0.08396637439727783
1,DualHead_LogDirect_GNN_OOD,mb-dielectric-4355,LiGaO2,Ga-Li-O,1.8235496282577515,1.8125388622283936,0.01101076602935791
1,DualHead_LogDirect_GNN_OOD,mb-dielectric-4356,Hg3Cl4O,Cl-Hg-O,2.0355660915374756,2.152675151824951,0.11710906028747559
1,DualHead_LogDirect_GNN_OOD,mb-dielectric-4359,TlBrO3,Br-O-Tl,1.8871089220046997,1.9014849662780762,0.014376044273376465
1,DualHead_LogDirect_GNN_OOD,mb-dielectric-4364,Li6PS5I,I-Li-P-S,1.9817895889282227,1.9470293521881104,0.034760236740112305
1,DualHead_LogDirect_GNN_OOD,mb-dielectric-4370,BaTe3,Ba-Te,3.725440263748169,3.811091423034668,0.08565115928649902
1,DualHead_LogDirect_GNN_OOD,mb-dielectric-4376,Te(HO)6,H-O-Te,1.6140192747116089,1.701463222503662,0.08744394779205322
1,DualHead_LogDirect_GNN_OOD,mb-dielectric-4381,Li2MnSiO4,Li-Mn-O-Si,1.721409559249878,1.764255404472351,0.042845845222473145
1,DualHead_LogDirect_GNN_OOD,mb-dielectric-4384,CaCO3,C-Ca-O,1.646594762802124,1.617125391960144,0.02946937084197998
1,DualHead_LogDirect_GNN_OOD,mb-dielectric-4385,CuP2,Cu-P,4.0360870361328125,4.016179084777832,0.01990795135498047
1,DualHead_LogDirect_GNN_OOD,mb-dielectric-4397,K2HS2NO6,H-K-N-O-S,1.435652256011963,1.4914253950119019,0.055773138999938965
1,DualHead_LogDirect_GNN_OOD,mb-dielectric-4399,Ca4SiN4,Ca-N-Si,2.4090657234191895,2.315924644470215,0.09314107894897461
1,DualHead_LogDirect_GNN_OOD,mb-dielectric-4409,LiMn(PO3)4,Li-Mn-O-P,1.6287375688552856,1.6934897899627686,0.06475222110748291
1,DualHead_LogDirect_GNN_OOD,mb-dielectric-4418,SrAlH5,Al-H-Sr,2.1283349990844727,2.0518288612365723,0.07650613784790039
1,DualHead_LogDirect_GNN_OOD,mb-dielectric-4421,K6CoSe4,Co-K-Se,2.0991275310516357,2.0159835815429688,0.08314394950866699
1,DualHead_LogDirect_GNN_OOD,mb-dielectric-4426,Li2Cr(H2O3)2,Cr-H-Li-O,1.6600029468536377,1.6507306098937988,0.009272336959838867
1,DualHead_LogDirect_GNN_OOD,mb-dielectric-4428,CaZnAsHO5,As-Ca-H-O-Zn,1.8669312000274658,1.832576036453247,0.03435516357421875
1,DualHead_LogDirect_GNN_OOD,mb-dielectric-4434,Ca4ZrN4,Ca-N-Zr,2.472639560699463,2.4844970703125,0.01185750961303711
1,DualHead_LogDirect_GNN_OOD,mb-dielectric-4470,Ca2B2O5,B-Ca-O,1.6984477043151855,1.6553720235824585,0.04307568073272705
1,DualHead_LogDirect_GNN_OOD,mb-dielectric-4477,BaAl2Si3(NO)4,Al-Ba-N-O-Si,1.8433833122253418,1.8222575187683105,0.02112579345703125
1,DualHead_LogDirect_GNN_OOD,mb-dielectric-4480,LiSi2NiO6,Li-Ni-O-Si,1.8360254764556885,1.6455528736114502,0.19047260284423828
1,DualHead_LogDirect_GNN_OOD,mb-dielectric-4489,InBr,Br-In,2.615849018096924,2.3147802352905273,0.3010687828063965
1,DualHead_LogDirect_GNN_OOD,mb-dielectric-4498,NaLiSO4,Li-Na-O-S,1.51003098487854,1.5322353839874268,0.02220439910888672
1,DualHead_LogDirect_GNN_OOD,mb-dielectric-4501,SrSe,Se-Sr,2.2753021717071533,2.2958216667175293,0.020519495010375977
1,DualHead_LogDirect_GNN_OOD,mb-dielectric-4507,Sc4C3,C-Sc,4.095160484313965,3.067134141921997,1.0280263423919678
1,DualHead_LogDirect_GNN_OOD,mb-dielectric-4510,KZnF3,F-K-Zn,1.5328874588012695,1.527132272720337,0.005755186080932617
1,DualHead_LogDirect_GNN_OOD,mb-dielectric-4532,NaF,F-Na,1.3852797746658325,1.4191582202911377,0.033878445625305176
1,DualHead_LogDirect_GNN_OOD,mb-dielectric-4536,Zr2SeN2,N-Se-Zr,3.298919200897217,3.4605958461761475,0.16167664527893066
1,DualHead_LogDirect_GNN_OOD,mb-dielectric-4537,H2O,H-O,1.4759687185287476,1.4334869384765625,0.04248178005218506
1,DualHead_LogDirect_GNN_OOD,mb-dielectric-4538,CsCaBr3,Br-Ca-Cs,1.724116563796997,1.894872784614563,0.17075622081756592
1,DualHead_LogDirect_GNN_OOD,mb-dielectric-4562,Li2Ti(TeO4)3,Li-O-Te-Ti,2.1129403114318848,2.1270828247070312,0.014142513275146484
1,DualHead_LogDirect_GNN_OOD,mb-dielectric-4569,BaO,Ba-O,2.0649454593658447,2.2967755794525146,0.23183012008666992
1,DualHead_LogDirect_GNN_OOD,mb-dielectric-4571,SrO,O-Sr,1.9743353128433228,2.027815580368042,0.05348026752471924
1,DualHead_LogDirect_GNN_OOD,mb-dielectric-4578,BPO4,B-O-P,1.6632627248764038,1.6548277139663696,0.00843501091003418
1,DualHead_LogDirect_GNN_OOD,mb-dielectric-4579,H2,H,1.122942566871643,1.3566327095031738,0.23369014263153076
1,DualHead_LogDirect_GNN_OOD,mb-dielectric-4582,Na2Te,Na-Te,2.0791022777557373,2.1404004096984863,0.06129813194274902
1,DualHead_LogDirect_GNN_OOD,mb-dielectric-4589,RbAlO2,Al-O-Rb,1.6711440086364746,1.616084337234497,0.05505967140197754
1,DualHead_LogDirect_GNN_OOD,mb-dielectric-4590,BaO2,Ba-O,1.8761663436889648,1.797624111175537,0.07854223251342773
1,DualHead_LogDirect_GNN_OOD,mb-dielectric-4591,K2Sn2O3,K-O-Sn,2.2098023891448975,1.9720427989959717,0.23775959014892578
1,DualHead_LogDirect_GNN_OOD,mb-dielectric-4594,Ca(HO)2,Ca-H-O,1.6263500452041626,1.599942684173584,0.026407361030578613
1,DualHead_LogDirect_GNN_OOD,mb-dielectric-4596,Li2O,Li-O,1.7092905044555664,1.7956774234771729,0.08638691902160645
1,DualHead_LogDirect_GNN_OOD,mb-dielectric-4598,RbCl,Cl-Rb,1.5102980136871338,1.5544965267181396,0.04419851303100586
1,DualHead_LogDirect_GNN_OOD,mb-dielectric-4600,AlGa3N4,Al-Ga-N,2.357323408126831,2.4391984939575195,0.08187508583068848
1,DualHead_LogDirect_GNN_OOD,mb-dielectric-4614,NaCaAs,As-Ca-Na,2.5550107955932617,2.662761688232422,0.10775089263916016
1,DualHead_LogDirect_GNN_OOD,mb-dielectric-4616,NbCu3Se4,Cu-Nb-Se,2.712369918823242,2.8341474533081055,0.12177753448486328
1,DualHead_LogDirect_GNN_OOD,mb-dielectric-4620,RbIO3,I-O-Rb,1.840225338935852,1.8525980710983276,0.012372732162475586
1,DualHead_LogDirect_GNN_OOD,mb-dielectric-4634,Nd(PO3)3,Nd-O-P,1.6655688285827637,1.6366777420043945,0.02889108657836914
1,DualHead_LogDirect_GNN_OOD,mb-dielectric-4648,Re2O7,O-Re,1.5843085050582886,1.5612586736679077,0.02304983139038086
1,DualHead_LogDirect_GNN_OOD,mb-dielectric-4653,SnF4,F-Sn,1.5883249044418335,1.5577051639556885,0.03061974048614502
1,DualHead_LogDirect_GNN_OOD,mb-dielectric-4657,CsK2Bi,Bi-Cs-K,3.402045965194702,2.6173689365386963,0.7846770286560059
1,DualHead_LogDirect_GNN_OOD,mb-dielectric-4663,Dy2Be2GeO7,Be-Dy-Ge-O,1.943004846572876,1.950974464416504,0.00796961784362793
1,DualHead_LogDirect_GNN_OOD,mb-dielectric-4664,Mg(SbO3)2,Mg-O-Sb,2.116291046142578,2.095496892929077,0.020794153213500977
1,DualHead_LogDirect_GNN_OOD,mb-dielectric-4665,Sr4MgCr2(SO3)2,Cr-Mg-O-S-Sr,2.1846425533294678,2.176074504852295,0.008568048477172852
1,DualHead_LogDirect_GNN_OOD,mb-dielectric-4667,LiMnPO4,Li-Mn-O-P,1.6219987869262695,1.6930354833602905,0.071036696434021
1,DualHead_LogDirect_GNN_OOD,mb-dielectric-4682,Mn2ZnO4,Mn-O-Zn,3.185753345489502,2.486630916595459,0.699122428894043
1,DualHead_LogDirect_GNN_OOD,mb-dielectric-4683,NaHO,H-Na-O,1.5454990863800049,1.5484974384307861,0.00299835205078125
1,DualHead_LogDirect_GNN_OOD,mb-dielectric-4684,Ca2CrWO6,Ca-Cr-O-W,2.2558977603912354,2.264653205871582,0.00875544548034668
1,DualHead_LogDirect_GNN_OOD,mb-dielectric-4685,MgV2O4,Mg-O-V,2.1743922233581543,2.218705415725708,0.04431319236755371
1,DualHead_LogDirect_GNN_OOD,mb-dielectric-4686,Ca2Sn3O8,Ca-O-Sn,1.9334611892700195,2.071779251098633,0.13831806182861328
1,DualHead_LogDirect_GNN_OOD,mb-dielectric-4690,Li2WS4,Li-S-W,1.799191951751709,1.7942733764648438,0.004918575286865234
1,DualHead_LogDirect_GNN_OOD,mb-dielectric-4695,WF4,F-W,1.5030840635299683,1.6283475160598755,0.12526345252990723
1,DualHead_LogDirect_GNN_OOD,mb-dielectric-4696,LiHSeO3,H-Li-O-Se,1.6425589323043823,1.5959129333496094,0.04664599895477295
1,DualHead_LogDirect_GNN_OOD,mb-dielectric-4697,NaHfPCO7,C-Hf-Na-O-P,1.5729050636291504,1.5923465490341187,0.01944148540496826
1,DualHead_LogDirect_GNN_OOD,mb-dielectric-4709,CdSiAs2,As-Cd-Si,3.751614809036255,3.877866268157959,0.1262514591217041
1,DualHead_LogDirect_GNN_OOD,mb-dielectric-4713,Mo2O5,Mo-O,1.9247617721557617,1.825722098350525,0.09903967380523682
1,DualHead_LogDirect_GNN_OOD,mb-dielectric-4714,Li2Mn2Si2O7,Li-Mn-O-Si,1.7696952819824219,1.797152042388916,0.02745676040649414
1,DualHead_LogDirect_GNN_OOD,mb-dielectric-4715,MnCu2SiS4,Cu-Mn-S-Si,2.8350424766540527,2.959531784057617,0.12448930740356445
1,DualHead_LogDirect_GNN_OOD,mb-dielectric-4718,Sr2SbAu,Au-Sb-Sr,5.227213382720947,4.580862045288086,0.6463513374328613
1,DualHead_LogDirect_GNN_OOD,mb-dielectric-4725,ZnCr2O7,Cr-O-Zn,1.899183750152588,2.2112338542938232,0.31205010414123535
1,DualHead_LogDirect_GNN_OOD,mb-dielectric-4731,TiNCl,Cl-N-Ti,2.9276511669158936,2.584625482559204,0.34302568435668945
1,DualHead_LogDirect_GNN_OOD,mb-dielectric-4736,Rb2ZnCl4,Cl-Rb-Zn,1.5854427814483643,1.6426671743392944,0.057224392890930176
1,DualHead_LogDirect_GNN_OOD,mb-dielectric-4747,LiMnPO4,Li-Mn-O-P,1.5475493669509888,1.6372040510177612,0.08965468406677246
1,DualHead_LogDirect_GNN_OOD,mb-dielectric-4748,Li5Mn(SiO4)2,Li-Mn-O-Si,1.9922823905944824,1.7022137641906738,0.2900686264038086
2,DualHead_LogDirect_GNN_OOD,mb-dielectric-0003,Rb2ZrO3,O-Rb-Zr,1.867857575416565,1.9521523714065552,0.08429479598999023
2,DualHead_LogDirect_GNN_OOD,mb-dielectric-0006,CaTlF3,Ca-F-Tl,1.6774944067001343,1.6764578819274902,0.001036524772644043
2,DualHead_LogDirect_GNN_OOD,mb-dielectric-0007,TlPd2Se3,Pd-Se-Tl,5.083371639251709,3.79789662361145,1.2854750156402588
2,DualHead_LogDirect_GNN_OOD,mb-dielectric-0012,RbAuO2,Au-O-Rb,1.890487790107727,1.834476351737976,0.05601143836975098
2,DualHead_LogDirect_GNN_OOD,mb-dielectric-0016,Si3N4,N-Si,2.0692684650421143,2.242826223373413,0.17355775833129883
2,DualHead_LogDirect_GNN_OOD,mb-dielectric-0027,OsOF5,F-O-Os,1.610746145248413,1.625622272491455,0.014876127243041992
2,DualHead_LogDirect_GNN_OOD,mb-dielectric-0037,Ca4Cl6O,Ca-Cl-O,1.797154426574707,1.7971155643463135,3.886222839355469e-05
2,DualHead_LogDirect_GNN_OOD,mb-dielectric-0039,K2SiP2,K-P-Si,2.3380987644195557,2.324451446533203,0.013647317886352539
2,DualHead_LogDirect_GNN_OOD,mb-dielectric-0052,Ca(MgSb)2,Ca-Mg-Sb,3.259856939315796,3.454591751098633,0.19473481178283691
2,DualHead_LogDirect_GNN_OOD,mb-dielectric-0053,Ag2S,Ag-S,2.686948299407959,3.013943910598755,0.3269956111907959
2,DualHead_LogDirect_GNN_OOD,mb-dielectric-0060,BiTeCl,Bi-Cl-Te,2.758195400238037,2.9072930812835693,0.14909768104553223
2,DualHead_LogDirect_GNN_OOD,mb-dielectric-0063,K3Sb2Au3,Au-K-Sb,3.132570743560791,2.875413417816162,0.2571573257446289
2,DualHead_LogDirect_GNN_OOD,mb-dielectric-0067,LiFeP2O7,Fe-Li-O-P,1.8668245077133179,1.9096962213516235,0.042871713638305664
2,DualHead_LogDirect_GNN_OOD,mb-dielectric-0073,K2AlF5,Al-F-K,1.3501851558685303,1.3799211978912354,0.029736042022705078
2,DualHead_LogDirect_GNN_OOD,mb-dielectric-0078,CsAsF6,As-Cs-F,1.4094877243041992,1.4276105165481567,0.01812279224395752
2,DualHead_LogDirect_GNN_OOD,mb-dielectric-0093,BAsO4,As-B-O,1.7483561038970947,1.7098643779754639,0.03849172592163086
2,DualHead_LogDirect_GNN_OOD,mb-dielectric-0100,TeO2,O-Te,2.3709354400634766,2.3103294372558594,0.06060600280761719
2,DualHead_LogDirect_GNN_OOD,mb-dielectric-0104,CsAu3Se2,Au-Cs-Se,2.271348714828491,2.272517204284668,0.0011684894561767578
2,DualHead_LogDirect_GNN_OOD,mb-dielectric-0108,SrHfN2,Hf-N-Sr,3.3035335540771484,3.051445960998535,0.2520875930786133
2,DualHead_LogDirect_GNN_OOD,mb-dielectric-0113,AlCuCl4,Al-Cl-Cu,1.7202858924865723,1.793818473815918,0.0735325813293457
2,DualHead_LogDirect_GNN_OOD,mb-dielectric-0114,BaSeO3,Ba-O-Se,1.81589937210083,1.8625144958496094,0.0466151237487793
2,DualHead_LogDirect_GNN_OOD,mb-dielectric-0118,Sr(P3Pt2)2,P-Pt-Sr,4.339277744293213,4.587244987487793,0.24796724319458008
2,DualHead_LogDirect_GNN_OOD,mb-dielectric-0132,Ba2HfS4,Ba-Hf-S,2.596806764602661,2.5333006381988525,0.0635061264038086
2,DualHead_LogDirect_GNN_OOD,mb-dielectric-0140,Li5Fe(SiO4)2,Fe-Li-O-Si,1.7388070821762085,1.7027876377105713,0.03601944446563721
2,DualHead_LogDirect_GNN_OOD,mb-dielectric-0141,KCuTe,Cu-K-Te,2.995579719543457,2.7894067764282227,0.20617294311523438
2,DualHead_LogDirect_GNN_OOD,mb-dielectric-0142,Cs2GeF6,Cs-F-Ge,1.4208011627197266,1.4245039224624634,0.0037027597427368164
2,DualHead_LogDirect_GNN_OOD,mb-dielectric-0147,KScO2,K-O-Sc,1.966504454612732,1.9892882108688354,0.022783756256103516
2,DualHead_LogDirect_GNN_OOD,mb-dielectric-0150,RbScO2,O-Rb-Sc,2.0075933933258057,2.0321741104125977,0.024580717086791992
2,DualHead_LogDirect_GNN_OOD,mb-dielectric-0152,Al2HgTe4,Al-Hg-Te,3.0542702674865723,2.82936954498291,0.2249007225036621
2,DualHead_LogDirect_GNN_OOD,mb-dielectric-0153,CSO,C-O-S,1.4748880863189697,1.3680462837219238,0.1068418025970459
2,DualHead_LogDirect_GNN_OOD,mb-dielectric-0156,K2UF6,F-K-U,1.5889970064163208,1.5251179933547974,0.06387901306152344
2,DualHead_LogDirect_GNN_OOD,mb-dielectric-0162,Li9Fe5(SiO8)2,Fe-Li-O-Si,2.056861639022827,2.0296826362609863,0.02717900276184082
2,DualHead_LogDirect_GNN_OOD,mb-dielectric-0165,RbLiSe,Li-Rb-Se,2.024021863937378,2.05861234664917,0.03459048271179199
2,DualHead_LogDirect_GNN_OOD,mb-dielectric-0166,Si,Si,3.5704264640808105,2.936886787414551,0.6335396766662598
2,DualHead_LogDirect_GNN_OOD,mb-dielectric-0172,Fe5CuO8,Cu-Fe-O,3.562347888946533,2.4925408363342285,1.0698070526123047
2,DualHead_LogDirect_GNN_OOD,mb-dielectric-0173,TlF,F-Tl,1.9497008323669434,1.9228417873382568,0.026859045028686523
2,DualHead_LogDirect_GNN_OOD,mb-dielectric-0175,LiCuO2,Cu-Li-O,2.8668673038482666,2.805820941925049,0.06104636192321777
2,DualHead_LogDirect_GNN_OOD,mb-dielectric-0180,Ca(SbO3)2,Ca-O-Sb,1.8927030563354492,1.9205827713012695,0.027879714965820312
2,DualHead_LogDirect_GNN_OOD,mb-dielectric-0189,Cs2NbF6,Cs-F-Nb,1.6105499267578125,1.5630419254302979,0.04750800132751465
2,DualHead_LogDirect_GNN_OOD,mb-dielectric-0195,Sc2SO2,O-S-Sc,2.521139621734619,2.518514633178711,0.002624988555908203
2,DualHead_LogDirect_GNN_OOD,mb-dielectric-0199,Rb2HgF4,F-Hg-Rb,1.5794270038604736,1.5229829549789429,0.05644404888153076
2,DualHead_LogDirect_GNN_OOD,mb-dielectric-0200,RbNO2,N-O-Rb,1.5269465446472168,1.5292701721191406,0.002323627471923828
2,DualHead_LogDirect_GNN_OOD,mb-dielectric-0206,RbNaS,Na-Rb-S,1.8947871923446655,1.8178575038909912,0.07692968845367432
2,DualHead_LogDirect_GNN_OOD,mb-dielectric-0214,SrFeO2,Fe-O-Sr,2.266571283340454,2.2882494926452637,0.02167820930480957
2,DualHead_LogDirect_GNN_OOD,mb-dielectric-0222,LiMg4V3O12,Li-Mg-O-V,1.9263904094696045,1.8964200019836426,0.029970407485961914
2,DualHead_LogDirect_GNN_OOD,mb-dielectric-0232,RbGaO2,Ga-O-Rb,1.7582118511199951,1.73300039768219,0.025211453437805176
2,DualHead_LogDirect_GNN_OOD,mb-dielectric-0251,In2HgSe4,Hg-In-Se,2.9445297718048096,2.815969467163086,0.12856030464172363
2,DualHead_LogDirect_GNN_OOD,mb-dielectric-0253,RbLaSe2,La-Rb-Se,2.262070417404175,2.2007975578308105,0.06127285957336426
2,DualHead_LogDirect_GNN_OOD,mb-dielectric-0257,InAgTe2,Ag-In-Te,3.560272693634033,3.5535643100738525,0.006708383560180664
2,DualHead_LogDirect_GNN_OOD,mb-dielectric-0265,RbHgF3,F-Hg-Rb,1.7387624979019165,1.5912845134735107,0.14747798442840576
2,DualHead_LogDirect_GNN_OOD,mb-dielectric-0274,Na4SnTe4,Na-Sn-Te,2.5734026432037354,2.54091215133667,0.03249049186706543
2,DualHead_LogDirect_GNN_OOD,mb-dielectric-0277,CaGeN2,Ca-Ge-N,2.369647741317749,2.4863638877868652,0.11671614646911621
2,DualHead_LogDirect_GNN_OOD,mb-dielectric-0283,ZnFeH4O2F5,F-Fe-H-O-Zn,1.5603069067001343,1.610883355140686,0.05057644844055176
2,DualHead_LogDirect_GNN_OOD,mb-dielectric-0288,AlPO4,Al-O-P,1.5054303407669067,1.5382812023162842,0.03285086154937744
2,DualHead_LogDirect_GNN_OOD,mb-dielectric-0295,Li10Sn(PSe6)2,Li-P-Se-Sn,2.2758665084838867,2.4210357666015625,0.14516925811767578
2,DualHead_LogDirect_GNN_OOD,mb-dielectric-0296,Ba(ZnAs)2,As-Ba-Zn,4.192254543304443,4.198836326599121,0.006581783294677734
2,DualHead_LogDirect_GNN_OOD,mb-dielectric-0303,SrH4O3,H-O-Sr,1.6074217557907104,1.549337387084961,0.05808436870574951
2,DualHead_LogDirect_GNN_OOD,mb-dielectric-0305,Li3VBO5,B-Li-O-V,1.8758513927459717,1.8063652515411377,0.06948614120483398
2,DualHead_LogDirect_GNN_OOD,mb-dielectric-0308,AlPO4,Al-O-P,1.4575809240341187,1.484851360321045,0.02727043628692627
2,DualHead_LogDirect_GNN_OOD,mb-dielectric-0312,Rb2SnAs2,As-Rb-Sn,2.5949079990386963,2.6637144088745117,0.06880640983581543
2,DualHead_LogDirect_GNN_OOD,mb-dielectric-0321,Rb2MnTe2,Mn-Rb-Te,2.1707563400268555,2.2087888717651367,0.03803253173828125
2,DualHead_LogDirect_GNN_OOD,mb-dielectric-0327,ZrO2,O-Zr,2.312502145767212,2.3697829246520996,0.057280778884887695
2,DualHead_LogDirect_GNN_OOD,mb-dielectric-0333,Y4Se3N2,N-Se-Y,2.665118455886841,2.77351975440979,0.10840129852294922
2,DualHead_LogDirect_GNN_OOD,mb-dielectric-0335,V2Te2O9,O-Te-V,2.3174877166748047,2.2924580574035645,0.025029659271240234
2,DualHead_LogDirect_GNN_OOD,mb-dielectric-0337,Li3ErCl6,Cl-Er-Li,1.742565393447876,1.7742725610733032,0.031707167625427246
2,DualHead_LogDirect_GNN_OOD,mb-dielectric-0339,KMg(PO3)3,K-Mg-O-P,1.5507783889770508,1.5535160303115845,0.0027376413345336914
2,DualHead_LogDirect_GNN_OOD,mb-dielectric-0343,BaCuN,Ba-Cu-N,3.584953546524048,3.137397289276123,0.4475562572479248
2,DualHead_LogDirect_GNN_OOD,mb-dielectric-0345,LuBO3,B-Lu-O,1.8107798099517822,1.8321533203125,0.021373510360717773
2,DualHead_LogDirect_GNN_OOD,mb-dielectric-0346,Ca(ClO3)2,Ca-Cl-O,1.6660274267196655,1.5928637981414795,0.07316362857818604
2,DualHead_LogDirect_GNN_OOD,mb-dielectric-0352,Ag2S,Ag-S,2.9448578357696533,4.027768611907959,1.0829107761383057
2,DualHead_LogDirect_GNN_OOD,mb-dielectric-0354,SmSnAu,Au-Sm-Sn,4.992550849914551,4.763895511627197,0.22865533828735352
2,DualHead_LogDirect_GNN_OOD,mb-dielectric-0357,Sr2In2O5,In-O-Sr,2.0690786838531494,2.0707578659057617,0.0016791820526123047
2,DualHead_LogDirect_GNN_OOD,mb-dielectric-0358,LiPN2,Li-N-P,2.058563709259033,1.9970829486846924,0.06148076057434082
2,DualHead_LogDirect_GNN_OOD,mb-dielectric-0367,Be4Si2H2O9,Be-H-O-Si,1.634634017944336,1.6332712173461914,0.0013628005981445312
2,DualHead_LogDirect_GNN_OOD,mb-dielectric-0371,LiFeSiO4,Fe-Li-O-Si,1.71628999710083,1.6899853944778442,0.02630460262298584
2,DualHead_LogDirect_GNN_OOD,mb-dielectric-0381,NaLiZnP2O7,Li-Na-O-P-Zn,1.5884339809417725,1.5965850353240967,0.008151054382324219
2,DualHead_LogDirect_GNN_OOD,mb-dielectric-0383,Cs5Te3H4NCl18,Cl-Cs-H-N-Te,1.7853641510009766,1.7084002494812012,0.07696390151977539
2,DualHead_LogDirect_GNN_OOD,mb-dielectric-0390,Sr2ZnN2,N-Sr-Zn,2.532809019088745,2.908651828765869,0.375842809677124
2,DualHead_LogDirect_GNN_OOD,mb-dielectric-0401,Li2AlCoO4,Al-Co-Li-O,1.9396055936813354,2.018930196762085,0.07932460308074951
2,DualHead_LogDirect_GNN_OOD,mb-dielectric-0407,Li2CO3,C-Li-O,1.539480447769165,1.5347447395324707,0.004735708236694336
2,DualHead_LogDirect_GNN_OOD,mb-dielectric-0408,K2NaNb(OF2)2,F-K-Na-Nb-O,1.5964208841323853,1.5804446935653687,0.0159761905670166
2,DualHead_LogDirect_GNN_OOD,mb-dielectric-0432,SrH2(CO2)2,C-H-O-Sr,1.5677398443222046,1.5638604164123535,0.0038794279098510742
2,DualHead_LogDirect_GNN_OOD,mb-dielectric-0438,FeBr2,Br-Fe,12.891263008117676,2.328537940979004,10.562725067138672
2,DualHead_LogDirect_GNN_OOD,mb-dielectric-0442,As2S3,As-S,2.350787401199341,2.321033000946045,0.0297544002532959
2,DualHead_LogDirect_GNN_OOD,mb-dielectric-0443,TmCu(BO2)5,B-Cu-O-Tm,1.8554555177688599,1.918534755706787,0.06307923793792725
2,DualHead_LogDirect_GNN_OOD,mb-dielectric-0452,KLiBeF4,Be-F-K-Li,1.3426342010498047,1.364445447921753,0.021811246871948242
2,DualHead_LogDirect_GNN_OOD,mb-dielectric-0457,ZrO2,O-Zr,2.3652868270874023,2.440838575363159,0.07555174827575684
2,DualHead_LogDirect_GNN_OOD,mb-dielectric-0458,ZnSi(AgO2)2,Ag-O-Si-Zn,2.1287803649902344,2.1947202682495117,0.06593990325927734
2,DualHead_LogDirect_GNN_OOD,mb-dielectric-0460,Nb2Te3O11,Nb-O-Te,2.221975088119507,2.2640950679779053,0.04211997985839844
2,DualHead_LogDirect_GNN_OOD,mb-dielectric-0461,B6As,As-B,2.7701985836029053,2.9919090270996094,0.2217104434967041
2,DualHead_LogDirect_GNN_OOD,mb-dielectric-0471,TiNbTl(O2F)2,F-Nb-O-Ti-Tl,2.241734743118286,2.5090394020080566,0.2673046588897705
2,DualHead_LogDirect_GNN_OOD,mb-dielectric-0477,SbClO,Cl-O-Sb,2.4789493083953857,2.3263659477233887,0.15258336067199707
2,DualHead_LogDirect_GNN_OOD,mb-dielectric-0484,S,S,1.6828875541687012,1.7008960247039795,0.01800847053527832
2,DualHead_LogDirect_GNN_OOD,mb-dielectric-0491,TiMnO3,Mn-O-Ti,2.4457459449768066,2.5345115661621094,0.08876562118530273
2,DualHead_LogDirect_GNN_OOD,mb-dielectric-0494,Mn2FeO4,Fe-Mn-O,2.4907240867614746,2.57132625579834,0.08060216903686523
2,DualHead_LogDirect_GNN_OOD,mb-dielectric-0497,PbCl2,Cl-Pb,2.003164052963257,1.9840476512908936,0.01911640167236328
2,DualHead_LogDirect_GNN_OOD,mb-dielectric-0498,PbBr2,Br-Pb,2.2085440158843994,2.2792327404022217,0.07068872451782227
2,DualHead_LogDirect_GNN_OOD,mb-dielectric-0507,InPS4,In-P-S,2.3333723545074463,2.3682875633239746,0.03491520881652832
2,DualHead_LogDirect_GNN_OOD,mb-dielectric-0510,K2Se,K-Se,1.8155807256698608,1.8219043016433716,0.006323575973510742
2,DualHead_LogDirect_GNN_OOD,mb-dielectric-0511,Au2S,Au-S,2.6387197971343994,2.4976930618286133,0.14102673530578613
2,DualHead_LogDirect_GNN_OOD,mb-dielectric-0513,Y2P4O13,O-P-Y,1.6560536623001099,1.6510591506958008,0.004994511604309082
2,DualHead_LogDirect_GNN_OOD,mb-dielectric-0519,Li2FeSiO4,Fe-Li-O-Si,1.7840396165847778,1.794203519821167,0.01016390323638916
2,DualHead_LogDirect_GNN_OOD,mb-dielectric-0523,Y(PO3)3,O-P-Y,1.5731309652328491,1.5578992366790771,0.015231728553771973
2,DualHead_LogDirect_GNN_OOD,mb-dielectric-0530,H3N,H-N,1.4046074151992798,1.4362422227859497,0.03163480758666992
2,DualHead_LogDirect_GNN_OOD,mb-dielectric-0536,AlTlF4,Al-F-Tl,1.6448124647140503,1.665304183959961,0.020491719245910645
2,DualHead_LogDirect_GNN_OOD,mb-dielectric-0546,RbRuF6,F-Rb-Ru,1.533407211303711,1.5211647748947144,0.012242436408996582
2,DualHead_LogDirect_GNN_OOD,mb-dielectric-0548,Ce2Dy2O7,Ce-Dy-O,2.4228577613830566,2.158602237701416,0.2642555236816406
2,DualHead_LogDirect_GNN_OOD,mb-dielectric-0552,KOsF6,F-K-Os,1.5129709243774414,1.5040841102600098,0.00888681411743164
2,DualHead_LogDirect_GNN_OOD,mb-dielectric-0554,K2PdF6,F-K-Pd,1.569645643234253,1.5580822229385376,0.011563420295715332
2,DualHead_LogDirect_GNN_OOD,mb-dielectric-0561,Al2O3,Al-O,1.8111664056777954,1.7465747594833374,0.06459164619445801
2,DualHead_LogDirect_GNN_OOD,mb-dielectric-0562,MnSiN2,Mn-N-Si,2.415461301803589,2.711825132369995,0.29636383056640625
2,DualHead_LogDirect_GNN_OOD,mb-dielectric-0579,Al2PbO4,Al-O-Pb,1.9122250080108643,1.916513204574585,0.004288196563720703
2,DualHead_LogDirect_GNN_OOD,mb-dielectric-0592,NaInBr4,Br-In-Na,1.7455672025680542,1.7996271848678589,0.05405998229980469
2,DualHead_LogDirect_GNN_OOD,mb-dielectric-0596,TiH2SO6,H-O-S-Ti,1.919816017150879,1.869309425354004,0.050506591796875
2,DualHead_LogDirect_GNN_OOD,mb-dielectric-0603,RbZnPO4,O-P-Rb-Zn,1.6129930019378662,1.6315346956253052,0.018541693687438965
2,DualHead_LogDirect_GNN_OOD,mb-dielectric-0607,Na5LiMn2P2(CO7)2,C-Li-Mn-Na-O-P,1.6065551042556763,1.616018533706665,0.00946342945098877
2,DualHead_LogDirect_GNN_OOD,mb-dielectric-0610,Ti2CuSb3,Cu-Sb-Ti,1.0,4.764839172363281,3.7648391723632812
2,DualHead_LogDirect_GNN_OOD,mb-dielectric-0615,KCrP2S7,Cr-K-P-S,2.2937872409820557,2.2764010429382324,0.017386198043823242
2,DualHead_LogDirect_GNN_OOD,mb-dielectric-0637,Tl3AgTe2,Ag-Te-Tl,4.14435338973999,4.195446014404297,0.05109262466430664
2,DualHead_LogDirect_GNN_OOD,mb-dielectric-0641,CdPtF6,Cd-F-Pt,1.7373119592666626,1.855931043624878,0.11861908435821533
2,DualHead_LogDirect_GNN_OOD,mb-dielectric-0643,Pr2SbO5F,F-O-Pr-Sb,2.090681791305542,2.0987963676452637,0.00811457633972168
2,DualHead_LogDirect_GNN_OOD,mb-dielectric-0645,Zn3(PS4)2,P-S-Zn,2.3531486988067627,2.418498992919922,0.06535029411315918
2,DualHead_LogDirect_GNN_OOD,mb-dielectric-0648,CsAsF4,As-Cs-F,1.4678817987442017,1.4322785139083862,0.03560328483581543
2,DualHead_LogDirect_GNN_OOD,mb-dielectric-0653,Ca4GeN4,Ca-Ge-N,2.4674506187438965,2.4416158199310303,0.02583479881286621
2,DualHead_LogDirect_GNN_OOD,mb-dielectric-0655,Sc2O3,O-Sc,2.127126693725586,2.2312874794006348,0.10416078567504883
2,DualHead_LogDirect_GNN_OOD,mb-dielectric-0658,LiCdPO4,Cd-Li-O-P,1.7427018880844116,1.788151741027832,0.04544985294342041
2,DualHead_LogDirect_GNN_OOD,mb-dielectric-0661,KAlF4,Al-F-K,1.4014278650283813,1.407010555267334,0.005582690238952637
2,DualHead_LogDirect_GNN_OOD,mb-dielectric-0671,Na3Sr3GaAs4,As-Ga-Na-Sr,2.9761788845062256,3.027200222015381,0.05102133750915527
2,DualHead_LogDirect_GNN_OOD,mb-dielectric-0675,Zn4B6O13,B-O-Zn,1.808266043663025,1.8193435668945312,0.011077523231506348
2,DualHead_LogDirect_GNN_OOD,mb-dielectric-0677,RbHO,H-O-Rb,1.6190844774246216,1.5917714834213257,0.0273129940032959
2,DualHead_LogDirect_GNN_OOD,mb-dielectric-0692,GeSe,Ge-Se,4.826662063598633,3.74288272857666,1.0837793350219727
2,DualHead_LogDirect_GNN_OOD,mb-dielectric-0693,RbScO2,O-Rb-Sc,2.0121631622314453,1.9874866008758545,0.02467656135559082
2,DualHead_LogDirect_GNN_OOD,mb-dielectric-0698,KNbSe2,K-Nb-Se,3.408127546310425,3.2844512462615967,0.12367630004882812
2,DualHead_LogDirect_GNN_OOD,mb-dielectric-0702,LiNbS2,Li-Nb-S,3.4649698734283447,2.4008350372314453,1.0641348361968994
2,DualHead_LogDirect_GNN_OOD,mb-dielectric-0704,MgPdF6,F-Mg-Pd,1.7550803422927856,1.6881074905395508,0.06697285175323486
2,DualHead_LogDirect_GNN_OOD,mb-dielectric-0712,Y3TaO7,O-Ta-Y,2.1284890174865723,2.11879301071167,0.009696006774902344
2,DualHead_LogDirect_GNN_OOD,mb-dielectric-0719,BeSiN2,Be-N-Si,2.1387453079223633,2.2621116638183594,0.1233663558959961
2,DualHead_LogDirect_GNN_OOD,mb-dielectric-0733,K3AsSe3,As-K-Se,1.9861112833023071,2.0019443035125732,0.015833020210266113
2,DualHead_LogDirect_GNN_OOD,mb-dielectric-0740,LiFeP2O7,Fe-Li-O-P,1.7731887102127075,1.7501436471939087,0.023045063018798828
2,DualHead_LogDirect_GNN_OOD,mb-dielectric-0741,KRb2ZrOF5,F-K-O-Rb-Zr,1.484222412109375,1.4936931133270264,0.009470701217651367
2,DualHead_LogDirect_GNN_OOD,mb-dielectric-0742,AsH6NO4,As-H-N-O,1.532335638999939,1.577052354812622,0.044716715812683105
2,DualHead_LogDirect_GNN_OOD,mb-dielectric-0745,YTmO3,O-Tm-Y,2.0147716999053955,2.0246853828430176,0.00991368293762207
2,DualHead_LogDirect_GNN_OOD,mb-dielectric-0756,La8Al7BO24,Al-B-La-O,2.2158520221710205,2.1677439212799072,0.04810810089111328
2,DualHead_LogDirect_GNN_OOD,mb-dielectric-0760,Nd3GaO6,Ga-Nd-O,2.067521810531616,2.042877674102783,0.024644136428833008
2,DualHead_LogDirect_GNN_OOD,mb-dielectric-0761,Li2SO4,Li-O-S,1.5198253393173218,1.5606580972671509,0.0408327579498291
2,DualHead_LogDirect_GNN_OOD,mb-dielectric-0774,Cr3Sb(PO4)4,Cr-O-P-Sb,2.012838363647461,2.0102622509002686,0.002576112747192383
2,DualHead_LogDirect_GNN_OOD,mb-dielectric-0778,Li2CuPO4,Cu-Li-O-P,1.7875701189041138,1.9221746921539307,0.1346045732498169
2,DualHead_LogDirect_GNN_OOD,mb-dielectric-0783,Cr(PO3)3,Cr-O-P,1.7541358470916748,1.829658031463623,0.07552218437194824
2,DualHead_LogDirect_GNN_OOD,mb-dielectric-0789,Ba3WN4,Ba-N-W,2.3458943367004395,2.4179883003234863,0.07209396362304688
2,DualHead_LogDirect_GNN_OOD,mb-dielectric-0790,Ba3WO6,Ba-O-W,2.0469255447387695,1.9994621276855469,0.047463417053222656
2,DualHead_LogDirect_GNN_OOD,mb-dielectric-0803,Li2CuPO4,Cu-Li-O-P,1.7823563814163208,1.8753876686096191,0.09303128719329834
2,DualHead_LogDirect_GNN_OOD,mb-dielectric-0807,RbV(CuS2)2,Cu-Rb-S-V,2.374279737472534,2.368126392364502,0.0061533451080322266
2,DualHead_LogDirect_GNN_OOD,mb-dielectric-0815,Na5Fe2P2(CO7)2,C-Fe-Na-O-P,1.6610088348388672,1.6389496326446533,0.022059202194213867
2,DualHead_LogDirect_GNN_OOD,mb-dielectric-0816,Li2NiP2O7,Li-Ni-O-P,1.6422429084777832,1.6751606464385986,0.03291773796081543
2,DualHead_LogDirect_GNN_OOD,mb-dielectric-0828,Ca3AsN,As-Ca-N,3.0119760036468506,3.149244546890259,0.1372685432434082
2,DualHead_LogDirect_GNN_OOD,mb-dielectric-0846,Li3Cu3(PO4)2,Cu-Li-O-P,1.9010908603668213,2.1112775802612305,0.21018671989440918
2,DualHead_LogDirect_GNN_OOD,mb-dielectric-0849,Li3Fe2(SiO4)2,Fe-Li-O-Si,1.7940223217010498,1.7704663276672363,0.023555994033813477
2,DualHead_LogDirect_GNN_OOD,mb-dielectric-0850,LiFeO2,Fe-Li-O,2.3117733001708984,2.2325100898742676,0.07926321029663086
2,DualHead_LogDirect_GNN_OOD,mb-dielectric-0853,Al2Os,Al-Os,4.159647464752197,3.861271858215332,0.29837560653686523
2,DualHead_LogDirect_GNN_OOD,mb-dielectric-0855,VFeSb,Fe-Sb-V,5.620228290557861,5.518128395080566,0.10209989547729492
2,DualHead_LogDirect_GNN_OOD,mb-dielectric-0858,LiMgBi,Bi-Li-Mg,3.606463670730591,3.6865882873535156,0.0801246166229248
2,DualHead_LogDirect_GNN_OOD,mb-dielectric-0865,BaSn2(HO2)2,Ba-H-O-Sn,2.0947701930999756,1.8794589042663574,0.21531128883361816
2,DualHead_LogDirect_GNN_OOD,mb-dielectric-0867,Ca3GaN3,Ca-Ga-N,2.5660290718078613,2.7179152965545654,0.1518862247467041
2,DualHead_LogDirect_GNN_OOD,mb-dielectric-0875,TeO2,O-Te,2.3628251552581787,2.2872586250305176,0.07556653022766113
2,DualHead_LogDirect_GNN_OOD,mb-dielectric-0887,MnSn3(PO4)4,Mn-O-P-Sn,1.8753612041473389,1.9096256494522095,0.034264445304870605
2,DualHead_LogDirect_GNN_OOD,mb-dielectric-0892,SrH4O3,H-O-Sr,1.6634666919708252,1.5841856002807617,0.07928109169006348
2,DualHead_LogDirect_GNN_OOD,mb-dielectric-0893,KAg2AsO4,Ag-As-K-O,2.0512328147888184,2.0914063453674316,0.04017353057861328
2,DualHead_LogDirect_GNN_OOD,mb-dielectric-0898,RbHO,H-O-Rb,1.5587388277053833,1.5842657089233398,0.025526881217956543
2,DualHead_LogDirect_GNN_OOD,mb-dielectric-0906,BH4NF4,B-F-H-N,1.3661381006240845,1.3796639442443848,0.013525843620300293
2,DualHead_LogDirect_GNN_OOD,mb-dielectric-0907,Li3YbPCO7,C-Li-O-P-Yb,1.6295844316482544,1.7269359827041626,0.0973515510559082
2,DualHead_LogDirect_GNN_OOD,mb-dielectric-0916,LiCuO2,Cu-Li-O,2.4536750316619873,2.6544852256774902,0.20081019401550293
2,DualHead_LogDirect_GNN_OOD,mb-dielectric-0923,CaTeO3,Ca-O-Te,1.8375521898269653,1.8791508674621582,0.04159867763519287
2,DualHead_LogDirect_GNN_OOD,mb-dielectric-0928,H3N,H-N,1.4779860973358154,1.4429786205291748,0.035007476806640625
2,DualHead_LogDirect_GNN_OOD,mb-dielectric-0933,Fe2OF3,F-Fe-O,1.7917728424072266,1.7963881492614746,0.004615306854248047
2,DualHead_LogDirect_GNN_OOD,mb-dielectric-0935,Lu2WO6,Lu-O-W,2.115553617477417,2.1401383876800537,0.02458477020263672
2,DualHead_LogDirect_GNN_OOD,mb-dielectric-0939,InClO,Cl-In-O,1.8617295026779175,1.9771909713745117,0.11546146869659424
2,DualHead_LogDirect_GNN_OOD,mb-dielectric-0940,LiCaPO4,Ca-Li-O-P,1.6581097841262817,1.646960973739624,0.011148810386657715
2,DualHead_LogDirect_GNN_OOD,mb-dielectric-0953,Si,Si,3.4702298641204834,2.966191053390503,0.5040388107299805
2,DualHead_LogDirect_GNN_OOD,mb-dielectric-0963,Ca3PCl3,Ca-Cl-P,2.090366840362549,1.9304732084274292,0.15989363193511963
2,DualHead_LogDirect_GNN_OOD,mb-dielectric-0975,PHN2,H-N-P,1.9346109628677368,2.019582748413086,0.08497178554534912
2,DualHead_LogDirect_GNN_OOD,mb-dielectric-0984,KHS,H-K-S,1.6736187934875488,1.5566433668136597,0.11697542667388916
2,DualHead_LogDirect_GNN_OOD,mb-dielectric-0992,BeAlH5,Al-Be-H,1.8787723779678345,1.7429975271224976,0.13577485084533691
2,DualHead_LogDirect_GNN_OOD,mb-dielectric-0993,NaScAs2O7,As-Na-O-Sc,1.844403624534607,1.8064273595809937,0.03797626495361328
2,DualHead_LogDirect_GNN_OOD,mb-dielectric-0996,Y2Si3N4O3,N-O-Si-Y,2.12035870552063,2.0550718307495117,0.06528687477111816
2,DualHead_LogDirect_GNN_OOD,mb-dielectric-0997,LiRe(OF2)2,F-Li-O-Re,1.6046953201293945,1.6526210308074951,0.047925710678100586
2,DualHead_LogDirect_GNN_OOD,mb-dielectric-0999,CsTaN2,Cs-N-Ta,2.499849319458008,2.659895896911621,0.16004657745361328
2,DualHead_LogDirect_GNN_OOD,mb-dielectric-1001,Ba(PrSe2)2,Ba-Pr-Se,2.970085382461548,3.0913758277893066,0.12129044532775879
2,DualHead_LogDirect_GNN_OOD,mb-dielectric-1005,LiFe5O8,Fe-Li-O,2.3251538276672363,2.3184328079223633,0.006721019744873047
2,DualHead_LogDirect_GNN_OOD,mb-dielectric-1007,LaIO,I-La-O,2.113990306854248,2.365082025527954,0.25109171867370605
2,DualHead_LogDirect_GNN_OOD,mb-dielectric-1009,WBr6,Br-W,2.2081809043884277,2.015782117843628,0.1923987865447998
2,DualHead_LogDirect_GNN_OOD,mb-dielectric-1020,AlPO4,Al-O-P,1.3566852807998657,1.418895959854126,0.062210679054260254
2,DualHead_LogDirect_GNN_OOD,mb-dielectric-1023,Na4PtO4,Na-O-Pt,2.2478373050689697,1.893472671508789,0.35436463356018066
2,DualHead_LogDirect_GNN_OOD,mb-dielectric-1025,As4S5,As-S,2.1083168983459473,2.151608467102051,0.043291568756103516
2,DualHead_LogDirect_GNN_OOD,mb-dielectric-1029,InI,I-In,2.9083213806152344,2.8438796997070312,0.06444168090820312
2,DualHead_LogDirect_GNN_OOD,mb-dielectric-1032,CsGaS2,Cs-Ga-S,1.9031401872634888,1.9828951358795166,0.07975494861602783
2,DualHead_LogDirect_GNN_OOD,mb-dielectric-1033,ClO2,Cl-O,1.7623847723007202,1.555185079574585,0.20719969272613525
2,DualHead_LogDirect_GNN_OOD,mb-dielectric-1034,As2PbO6,As-O-Pb,2.1273701190948486,2.1140198707580566,0.013350248336791992
2,DualHead_LogDirect_GNN_OOD,mb-dielectric-1041,TlInS2,In-S-Tl,3.1385669708251953,3.7354235649108887,0.5968565940856934
2,DualHead_LogDirect_GNN_OOD,mb-dielectric-1044,TiMn3O8,Mn-O-Ti,2.623760461807251,2.7020363807678223,0.07827591896057129
2,DualHead_LogDirect_GNN_OOD,mb-dielectric-1059,LiUO3,Li-O-U,2.352639675140381,2.0301032066345215,0.3225364685058594
2,DualHead_LogDirect_GNN_OOD,mb-dielectric-1060,Li4Mn2P4H3O16,H-Li-Mn-O-P,1.9120222330093384,1.6902533769607544,0.22176885604858398
2,DualHead_LogDirect_GNN_OOD,mb-dielectric-1065,Cl2O7,Cl-O,1.4789636135101318,1.5388011932373047,0.05983757972717285
2,DualHead_LogDirect_GNN_OOD,mb-dielectric-1066,FeOF,F-Fe-O,2.1394033432006836,2.2999305725097656,0.16052722930908203
2,DualHead_LogDirect_GNN_OOD,mb-dielectric-1071,Cr4OF11,Cr-F-O,1.8643041849136353,1.9037715196609497,0.03946733474731445
2,DualHead_LogDirect_GNN_OOD,mb-dielectric-1082,AlPO4,Al-O-P,1.418855905532837,1.4338157176971436,0.01495981216430664
2,DualHead_LogDirect_GNN_OOD,mb-dielectric-1096,Na(LiSi2)3,Li-Na-Si,4.036871910095215,3.5677595138549805,0.4691123962402344
2,DualHead_LogDirect_GNN_OOD,mb-dielectric-1099,BeGeP2,Be-Ge-P,3.2594103813171387,3.507108211517334,0.2476978302001953
2,DualHead_LogDirect_GNN_OOD,mb-dielectric-1102,Cr(PO3)3,Cr-O-P,1.648274302482605,1.7667655944824219,0.1184912919998169
2,DualHead_LogDirect_GNN_OOD,mb-dielectric-1103,Tl9BiTe6,Bi-Te-Tl,4.581522464752197,4.717462539672852,0.1359400749206543
2,DualHead_LogDirect_GNN_OOD,mb-dielectric-1107,Y2Ge2O7,Ge-O-Y,1.9351345300674438,1.881040096282959,0.05409443378448486
2,DualHead_LogDirect_GNN_OOD,mb-dielectric-1109,KLiSi2O5,K-Li-O-Si,1.5716018676757812,1.5399351119995117,0.03166675567626953
2,DualHead_LogDirect_GNN_OOD,mb-dielectric-1114,Rb2PtCl6,Cl-Pt-Rb,1.7561792135238647,1.7475448846817017,0.008634328842163086
2,DualHead_LogDirect_GNN_OOD,mb-dielectric-1118,Rb4Br2O,Br-O-Rb,1.6664197444915771,1.645918369293213,0.020501375198364258
2,DualHead_LogDirect_GNN_OOD,mb-dielectric-1120,TaAsO4,As-O-Ta,2.2979636192321777,2.1674623489379883,0.13050127029418945
2,DualHead_LogDirect_GNN_OOD,mb-dielectric-1126,KLaGeSe4,Ge-K-La-Se,2.377312421798706,2.546947956085205,0.16963553428649902
2,DualHead_LogDirect_GNN_OOD,mb-dielectric-1130,KPSe3,K-P-Se,2.346743106842041,2.2970283031463623,0.04971480369567871
2,DualHead_LogDirect_GNN_OOD,mb-dielectric-1136,Dy3CuSnSe7,Cu-Dy-Se-Sn,3.1276583671569824,3.1190595626831055,0.008598804473876953
2,DualHead_LogDirect_GNN_OOD,mb-dielectric-1142,FeP4,Fe-P,4.441396236419678,4.582790374755859,0.14139413833618164
2,DualHead_LogDirect_GNN_OOD,mb-dielectric-1146,Mg2TaN3,Mg-N-Ta,2.293177604675293,2.4077095985412598,0.1145319938659668
2,DualHead_LogDirect_GNN_OOD,mb-dielectric-1150,P4Ru,P-Ru,4.176761150360107,4.673373222351074,0.4966120719909668
2,DualHead_LogDirect_GNN_OOD,mb-dielectric-1151,Na6P4W,Na-P-W,2.530437469482422,2.380936622619629,0.14950084686279297
2,DualHead_LogDirect_GNN_OOD,mb-dielectric-1155,BaLaMgBiO6,Ba-Bi-La-Mg-O,2.264317750930786,2.1009535789489746,0.16336417198181152
2,DualHead_LogDirect_GNN_OOD,mb-dielectric-1156,B2PdO4,B-O-Pd,2.1753907203674316,2.3580479621887207,0.18265724182128906
2,DualHead_LogDirect_GNN_OOD,mb-dielectric-1157,SrAlSiH,Al-H-Si-Sr,3.638293504714966,3.0357155799865723,0.6025779247283936
2,DualHead_LogDirect_GNN_OOD,mb-dielectric-1161,Rb2PbCl6,Cl-Pb-Rb,1.7527285814285278,1.7232249975204468,0.029503583908081055
2,DualHead_LogDirect_GNN_OOD,mb-dielectric-1165,CsAuCl3,Au-Cl-Cs,2.656168222427368,1.8212347030639648,0.8349335193634033
2,DualHead_LogDirect_GNN_OOD,mb-dielectric-1179,Al2O3,Al-O,1.681108832359314,1.6855485439300537,0.004439711570739746
2,DualHead_LogDirect_GNN_OOD,mb-dielectric-1180,LaGeBO5,B-Ge-La-O,1.9194414615631104,1.8700979948043823,0.04934346675872803
2,DualHead_LogDirect_GNN_OOD,mb-dielectric-1184,Ag8GeTe6,Ag-Ge-Te,4.637978553771973,4.633069038391113,0.004909515380859375
2,DualHead_LogDirect_GNN_OOD,mb-dielectric-1193,SiCl2O,Cl-O-Si,1.4659467935562134,1.4678940773010254,0.0019472837448120117
2,DualHead_LogDirect_GNN_OOD,mb-dielectric-1198,K2Se5,K-Se,2.559065818786621,2.3695223331451416,0.1895434856414795
2,DualHead_LogDirect_GNN_OOD,mb-dielectric-1199,LiFeSiO4,Fe-Li-O-Si,1.769241452217102,1.782955288887024,0.013713836669921875
2,DualHead_LogDirect_GNN_OOD,mb-dielectric-1203,KTbGeS4,Ge-K-S-Tb,2.167975902557373,2.345313310623169,0.1773374080657959
2,DualHead_LogDirect_GNN_OOD,mb-dielectric-1204,PtS,Pt-S,3.803105115890503,3.6482625007629395,0.15484261512756348
2,DualHead_LogDirect_GNN_OOD,mb-dielectric-1206,CaHN,Ca-H-N,2.138927459716797,2.0254030227661133,0.1135244369506836
2,DualHead_LogDirect_GNN_OOD,mb-dielectric-1208,Li4Mn5O10,Li-Mn-O,2.3700902462005615,2.5396006107330322,0.1695103645324707
2,DualHead_LogDirect_GNN_OOD,mb-dielectric-1217,Ga2TeS2,Ga-S-Te,2.5065736770629883,2.5166015625,0.010027885437011719
2,DualHead_LogDirect_GNN_OOD,mb-dielectric-1218,Na6S2ClO8F,Cl-F-Na-O-S,1.4815531969070435,1.4712450504302979,0.010308146476745605
2,DualHead_LogDirect_GNN_OOD,mb-dielectric-1222,K2MnCl6,Cl-K-Mn,1.8597763776779175,1.693007469177246,0.1667689085006714
2,DualHead_LogDirect_GNN_OOD,mb-dielectric-1227,Ca3BN3,B-Ca-N,2.3252763748168945,2.328167676925659,0.0028913021087646484
2,DualHead_LogDirect_GNN_OOD,mb-dielectric-1232,Bi(BO2)3,B-Bi-O,1.8526021242141724,1.855416178703308,0.002814054489135742
2,DualHead_LogDirect_GNN_OOD,mb-dielectric-1233,Pd3(PbS)2,Pb-Pd-S,8.52151870727539,4.279642105102539,4.241876602172852
2,DualHead_LogDirect_GNN_OOD,mb-dielectric-1242,SrH2,H-Sr,2.0189106464385986,1.9868465662002563,0.032064080238342285
2,DualHead_LogDirect_GNN_OOD,mb-dielectric-1249,NaBiSe2,Bi-Na-Se,4.828912258148193,3.3727545738220215,1.4561576843261719
2,DualHead_LogDirect_GNN_OOD,mb-dielectric-1255,CdBr2,Br-Cd,1.8813881874084473,1.9165942668914795,0.03520607948303223
2,DualHead_LogDirect_GNN_OOD,mb-dielectric-1264,Nb(SeCl)2,Cl-Nb-Se,2.316053867340088,2.3130292892456055,0.003024578094482422
2,DualHead_LogDirect_GNN_OOD,mb-dielectric-1266,Mg2FeH6,Fe-H-Mg,2.3448336124420166,2.1219656467437744,0.2228679656982422
2,DualHead_LogDirect_GNN_OOD,mb-dielectric-1270,SeOF2,F-O-Se,1.5631165504455566,1.5762006044387817,0.013084053993225098
2,DualHead_LogDirect_GNN_OOD,mb-dielectric-1271,NaBF4,B-F-Na,1.3243865966796875,1.3431940078735352,0.018807411193847656
2,DualHead_LogDirect_GNN_OOD,mb-dielectric-1275,Rb3Ge4Au,Au-Ge-Rb,3.005605936050415,2.9480056762695312,0.05760025978088379
2,DualHead_LogDirect_GNN_OOD,mb-dielectric-1279,H4OF2,F-H-O,1.362106204032898,1.3525500297546387,0.009556174278259277
2,DualHead_LogDirect_GNN_OOD,mb-dielectric-1282,NaN3,N-Na,1.520306944847107,1.473203182220459,0.04710376262664795
2,DualHead_LogDirect_GNN_OOD,mb-dielectric-1284,BaP8,Ba-P,3.3432021141052246,2.982353687286377,0.36084842681884766
2,DualHead_LogDirect_GNN_OOD,mb-dielectric-1292,YCrB4,B-Cr-Y,6.438866138458252,4.281744956970215,2.157121181488037
2,DualHead_LogDirect_GNN_OOD,mb-dielectric-1295,PtPbF6,F-Pb-Pt,1.8681914806365967,2.1633341312408447,0.29514265060424805
2,DualHead_LogDirect_GNN_OOD,mb-dielectric-1300,KCO3,C-K-O,1.4877275228500366,1.4642910957336426,0.023436427116394043
2,DualHead_LogDirect_GNN_OOD,mb-dielectric-1302,Lu2Ge2O7,Ge-Lu-O,1.9240281581878662,1.9415736198425293,0.017545461654663086
2,DualHead_LogDirect_GNN_OOD,mb-dielectric-1305,Li4NbFe(WO6)2,Fe-Li-Nb-O-W,2.3630993366241455,2.3420968055725098,0.021002531051635742
2,DualHead_LogDirect_GNN_OOD,mb-dielectric-1314,H2SeO4,H-O-Se,1.5938422679901123,1.6398321390151978,0.04598987102508545
2,DualHead_LogDirect_GNN_OOD,mb-dielectric-1316,LiFeSiO4,Fe-Li-O-Si,1.7908843755722046,1.7940480709075928,0.0031636953353881836
2,DualHead_LogDirect_GNN_OOD,mb-dielectric-1317,Si2Cl2O3,Cl-O-Si,1.4632155895233154,1.4798452854156494,0.016629695892333984
2,DualHead_LogDirect_GNN_OOD,mb-dielectric-1328,CsBiF6,Bi-Cs-F,1.4780298471450806,1.4643309116363525,0.013698935508728027
2,DualHead_LogDirect_GNN_OOD,mb-dielectric-1330,AlPO4,Al-O-P,1.5717294216156006,1.5910344123840332,0.019304990768432617
2,DualHead_LogDirect_GNN_OOD,mb-dielectric-1331,MgH12SO9,H-Mg-O-S,1.5241390466690063,1.513951063156128,0.010187983512878418
2,DualHead_LogDirect_GNN_OOD,mb-dielectric-1335,Cu8GeS6,Cu-Ge-S,3.374082326889038,3.7978756427764893,0.42379331588745117
2,DualHead_LogDirect_GNN_OOD,mb-dielectric-1348,RbNb(GeO3)3,Ge-Nb-O-Rb,1.845038890838623,1.8397505283355713,0.005288362503051758
2,DualHead_LogDirect_GNN_OOD,mb-dielectric-1349,Al(HO)3,Al-H-O,1.6209369897842407,1.6672178506851196,0.046280860900878906
2,DualHead_LogDirect_GNN_OOD,mb-dielectric-1351,Rb3AuO,Au-O-Rb,2.5308332443237305,1.7915183305740356,0.7393149137496948
2,DualHead_LogDirect_GNN_OOD,mb-dielectric-1352,Zr3Ni3Sb4,Ni-Sb-Zr,5.895506858825684,4.500022888183594,1.3954839706420898
2,DualHead_LogDirect_GNN_OOD,mb-dielectric-1353,YCl3,Cl-Y,1.6153430938720703,1.5982252359390259,0.017117857933044434
2,DualHead_LogDirect_GNN_OOD,mb-dielectric-1355,SrLiPrTeO6,Li-O-Pr-Sr-Te,2.012444257736206,2.1022915840148926,0.08984732627868652
2,DualHead_LogDirect_GNN_OOD,mb-dielectric-1359,BaP10,Ba-P,3.106381893157959,2.8913698196411133,0.2150120735168457
2,DualHead_LogDirect_GNN_OOD,mb-dielectric-1361,RbAu,Au-Rb,2.300652027130127,2.37458872795105,0.07393670082092285
2,DualHead_LogDirect_GNN_OOD,mb-dielectric-1362,GaCuTe2,Cu-Ga-Te,3.874711751937866,3.927753210067749,0.05304145812988281
2,DualHead_LogDirect_GNN_OOD,mb-dielectric-1368,Li2CuPO4,Cu-Li-O-P,1.7863446474075317,1.874839186668396,0.08849453926086426
2,DualHead_LogDirect_GNN_OOD,mb-dielectric-1376,Sm5AgS8,Ag-S-Sm,2.9564361572265625,2.948199987411499,0.008236169815063477
2,DualHead_LogDirect_GNN_OOD,mb-dielectric-1392,Li2Fe2SiO6,Fe-Li-O-Si,1.7977991104125977,1.7766413688659668,0.02115774154663086
2,DualHead_LogDirect_GNN_OOD,mb-dielectric-1400,Si3Ag3(SnP3)2,Ag-P-Si-Sn,1.0,4.388852596282959,3.388852596282959
2,DualHead_LogDirect_GNN_OOD,mb-dielectric-1404,Cu2O,Cu-O,3.241450309753418,2.737433910369873,0.5040163993835449
2,DualHead_LogDirect_GNN_OOD,mb-dielectric-1405,Nb2SiTe4,Nb-Si-Te,3.966106414794922,4.306521892547607,0.34041547775268555
2,DualHead_LogDirect_GNN_OOD,mb-dielectric-1408,Ca(PrS2)2,Ca-Pr-S,2.7730724811553955,2.7289602756500244,0.044112205505371094
2,DualHead_LogDirect_GNN_OOD,mb-dielectric-1415,CaClF,Ca-Cl-F,1.737385630607605,1.7365071773529053,0.000878453254699707
2,DualHead_LogDirect_GNN_OOD,mb-dielectric-1421,Na4ReN3,N-Na-Re,1.9788057804107666,2.2629780769348145,0.28417229652404785
2,DualHead_LogDirect_GNN_OOD,mb-dielectric-1423,TlZnAsO4,As-O-Tl-Zn,1.9212977886199951,1.9668666124343872,0.04556882381439209
2,DualHead_LogDirect_GNN_OOD,mb-dielectric-1434,Ba(InTe2)2,Ba-In-Te,2.9142582416534424,3.02582049369812,0.11156225204467773
2,DualHead_LogDirect_GNN_OOD,mb-dielectric-1436,Ba2MgO3,Ba-Mg-O,2.0037479400634766,1.9922926425933838,0.011455297470092773
2,DualHead_LogDirect_GNN_OOD,mb-dielectric-1447,PHN2,H-N-P,1.919047474861145,1.9238801002502441,0.004832625389099121
2,DualHead_LogDirect_GNN_OOD,mb-dielectric-1450,Te3Cl2,Cl-Te,2.984236478805542,2.5393757820129395,0.44486069679260254
2,DualHead_LogDirect_GNN_OOD,mb-dielectric-1452,CrCl3,Cl-Cr,2.005741834640503,2.0782997608184814,0.07255792617797852
2,DualHead_LogDirect_GNN_OOD,mb-dielectric-1456,H24C8S(NO2)2,C-H-N-O-S,1.5125926733016968,1.5449097156524658,0.03231704235076904
2,DualHead_LogDirect_GNN_OOD,mb-dielectric-1457,Li3NbS4,Li-Nb-S,1.7431913614273071,1.7556431293487549,0.012451767921447754
2,DualHead_LogDirect_GNN_OOD,mb-dielectric-1464,KTb(PO3)4,K-O-P-Tb,1.634613037109375,1.640486717224121,0.005873680114746094
2,DualHead_LogDirect_GNN_OOD,mb-dielectric-1477,FeOF,F-Fe-O,2.043327569961548,2.0791876316070557,0.03586006164550781
2,DualHead_LogDirect_GNN_OOD,mb-dielectric-1484,KSe,K-Se,1.8833860158920288,1.817925214767456,0.06546080112457275
2,DualHead_LogDirect_GNN_OOD,mb-dielectric-1486,Y2Cl3,Cl-Y,2.5561037063598633,1.9722998142242432,0.5838038921356201
2,DualHead_LogDirect_GNN_OOD,mb-dielectric-1489,Na6ZnS4,Na-S-Zn,1.9887080192565918,1.9786875247955322,0.01002049446105957
2,DualHead_LogDirect_GNN_OOD,mb-dielectric-1491,PH4Br,Br-H-P,1.968163251876831,1.7891428470611572,0.17902040481567383
2,DualHead_LogDirect_GNN_OOD,mb-dielectric-1497,Li2FePO5,Fe-Li-O-P,1.839237928390503,1.8248389959335327,0.014398932456970215
2,DualHead_LogDirect_GNN_OOD,mb-dielectric-1499,Ca(MgBi)2,Bi-Ca-Mg,4.092799186706543,4.0103440284729,0.08245515823364258
2,DualHead_LogDirect_GNN_OOD,mb-dielectric-1500,H3OF,F-H-O,1.3880442380905151,1.3687400817871094,0.01930415630340576
2,DualHead_LogDirect_GNN_OOD,mb-dielectric-1501,Ba(AuF4)2,Au-Ba-F,1.615600347518921,1.7148056030273438,0.09920525550842285
2,DualHead_LogDirect_GNN_OOD,mb-dielectric-1503,KTlO,K-O-Tl,2.2294862270355225,2.722231388092041,0.49274516105651855
2,DualHead_LogDirect_GNN_OOD,mb-dielectric-1510,CrBr3,Br-Cr,2.1619436740875244,2.2615530490875244,0.099609375
2,DualHead_LogDirect_GNN_OOD,mb-dielectric-1522,Li6VCl8,Cl-Li-V,1.7501428127288818,1.8395353555679321,0.08939254283905029
2,DualHead_LogDirect_GNN_OOD,mb-dielectric-1526,Ti(Bi3O5)4,Bi-O-Ti,2.503843069076538,2.5208520889282227,0.01700901985168457
2,DualHead_LogDirect_GNN_OOD,mb-dielectric-1528,SrGe(HO2)2,Ge-H-O-Sr,1.7483757734298706,1.647256851196289,0.10111892223358154
2,DualHead_LogDirect_GNN_OOD,mb-dielectric-1542,LuCuS2,Cu-Lu-S,2.8691651821136475,3.040208339691162,0.17104315757751465
2,DualHead_LogDirect_GNN_OOD,mb-dielectric-1543,PICl6,Cl-I-P,1.75859797000885,1.6906516551971436,0.06794631481170654
2,DualHead_LogDirect_GNN_OOD,mb-dielectric-1544,SbF3,F-Sb,1.7289068698883057,1.574302077293396,0.15460479259490967
2,DualHead_LogDirect_GNN_OOD,mb-dielectric-1545,Rb2TiCl6,Cl-Rb-Ti,1.7530299425125122,1.7001731395721436,0.05285680294036865
2,DualHead_LogDirect_GNN_OOD,mb-dielectric-1547,Cs2TiCl6,Cl-Cs-Ti,1.7260706424713135,1.726820707321167,0.0007500648498535156
2,DualHead_LogDirect_GNN_OOD,mb-dielectric-1554,Y3CuGeSe7,Cu-Ge-Se-Y,3.138998508453369,3.133814811706543,0.005183696746826172
2,DualHead_LogDirect_GNN_OOD,mb-dielectric-1558,Nd3SiAgSe7,Ag-Nd-Se-Si,2.984011650085449,3.0046966075897217,0.02068495750427246
2,DualHead_LogDirect_GNN_OOD,mb-dielectric-1563,RbHO,H-O-Rb,1.5813944339752197,1.587199091911316,0.005804657936096191
2,DualHead_LogDirect_GNN_OOD,mb-dielectric-1566,HfSnPd,Hf-Pd-Sn,4.411198616027832,4.884341239929199,0.4731426239013672
2,DualHead_LogDirect_GNN_OOD,mb-dielectric-1568,Y3TaO7,O-Ta-Y,2.103595733642578,2.1112542152404785,0.007658481597900391
2,DualHead_LogDirect_GNN_OOD,mb-dielectric-1574,AlClO,Al-Cl-O,1.730782151222229,1.703071117401123,0.027711033821105957
2,DualHead_LogDirect_GNN_OOD,mb-dielectric-1578,Sr5(SnP3)2,P-Sn-Sr,3.2032275199890137,3.7195534706115723,0.5163259506225586
2,DualHead_LogDirect_GNN_OOD,mb-dielectric-1591,Ca(ZnN)2,Ca-N-Zn,2.9841432571411133,2.6771600246429443,0.30698323249816895
2,DualHead_LogDirect_GNN_OOD,mb-dielectric-1594,Ga2Te3,Ga-Te,3.4164795875549316,3.552340269088745,0.13586068153381348
2,DualHead_LogDirect_GNN_OOD,mb-dielectric-1596,TlInS2,In-S-Tl,3.1392128467559814,4.721512317657471,1.5822994709014893
2,DualHead_LogDirect_GNN_OOD,mb-dielectric-1598,ZrO2,O-Zr,2.186447858810425,2.252617597579956,0.06616973876953125
2,DualHead_LogDirect_GNN_OOD,mb-dielectric-1599,Rb2MnCl4,Cl-Mn-Rb,1.6880297660827637,1.6763769388198853,0.011652827262878418
2,DualHead_LogDirect_GNN_OOD,mb-dielectric-1600,Rb3MgH5,H-Mg-Rb,1.6778597831726074,1.7090988159179688,0.031239032745361328
2,DualHead_LogDirect_GNN_OOD,mb-dielectric-1601,TiMnO4,Mn-O-Ti,3.064483880996704,2.79563045501709,0.26885342597961426
2,DualHead_LogDirect_GNN_OOD,mb-dielectric-1603,Cu2PbO2,Cu-O-Pb,2.9683640003204346,3.156494140625,0.18813014030456543
2,DualHead_LogDirect_GNN_OOD,mb-dielectric-1610,LiFeP2O7,Fe-Li-O-P,1.7895632982254028,1.7949398756027222,0.005376577377319336
2,DualHead_LogDirect_GNN_OOD,mb-dielectric-1622,SrH4O3,H-O-Sr,1.6348819732666016,1.582522988319397,0.05235898494720459
2,DualHead_LogDirect_GNN_OOD,mb-dielectric-1624,B2O3,B-O,1.6502434015274048,1.5990654230117798,0.051177978515625
2,DualHead_LogDirect_GNN_OOD,mb-dielectric-1626,Al6Cd4TeO12,Al-Cd-O-Te,1.8712217807769775,1.8620731830596924,0.009148597717285156
2,DualHead_LogDirect_GNN_OOD,mb-dielectric-1627,SnI4,I-Sn,1.748576045036316,1.981139898300171,0.23256385326385498
2,DualHead_LogDirect_GNN_OOD,mb-dielectric-1628,LiH2N,H-Li-N,1.637227177619934,1.5957086086273193,0.041518568992614746
2,DualHead_LogDirect_GNN_OOD,mb-dielectric-1629,LiSbF6,F-Li-Sb,1.41609787940979,1.4391891956329346,0.02309131622314453
2,DualHead_LogDirect_GNN_OOD,mb-dielectric-1631,KCuO2,Cu-K-O,2.034639596939087,2.0177769660949707,0.01686263084411621
2,DualHead_LogDirect_GNN_OOD,mb-dielectric-1635,AcN,Ac-N,2.6273772716522217,2.456688642501831,0.17068862915039062
2,DualHead_LogDirect_GNN_OOD,mb-dielectric-1641,Li3N,Li-N,2.361637830734253,2.3169400691986084,0.04469776153564453
2,DualHead_LogDirect_GNN_OOD,mb-dielectric-1648,Sr4LiCu(CO5)2,C-Cu-Li-O-Sr,1.9417132139205933,1.921865463256836,0.019847750663757324
2,DualHead_LogDirect_GNN_OOD,mb-dielectric-1650,KV(CuS2)2,Cu-K-S-V,2.4261066913604736,2.374612808227539,0.05149388313293457
2,DualHead_LogDirect_GNN_OOD,mb-dielectric-1651,SrS3,S-Sr,2.378514528274536,2.148184299468994,0.230330228805542
2,DualHead_LogDirect_GNN_OOD,mb-dielectric-1652,BeSiN2,Be-N-Si,2.136540651321411,2.358142852783203,0.221602201461792
2,DualHead_LogDirect_GNN_OOD,mb-dielectric-1658,Ca3MoN3,Ca-Mo-N,9.435218811035156,2.6536824703216553,6.781536340713501
2,DualHead_LogDirect_GNN_OOD,mb-dielectric-1659,NaVN2,N-Na-V,2.5306544303894043,2.7583866119384766,0.22773218154907227
2,DualHead_LogDirect_GNN_OOD,mb-dielectric-1662,Al(HO)3,Al-H-O,1.6175864934921265,1.6791188716888428,0.06153237819671631
2,DualHead_LogDirect_GNN_OOD,mb-dielectric-1665,Li2SnTeO6,Li-O-Sn-Te,1.9590753316879272,2.035168170928955,0.07609283924102783
2,DualHead_LogDirect_GNN_OOD,mb-dielectric-1666,LiMgB3(H9N)2,B-H-Li-Mg-N,1.5977251529693604,1.5270506143569946,0.07067453861236572
2,DualHead_LogDirect_GNN_OOD,mb-dielectric-1669,Rb2CN2,C-N-Rb,1.6620632410049438,1.7262704372406006,0.06420719623565674
2,DualHead_LogDirect_GNN_OOD,mb-dielectric-1675,KAlF4,Al-F-K,1.39152193069458,1.4061341285705566,0.014612197875976562
2,DualHead_LogDirect_GNN_OOD,mb-dielectric-1677,MgCO3,C-Mg-O,1.6632959842681885,1.6432411670684814,0.02005481719970703
2,DualHead_LogDirect_GNN_OOD,mb-dielectric-1694,Ag3Ge5P6,Ag-Ge-P,4.3066229820251465,4.669450759887695,0.36282777786254883
2,DualHead_LogDirect_GNN_OOD,mb-dielectric-1697,CaMoN3,Ca-Mo-N,3.1865286827087402,2.6978349685668945,0.4886937141418457
2,DualHead_LogDirect_GNN_OOD,mb-dielectric-1703,BaYF5,Ba-F-Y,1.5319397449493408,1.5409724712371826,0.009032726287841797
2,DualHead_LogDirect_GNN_OOD,mb-dielectric-1704,AsS,As-S,2.0990474224090576,2.194983959197998,0.09593653678894043
2,DualHead_LogDirect_GNN_OOD,mb-dielectric-1713,NbCu3S4,Cu-Nb-S,2.5281028747558594,2.60089373588562,0.07279086112976074
2,DualHead_LogDirect_GNN_OOD,mb-dielectric-1715,NaTiPCO7,C-Na-O-P-Ti,1.714961290359497,1.7070293426513672,0.007931947708129883
2,DualHead_LogDirect_GNN_OOD,mb-dielectric-1721,Li4Ga3Si3ClO12,Cl-Ga-Li-O-Si,1.6146900653839111,1.6076712608337402,0.0070188045501708984
2,DualHead_LogDirect_GNN_OOD,mb-dielectric-1724,Na6PbO4,Na-O-Pb,2.016808032989502,1.8409850597381592,0.17582297325134277
2,DualHead_LogDirect_GNN_OOD,mb-dielectric-1729,TmGaO3,Ga-O-Tm,2.1172661781311035,2.1672592163085938,0.049993038177490234
2,DualHead_LogDirect_GNN_OOD,mb-dielectric-1731,Ca2SiB2O7,B-Ca-O-Si,1.7732908725738525,1.722904086112976,0.050386786460876465
2,DualHead_LogDirect_GNN_OOD,mb-dielectric-1732,Mg3B7ClO13,B-Cl-Mg-O,1.711322546005249,1.6969902515411377,0.014332294464111328
2,DualHead_LogDirect_GNN_OOD,mb-dielectric-1744,AlHO2,Al-H-O,1.759071707725525,1.7865170240402222,0.027445316314697266
2,DualHead_LogDirect_GNN_OOD,mb-dielectric-1746,LiFePO4,Fe-Li-O-P,1.832668423652649,1.894708275794983,0.062039852142333984
2,DualHead_LogDirect_GNN_OOD,mb-dielectric-1751,Ag2S,Ag-S,2.9687416553497314,4.213022232055664,1.2442805767059326
2,DualHead_LogDirect_GNN_OOD,mb-dielectric-1755,NaSiBO4,B-Na-O-Si,1.6225939989089966,1.588024616241455,0.034569382667541504
2,DualHead_LogDirect_GNN_OOD,mb-dielectric-1756,LiFeO2,Fe-Li-O,2.195673704147339,2.062203884124756,0.133469820022583
2,DualHead_LogDirect_GNN_OOD,mb-dielectric-1765,PtSe2,Pt-Se,3.90913462638855,4.170244216918945,0.2611095905303955
2,DualHead_LogDirect_GNN_OOD,mb-dielectric-1773,BrO2F,Br-F-O,1.5953025817871094,1.5986710786819458,0.0033684968948364258
2,DualHead_LogDirect_GNN_OOD,mb-dielectric-1774,Sr(AlTe2)2,Al-Sr-Te,2.709381341934204,2.6541953086853027,0.05518603324890137
2,DualHead_LogDirect_GNN_OOD,mb-dielectric-1777,LiFePO4,Fe-Li-O-P,1.6319042444229126,1.62503981590271,0.006864428520202637
2,DualHead_LogDirect_GNN_OOD,mb-dielectric-1778,AlPO4,Al-O-P,1.3355908393859863,1.3964881896972656,0.0608973503112793
2,DualHead_LogDirect_GNN_OOD,mb-dielectric-1784,Ag2S,Ag-S,3.9452621936798096,3.5516481399536133,0.3936140537261963
2,DualHead_LogDirect_GNN_OOD,mb-dielectric-1791,BaZnF4,Ba-F-Zn,1.5812619924545288,1.5677473545074463,0.01351463794708252
2,DualHead_LogDirect_GNN_OOD,mb-dielectric-1793,Na4Ga3Si3IO12,Ga-I-Na-O-Si,1.6038802862167358,1.5890426635742188,0.01483762264251709
2,DualHead_LogDirect_GNN_OOD,mb-dielectric-1794,Li2Se,Li-Se,2.0796635150909424,2.1877574920654297,0.1080939769744873
2,DualHead_LogDirect_GNN_OOD,mb-dielectric-1802,AlPO4,Al-O-P,1.5142383575439453,1.507981538772583,0.006256818771362305
2,DualHead_LogDirect_GNN_OOD,mb-dielectric-1803,Si(Sn3O4)2,O-Si-Sn,2.3189730644226074,2.3013877868652344,0.017585277557373047
2,DualHead_LogDirect_GNN_OOD,mb-dielectric-1813,Li2Fe2Si2O7,Fe-Li-O-Si,1.8079204559326172,1.8199037313461304,0.011983275413513184
2,DualHead_LogDirect_GNN_OOD,mb-dielectric-1814,Li3VCr2O6,Cr-Li-O-V,2.1483044624328613,2.2651822566986084,0.11687779426574707
2,DualHead_LogDirect_GNN_OOD,mb-dielectric-1824,Li2GeF6,F-Ge-Li,1.4448813199996948,1.4327504634857178,0.01213085651397705
2,DualHead_LogDirect_GNN_OOD,mb-dielectric-1832,InHO2,H-In-O,2.067868232727051,1.9841861724853516,0.08368206024169922
2,DualHead_LogDirect_GNN_OOD,mb-dielectric-1833,Na6PbO5,Na-O-Pb,1.9468952417373657,1.8119945526123047,0.13490068912506104
2,DualHead_LogDirect_GNN_OOD,mb-dielectric-1836,BaTiO3,Ba-O-Ti,2.420043706893921,2.4666576385498047,0.04661393165588379
2,DualHead_LogDirect_GNN_OOD,mb-dielectric-1838,KBiF6,Bi-F-K,1.444416880607605,1.4347152709960938,0.00970160961151123
2,DualHead_LogDirect_GNN_OOD,mb-dielectric-1842,HF,F-H,1.319219946861267,1.3147121667861938,0.004507780075073242
2,DualHead_LogDirect_GNN_OOD,mb-dielectric-1843,BaTiO3,Ba-O-Ti,2.5469589233398438,2.477598190307617,0.06936073303222656
2,DualHead_LogDirect_GNN_OOD,mb-dielectric-1851,Mg3NF3,F-Mg-N,1.6768121719360352,1.5680326223373413,0.10877954959869385
2,DualHead_LogDirect_GNN_OOD,mb-dielectric-1856,Sr2SnS4,S-Sn-Sr,2.2661006450653076,2.4412755966186523,0.17517495155334473
2,DualHead_LogDirect_GNN_OOD,mb-dielectric-1861,Sc2P7Ru12,P-Ru-Sc,1.0,4.7158122062683105,3.7158122062683105
2,DualHead_LogDirect_GNN_OOD,mb-dielectric-1862,WN2,N-W,3.101001024246216,2.1141655445098877,0.9868354797363281
2,DualHead_LogDirect_GNN_OOD,mb-dielectric-1870,CsHSO3,Cs-H-O-S,1.5471830368041992,1.5697648525238037,0.022581815719604492
2,DualHead_LogDirect_GNN_OOD,mb-dielectric-1871,AsN(OF3)2,As-F-N-O,1.421149730682373,1.4721920490264893,0.05104231834411621
2,DualHead_LogDirect_GNN_OOD,mb-dielectric-1872,SmTaO4,O-Sm-Ta,2.25408673286438,2.2607855796813965,0.0066988468170166016
2,DualHead_LogDirect_GNN_OOD,mb-dielectric-1873,P3BrCl14,Br-Cl-P,1.8811732530593872,1.8463414907455444,0.03483176231384277
2,DualHead_LogDirect_GNN_OOD,mb-dielectric-1880,LiMnO2,Li-Mn-O,2.277066469192505,2.261650562286377,0.01541590690612793
2,DualHead_LogDirect_GNN_OOD,mb-dielectric-1881,Cs2SnBr6,Br-Cs-Sn,1.7903233766555786,1.9407813549041748,0.1504579782485962
2,DualHead_LogDirect_GNN_OOD,mb-dielectric-1883,CrSbO4,Cr-O-Sb,2.055018424987793,2.0718932151794434,0.01687479019165039
2,DualHead_LogDirect_GNN_OOD,mb-dielectric-1887,LiCuO2,Cu-Li-O,2.5458452701568604,2.667560338973999,0.12171506881713867
2,DualHead_LogDirect_GNN_OOD,mb-dielectric-1890,CdCu2GeSe4,Cd-Cu-Ge-Se,4.322703838348389,3.345970630645752,0.9767332077026367
2,DualHead_LogDirect_GNN_OOD,mb-dielectric-1901,CsPr(PO3)4,Cs-O-P-Pr,1.5877524614334106,1.57221257686615,0.015539884567260742
2,DualHead_LogDirect_GNN_OOD,mb-dielectric-1902,AsH6NO4,As-H-N-O,1.600000023841858,1.6182942390441895,0.018294215202331543
2,DualHead_LogDirect_GNN_OOD,mb-dielectric-1912,KAl(SO4)2,Al-K-O-S,1.5267993211746216,1.541238784790039,0.01443946361541748
2,DualHead_LogDirect_GNN_OOD,mb-dielectric-1914,Ba(Si3N4)2,Ba-N-Si,2.1795947551727295,2.072791337966919,0.10680341720581055
2,DualHead_LogDirect_GNN_OOD,mb-dielectric-1918,CrSbO4,Cr-O-Sb,2.197902202606201,2.097731828689575,0.10017037391662598
2,DualHead_LogDirect_GNN_OOD,mb-dielectric-1919,Cs2CoF6,Co-Cs-F,1.545069932937622,1.472835898399353,0.07223403453826904
2,DualHead_LogDirect_GNN_OOD,mb-dielectric-1920,PtO2,O-Pt,2.7281250953674316,3.3040709495544434,0.5759458541870117
2,DualHead_LogDirect_GNN_OOD,mb-dielectric-1926,Rb2O,O-Rb,2.261624336242676,1.6833155155181885,0.5783088207244873
2,DualHead_LogDirect_GNN_OOD,mb-dielectric-1927,FeOF,F-Fe-O,2.1712393760681152,2.274616003036499,0.10337662696838379
2,DualHead_LogDirect_GNN_OOD,mb-dielectric-1933,TlZnPO4,O-P-Tl-Zn,1.825852632522583,1.9237709045410156,0.09791827201843262
2,DualHead_LogDirect_GNN_OOD,mb-dielectric-1937,LiCuPO4,Cu-Li-O-P,2.639533042907715,1.9815276861190796,0.6580053567886353
2,DualHead_LogDirect_GNN_OOD,mb-dielectric-1943,TeO3,O-Te,2.068896532058716,2.190030097961426,0.12113356590270996
2,DualHead_LogDirect_GNN_OOD,mb-dielectric-1950,LiMn4O8,Li-Mn-O,27.654888153076172,2.600837230682373,25.0540509223938
2,DualHead_LogDirect_GNN_OOD,mb-dielectric-1953,NaH3SO5,H-Na-O-S,1.4721689224243164,1.5005371570587158,0.028368234634399414
2,DualHead_LogDirect_GNN_OOD,mb-dielectric-1963,ZnSnN2,N-Sn-Zn,12.604126930236816,2.8294458389282227,9.774681091308594
2,DualHead_LogDirect_GNN_OOD,mb-dielectric-1972,Na2ZrNi(P2O7)2,Na-Ni-O-P-Zr,1.7200218439102173,1.6899080276489258,0.030113816261291504
2,DualHead_LogDirect_GNN_OOD,mb-dielectric-1976,ZnSe,Se-Zn,2.6874921321868896,2.795980453491211,0.10848832130432129
2,DualHead_LogDirect_GNN_OOD,mb-dielectric-1977,CsBrO3,Br-Cs-O,1.6381518840789795,1.6475712060928345,0.00941932201385498
2,DualHead_LogDirect_GNN_OOD,mb-dielectric-1982,Pr3NF6,F-N-Pr,1.9024161100387573,1.7715718746185303,0.13084423542022705
2,DualHead_LogDirect_GNN_OOD,mb-dielectric-1983,YHO2,H-O-Y,1.9117064476013184,1.830725908279419,0.08098053932189941
2,DualHead_LogDirect_GNN_OOD,mb-dielectric-1998,LiFePO4,Fe-Li-O-P,1.6336671113967896,1.771500587463379,0.13783347606658936
2,DualHead_LogDirect_GNN_OOD,mb-dielectric-2003,KBi2F7,Bi-F-K,1.691055417060852,1.6498205661773682,0.04123485088348389
2,DualHead_LogDirect_GNN_OOD,mb-dielectric-2006,AlAsO4,Al-As-O,1.5550668239593506,1.5666697025299072,0.01160287857055664
2,DualHead_LogDirect_GNN_OOD,mb-dielectric-2009,Li3N,Li-N,2.4498980045318604,2.2269935607910156,0.22290444374084473
2,DualHead_LogDirect_GNN_OOD,mb-dielectric-2010,Ge2N2O,Ge-N-O,2.1087570190429688,2.135448694229126,0.026691675186157227
2,DualHead_LogDirect_GNN_OOD,mb-dielectric-2016,LiTeO3,Li-O-Te,2.2019877433776855,2.0076045989990234,0.1943831443786621
2,DualHead_LogDirect_GNN_OOD,mb-dielectric-2021,BeSiAs2,As-Be-Si,3.3017091751098633,3.396696090698242,0.0949869155883789
2,DualHead_LogDirect_GNN_OOD,mb-dielectric-2022,Cu2O3,Cu-O,4.816341400146484,3.5989809036254883,1.217360496520996
2,DualHead_LogDirect_GNN_OOD,mb-dielectric-2024,Cd5(S2Cl)2,Cd-Cl-S,2.243299961090088,2.106229066848755,0.137070894241333
2,DualHead_LogDirect_GNN_OOD,mb-dielectric-2029,Ta2Pb2O7,O-Pb-Ta,2.6076159477233887,2.397277593612671,0.21033835411071777
2,DualHead_LogDirect_GNN_OOD,mb-dielectric-2036,Li4CO4,C-Li-O,1.643816351890564,1.6633554697036743,0.01953911781311035
2,DualHead_LogDirect_GNN_OOD,mb-dielectric-2048,Al(HO)3,Al-H-O,1.6014102697372437,1.6388354301452637,0.03742516040802002
2,DualHead_LogDirect_GNN_OOD,mb-dielectric-2056,CrPO4,Cr-O-P,2.0094258785247803,2.0126571655273438,0.0032312870025634766
2,DualHead_LogDirect_GNN_OOD,mb-dielectric-2057,Ba3GaN3,Ba-Ga-N,2.893516778945923,2.482624053955078,0.4108927249908447
2,DualHead_LogDirect_GNN_OOD,mb-dielectric-2060,NdGaO3,Ga-Nd-O,2.1979498863220215,2.2183775901794434,0.020427703857421875
2,DualHead_LogDirect_GNN_OOD,mb-dielectric-2063,TiNiO3,Ni-O-Ti,2.4312260150909424,2.5080626010894775,0.07683658599853516
2,DualHead_LogDirect_GNN_OOD,mb-dielectric-2064,LiNi4(PO4)3,Li-Ni-O-P,1.8408615589141846,1.9361952543258667,0.09533369541168213
2,DualHead_LogDirect_GNN_OOD,mb-dielectric-2065,Sr(GaTe2)2,Ga-Sr-Te,3.073688268661499,2.95601487159729,0.11767339706420898
2,DualHead_LogDirect_GNN_OOD,mb-dielectric-2068,K2SnHgSe4,Hg-K-Se-Sn,2.5075275897979736,2.687448501586914,0.17992091178894043
2,DualHead_LogDirect_GNN_OOD,mb-dielectric-2084,Ag2S,Ag-S,3.296081304550171,3.426597833633423,0.13051652908325195
2,DualHead_LogDirect_GNN_OOD,mb-dielectric-2089,LiFeSiO4,Fe-Li-O-Si,1.9102425575256348,1.8241462707519531,0.08609628677368164
2,DualHead_LogDirect_GNN_OOD,mb-dielectric-2095,Al2O3,Al-O,1.7814735174179077,1.7815229892730713,4.947185516357422e-05
2,DualHead_LogDirect_GNN_OOD,mb-dielectric-2102,HfSO,Hf-O-S,2.655219793319702,2.5000991821289062,0.1551206111907959
2,DualHead_LogDirect_GNN_OOD,mb-dielectric-2105,KGa3,Ga-K,6.120909214019775,6.692592144012451,0.5716829299926758
2,DualHead_LogDirect_GNN_OOD,mb-dielectric-2110,SrGeTeO6,Ge-O-Sr-Te,1.8604573011398315,1.8712749481201172,0.010817646980285645
2,DualHead_LogDirect_GNN_OOD,mb-dielectric-2111,LaH6(ClO3)3,Cl-H-La-O,1.6924755573272705,1.5988073348999023,0.09366822242736816
2,DualHead_LogDirect_GNN_OOD,mb-dielectric-2119,K2Se3,K-Se,2.611328363418579,2.184175491333008,0.4271528720855713
2,DualHead_LogDirect_GNN_OOD,mb-dielectric-2130,Cr3CuO8,Cr-Cu-O,3.2041399478912354,2.5470924377441406,0.6570475101470947
2,DualHead_LogDirect_GNN_OOD,mb-dielectric-2132,H3N,H-N,1.5490200519561768,1.5514079332351685,0.0023878812789916992
2,DualHead_LogDirect_GNN_OOD,mb-dielectric-2137,KScH4(C2O5)2,C-H-K-O-Sc,1.5565654039382935,1.5368554592132568,0.01970994472503662
2,DualHead_LogDirect_GNN_OOD,mb-dielectric-2138,KEr(PO3)4,Er-K-O-P,1.6362296342849731,1.633680820465088,0.002548813819885254
2,DualHead_LogDirect_GNN_OOD,mb-dielectric-2146,Cu2WS4,Cu-S-W,2.2964272499084473,2.426048517227173,0.12962126731872559
2,DualHead_LogDirect_GNN_OOD,mb-dielectric-2147,HS8N,H-N-S,1.833688497543335,1.7655447721481323,0.06814372539520264
2,DualHead_LogDirect_GNN_OOD,mb-dielectric-2157,CsSnBr3,Br-Cs-Sn,2.429964065551758,2.068575143814087,0.3613889217376709
2,DualHead_LogDirect_GNN_OOD,mb-dielectric-2172,Ti3(BiO3)4,Bi-O-Ti,2.6162497997283936,2.7134203910827637,0.09717059135437012
2,DualHead_LogDirect_GNN_OOD,mb-dielectric-2174,Sr6CoC2N7,C-Co-N-Sr,2.3943843841552734,2.4619221687316895,0.06753778457641602
2,DualHead_LogDirect_GNN_OOD,mb-dielectric-2182,MgTe,Mg-Te,2.343216896057129,2.4622490406036377,0.11903214454650879
2,DualHead_LogDirect_GNN_OOD,mb-dielectric-2184,ScF3,F-Sc,1.4936250448226929,1.4467189311981201,0.046906113624572754
2,DualHead_LogDirect_GNN_OOD,mb-dielectric-2186,CrCl3,Cl-Cr,1.9377822875976562,1.9931881427764893,0.05540585517883301
2,DualHead_LogDirect_GNN_OOD,mb-dielectric-2192,LiCu(PO3)2,Cu-Li-O-P,1.691026210784912,1.7882641553878784,0.09723794460296631
2,DualHead_LogDirect_GNN_OOD,mb-dielectric-2205,TeO2,O-Te,2.213538408279419,2.170827865600586,0.04271054267883301
2,DualHead_LogDirect_GNN_OOD,mb-dielectric-2209,Li4CO4,C-Li-O,1.5486993789672852,1.5848751068115234,0.03617572784423828
2,DualHead_LogDirect_GNN_OOD,mb-dielectric-2213,Li7CuO4,Cu-Li-O,1.8795042037963867,1.9021131992340088,0.02260899543762207
2,DualHead_LogDirect_GNN_OOD,mb-dielectric-2220,Sm2AlNO3,Al-N-O-Sm,2.403132200241089,2.3232581615448,0.07987403869628906
2,DualHead_LogDirect_GNN_OOD,mb-dielectric-2227,ReTeS,Re-S-Te,4.0835747718811035,3.6333556175231934,0.45021915435791016
2,DualHead_LogDirect_GNN_OOD,mb-dielectric-2233,KZnPO4,K-O-P-Zn,1.5965617895126343,1.6125102043151855,0.01594841480255127
2,DualHead_LogDirect_GNN_OOD,mb-dielectric-2238,LaTaN2O,La-N-O-Ta,3.4696781635284424,3.1896095275878906,0.28006863594055176
2,DualHead_LogDirect_GNN_OOD,mb-dielectric-2239,CaCN2,C-Ca-N,1.8296622037887573,1.798494577407837,0.03116762638092041
2,DualHead_LogDirect_GNN_OOD,mb-dielectric-2240,CdGeO3,Cd-Ge-O,1.9204462766647339,1.9006521701812744,0.019794106483459473
2,DualHead_LogDirect_GNN_OOD,mb-dielectric-2245,Mn(InTe2)2,In-Mn-Te,3.199146032333374,3.1599698066711426,0.039176225662231445
2,DualHead_LogDirect_GNN_OOD,mb-dielectric-2246,ICl,Cl-I,1.9430216550827026,1.8189241886138916,0.12409746646881104
2,DualHead_LogDirect_GNN_OOD,mb-dielectric-2249,FeCl3,Cl-Fe,2.281593084335327,2.0288639068603516,0.2527291774749756
2,DualHead_LogDirect_GNN_OOD,mb-dielectric-2250,ICl,Cl-I,1.947391390800476,1.8162298202514648,0.13116157054901123
2,DualHead_LogDirect_GNN_OOD,mb-dielectric-2255,K2Ga3,Ga-K,5.591004848480225,6.186002731323242,0.5949978828430176
2,DualHead_LogDirect_GNN_OOD,mb-dielectric-2256,PNO,N-O-P,1.848926305770874,1.8526217937469482,0.0036954879760742188
2,DualHead_LogDirect_GNN_OOD,mb-dielectric-2257,TlAgTe,Ag-Te-Tl,4.206305027008057,4.124330043792725,0.08197498321533203
2,DualHead_LogDirect_GNN_OOD,mb-dielectric-2259,KHS,H-K-S,1.6810370683670044,1.5851969718933105,0.09584009647369385
2,DualHead_LogDirect_GNN_OOD,mb-dielectric-2262,Li4CO4,C-Li-O,1.6336593627929688,1.651351809501648,0.0176924467086792
2,DualHead_LogDirect_GNN_OOD,mb-dielectric-2271,Ti2MnAl,Al-Mn-Ti,13.348395347595215,5.45717716217041,7.891218185424805
2,DualHead_LogDirect_GNN_OOD,mb-dielectric-2276,Li2NiBO4,B-Li-Ni-O,2.2763876914978027,1.92693030834198,0.34945738315582275
2,DualHead_LogDirect_GNN_OOD,mb-dielectric-2280,Rb2MnCl6,Cl-Mn-Rb,1.8002451658248901,1.6864612102508545,0.11378395557403564
2,DualHead_LogDirect_GNN_OOD,mb-dielectric-2293,Nb3SBr7,Br-Nb-S,2.470604419708252,2.3295421600341797,0.14106225967407227
2,DualHead_LogDirect_GNN_OOD,mb-dielectric-2296,CoPSe,Co-P-Se,4.927237033843994,4.7651286125183105,0.1621084213256836
2,DualHead_LogDirect_GNN_OOD,mb-dielectric-2297,K6MgO4,K-Mg-O,1.7892322540283203,1.761798620223999,0.02743363380432129
2,DualHead_LogDirect_GNN_OOD,mb-dielectric-2299,PbI2,I-Pb,2.2786691188812256,2.385899066925049,0.10722994804382324
2,DualHead_LogDirect_GNN_OOD,mb-dielectric-2300,Li3GaGeO5,Ga-Ge-Li-O,1.7640212774276733,1.7467243671417236,0.017296910285949707
2,DualHead_LogDirect_GNN_OOD,mb-dielectric-2307,Sr2H5Rh,H-Rh-Sr,2.83134126663208,2.102123737335205,0.729217529296875
2,DualHead_LogDirect_GNN_OOD,mb-dielectric-2315,Si3N4,N-Si,2.1662800312042236,2.3587546348571777,0.1924746036529541
2,DualHead_LogDirect_GNN_OOD,mb-dielectric-2316,CsIO3,Cs-I-O,1.7905949354171753,1.8240256309509277,0.03343069553375244
2,DualHead_LogDirect_GNN_OOD,mb-dielectric-2323,S,S,1.8386589288711548,1.7831586599349976,0.05550026893615723
2,DualHead_LogDirect_GNN_OOD,mb-dielectric-2324,NaTeH6O6F,F-H-Na-O-Te,1.6217803955078125,1.5848469734191895,0.03693342208862305
2,DualHead_LogDirect_GNN_OOD,mb-dielectric-2325,MgGeP2,Ge-Mg-P,3.0874924659729004,3.0573954582214355,0.030097007751464844
2,DualHead_LogDirect_GNN_OOD,mb-dielectric-2327,PICl8,Cl-I-P,1.7499524354934692,1.7398138046264648,0.010138630867004395
2,DualHead_LogDirect_GNN_OOD,mb-dielectric-2338,RbBrO3,Br-O-Rb,1.6462669372558594,1.6143434047698975,0.031923532485961914
2,DualHead_LogDirect_GNN_OOD,mb-dielectric-2341,TlNO2,N-O-Tl,1.9303545951843262,1.825608491897583,0.10474610328674316
2,DualHead_LogDirect_GNN_OOD,mb-dielectric-2343,MoF3,F-Mo,1.5863726139068604,1.5838125944137573,0.0025600194931030273
2,DualHead_LogDirect_GNN_OOD,mb-dielectric-2344,LaTa7O19,La-O-Ta,2.375065326690674,2.2924118041992188,0.08265352249145508
2,DualHead_LogDirect_GNN_OOD,mb-dielectric-2345,Ba(BO2)2,B-Ba-O,1.6426604986190796,1.6786577701568604,0.03599727153778076
2,DualHead_LogDirect_GNN_OOD,mb-dielectric-2351,K2Mg2O3,K-Mg-O,1.7276184558868408,1.740302562713623,0.012684106826782227
2,DualHead_LogDirect_GNN_OOD,mb-dielectric-2360,Mn(SbO3)2,Mn-O-Sb,2.1311392784118652,2.147402048110962,0.01626276969909668
2,DualHead_LogDirect_GNN_OOD,mb-dielectric-2361,LiGaSe2,Ga-Li-Se,2.4021451473236084,2.395231246948242,0.006913900375366211
2,DualHead_LogDirect_GNN_OOD,mb-dielectric-2366,CdBr2,Br-Cd,1.8762221336364746,2.2395942211151123,0.3633720874786377
2,DualHead_LogDirect_GNN_OOD,mb-dielectric-2373,K2LiAlF6,Al-F-K-Li,1.431432843208313,1.437018632888794,0.005585789680480957
2,DualHead_LogDirect_GNN_OOD,mb-dielectric-2377,Ag8GeTe6,Ag-Ge-Te,7.064418315887451,4.46479606628418,2.5996222496032715
2,DualHead_LogDirect_GNN_OOD,mb-dielectric-2386,FeP4,Fe-P,4.571316242218018,4.711847305297852,0.14053106307983398
2,DualHead_LogDirect_GNN_OOD,mb-dielectric-2388,Li2SnN2,Li-N-Sn,2.5315980911254883,2.755690097808838,0.2240920066833496
2,DualHead_LogDirect_GNN_OOD,mb-dielectric-2390,PbCl2,Cl-Pb,2.1709444522857666,2.3089914321899414,0.1380469799041748
2,DualHead_LogDirect_GNN_OOD,mb-dielectric-2396,VZn2N3,N-V-Zn,3.0020956993103027,2.8875198364257812,0.11457586288452148
2,DualHead_LogDirect_GNN_OOD,mb-dielectric-2400,H6PbCNCl3,C-Cl-H-N-Pb,1.8955888748168945,1.7870994806289673,0.10848939418792725
2,DualHead_LogDirect_GNN_OOD,mb-dielectric-2416,GeSe2,Ge-Se,2.6719374656677246,2.7082014083862305,0.03626394271850586
2,DualHead_LogDirect_GNN_OOD,mb-dielectric-2420,Cs3TlF6,Cs-F-Tl,1.507980465888977,1.474937915802002,0.0330425500869751
2,DualHead_LogDirect_GNN_OOD,mb-dielectric-2422,Cs2ZrTlOF5,Cs-F-O-Tl-Zr,1.6538807153701782,1.6080608367919922,0.045819878578186035
2,DualHead_LogDirect_GNN_OOD,mb-dielectric-2424,Na4Al3Ge3BrO12,Al-Br-Ge-Na-O,1.5728086233139038,1.6078424453735352,0.03503382205963135
2,DualHead_LogDirect_GNN_OOD,mb-dielectric-2426,RbNO3,N-O-Rb,1.459097146987915,1.4788174629211426,0.01972031593322754
2,DualHead_LogDirect_GNN_OOD,mb-dielectric-2427,S,S,1.7454702854156494,1.755279779434204,0.009809494018554688
2,DualHead_LogDirect_GNN_OOD,mb-dielectric-2433,PbI2,I-Pb,2.3126463890075684,2.4576120376586914,0.14496564865112305
2,DualHead_LogDirect_GNN_OOD,mb-dielectric-2435,RbS,Rb-S,1.684141755104065,1.680510401725769,0.0036313533782958984
2,DualHead_LogDirect_GNN_OOD,mb-dielectric-2440,K2LiBO3,B-K-Li-O,1.598940134048462,1.6315633058547974,0.03262317180633545
2,DualHead_LogDirect_GNN_OOD,mb-dielectric-2446,Re3Se4Cl,Cl-Re-Se,3.084207057952881,2.9855642318725586,0.09864282608032227
2,DualHead_LogDirect_GNN_OOD,mb-dielectric-2450,LiBH4,B-H-Li,1.737412452697754,1.6615558862686157,0.07585656642913818
2,DualHead_LogDirect_GNN_OOD,mb-dielectric-2451,AlPO4,Al-O-P,1.4615943431854248,1.4757081270217896,0.014113783836364746
2,DualHead_LogDirect_GNN_OOD,mb-dielectric-2456,CdBr2,Br-Cd,1.8809529542922974,2.2144744396209717,0.3335214853286743
2,DualHead_LogDirect_GNN_OOD,mb-dielectric-2458,KTcCl3,Cl-K-Tc,1.8704099655151367,1.7585163116455078,0.1118936538696289
2,DualHead_LogDirect_GNN_OOD,mb-dielectric-2462,CaTaNO2,Ca-N-O-Ta,2.6225831508636475,2.6442790031433105,0.021695852279663086
2,DualHead_LogDirect_GNN_OOD,mb-dielectric-2463,Nb2CoO6,Co-Nb-O,2.7849128246307373,2.6970300674438477,0.08788275718688965
2,DualHead_LogDirect_GNN_OOD,mb-dielectric-2478,Li3Fe2(SiO4)2,Fe-Li-O-Si,1.7863259315490723,1.7862074375152588,0.00011849403381347656
2,DualHead_LogDirect_GNN_OOD,mb-dielectric-2487,FeOF,F-Fe-O,2.102928400039673,2.31036639213562,0.20743799209594727
2,DualHead_LogDirect_GNN_OOD,mb-dielectric-2493,Na2MgSiO4,Mg-Na-O-Si,1.587477207183838,1.5740820169448853,0.013395190238952637
2,DualHead_LogDirect_GNN_OOD,mb-dielectric-2505,NiPtF6,F-Ni-Pt,1.7947444915771484,1.9987211227416992,0.20397663116455078
2,DualHead_LogDirect_GNN_OOD,mb-dielectric-2507,Mg2Mn3O8,Mg-Mn-O,2.380321741104126,2.4340901374816895,0.05376839637756348
2,DualHead_LogDirect_GNN_OOD,mb-dielectric-2524,HoAgS2,Ag-Ho-S,2.669408082962036,2.7126951217651367,0.043287038803100586
2,DualHead_LogDirect_GNN_OOD,mb-dielectric-2525,MgH2SO5,H-Mg-O-S,1.559700846672058,1.5805473327636719,0.02084648609161377
2,DualHead_LogDirect_GNN_OOD,mb-dielectric-2526,Ca4CN4,C-Ca-N,2.2255518436431885,2.430436134338379,0.20488429069519043
2,DualHead_LogDirect_GNN_OOD,mb-dielectric-2528,Li3Cu3(PO4)2,Cu-Li-O-P,1.9010432958602905,2.034658193588257,0.1336148977279663
2,DualHead_LogDirect_GNN_OOD,mb-dielectric-2529,Cr2AgBiO8,Ag-Bi-Cr-O,2.684756278991699,2.3319218158721924,0.35283446311950684
2,DualHead_LogDirect_GNN_OOD,mb-dielectric-2531,Ca3(BN2)2,B-Ca-N,2.0551390647888184,2.093334197998047,0.038195133209228516
2,DualHead_LogDirect_GNN_OOD,mb-dielectric-2536,Hg(SbO3)2,Hg-O-Sb,2.2810122966766357,2.139472484588623,0.1415398120880127
2,DualHead_LogDirect_GNN_OOD,mb-dielectric-2547,Li3VS4,Li-S-V,2.609320878982544,2.3564441204071045,0.25287675857543945
2,DualHead_LogDirect_GNN_OOD,mb-dielectric-2559,BaCN2,Ba-C-N,1.7992043495178223,1.7213118076324463,0.07789254188537598
2,DualHead_LogDirect_GNN_OOD,mb-dielectric-2562,Rb2O,O-Rb,2.0591328144073486,1.7046998739242554,0.35443294048309326
2,DualHead_LogDirect_GNN_OOD,mb-dielectric-2564,Ca(InN)2,Ca-In-N,4.714202880859375,3.377948760986328,1.3362541198730469
2,DualHead_LogDirect_GNN_OOD,mb-dielectric-2568,Ba(ReN2)2,Ba-N-Re,9.538561820983887,3.3274543285369873,6.211107492446899
2,DualHead_LogDirect_GNN_OOD,mb-dielectric-2574,LiZnPH2O5,H-Li-O-P-Zn,1.5917041301727295,1.577641487121582,0.014062643051147461
2,DualHead_LogDirect_GNN_OOD,mb-dielectric-2579,LiBH4,B-H-Li,1.616900086402893,1.6056090593338013,0.011291027069091797
2,DualHead_LogDirect_GNN_OOD,mb-dielectric-2585,GeRh,Ge-Rh,7.194759368896484,4.84598445892334,2.3487749099731445
2,DualHead_LogDirect_GNN_OOD,mb-dielectric-2593,B2O3,B-O,1.7476080656051636,1.677012324333191,0.07059574127197266
2,DualHead_LogDirect_GNN_OOD,mb-dielectric-2595,NbCrO4,Cr-Nb-O,2.561582565307617,2.613330602645874,0.051748037338256836
2,DualHead_LogDirect_GNN_OOD,mb-dielectric-2616,Si3NiP4,Ni-P-Si,4.31036376953125,3.4866461753845215,0.8237175941467285
2,DualHead_LogDirect_GNN_OOD,mb-dielectric-2619,Te2W,Te-W,2.4231503009796143,1.8146032094955444,0.6085470914840698
2,DualHead_LogDirect_GNN_OOD,mb-dielectric-2638,RbV3(SeO6)2,O-Rb-Se-V,2.15964412689209,2.0398969650268555,0.11974716186523438
2,DualHead_LogDirect_GNN_OOD,mb-dielectric-2646,MgH12(I4O3)2,H-I-Mg-O,2.2657597064971924,1.6418768167495728,0.6238828897476196
2,DualHead_LogDirect_GNN_OOD,mb-dielectric-2653,PNO,N-O-P,1.781097173690796,1.7188830375671387,0.06221413612365723
2,DualHead_LogDirect_GNN_OOD,mb-dielectric-2668,Tb3CuSnS7,Cu-S-Sn-Tb,2.81815767288208,2.8248355388641357,0.006677865982055664
2,DualHead_LogDirect_GNN_OOD,mb-dielectric-2669,TiSnPt,Pt-Sn-Ti,4.555610656738281,4.486151695251465,0.0694589614868164
2,DualHead_LogDirect_GNN_OOD,mb-dielectric-2673,Ag3PS4,Ag-P-S,2.6388940811157227,2.845031499862671,0.20613741874694824
2,DualHead_LogDirect_GNN_OOD,mb-dielectric-2674,Li2CuPO4,Cu-Li-O-P,1.7687171697616577,1.8815481662750244,0.1128309965133667
2,DualHead_LogDirect_GNN_OOD,mb-dielectric-2681,Li5Cu(PO4)2,Cu-Li-O-P,1.6856027841567993,1.7392116785049438,0.05360889434814453
2,DualHead_LogDirect_GNN_OOD,mb-dielectric-2683,VFe(P2O7)2,Fe-O-P-V,2.070613145828247,1.9171775579452515,0.1534355878829956
2,DualHead_LogDirect_GNN_OOD,mb-dielectric-2693,KH8N3,H-K-N,1.5985068082809448,1.5504504442214966,0.04805636405944824
2,DualHead_LogDirect_GNN_OOD,mb-dielectric-2705,Ca3(GaN2)2,Ca-Ga-N,2.5104095935821533,2.4002647399902344,0.11014485359191895
2,DualHead_LogDirect_GNN_OOD,mb-dielectric-2730,Rb2TeBr6,Br-Rb-Te,1.9198945760726929,1.875072717666626,0.044821858406066895
2,DualHead_LogDirect_GNN_OOD,mb-dielectric-2738,BaSi7N10,Ba-N-Si,2.085850238800049,2.040876865386963,0.04497337341308594
2,DualHead_LogDirect_GNN_OOD,mb-dielectric-2741,VBr2O,Br-O-V,2.8557024002075195,2.3121249675750732,0.5435774326324463
2,DualHead_LogDirect_GNN_OOD,mb-dielectric-2757,Ge2N2O,Ge-N-O,2.060812473297119,2.0930593013763428,0.03224682807922363
2,DualHead_LogDirect_GNN_OOD,mb-dielectric-2758,Cd(InSe2)2,Cd-In-Se,2.7556803226470947,2.7683968544006348,0.012716531753540039
2,DualHead_LogDirect_GNN_OOD,mb-dielectric-2760,LaTaO4,La-O-Ta,2.278493642807007,2.2914199829101562,0.012926340103149414
2,DualHead_LogDirect_GNN_OOD,mb-dielectric-2764,Cd(InSe2)2,Cd-In-Se,2.7449519634246826,2.7511041164398193,0.006152153015136719
2,DualHead_LogDirect_GNN_OOD,mb-dielectric-2767,LiFeSiO4,Fe-Li-O-Si,1.8597379922866821,1.7401459217071533,0.11959207057952881
2,DualHead_LogDirect_GNN_OOD,mb-dielectric-2778,SmBO3,B-O-Sm,1.8596346378326416,1.838489294052124,0.021145343780517578
2,DualHead_LogDirect_GNN_OOD,mb-dielectric-2780,FeP4,Fe-P,4.412028789520264,4.67723274230957,0.26520395278930664
2,DualHead_LogDirect_GNN_OOD,mb-dielectric-2785,Bi4RuI2,Bi-I-Ru,3.246433973312378,3.8109188079833984,0.5644848346710205
2,DualHead_LogDirect_GNN_OOD,mb-dielectric-2793,Si3N4,N-Si,2.0651068687438965,2.2216110229492188,0.15650415420532227
2,DualHead_LogDirect_GNN_OOD,mb-dielectric-2797,YBO3,B-O-Y,1.8523808717727661,1.8421896696090698,0.010191202163696289
2,DualHead_LogDirect_GNN_OOD,mb-dielectric-2808,LiNdTi2O6,Li-Nd-O-Ti,2.5424511432647705,2.8460278511047363,0.3035767078399658
2,DualHead_LogDirect_GNN_OOD,mb-dielectric-2820,Fe6O5F7,F-Fe-O,2.3684394359588623,2.168123960494995,0.2003154754638672
2,DualHead_LogDirect_GNN_OOD,mb-dielectric-2834,SrAl2O4,Al-O-Sr,1.7006019353866577,1.6804277896881104,0.020174145698547363
2,DualHead_LogDirect_GNN_OOD,mb-dielectric-2837,Ba5(SiN3)2,Ba-N-Si,2.589092254638672,2.397716760635376,0.1913754940032959
2,DualHead_LogDirect_GNN_OOD,mb-dielectric-2847,FeCo3(PO4)4,Co-Fe-O-P,2.4103548526763916,2.153947353363037,0.2564074993133545
2,DualHead_LogDirect_GNN_OOD,mb-dielectric-2848,Cs2Pd3S4,Cs-Pd-S,2.476853847503662,2.6584129333496094,0.18155908584594727
2,DualHead_LogDirect_GNN_OOD,mb-dielectric-2852,Dy2P4O13,Dy-O-P,1.6581029891967773,1.7031397819519043,0.04503679275512695
2,DualHead_LogDirect_GNN_OOD,mb-dielectric-2853,BaZrN2,Ba-N-Zr,2.781510353088379,3.008659839630127,0.22714948654174805
2,DualHead_LogDirect_GNN_OOD,mb-dielectric-2866,LiFe(SiO3)2,Fe-Li-O-Si,1.6765868663787842,1.6389414072036743,0.03764545917510986
2,DualHead_LogDirect_GNN_OOD,mb-dielectric-2873,Li5VCr3O8,Cr-Li-O-V,2.24200177192688,2.180224657058716,0.06177711486816406
2,DualHead_LogDirect_GNN_OOD,mb-dielectric-2892,RbH3O2,H-O-Rb,1.5481687784194946,1.538004994392395,0.01016378402709961
2,DualHead_LogDirect_GNN_OOD,mb-dielectric-2898,NaSiSbO5,Na-O-Sb-Si,1.7053489685058594,1.7536001205444336,0.04825115203857422
2,DualHead_LogDirect_GNN_OOD,mb-dielectric-2900,Ba2Ge2Te5,Ba-Ge-Te,3.349764108657837,3.156177282333374,0.1935868263244629
2,DualHead_LogDirect_GNN_OOD,mb-dielectric-2901,Cr4OF11,Cr-F-O,1.852830171585083,1.9321026802062988,0.07927250862121582
2,DualHead_LogDirect_GNN_OOD,mb-dielectric-2914,Rb(BH)6,B-H-Rb,1.5874507427215576,1.6611515283584595,0.07370078563690186
2,DualHead_LogDirect_GNN_OOD,mb-dielectric-2916,Li2MgBr4,Br-Li-Mg,1.8481509685516357,1.7674158811569214,0.08073508739471436
2,DualHead_LogDirect_GNN_OOD,mb-dielectric-2917,TeO2,O-Te,2.504462718963623,2.313311815261841,0.19115090370178223
2,DualHead_LogDirect_GNN_OOD,mb-dielectric-2922,LiCaAlF6,Al-Ca-F-Li,1.4247807264328003,1.442643404006958,0.017862677574157715
2,DualHead_LogDirect_GNN_OOD,mb-dielectric-2930,K2O2,K-O,1.592482328414917,1.6188514232635498,0.026369094848632812
2,DualHead_LogDirect_GNN_OOD,mb-dielectric-2932,Sn3As4,As-Sn,4.3903398513793945,5.407465934753418,1.0171260833740234
2,DualHead_LogDirect_GNN_OOD,mb-dielectric-2938,BaSiN2,Ba-N-Si,2.308032274246216,2.2973344326019287,0.01069784164428711
2,DualHead_LogDirect_GNN_OOD,mb-dielectric-2941,Na2MoSeO6,Mo-Na-O-Se,1.8057942390441895,1.8221216201782227,0.016327381134033203
2,DualHead_LogDirect_GNN_OOD,mb-dielectric-2946,Cd(AsO3)2,As-Cd-O,2.051837682723999,2.069350242614746,0.01751255989074707
2,DualHead_LogDirect_GNN_OOD,mb-dielectric-2949,Sr(RhO2)2,O-Rh-Sr,2.597465753555298,2.618411064147949,0.020945310592651367
2,DualHead_LogDirect_GNN_OOD,mb-dielectric-2960,Fe4O5F3,F-Fe-O,3.136406421661377,2.478585958480835,0.657820463180542
2,DualHead_LogDirect_GNN_OOD,mb-dielectric-2964,RbVF3,F-Rb-V,1.5407394170761108,1.607874870300293,0.06713545322418213
2,DualHead_LogDirect_GNN_OOD,mb-dielectric-2974,Ca2Ga2Si(HO4)2,Ca-Ga-H-O-Si,1.7409694194793701,1.701422095298767,0.03954732418060303
2,DualHead_LogDirect_GNN_OOD,mb-dielectric-2990,Rb2S3,Rb-S,1.9396286010742188,1.8299247026443481,0.1097038984298706
2,DualHead_LogDirect_GNN_OOD,mb-dielectric-2993,LiVCoO4,Co-Li-O-V,2.5210413932800293,2.7104523181915283,0.18941092491149902
2,DualHead_LogDirect_GNN_OOD,mb-dielectric-3001,RbTaN2,N-Rb-Ta,2.403672933578491,2.482452630996704,0.07877969741821289
2,DualHead_LogDirect_GNN_OOD,mb-dielectric-3002,SiH12C2(NF)6,C-F-H-N-Si,1.4411801099777222,1.443758487701416,0.0025783777236938477
2,DualHead_LogDirect_GNN_OOD,mb-dielectric-3004,Li4VCr3O8,Cr-Li-O-V,2.135373115539551,2.2131195068359375,0.07774639129638672
2,DualHead_LogDirect_GNN_OOD,mb-dielectric-3005,HgS,Hg-S,3.3115453720092773,2.636059284210205,0.6754860877990723
2,DualHead_LogDirect_GNN_OOD,mb-dielectric-3010,YBO3,B-O-Y,1.8852640390396118,1.8613529205322266,0.023911118507385254
2,DualHead_LogDirect_GNN_OOD,mb-dielectric-3012,Li3FePO5,Fe-Li-O-P,1.6869018077850342,1.6998710632324219,0.012969255447387695
2,DualHead_LogDirect_GNN_OOD,mb-dielectric-3031,PbI2,I-Pb,2.217993974685669,2.3362536430358887,0.11825966835021973
2,DualHead_LogDirect_GNN_OOD,mb-dielectric-3033,Li5Cu(PO4)2,Cu-Li-O-P,1.6647841930389404,1.7382686138153076,0.07348442077636719
2,DualHead_LogDirect_GNN_OOD,mb-dielectric-3052,ZrO2,O-Zr,2.0964138507843018,2.1371068954467773,0.040693044662475586
2,DualHead_LogDirect_GNN_OOD,mb-dielectric-3055,CaZnSO,Ca-O-S-Zn,2.1882834434509277,2.014556884765625,0.17372655868530273
2,DualHead_LogDirect_GNN_OOD,mb-dielectric-3056,K2LiAlF6,Al-F-K-Li,1.4213179349899292,1.4422011375427246,0.02088320255279541
2,DualHead_LogDirect_GNN_OOD,mb-dielectric-3065,TmCuSe2,Cu-Se-Tm,3.1305480003356934,3.0404152870178223,0.0901327133178711
2,DualHead_LogDirect_GNN_OOD,mb-dielectric-3066,MgTe,Mg-Te,2.346489191055298,2.4684956073760986,0.12200641632080078
2,DualHead_LogDirect_GNN_OOD,mb-dielectric-3067,LiFeSi3O8,Fe-Li-O-Si,1.6468933820724487,1.657936692237854,0.011043310165405273
2,DualHead_LogDirect_GNN_OOD,mb-dielectric-3068,PNO,N-O-P,1.8259015083312988,1.7973034381866455,0.02859807014465332
2,DualHead_LogDirect_GNN_OOD,mb-dielectric-3070,LiFe(Si2O5)2,Fe-Li-O-Si,1.7000240087509155,1.6904191970825195,0.009604811668395996
2,DualHead_LogDirect_GNN_OOD,mb-dielectric-3072,LiFeSiO4,Fe-Li-O-Si,1.8179467916488647,1.8034969568252563,0.014449834823608398
2,DualHead_LogDirect_GNN_OOD,mb-dielectric-3074,LiBeSb,Be-Li-Sb,3.639570713043213,3.4642794132232666,0.1752912998199463
2,DualHead_LogDirect_GNN_OOD,mb-dielectric-3083,LiFeSiO4,Fe-Li-O-Si,1.806479573249817,1.7887237071990967,0.017755866050720215
2,DualHead_LogDirect_GNN_OOD,mb-dielectric-3088,CsSnI3,Cs-I-Sn,2.7114267349243164,2.189434289932251,0.5219924449920654
2,DualHead_LogDirect_GNN_OOD,mb-dielectric-3093,Li3MnPCO7,C-Li-Mn-O-P,1.6673617362976074,1.6753796339035034,0.008017897605895996
2,DualHead_LogDirect_GNN_OOD,mb-dielectric-3095,PtS2,Pt-S,3.184755325317383,4.861491680145264,1.6767363548278809
2,DualHead_LogDirect_GNN_OOD,mb-dielectric-3097,AlGaO3,Al-Ga-O,1.9297090768814087,1.9377599954605103,0.008050918579101562
2,DualHead_LogDirect_GNN_OOD,mb-dielectric-3100,Li3FeO4,Fe-Li-O,2.958244562149048,2.04301381111145,0.9152307510375977
2,DualHead_LogDirect_GNN_OOD,mb-dielectric-3112,BaYF5,Ba-F-Y,1.5634949207305908,1.5496586561203003,0.013836264610290527
2,DualHead_LogDirect_GNN_OOD,mb-dielectric-3120,Li2MnBr4,Br-Li-Mn,2.005127191543579,1.8806806802749634,0.12444651126861572
2,DualHead_LogDirect_GNN_OOD,mb-dielectric-3121,BaWN3,Ba-N-W,2.84175443649292,2.4614076614379883,0.38034677505493164
2,DualHead_LogDirect_GNN_OOD,mb-dielectric-3123,Tm(CuTe)3,Cu-Te-Tm,3.5929760932922363,3.3947436809539795,0.19823241233825684
2,DualHead_LogDirect_GNN_OOD,mb-dielectric-3128,K6CoS4,Co-K-S,2.0675461292266846,1.9389088153839111,0.12863731384277344
2,DualHead_LogDirect_GNN_OOD,mb-dielectric-3145,Rb2CoCl4,Cl-Co-Rb,1.6474016904830933,1.6362643241882324,0.01113736629486084
2,DualHead_LogDirect_GNN_OOD,mb-dielectric-3156,LaAlO3,Al-La-O,2.1929006576538086,2.2255172729492188,0.032616615295410156
2,DualHead_LogDirect_GNN_OOD,mb-dielectric-3157,K2O,K-O,1.8133127689361572,1.7897560596466064,0.02355670928955078
2,DualHead_LogDirect_GNN_OOD,mb-dielectric-3161,Fe3OF7,F-Fe-O,1.6599879264831543,1.6707545518875122,0.01076662540435791
2,DualHead_LogDirect_GNN_OOD,mb-dielectric-3162,LiInP2O7,In-Li-O-P,1.643498420715332,1.6864373683929443,0.042938947677612305
2,DualHead_LogDirect_GNN_OOD,mb-dielectric-3164,As2Ir,As-Ir,4.621435642242432,5.156461238861084,0.5350255966186523
2,DualHead_LogDirect_GNN_OOD,mb-dielectric-3165,SrAl2O4,Al-O-Sr,1.7107670307159424,1.702566385269165,0.008200645446777344
2,DualHead_LogDirect_GNN_OOD,mb-dielectric-3175,KYTe2,K-Te-Y,2.556713342666626,2.648366928100586,0.09165358543395996
2,DualHead_LogDirect_GNN_OOD,mb-dielectric-3187,TiNiO3,Ni-O-Ti,2.413217067718506,2.449497699737549,0.03628063201904297
2,DualHead_LogDirect_GNN_OOD,mb-dielectric-3188,LiFePO4,Fe-Li-O-P,1.6476880311965942,1.7805513143539429,0.13286328315734863
2,DualHead_LogDirect_GNN_OOD,mb-dielectric-3190,RbNO3,N-O-Rb,1.508318543434143,1.5304322242736816,0.022113680839538574
2,DualHead_LogDirect_GNN_OOD,mb-dielectric-3202,CS14,C-S,1.7677669525146484,1.789139986038208,0.02137303352355957
2,DualHead_LogDirect_GNN_OOD,mb-dielectric-3205,LiSn2N3,Li-N-Sn,2.664597511291504,2.6400198936462402,0.024577617645263672
2,DualHead_LogDirect_GNN_OOD,mb-dielectric-3210,LiAlTe2,Al-Li-Te,2.4788384437561035,2.411599636077881,0.06723880767822266
2,DualHead_LogDirect_GNN_OOD,mb-dielectric-3222,BaAg(PO3)3,Ag-Ba-O-P,1.6536999940872192,1.7079795598983765,0.05427956581115723
2,DualHead_LogDirect_GNN_OOD,mb-dielectric-3231,Li2HN,H-Li-N,1.9105859994888306,1.8576908111572266,0.052895188331604004
2,DualHead_LogDirect_GNN_OOD,mb-dielectric-3235,Li2AgSb,Ag-Li-Sb,4.844423294067383,3.7445240020751953,1.0998992919921875
2,DualHead_LogDirect_GNN_OOD,mb-dielectric-3237,Ca(HoS2)2,Ca-Ho-S,2.7541332244873047,2.770153522491455,0.01602029800415039
2,DualHead_LogDirect_GNN_OOD,mb-dielectric-3243,BaTiO3,Ba-O-Ti,2.3615729808807373,2.4465763568878174,0.08500337600708008
2,DualHead_LogDirect_GNN_OOD,mb-dielectric-3254,Ba3(AlN2)2,Al-Ba-N,2.5871105194091797,2.388848304748535,0.19826221466064453
2,DualHead_LogDirect_GNN_OOD,mb-dielectric-3264,Li3PO4,Li-O-P,1.585032343864441,1.6305302381515503,0.045497894287109375
2,DualHead_LogDirect_GNN_OOD,mb-dielectric-3266,Ge3N4,Ge-N,2.411733865737915,2.585388422012329,0.17365455627441406
2,DualHead_LogDirect_GNN_OOD,mb-dielectric-3271,BAsO4,As-B-O,1.8207178115844727,1.8423722982406616,0.021654486656188965
2,DualHead_LogDirect_GNN_OOD,mb-dielectric-3272,Tl3AsS3,As-S-Tl,2.9120583534240723,2.9018893241882324,0.010169029235839844
2,DualHead_LogDirect_GNN_OOD,mb-dielectric-3273,CsBe2BO3F2,B-Be-Cs-F-O,1.512177586555481,1.4864429235458374,0.025734663009643555
2,DualHead_LogDirect_GNN_OOD,mb-dielectric-3274,H4BrN,Br-H-N,1.6694421768188477,1.6075825691223145,0.0618596076965332
2,DualHead_LogDirect_GNN_OOD,mb-dielectric-3279,CaPbF6,Ca-F-Pb,1.435579776763916,1.4395074844360352,0.003927707672119141
2,DualHead_LogDirect_GNN_OOD,mb-dielectric-3295,PtO2,O-Pt,2.7222201824188232,3.217928886413574,0.495708703994751
2,DualHead_LogDirect_GNN_OOD,mb-dielectric-3300,NbRhO4,Nb-O-Rh,3.297513484954834,3.110752582550049,0.18676090240478516
2,DualHead_LogDirect_GNN_OOD,mb-dielectric-3306,ScF3,F-Sc,1.5043270587921143,1.4495532512664795,0.054773807525634766
2,DualHead_LogDirect_GNN_OOD,mb-dielectric-3309,TlBiTe2,Bi-Te-Tl,4.904969215393066,6.298785209655762,1.3938159942626953
2,DualHead_LogDirect_GNN_OOD,mb-dielectric-3310,KLaS2,K-La-S,2.1549947261810303,2.06381893157959,0.09117579460144043
2,DualHead_LogDirect_GNN_OOD,mb-dielectric-3322,CrCuO2,Cr-Cu-O,2.6922407150268555,2.72337007522583,0.03112936019897461
2,DualHead_LogDirect_GNN_OOD,mb-dielectric-3328,FeCuO2,Cu-Fe-O,2.8662233352661133,2.7550673484802246,0.11115598678588867
2,DualHead_LogDirect_GNN_OOD,mb-dielectric-3334,NaTaO3,Na-O-Ta,2.2816789150238037,2.366262674331665,0.08458375930786133
2,DualHead_LogDirect_GNN_OOD,mb-dielectric-3345,Sr(CdP)2,Cd-P-Sr,3.4685730934143066,3.8783254623413086,0.40975236892700195
2,DualHead_LogDirect_GNN_OOD,mb-dielectric-3348,ErBiO3,Bi-Er-O,2.365161895751953,2.2083017826080322,0.1568601131439209
2,DualHead_LogDirect_GNN_OOD,mb-dielectric-3349,Ba(CdP)2,Ba-Cd-P,3.5981476306915283,4.162671089172363,0.564523458480835
2,DualHead_LogDirect_GNN_OOD,mb-dielectric-3350,SrGaSnH,Ga-H-Sn-Sr,5.747140884399414,4.9900803565979,0.7570605278015137
2,DualHead_LogDirect_GNN_OOD,mb-dielectric-3361,NbCrO4,Cr-Nb-O,2.4721012115478516,2.4627342224121094,0.009366989135742188
2,DualHead_LogDirect_GNN_OOD,mb-dielectric-3373,P2Os,Os-P,4.267630100250244,4.453983306884766,0.18635320663452148
2,DualHead_LogDirect_GNN_OOD,mb-dielectric-3386,ZnCrF6,Cr-F-Zn,1.7175004482269287,1.6199159622192383,0.09758448600769043
2,DualHead_LogDirect_GNN_OOD,mb-dielectric-3393,H6OF4,F-H-O,1.331790804862976,1.3274385929107666,0.004352211952209473
2,DualHead_LogDirect_GNN_OOD,mb-dielectric-3397,Mn(GaS2)2,Ga-Mn-S,2.46331787109375,2.4140021800994873,0.049315690994262695
2,DualHead_LogDirect_GNN_OOD,mb-dielectric-3400,Al2O3,Al-O,1.7504500150680542,1.827251672744751,0.07680165767669678
2,DualHead_LogDirect_GNN_OOD,mb-dielectric-3404,CsScO2,Cs-O-Sc,1.8494480848312378,1.9067049026489258,0.05725681781768799
2,DualHead_LogDirect_GNN_OOD,mb-dielectric-3412,TlF,F-Tl,1.9990607500076294,1.9630204439163208,0.036040306091308594
2,DualHead_LogDirect_GNN_OOD,mb-dielectric-3424,ScSbPt,Pt-Sb-Sc,4.2906365394592285,4.6537065505981445,0.363070011138916
2,DualHead_LogDirect_GNN_OOD,mb-dielectric-3429,PPbSe3,P-Pb-Se,3.1911442279815674,3.1044301986694336,0.08671402931213379
2,DualHead_LogDirect_GNN_OOD,mb-dielectric-3437,Al2O3,Al-O,1.6206685304641724,1.6028938293457031,0.01777470111846924
2,DualHead_LogDirect_GNN_OOD,mb-dielectric-3439,LiMnP(H6O5)2,H-Li-Mn-O-P,1.5273524522781372,1.4977729320526123,0.029579520225524902
2,DualHead_LogDirect_GNN_OOD,mb-dielectric-3446,NaH8SNO6,H-N-Na-O-S,1.4658907651901245,1.4997490644454956,0.033858299255371094
2,DualHead_LogDirect_GNN_OOD,mb-dielectric-3455,OsOF4,F-O-Os,1.8018592596054077,1.6899199485778809,0.11193931102752686
2,DualHead_LogDirect_GNN_OOD,mb-dielectric-3461,LiCu(PO3)4,Cu-Li-O-P,2.1313724517822266,1.7520880699157715,0.3792843818664551
2,DualHead_LogDirect_GNN_OOD,mb-dielectric-3466,Li5TiN3,Li-N-Ti,2.361968517303467,2.3337385654449463,0.028229951858520508
2,DualHead_LogDirect_GNN_OOD,mb-dielectric-3475,Al2O3,Al-O,1.7786699533462524,1.8029866218566895,0.02431666851043701
2,DualHead_LogDirect_GNN_OOD,mb-dielectric-3480,B6O,B-O,2.398402214050293,2.339881658554077,0.05852055549621582
2,DualHead_LogDirect_GNN_OOD,mb-dielectric-3481,PbI2,I-Pb,2.3191661834716797,2.47544527053833,0.1562790870666504
2,DualHead_LogDirect_GNN_OOD,mb-dielectric-3484,TaSbRu,Ru-Sb-Ta,4.422581672668457,4.404088497161865,0.018493175506591797
2,DualHead_LogDirect_GNN_OOD,mb-dielectric-3488,Cd(InSe2)2,Cd-In-Se,2.7391464710235596,2.749297618865967,0.010151147842407227
2,DualHead_LogDirect_GNN_OOD,mb-dielectric-3492,RbS,Rb-S,1.7439709901809692,1.7194187641143799,0.024552226066589355
2,DualHead_LogDirect_GNN_OOD,mb-dielectric-3493,KAgSe,Ag-K-Se,2.6605112552642822,2.3963756561279297,0.26413559913635254
2,DualHead_LogDirect_GNN_OOD,mb-dielectric-3500,Li2CaGeO4,Ca-Ge-Li-O,1.8149034976959229,1.8471224308013916,0.03221893310546875
2,DualHead_LogDirect_GNN_OOD,mb-dielectric-3502,Fe2OF3,F-Fe-O,1.8115215301513672,1.933342456817627,0.12182092666625977
2,DualHead_LogDirect_GNN_OOD,mb-dielectric-3503,RbNO3,N-O-Rb,1.513285517692566,1.5398321151733398,0.026546597480773926
2,DualHead_LogDirect_GNN_OOD,mb-dielectric-3504,P2Ir,Ir-P,4.094427108764648,4.756831169128418,0.6624040603637695
2,DualHead_LogDirect_GNN_OOD,mb-dielectric-3505,Ca4Sb2O,Ca-O-Sb,3.023010492324829,3.064042091369629,0.041031599044799805
2,DualHead_LogDirect_GNN_OOD,mb-dielectric-3514,AgBr,Ag-Br,2.0781848430633545,2.201732873916626,0.12354803085327148
2,DualHead_LogDirect_GNN_OOD,mb-dielectric-3519,La2Be2GeO7,Be-Ge-La-O,1.9750176668167114,1.946610689163208,0.028406977653503418
2,DualHead_LogDirect_GNN_OOD,mb-dielectric-3521,AlHO2,Al-H-O,1.704899787902832,1.6476764678955078,0.05722332000732422
2,DualHead_LogDirect_GNN_OOD,mb-dielectric-3524,MnSbO4,Mn-O-Sb,2.1238889694213867,2.355746030807495,0.2318570613861084
2,DualHead_LogDirect_GNN_OOD,mb-dielectric-3526,Sb2Se3,Sb-Se,3.9702224731445312,3.656872034072876,0.3133504390716553
2,DualHead_LogDirect_GNN_OOD,mb-dielectric-3530,Ge3N4,Ge-N,2.2724435329437256,2.4684102535247803,0.1959667205810547
2,DualHead_LogDirect_GNN_OOD,mb-dielectric-3532,YNiBi,Bi-Ni-Y,4.9592671394348145,5.059162139892578,0.09989500045776367
2,DualHead_LogDirect_GNN_OOD,mb-dielectric-3542,MnH8(NF3)2,F-H-Mn-N,1.5507704019546509,1.511549472808838,0.03922092914581299
2,DualHead_LogDirect_GNN_OOD,mb-dielectric-3546,Rb2HfF6,F-Hf-Rb,1.4558212757110596,1.485147476196289,0.029326200485229492
2,DualHead_LogDirect_GNN_OOD,mb-dielectric-3552,Sr(BeN)2,Be-N-Sr,2.271775960922241,2.1908059120178223,0.08097004890441895
2,DualHead_LogDirect_GNN_OOD,mb-dielectric-3555,K2Zn(PO3)4,K-O-P-Zn,1.5831972360610962,1.5728586912155151,0.010338544845581055
2,DualHead_LogDirect_GNN_OOD,mb-dielectric-3557,ZnPdF6,F-Pd-Zn,2.0188558101654053,1.7978116273880005,0.22104418277740479
2,DualHead_LogDirect_GNN_OOD,mb-dielectric-3559,CsNbF6,Cs-F-Nb,1.4777394533157349,1.573715090751648,0.09597563743591309
2,DualHead_LogDirect_GNN_OOD,mb-dielectric-3562,Ta2O5,O-Ta,2.372340679168701,2.4344968795776367,0.06215620040893555
2,DualHead_LogDirect_GNN_OOD,mb-dielectric-3563,Tl2SnF6,F-Sn-Tl,1.685417890548706,1.7385988235473633,0.05318093299865723
2,DualHead_LogDirect_GNN_OOD,mb-dielectric-3573,ZnAsHPbO5,As-H-O-Pb-Zn,2.071805238723755,2.0053722858428955,0.06643295288085938
2,DualHead_LogDirect_GNN_OOD,mb-dielectric-3575,FeOF,F-Fe-O,2.1097052097320557,2.37467098236084,0.2649657726287842
2,DualHead_LogDirect_GNN_OOD,mb-dielectric-3583,BaLiSb,Ba-Li-Sb,3.2314631938934326,4.143003940582275,0.9115407466888428
2,DualHead_LogDirect_GNN_OOD,mb-dielectric-3591,Te2O5,O-Te,2.225234031677246,2.262375593185425,0.03714156150817871
2,DualHead_LogDirect_GNN_OOD,mb-dielectric-3595,Ba3P4,Ba-P,3.1231393814086914,3.2662572860717773,0.14311790466308594
2,DualHead_LogDirect_GNN_OOD,mb-dielectric-3597,Mg(ScS2)2,Mg-S-Sc,2.521507501602173,2.538804769515991,0.01729726791381836
2,DualHead_LogDirect_GNN_OOD,mb-dielectric-3607,BaCu2SnSe4,Ba-Cu-Se-Sn,3.3238532543182373,2.9150099754333496,0.4088432788848877
2,DualHead_LogDirect_GNN_OOD,mb-dielectric-3620,Be2C,Be-C,2.6455624103546143,2.7306156158447266,0.0850532054901123
2,DualHead_LogDirect_GNN_OOD,mb-dielectric-3624,Li8GeO6,Ge-Li-O,1.709152102470398,1.7602453231811523,0.051093220710754395
2,DualHead_LogDirect_GNN_OOD,mb-dielectric-3626,H3F2,F-H,1.3070405721664429,1.2915791273117065,0.015461444854736328
2,DualHead_LogDirect_GNN_OOD,mb-dielectric-3629,MgTe2,Mg-Te,3.229396343231201,3.170086145401001,0.059310197830200195
2,DualHead_LogDirect_GNN_OOD,mb-dielectric-3632,Si2CN4,C-N-Si,1.877364158630371,1.9062926769256592,0.028928518295288086
2,DualHead_LogDirect_GNN_OOD,mb-dielectric-3640,HgS,Hg-S,2.5632822513580322,2.6334352493286133,0.07015299797058105
2,DualHead_LogDirect_GNN_OOD,mb-dielectric-3642,Ge2N2O,Ge-N-O,2.1220381259918213,2.165544033050537,0.04350590705871582
2,DualHead_LogDirect_GNN_OOD,mb-dielectric-3643,NaLi2MnPCO7,C-Li-Mn-Na-O-P,1.6334832906723022,1.6306959390640259,0.002787351608276367
2,DualHead_LogDirect_GNN_OOD,mb-dielectric-3645,TlF3,F-Tl,1.9712094068527222,1.745863676071167,0.22534573078155518
2,DualHead_LogDirect_GNN_OOD,mb-dielectric-3656,LiN3,Li-N,1.662127137184143,1.56459641456604,0.09753072261810303
2,DualHead_LogDirect_GNN_OOD,mb-dielectric-3658,AlHO2,Al-H-O,1.7564167976379395,1.7704768180847168,0.014060020446777344
2,DualHead_LogDirect_GNN_OOD,mb-dielectric-3659,GaAgO2,Ag-Ga-O,2.476466417312622,2.3765969276428223,0.0998694896697998
2,DualHead_LogDirect_GNN_OOD,mb-dielectric-3663,PtO2,O-Pt,4.618982791900635,4.328312873840332,0.29066991806030273
2,DualHead_LogDirect_GNN_OOD,mb-dielectric-3666,SrSnO3,O-Sn-Sr,2.124082326889038,2.188549757003784,0.0644674301147461
2,DualHead_LogDirect_GNN_OOD,mb-dielectric-3674,Li2FeO3,Fe-Li-O,3.312081813812256,2.146796703338623,1.1652851104736328
2,DualHead_LogDirect_GNN_OOD,mb-dielectric-3681,LiMnP2(HO4)2,H-Li-Mn-O-P,1.7990295886993408,1.763639211654663,0.035390377044677734
2,DualHead_LogDirect_GNN_OOD,mb-dielectric-3685,ErSbPd,Er-Pd-Sb,4.282918930053711,5.162914276123047,0.8799953460693359
2,DualHead_LogDirect_GNN_OOD,mb-dielectric-3692,NaZnAs,As-Na-Zn,4.255114555358887,3.6240246295928955,0.6310899257659912
2,DualHead_LogDirect_GNN_OOD,mb-dielectric-3705,CdSb,Cd-Sb,5.275260925292969,4.3520002365112305,0.9232606887817383
2,DualHead_LogDirect_GNN_OOD,mb-dielectric-3709,Na2CuAs,As-Cu-Na,3.22247314453125,3.495095729827881,0.27262258529663086
2,DualHead_LogDirect_GNN_OOD,mb-dielectric-3711,ScTlS2,S-Sc-Tl,2.940960168838501,3.389324903488159,0.4483647346496582
2,DualHead_LogDirect_GNN_OOD,mb-dielectric-3712,ScTlSe2,Sc-Se-Tl,3.1387436389923096,3.7158594131469727,0.5771157741546631
2,DualHead_LogDirect_GNN_OOD,mb-dielectric-3716,LiFePO4,Fe-Li-O-P,1.6285672187805176,1.7587871551513672,0.1302199363708496
2,DualHead_LogDirect_GNN_OOD,mb-dielectric-3718,PNO,N-O-P,1.7893143892288208,1.745126485824585,0.04418790340423584
2,DualHead_LogDirect_GNN_OOD,mb-dielectric-3727,LiFe2(PO4)2,Fe-Li-O-P,1.9149233102798462,1.929853916168213,0.0149306058883667
2,DualHead_LogDirect_GNN_OOD,mb-dielectric-3738,Cr4OF11,Cr-F-O,1.8535020351409912,1.9098010063171387,0.05629897117614746
2,DualHead_LogDirect_GNN_OOD,mb-dielectric-3745,FeAs2,As-Fe,5.532961845397949,6.363797187805176,0.8308353424072266
2,DualHead_LogDirect_GNN_OOD,mb-dielectric-3747,RbO3,O-Rb,1.5274161100387573,1.4902138710021973,0.03720223903656006
2,DualHead_LogDirect_GNN_OOD,mb-dielectric-3749,Sr3CrN4,Cr-N-Sr,2.4256436824798584,2.6355204582214355,0.20987677574157715
2,DualHead_LogDirect_GNN_OOD,mb-dielectric-3760,Nb3TeI7,I-Nb-Te,3.0197386741638184,2.7538366317749023,0.265902042388916
2,DualHead_LogDirect_GNN_OOD,mb-dielectric-3765,CsBeH3,Be-Cs-H,1.4992947578430176,1.5580224990844727,0.05872774124145508
2,DualHead_LogDirect_GNN_OOD,mb-dielectric-3768,Li7FeO6,Fe-Li-O,2.653944253921509,1.9772216081619263,0.6767226457595825
2,DualHead_LogDirect_GNN_OOD,mb-dielectric-3770,KGaS2,Ga-K-S,2.0570695400238037,2.1426174640655518,0.08554792404174805
2,DualHead_LogDirect_GNN_OOD,mb-dielectric-3775,LiFeSiO4,Fe-Li-O-Si,1.88621187210083,1.7752573490142822,0.11095452308654785
2,DualHead_LogDirect_GNN_OOD,mb-dielectric-3777,H2SeO3,H-O-Se,1.6846364736557007,1.7379015684127808,0.05326509475708008
2,DualHead_LogDirect_GNN_OOD,mb-dielectric-3779,BaLaTaMnO6,Ba-La-Mn-O-Ta,2.2994537353515625,2.315006732940674,0.015552997589111328
2,DualHead_LogDirect_GNN_OOD,mb-dielectric-3786,Mn3TeO6,Mn-O-Te,2.151277780532837,2.303199052810669,0.15192127227783203
2,DualHead_LogDirect_GNN_OOD,mb-dielectric-3789,Ho2Cu2O5,Cu-Ho-O,2.352900743484497,2.551057815551758,0.19815707206726074
2,DualHead_LogDirect_GNN_OOD,mb-dielectric-3790,Sr3Fe2O5,Fe-O-Sr,2.139904260635376,2.1126325130462646,0.027271747589111328
2,DualHead_LogDirect_GNN_OOD,mb-dielectric-3794,LiMnAlO4,Al-Li-Mn-O,2.314804792404175,2.188932418823242,0.12587237358093262
2,DualHead_LogDirect_GNN_OOD,mb-dielectric-3799,Li2MnO2,Li-Mn-O,1.9255006313323975,1.9904286861419678,0.06492805480957031
2,DualHead_LogDirect_GNN_OOD,mb-dielectric-3803,Co(AsO3)2,As-Co-O,2.1095759868621826,2.240896224975586,0.13132023811340332
2,DualHead_LogDirect_GNN_OOD,mb-dielectric-3807,H3SO4F,F-H-O-S,1.441527009010315,1.4480171203613281,0.006490111351013184
2,DualHead_LogDirect_GNN_OOD,mb-dielectric-3809,Fe4O3F5,F-Fe-O,2.0243077278137207,2.111471652984619,0.08716392517089844
2,DualHead_LogDirect_GNN_OOD,mb-dielectric-3816,Li4MoO5,Li-Mo-O,2.080371618270874,2.116981029510498,0.03660941123962402
2,DualHead_LogDirect_GNN_OOD,mb-dielectric-3820,Cl2O,Cl-O,1.739635944366455,1.5904769897460938,0.14915895462036133
2,DualHead_LogDirect_GNN_OOD,mb-dielectric-3822,FeOF,F-Fe-O,2.1329345703125,2.25778865814209,0.12485408782958984
2,DualHead_LogDirect_GNN_OOD,mb-dielectric-3827,Sr2PdO3,O-Pd-Sr,2.3856515884399414,2.4589149951934814,0.07326340675354004
2,DualHead_LogDirect_GNN_OOD,mb-dielectric-3831,Al(HO)3,Al-H-O,1.6035181283950806,1.7023488283157349,0.0988306999206543
2,DualHead_LogDirect_GNN_OOD,mb-dielectric-3834,KCu2H20N3(Cl2O)4,Cl-Cu-H-K-N-O,1.7324731349945068,1.6244696378707886,0.10800349712371826
2,DualHead_LogDirect_GNN_OOD,mb-dielectric-3836,K2HBrO,Br-H-K-O,1.5683324337005615,1.563377857208252,0.00495457649230957
2,DualHead_LogDirect_GNN_OOD,mb-dielectric-3846,Cs2LiMnO4,Cs-Li-Mn-O,1.7856091260910034,1.7355306148529053,0.050078511238098145
2,DualHead_LogDirect_GNN_OOD,mb-dielectric-3847,Li4NbCr(WO6)2,Cr-Li-Nb-O-W,2.361968755722046,2.427778720855713,0.06580996513366699
2,DualHead_LogDirect_GNN_OOD,mb-dielectric-3854,FeOF,F-Fe-O,2.1336941719055176,2.3182759284973145,0.18458175659179688
2,DualHead_LogDirect_GNN_OOD,mb-dielectric-3859,K2PdF4,F-K-Pd,1.5140807628631592,1.59937584400177,0.08529508113861084
2,DualHead_LogDirect_GNN_OOD,mb-dielectric-3870,Fe4O3F5,F-Fe-O,2.0310885906219482,2.1159870624542236,0.08489847183227539
2,DualHead_LogDirect_GNN_OOD,mb-dielectric-3887,Li2AlCoO4,Al-Co-Li-O,1.9504244327545166,2.013401508331299,0.06297707557678223
2,DualHead_LogDirect_GNN_OOD,mb-dielectric-3891,Li2Ni(PO3)4,Li-Ni-O-P,1.612195372581482,1.6402826309204102,0.028087258338928223
2,DualHead_LogDirect_GNN_OOD,mb-dielectric-3893,ClO3,Cl-O,2.034125566482544,1.5749995708465576,0.45912599563598633
2,DualHead_LogDirect_GNN_OOD,mb-dielectric-3894,SbCl3,Cl-Sb,1.7182354927062988,1.7828558683395386,0.06462037563323975
2,DualHead_LogDirect_GNN_OOD,mb-dielectric-3905,FeOF,F-Fe-O,2.1197197437286377,2.2783732414245605,0.15865349769592285
2,DualHead_LogDirect_GNN_OOD,mb-dielectric-3919,Al(HO)3,Al-H-O,1.694062352180481,1.7141292095184326,0.02006685733795166
2,DualHead_LogDirect_GNN_OOD,mb-dielectric-3926,Na4I2O,I-Na-O,1.8592089414596558,1.8214303255081177,0.037778615951538086
2,DualHead_LogDirect_GNN_OOD,mb-dielectric-3934,PtI2,I-Pt,2.7352635860443115,2.529468536376953,0.2057950496673584
2,DualHead_LogDirect_GNN_OOD,mb-dielectric-3935,BaPbF6,Ba-F-Pb,1.613559365272522,1.5894114971160889,0.024147868156433105
2,DualHead_LogDirect_GNN_OOD,mb-dielectric-3936,BaIF,Ba-F-I,1.9103227853775024,1.9235866069793701,0.013263821601867676
2,DualHead_LogDirect_GNN_OOD,mb-dielectric-3938,ScBrO,Br-O-Sc,2.167802333831787,2.357076406478882,0.18927407264709473
2,DualHead_LogDirect_GNN_OOD,mb-dielectric-3939,LiMgH3,H-Li-Mg,1.9846254587173462,2.012389898300171,0.027764439582824707
2,DualHead_LogDirect_GNN_OOD,mb-dielectric-3940,BaMo4(PO8)2,Ba-Mo-O-P,1.99906325340271,2.0384011268615723,0.039337873458862305
2,DualHead_LogDirect_GNN_OOD,mb-dielectric-3941,SrClF,Cl-F-Sr,1.6918089389801025,1.6703300476074219,0.021478891372680664
2,DualHead_LogDirect_GNN_OOD,mb-dielectric-3944,LiGaBr4,Br-Ga-Li,1.739731788635254,1.7823026180267334,0.04257082939147949
2,DualHead_LogDirect_GNN_OOD,mb-dielectric-3945,CsNaF3,Cs-F-Na,4.561659812927246,1.4290448427200317,3.1326149702072144
2,DualHead_LogDirect_GNN_OOD,mb-dielectric-3953,Ba2SnO4,Ba-O-Sn,2.08560848236084,2.1246345043182373,0.03902602195739746
2,DualHead_LogDirect_GNN_OOD,mb-dielectric-3965,CsNb(CuTe2)2,Cs-Cu-Nb-Te,2.72432017326355,2.7086684703826904,0.015651702880859375
2,DualHead_LogDirect_GNN_OOD,mb-dielectric-3987,Li2CuSbO5,Cu-Li-O-Sb,2.822298526763916,2.321455955505371,0.5008425712585449
2,DualHead_LogDirect_GNN_OOD,mb-dielectric-3992,Sr2NCl,Cl-N-Sr,2.160888910293579,2.089005947113037,0.07188296318054199
2,DualHead_LogDirect_GNN_OOD,mb-dielectric-3993,Sr2SnO4,O-Sn-Sr,1.989009976387024,2.0706002712249756,0.08159029483795166
2,DualHead_LogDirect_GNN_OOD,mb-dielectric-3994,SeO2,O-Se,1.966668963432312,2.0268795490264893,0.060210585594177246
2,DualHead_LogDirect_GNN_OOD,mb-dielectric-4003,SrIF,F-I-Sr,1.8330448865890503,1.7497261762619019,0.08331871032714844
2,DualHead_LogDirect_GNN_OOD,mb-dielectric-4004,CrSbO4,Cr-O-Sb,2.2799158096313477,2.2896766662597656,0.009760856628417969
2,DualHead_LogDirect_GNN_OOD,mb-dielectric-4013,P3Ru,P-Ru,4.174805164337158,4.723506450653076,0.548701286315918
2,DualHead_LogDirect_GNN_OOD,mb-dielectric-4015,S(ClO)2,Cl-O-S,1.4774930477142334,1.5616148710250854,0.08412182331085205
2,DualHead_LogDirect_GNN_OOD,mb-dielectric-4019,SCl2O,Cl-O-S,1.5368798971176147,1.553589940071106,0.01671004295349121
2,DualHead_LogDirect_GNN_OOD,mb-dielectric-4027,Na2(GaSb)3,Ga-Na-Sb,4.335512161254883,3.822472333908081,0.5130398273468018
2,DualHead_LogDirect_GNN_OOD,mb-dielectric-4030,BaBrF,Ba-Br-F,1.7830685377120972,1.8350229263305664,0.05195438861846924
2,DualHead_LogDirect_GNN_OOD,mb-dielectric-4039,Ge2N2O,Ge-N-O,2.0830917358398438,2.1182048320770264,0.03511309623718262
2,DualHead_LogDirect_GNN_OOD,mb-dielectric-4041,SiCl2O,Cl-O-Si,1.4796396493911743,1.4877039194107056,0.00806427001953125
2,DualHead_LogDirect_GNN_OOD,mb-dielectric-4042,Ag5P(S2Cl)2,Ag-Cl-P-S,2.5537948608398438,2.6107819080352783,0.05698704719543457
2,DualHead_LogDirect_GNN_OOD,mb-dielectric-4046,KSc2F7,F-K-Sc,1.5550754070281982,1.4774086475372314,0.0776667594909668
2,DualHead_LogDirect_GNN_OOD,mb-dielectric-4049,H4BrN,Br-H-N,1.7490451335906982,1.718074083328247,0.030971050262451172
2,DualHead_LogDirect_GNN_OOD,mb-dielectric-4055,CdPS3,Cd-P-S,2.2737882137298584,2.4048662185668945,0.13107800483703613
2,DualHead_LogDirect_GNN_OOD,mb-dielectric-4060,Ba2ZnGe2S6O,Ba-Ge-O-S-Zn,2.175997018814087,2.1788368225097656,0.002839803695678711
2,DualHead_LogDirect_GNN_OOD,mb-dielectric-4061,BeTe,Be-Te,2.726900339126587,2.69193696975708,0.034963369369506836
2,DualHead_LogDirect_GNN_OOD,mb-dielectric-4070,LiVBO4,B-Li-O-V,1.968186616897583,1.9496574401855469,0.018529176712036133
2,DualHead_LogDirect_GNN_OOD,mb-dielectric-4077,HfNCl,Cl-Hf-N,2.1539876461029053,2.4459807872772217,0.2919931411743164
2,DualHead_LogDirect_GNN_OOD,mb-dielectric-4084,FeP2,Fe-P,4.800868034362793,5.368355751037598,0.5674877166748047
2,DualHead_LogDirect_GNN_OOD,mb-dielectric-4088,Rb2S,Rb-S,1.7826011180877686,1.698000431060791,0.08460068702697754
2,DualHead_LogDirect_GNN_OOD,mb-dielectric-4091,AlHO2,Al-H-O,1.7855761051177979,1.801891565322876,0.016315460205078125
2,DualHead_LogDirect_GNN_OOD,mb-dielectric-4102,BaSnO3,Ba-O-Sn,2.3383021354675293,2.2053604125976562,0.13294172286987305
2,DualHead_LogDirect_GNN_OOD,mb-dielectric-4109,TmBiO3,Bi-O-Tm,2.354907989501953,2.244706869125366,0.11020112037658691
2,DualHead_LogDirect_GNN_OOD,mb-dielectric-4112,NaTaO3,Na-O-Ta,2.359734296798706,2.4070687294006348,0.04733443260192871
2,DualHead_LogDirect_GNN_OOD,mb-dielectric-4122,MgTiO3,Mg-O-Ti,2.183063507080078,2.136841297149658,0.04622220993041992
2,DualHead_LogDirect_GNN_OOD,mb-dielectric-4123,CaMgAsO4F,As-Ca-F-Mg-O,1.7216260433197021,1.6987017393112183,0.022924304008483887
2,DualHead_LogDirect_GNN_OOD,mb-dielectric-4124,TiMnO3,Mn-O-Ti,2.4126992225646973,2.426673650741577,0.013974428176879883
2,DualHead_LogDirect_GNN_OOD,mb-dielectric-4128,WN2,N-W,3.233332872390747,2.402482509613037,0.83085036277771
2,DualHead_LogDirect_GNN_OOD,mb-dielectric-4137,CsAuBr3,Au-Br-Cs,3.0075290203094482,2.0059704780578613,1.001558542251587
2,DualHead_LogDirect_GNN_OOD,mb-dielectric-4140,FeOF,F-Fe-O,2.0828983783721924,2.3420658111572266,0.2591674327850342
2,DualHead_LogDirect_GNN_OOD,mb-dielectric-4141,Be4TeO7,Be-O-Te,1.846785068511963,1.97611665725708,0.1293315887451172
2,DualHead_LogDirect_GNN_OOD,mb-dielectric-4146,ICl3,Cl-I,1.7766072750091553,1.7286654710769653,0.04794180393218994
2,DualHead_LogDirect_GNN_OOD,mb-dielectric-4149,LaAlO3,Al-La-O,2.168198347091675,2.2388415336608887,0.07064318656921387
2,DualHead_LogDirect_GNN_OOD,mb-dielectric-4153,AgPS3,Ag-P-S,2.3103091716766357,2.3929176330566406,0.08260846138000488
2,DualHead_LogDirect_GNN_OOD,mb-dielectric-4160,BAs,As-B,3.139232873916626,2.9960579872131348,0.1431748867034912
2,DualHead_LogDirect_GNN_OOD,mb-dielectric-4163,Li2HN,H-Li-N,1.9102977514266968,1.9066227674484253,0.0036749839782714844
2,DualHead_LogDirect_GNN_OOD,mb-dielectric-4165,Na2TlSb,Na-Sb-Tl,5.9202399253845215,8.274953842163086,2.3547139167785645
2,DualHead_LogDirect_GNN_OOD,mb-dielectric-4169,BAs,As-B,3.130547523498535,3.123641014099121,0.0069065093994140625
2,DualHead_LogDirect_GNN_OOD,mb-dielectric-4170,InCuSe2,Cu-In-Se,4.059720993041992,3.043283462524414,1.0164375305175781
2,DualHead_LogDirect_GNN_OOD,mb-dielectric-4171,TeO3,O-Te,2.343714952468872,2.487243413925171,0.14352846145629883
2,DualHead_LogDirect_GNN_OOD,mb-dielectric-4174,Mg3(AsO4)2,As-Mg-O,1.7767138481140137,1.8070027828216553,0.0302889347076416
2,DualHead_LogDirect_GNN_OOD,mb-dielectric-4175,P2Ru,P-Ru,4.4561567306518555,4.956472396850586,0.5003156661987305
2,DualHead_LogDirect_GNN_OOD,mb-dielectric-4180,BaP3,Ba-P,3.165069818496704,3.2249245643615723,0.059854745864868164
2,DualHead_LogDirect_GNN_OOD,mb-dielectric-4184,NiO,Ni-O,2.25240421295166,2.5312047004699707,0.27880048751831055
2,DualHead_LogDirect_GNN_OOD,mb-dielectric-4187,CsSnI3,Cs-I-Sn,2.836050271987915,2.2002806663513184,0.6357696056365967
2,DualHead_LogDirect_GNN_OOD,mb-dielectric-4190,SrS,S-Sr,2.1554582118988037,2.0962181091308594,0.059240102767944336
2,DualHead_LogDirect_GNN_OOD,mb-dielectric-4203,Li2FeSiO4,Fe-Li-O-Si,1.7496190071105957,1.775888204574585,0.026269197463989258
2,DualHead_LogDirect_GNN_OOD,mb-dielectric-4207,CdPS3,Cd-P-S,2.282644748687744,2.4067118167877197,0.12406706809997559
2,DualHead_LogDirect_GNN_OOD,mb-dielectric-4213,Na2ZnS2,Na-S-Zn,2.073214292526245,2.105340003967285,0.03212571144104004
2,DualHead_LogDirect_GNN_OOD,mb-dielectric-4215,RbNO3,N-O-Rb,1.4325889348983765,1.4265565872192383,0.006032347679138184
2,DualHead_LogDirect_GNN_OOD,mb-dielectric-4222,GeTe,Ge-Te,6.144399166107178,5.848364353179932,0.2960348129272461
2,DualHead_LogDirect_GNN_OOD,mb-dielectric-4224,LiV2CrO6,Cr-Li-O-V,3.179403781890869,2.7228918075561523,0.4565119743347168
2,DualHead_LogDirect_GNN_OOD,mb-dielectric-4226,Ca6GaN5,Ca-Ga-N,2.375244140625,2.371605396270752,0.003638744354248047
2,DualHead_LogDirect_GNN_OOD,mb-dielectric-4227,ZnSe,Se-Zn,2.7059082984924316,2.8413867950439453,0.13547849655151367
2,DualHead_LogDirect_GNN_OOD,mb-dielectric-4229,CrAgS2,Ag-Cr-S,3.537217378616333,4.957937240600586,1.420719861984253
2,DualHead_LogDirect_GNN_OOD,mb-dielectric-4234,Cu2WS4,Cu-S-W,2.4527721405029297,2.490339517593384,0.0375673770904541
2,DualHead_LogDirect_GNN_OOD,mb-dielectric-4235,S,S,2.069875717163086,1.9240338802337646,0.1458418369293213
2,DualHead_LogDirect_GNN_OOD,mb-dielectric-4247,KN3,K-N,1.5728954076766968,1.5382996797561646,0.03459572792053223
2,DualHead_LogDirect_GNN_OOD,mb-dielectric-4249,LiFeSiO4,Fe-Li-O-Si,1.7429219484329224,1.7972944974899292,0.054372549057006836
2,DualHead_LogDirect_GNN_OOD,mb-dielectric-4256,Al2O3,Al-O,1.7939714193344116,1.870893955230713,0.07692253589630127
2,DualHead_LogDirect_GNN_OOD,mb-dielectric-4257,Li2GeO3,Ge-Li-O,1.7894700765609741,1.7677009105682373,0.021769165992736816
2,DualHead_LogDirect_GNN_OOD,mb-dielectric-4262,SrHfN2,Hf-N-Sr,2.5720841884613037,2.785524368286133,0.2134401798248291
2,DualHead_LogDirect_GNN_OOD,mb-dielectric-4266,Li2TeO4,Li-O-Te,1.8398767709732056,1.9425594806671143,0.10268270969390869
2,DualHead_LogDirect_GNN_OOD,mb-dielectric-4267,LiMnO2,Li-Mn-O,2.146927833557129,2.301365852355957,0.15443801879882812
2,DualHead_LogDirect_GNN_OOD,mb-dielectric-4270,Sr2Si,Si-Sr,4.107878684997559,4.237239837646484,0.12936115264892578
2,DualHead_LogDirect_GNN_OOD,mb-dielectric-4280,KPSe6,K-P-Se,2.5876951217651367,2.2767157554626465,0.31097936630249023
2,DualHead_LogDirect_GNN_OOD,mb-dielectric-4288,LiFePO4,Fe-Li-O-P,1.6465331315994263,1.7392394542694092,0.09270632266998291
2,DualHead_LogDirect_GNN_OOD,mb-dielectric-4289,Li5(FeO2)4,Fe-Li-O,2.171828269958496,2.078324794769287,0.09350347518920898
2,DualHead_LogDirect_GNN_OOD,mb-dielectric-4291,Li2VCrO4,Cr-Li-O-V,2.260963201522827,2.519219398498535,0.258256196975708
2,DualHead_LogDirect_GNN_OOD,mb-dielectric-4294,Ba(NdS2)2,Ba-Nd-S,2.748638153076172,2.7584705352783203,0.009832382202148438
2,DualHead_LogDirect_GNN_OOD,mb-dielectric-4302,Li2Ge2O5,Ge-Li-O,1.698576807975769,1.7225972414016724,0.02402043342590332
2,DualHead_LogDirect_GNN_OOD,mb-dielectric-4321,Cu2SiS3,Cu-S-Si,3.0083417892456055,3.129683494567871,0.12134170532226562
2,DualHead_LogDirect_GNN_OOD,mb-dielectric-4330,KCuO,Cu-K-O,1.9443680047988892,1.9771246910095215,0.032756686210632324
2,DualHead_LogDirect_GNN_OOD,mb-dielectric-4335,CsNiCl3,Cl-Cs-Ni,1.8654024600982666,1.8517649173736572,0.013637542724609375
2,DualHead_LogDirect_GNN_OOD,mb-dielectric-4338,Na2CdSnS4,Cd-Na-S-Sn,2.113555431365967,2.0424110889434814,0.07114434242248535
2,DualHead_LogDirect_GNN_OOD,mb-dielectric-4343,Mg2NF,F-Mg-N,1.9465471506118774,1.7941124439239502,0.15243470668792725
2,DualHead_LogDirect_GNN_OOD,mb-dielectric-4353,Mg(PtO2)3,Mg-O-Pt,3.8749287128448486,3.6184744834899902,0.2564542293548584
2,DualHead_LogDirect_GNN_OOD,mb-dielectric-4357,ZrVF6,F-V-Zr,1.5475788116455078,1.4820547103881836,0.06552410125732422
2,DualHead_LogDirect_GNN_OOD,mb-dielectric-4371,Ca5(SnAs3)2,As-Ca-Sn,3.939162254333496,3.870882511138916,0.06827974319458008
2,DualHead_LogDirect_GNN_OOD,mb-dielectric-4393,AlInCl4,Al-Cl-In,1.7360875606536865,1.7390720844268799,0.0029845237731933594
2,DualHead_LogDirect_GNN_OOD,mb-dielectric-4395,BaCoN,Ba-Co-N,9.523672103881836,3.826786518096924,5.696885585784912
2,DualHead_LogDirect_GNN_OOD,mb-dielectric-4402,Li4MnV2WO12,Li-Mn-O-V-W,2.8000147342681885,2.7050182819366455,0.09499645233154297
2,DualHead_LogDirect_GNN_OOD,mb-dielectric-4403,Al(HO)3,Al-H-O,1.619950294494629,1.6766119003295898,0.05666160583496094
2,DualHead_LogDirect_GNN_OOD,mb-dielectric-4404,NaV(OF)2,F-Na-O-V,1.8562304973602295,1.7494981288909912,0.10673236846923828
2,DualHead_LogDirect_GNN_OOD,mb-dielectric-4408,Ba2Si5N8,Ba-N-Si,2.228562593460083,2.1752028465270996,0.0533597469329834
2,DualHead_LogDirect_GNN_OOD,mb-dielectric-4411,CrP2O7,Cr-O-P,2.331510543823242,1.9185749292373657,0.41293561458587646
2,DualHead_LogDirect_GNN_OOD,mb-dielectric-4414,Nb3TeI7,I-Nb-Te,2.9364378452301025,2.759159564971924,0.1772782802581787
2,DualHead_LogDirect_GNN_OOD,mb-dielectric-4416,Li3MnV(P2O7)2,Li-Mn-O-P-V,1.683074712753296,1.67612624168396,0.0069484710693359375
2,DualHead_LogDirect_GNN_OOD,mb-dielectric-4432,Ca5Al6O14,Al-Ca-O,1.7549946308135986,1.724802851676941,0.030191779136657715
2,DualHead_LogDirect_GNN_OOD,mb-dielectric-4438,VBrO,Br-O-V,2.0981717109680176,2.3750081062316895,0.2768363952636719
2,DualHead_LogDirect_GNN_OOD,mb-dielectric-4441,LiScAs2O7,As-Li-O-Sc,1.86686372756958,1.8448065519332886,0.022057175636291504
2,DualHead_LogDirect_GNN_OOD,mb-dielectric-4443,Mg2PN3,Mg-N-P,2.1018340587615967,2.1965060234069824,0.09467196464538574
2,DualHead_LogDirect_GNN_OOD,mb-dielectric-4445,Na2CaSiO4,Ca-Na-O-Si,1.6812717914581299,1.643700122833252,0.03757166862487793
2,DualHead_LogDirect_GNN_OOD,mb-dielectric-4451,Ga2Te5,Ga-Te,3.722320079803467,3.608994483947754,0.11332559585571289
2,DualHead_LogDirect_GNN_OOD,mb-dielectric-4452,Li2VCr3O8,Cr-Li-O-V,2.5769267082214355,2.419558525085449,0.15736818313598633
2,DualHead_LogDirect_GNN_OOD,mb-dielectric-4453,NdHO2,H-Nd-O,1.96053946018219,1.8753249645233154,0.08521449565887451
2,DualHead_LogDirect_GNN_OOD,mb-dielectric-4454,TaAsO4,As-O-Ta,2.3872997760772705,2.1530776023864746,0.2342221736907959
2,DualHead_LogDirect_GNN_OOD,mb-dielectric-4457,InSiTe3,In-Si-Te,3.542219877243042,3.476940393447876,0.06527948379516602
2,DualHead_LogDirect_GNN_OOD,mb-dielectric-4459,CaBr2,Br-Ca,1.7691806554794312,1.8064028024673462,0.03722214698791504
2,DualHead_LogDirect_GNN_OOD,mb-dielectric-4460,TiS3,S-Ti,3.168069839477539,2.7970995903015137,0.3709702491760254
2,DualHead_LogDirect_GNN_OOD,mb-dielectric-4465,Li2MnBr4,Br-Li-Mn,1.9121540784835815,1.7954190969467163,0.11673498153686523
2,DualHead_LogDirect_GNN_OOD,mb-dielectric-4468,BaLiAs,As-Ba-Li,3.2330963611602783,3.430840015411377,0.19774365425109863
2,DualHead_LogDirect_GNN_OOD,mb-dielectric-4469,FeCl2,Cl-Fe,55.88597869873047,2.3610336780548096,53.52494502067566
2,DualHead_LogDirect_GNN_OOD,mb-dielectric-4472,KVN2,K-N-V,3.5877492427825928,2.9027061462402344,0.6850430965423584
2,DualHead_LogDirect_GNN_OOD,mb-dielectric-4475,Rb2Pd3S4,Pd-Rb-S,2.6895570755004883,2.6315903663635254,0.05796670913696289
2,DualHead_LogDirect_GNN_OOD,mb-dielectric-4479,ZnMo2O7,Mo-O-Zn,1.8230234384536743,1.862642526626587,0.0396190881729126
2,DualHead_LogDirect_GNN_OOD,mb-dielectric-4485,Ca2BeSi2O7,Be-Ca-O-Si,1.7298715114593506,1.6996574401855469,0.03021407127380371
2,DualHead_LogDirect_GNN_OOD,mb-dielectric-4491,Si,Si,3.606020450592041,2.9487247467041016,0.6572957038879395
2,DualHead_LogDirect_GNN_OOD,mb-dielectric-4492,RbC2N3,C-N-Rb,1.6355476379394531,1.6596261262893677,0.02407848834991455
2,DualHead_LogDirect_GNN_OOD,mb-dielectric-4495,YAgTe2,Ag-Te-Y,3.3514599800109863,3.5933432579040527,0.2418832778930664
2,DualHead_LogDirect_GNN_OOD,mb-dielectric-4497,CdHgO2,Cd-Hg-O,2.4098472595214844,2.3492956161499023,0.06055164337158203
2,DualHead_LogDirect_GNN_OOD,mb-dielectric-4499,Ca(TbS2)2,Ca-S-Tb,2.768536329269409,2.7902235984802246,0.02168726921081543
2,DualHead_LogDirect_GNN_OOD,mb-dielectric-4504,AgBr,Ag-Br,2.613044261932373,2.8765406608581543,0.26349639892578125
2,DualHead_LogDirect_GNN_OOD,mb-dielectric-4509,Rb2O,O-Rb,1.8686001300811768,1.7706893682479858,0.09791076183319092
2,DualHead_LogDirect_GNN_OOD,mb-dielectric-4512,NaSmO2,Na-O-Sm,1.9679518938064575,2.046532392501831,0.07858049869537354
2,DualHead_LogDirect_GNN_OOD,mb-dielectric-4515,CaTe,Ca-Te,2.5674891471862793,2.871243953704834,0.3037548065185547
2,DualHead_LogDirect_GNN_OOD,mb-dielectric-4524,SrCa(CO3)2,C-Ca-O-Sr,1.6691703796386719,1.6521635055541992,0.017006874084472656
2,DualHead_LogDirect_GNN_OOD,mb-dielectric-4539,Ag2S,Ag-S,3.292482614517212,3.4403653144836426,0.14788269996643066
2,DualHead_LogDirect_GNN_OOD,mb-dielectric-4541,K2O,K-O,1.7838160991668701,1.8505380153656006,0.06672191619873047
2,DualHead_LogDirect_GNN_OOD,mb-dielectric-4546,Li2TlBi,Bi-Li-Tl,9.769216537475586,6.8043341636657715,2.9648823738098145
2,DualHead_LogDirect_GNN_OOD,mb-dielectric-4548,InGeCl3,Cl-Ge-In,1.8873430490493774,1.8446333408355713,0.04270970821380615
2,DualHead_LogDirect_GNN_OOD,mb-dielectric-4564,MoF6,F-Mo,1.3860801458358765,1.410543441772461,0.024463295936584473
2,DualHead_LogDirect_GNN_OOD,mb-dielectric-4577,LiCl,Cl-Li,1.7854971885681152,1.725888729095459,0.05960845947265625
2,DualHead_LogDirect_GNN_OOD,mb-dielectric-4585,KBr,Br-K,1.6595180034637451,1.5592448711395264,0.10027313232421875
2,DualHead_LogDirect_GNN_OOD,mb-dielectric-4592,Li2MnP2HO8,H-Li-Mn-O-P,1.853559136390686,1.785671353340149,0.06788778305053711
2,DualHead_LogDirect_GNN_OOD,mb-dielectric-4597,MoSBr,Br-Mo-S,2.8867790699005127,2.928837537765503,0.042058467864990234
2,DualHead_LogDirect_GNN_OOD,mb-dielectric-4599,CaF2,Ca-F,1.536229133605957,1.4846909046173096,0.05153822898864746
2,DualHead_LogDirect_GNN_OOD,mb-dielectric-4603,LiF,F-Li,1.4543039798736572,1.449925422668457,0.004378557205200195
2,DualHead_LogDirect_GNN_OOD,mb-dielectric-4610,Rb3BrO,Br-O-Rb,1.8600943088531494,1.673626184463501,0.18646812438964844
2,DualHead_LogDirect_GNN_OOD,mb-dielectric-4619,Li3VS4,Li-S-V,1.7793327569961548,1.7741974592208862,0.005135297775268555
2,DualHead_LogDirect_GNN_OOD,mb-dielectric-4621,TlNO2,N-O-Tl,2.020205020904541,1.8636252880096436,0.15657973289489746
2,DualHead_LogDirect_GNN_OOD,mb-dielectric-4637,Sr2SnHg,Hg-Sn-Sr,8.319696426391602,11.155336380004883,2.8356399536132812
2,DualHead_LogDirect_GNN_OOD,mb-dielectric-4640,BaMgO2,Ba-Mg-O,1.9090903997421265,1.912452220916748,0.003361821174621582
2,DualHead_LogDirect_GNN_OOD,mb-dielectric-4642,CsAlO2,Al-Cs-O,1.796055793762207,1.8224129676818848,0.026357173919677734
2,DualHead_LogDirect_GNN_OOD,mb-dielectric-4654,Zn3Mo2O7,Mo-O-Zn,2.492859363555908,2.44881272315979,0.044046640396118164
2,DualHead_LogDirect_GNN_OOD,mb-dielectric-4673,Zn2CuWO6,Cu-O-W-Zn,2.573888063430786,2.5118236541748047,0.062064409255981445
2,DualHead_LogDirect_GNN_OOD,mb-dielectric-4676,Ag2H2IOF,Ag-F-H-I-O,2.023648738861084,1.9360475540161133,0.0876011848449707
2,DualHead_LogDirect_GNN_OOD,mb-dielectric-4679,TeS7Br2,Br-S-Te,1.8409236669540405,1.835742473602295,0.0051811933517456055
2,DualHead_LogDirect_GNN_OOD,mb-dielectric-4703,Ge2N2O,Ge-N-O,2.0910606384277344,2.1012516021728516,0.010190963745117188
2,DualHead_LogDirect_GNN_OOD,mb-dielectric-4712,MoF4,F-Mo,1.627712607383728,1.575947880744934,0.051764726638793945
2,DualHead_LogDirect_GNN_OOD,mb-dielectric-4716,Ca2ZnN2,Ca-N-Zn,2.520581007003784,2.985663890838623,0.46508288383483887
2,DualHead_LogDirect_GNN_OOD,mb-dielectric-4717,Sr2AsAu,As-Au-Sr,4.783777713775635,7.545319557189941,2.7615418434143066
2,DualHead_LogDirect_GNN_OOD,mb-dielectric-4723,Cd(SbO3)2,Cd-O-Sb,2.0601766109466553,2.078219413757324,0.018042802810668945
2,DualHead_LogDirect_GNN_OOD,mb-dielectric-4724,MgMn2O4,Mg-Mn-O,2.94207763671875,2.2921037673950195,0.6499738693237305
2,DualHead_LogDirect_GNN_OOD,mb-dielectric-4726,MgCuF4,Cu-F-Mg,1.654759168624878,1.831783652305603,0.1770244836807251
2,DualHead_LogDirect_GNN_OOD,mb-dielectric-4729,CrCuSe2,Cr-Cu-Se,4.46110200881958,4.482916355133057,0.021814346313476562
2,DualHead_LogDirect_GNN_OOD,mb-dielectric-4733,YCr(WO4)2,Cr-O-W-Y,2.1688897609710693,2.2528305053710938,0.08394074440002441
2,DualHead_LogDirect_GNN_OOD,mb-dielectric-4735,Mg2Ti3O8,Mg-O-Ti,2.2442290782928467,2.2779133319854736,0.03368425369262695
2,DualHead_LogDirect_GNN_OOD,mb-dielectric-4737,LiHfPCO7,C-Hf-Li-O-P,1.5967435836791992,1.598466396331787,0.0017228126525878906
2,DualHead_LogDirect_GNN_OOD,mb-dielectric-4738,TlH4NCl4,Cl-H-N-Tl,1.6905391216278076,1.6393780708312988,0.05116105079650879
2,DualHead_LogDirect_GNN_OOD,mb-dielectric-4739,CaCr2O4,Ca-Cr-O,2.096653938293457,2.226827621459961,0.1301736831665039
2,DualHead_LogDirect_GNN_OOD,mb-dielectric-4740,KYSiS4,K-S-Si-Y,2.125647783279419,2.1407217979431152,0.015074014663696289
2,DualHead_LogDirect_GNN_OOD,mb-dielectric-4741,YFe(WO4)2,Fe-O-W-Y,2.1299314498901367,2.177246332168579,0.04731488227844238
2,DualHead_LogDirect_GNN_OOD,mb-dielectric-4744,CrPO5,Cr-O-P,2.1945245265960693,2.053011655807495,0.14151287078857422
2,DualHead_LogDirect_GNN_OOD,mb-dielectric-4753,MgCrO2,Cr-Mg-O,2.045619010925293,2.196894645690918,0.151275634765625
2,DualHead_LogDirect_GNN_OOD,mb-dielectric-4755,NaSrFeF6,F-Fe-Na-Sr,1.4800125360488892,1.498924732208252,0.018912196159362793
2,DualHead_LogDirect_GNN_OOD,mb-dielectric-4757,CsNdNb2O7,Cs-Nb-Nd-O,2.1342368125915527,2.192833423614502,0.05859661102294922
2,DualHead_LogDirect_GNN_OOD,mb-dielectric-4758,MoWO6,Mo-O-W,2.506033420562744,2.684856653213501,0.17882323265075684
2,DualHead_LogDirect_GNN_OOD,mb-dielectric-4761,La4MnS6O,La-Mn-O-S,2.6906189918518066,2.6317529678344727,0.058866024017333984
3,DualHead_LogDirect_GNN_OOD,mb-dielectric-0001,KS,K-S,1.7520636320114136,1.7752609252929688,0.023197293281555176
3,DualHead_LogDirect_GNN_OOD,mb-dielectric-0005,Li2CoSiO4,Co-Li-O-Si,1.7932323217391968,1.8813608884811401,0.08812856674194336
3,DualHead_LogDirect_GNN_OOD,mb-dielectric-0019,Na2AsAu,As-Au-Na,3.574819326400757,3.085927724838257,0.4888916015625
3,DualHead_LogDirect_GNN_OOD,mb-dielectric-0022,GeH3Cl,Cl-Ge-H,1.5568064451217651,1.652748942375183,0.09594249725341797
3,DualHead_LogDirect_GNN_OOD,mb-dielectric-0024,YCuO2,Cu-O-Y,2.2072250843048096,2.2655587196350098,0.058333635330200195
3,DualHead_LogDirect_GNN_OOD,mb-dielectric-0025,Tl2CdGeTe4,Cd-Ge-Te-Tl,3.710341453552246,3.481029510498047,0.22931194305419922
3,DualHead_LogDirect_GNN_OOD,mb-dielectric-0026,CdI2,Cd-I,2.1626031398773193,2.411820650100708,0.24921751022338867
3,DualHead_LogDirect_GNN_OOD,mb-dielectric-0031,ZnS,S-Zn,2.421976089477539,2.525639533996582,0.10366344451904297
3,DualHead_LogDirect_GNN_OOD,mb-dielectric-0036,KPS3,K-P-S,1.9344249963760376,1.8680880069732666,0.066336989402771
3,DualHead_LogDirect_GNN_OOD,mb-dielectric-0048,NaBeAs,As-Be-Na,2.8686070442199707,2.992720127105713,0.12411308288574219
3,DualHead_LogDirect_GNN_OOD,mb-dielectric-0050,K2As2Pd,As-K-Pd,2.9285688400268555,2.7816781997680664,0.14689064025878906
3,DualHead_LogDirect_GNN_OOD,mb-dielectric-0054,Ca(MgAs)2,As-Ca-Mg,3.0131258964538574,3.029839038848877,0.01671314239501953
3,DualHead_LogDirect_GNN_OOD,mb-dielectric-0064,CaTiF6,Ca-F-Ti,1.4604641199111938,1.493640422821045,0.033176302909851074
3,DualHead_LogDirect_GNN_OOD,mb-dielectric-0070,K2AgSb,Ag-K-Sb,2.7142839431762695,2.768521785736084,0.05423784255981445
3,DualHead_LogDirect_GNN_OOD,mb-dielectric-0072,LiAs,As-Li,3.930351972579956,3.1724390983581543,0.7579128742218018
3,DualHead_LogDirect_GNN_OOD,mb-dielectric-0081,Na3PSO3,Na-O-P-S,1.6648906469345093,1.599017858505249,0.06587278842926025
3,DualHead_LogDirect_GNN_OOD,mb-dielectric-0091,Li3LaSb2,La-Li-Sb,4.026095390319824,3.5344228744506836,0.4916725158691406
3,DualHead_LogDirect_GNN_OOD,mb-dielectric-0094,NaYF4,F-Na-Y,1.5010968446731567,1.5094698667526245,0.008373022079467773
3,DualHead_LogDirect_GNN_OOD,mb-dielectric-0096,RbTeAu,Au-Rb-Te,2.451418876647949,2.3926873207092285,0.0587315559387207
3,DualHead_LogDirect_GNN_OOD,mb-dielectric-0099,Zn(HO)2,H-O-Zn,1.829429268836975,1.7577695846557617,0.07165968418121338
3,DualHead_LogDirect_GNN_OOD,mb-dielectric-0106,CsAu3S2,Au-Cs-S,2.1582775115966797,2.212982654571533,0.054705142974853516
3,DualHead_LogDirect_GNN_OOD,mb-dielectric-0111,BaLaZnRuO6,Ba-La-O-Ru-Zn,2.6635446548461914,2.4319112300872803,0.23163342475891113
3,DualHead_LogDirect_GNN_OOD,mb-dielectric-0119,Sr4P2O,O-P-Sr,2.69960880279541,2.5620081424713135,0.13760066032409668
3,DualHead_LogDirect_GNN_OOD,mb-dielectric-0120,BaTiF6,Ba-F-Ti,1.6108441352844238,1.606471300125122,0.004372835159301758
3,DualHead_LogDirect_GNN_OOD,mb-dielectric-0124,Li4Mn8O13F3,F-Li-Mn-O,2.266117811203003,2.816854953765869,0.5507371425628662
3,DualHead_LogDirect_GNN_OOD,mb-dielectric-0126,Na4CdP2,Cd-Na-P,2.4708034992218018,2.2839853763580322,0.18681812286376953
3,DualHead_LogDirect_GNN_OOD,mb-dielectric-0130,ZnPtF6,F-Pt-Zn,1.8095486164093018,1.9539704322814941,0.14442181587219238
3,DualHead_LogDirect_GNN_OOD,mb-dielectric-0137,LaSeF,F-La-Se,2.5115599632263184,2.409416437149048,0.10214352607727051
3,DualHead_LogDirect_GNN_OOD,mb-dielectric-0143,PF5,F-P,1.304223895072937,1.4033904075622559,0.09916651248931885
3,DualHead_LogDirect_GNN_OOD,mb-dielectric-0145,NaCuTe,Cu-Na-Te,3.0726866722106934,2.9326558113098145,0.1400308609008789
3,DualHead_LogDirect_GNN_OOD,mb-dielectric-0149,CaFeO2,Ca-Fe-O,14.01908016204834,2.2509665489196777,11.768113613128662
3,DualHead_LogDirect_GNN_OOD,mb-dielectric-0154,Li5Mn5O9F,F-Li-Mn-O,2.2709009647369385,2.3838930130004883,0.1129920482635498
3,DualHead_LogDirect_GNN_OOD,mb-dielectric-0158,ZnS,S-Zn,2.426398992538452,2.4413583278656006,0.014959335327148438
3,DualHead_LogDirect_GNN_OOD,mb-dielectric-0169,Tb2YbS4,S-Tb-Yb,2.788978099822998,2.8539483547210693,0.06497025489807129
3,DualHead_LogDirect_GNN_OOD,mb-dielectric-0176,LiAsF6,As-F-Li,1.4155093431472778,1.4566311836242676,0.041121840476989746
3,DualHead_LogDirect_GNN_OOD,mb-dielectric-0177,LiPF6,F-Li-P,1.369062900543213,1.4159449338912964,0.046882033348083496
3,DualHead_LogDirect_GNN_OOD,mb-dielectric-0182,LiP5,Li-P,3.2536673545837402,2.9192914962768555,0.33437585830688477
3,DualHead_LogDirect_GNN_OOD,mb-dielectric-0185,CsGaP3HO10,Cs-Ga-H-O-P,1.5793555974960327,1.584879994392395,0.005524396896362305
3,DualHead_LogDirect_GNN_OOD,mb-dielectric-0187,ZrPbO3,O-Pb-Zr,2.475569248199463,2.49589204788208,0.020322799682617188
3,DualHead_LogDirect_GNN_OOD,mb-dielectric-0191,Ge3Os2,Ge-Os,4.795579433441162,4.987540245056152,0.19196081161499023
3,DualHead_LogDirect_GNN_OOD,mb-dielectric-0194,Sr4Cu2O7,Cu-O-Sr,2.8195242881774902,2.3645031452178955,0.4550211429595947
3,DualHead_LogDirect_GNN_OOD,mb-dielectric-0196,Zn(GaS2)2,Ga-S-Zn,2.457693099975586,2.4676504135131836,0.009957313537597656
3,DualHead_LogDirect_GNN_OOD,mb-dielectric-0202,SnSe2,Se-Sn,3.859015464782715,3.9928154945373535,0.13380002975463867
3,DualHead_LogDirect_GNN_OOD,mb-dielectric-0203,La2SeO2,La-O-Se,2.333123207092285,2.448286294937134,0.11516308784484863
3,DualHead_LogDirect_GNN_OOD,mb-dielectric-0207,NaBiS2,Bi-Na-S,3.6131253242492676,2.8550868034362793,0.7580385208129883
3,DualHead_LogDirect_GNN_OOD,mb-dielectric-0208,RbLiS,Li-Rb-S,1.940463900566101,1.8737847805023193,0.06667912006378174
3,DualHead_LogDirect_GNN_OOD,mb-dielectric-0212,Ca3CdO4,Ca-Cd-O,2.062161922454834,2.148590564727783,0.08642864227294922
3,DualHead_LogDirect_GNN_OOD,mb-dielectric-0226,Pr3SiAgSe7,Ag-Pr-Se-Si,2.9680354595184326,2.9524669647216797,0.01556849479675293
3,DualHead_LogDirect_GNN_OOD,mb-dielectric-0228,Nd3CuSnSe7,Cu-Nd-Se-Sn,3.105358839035034,3.1772525310516357,0.07189369201660156
3,DualHead_LogDirect_GNN_OOD,mb-dielectric-0230,InP,In-P,3.6371991634368896,3.222716808319092,0.41448235511779785
3,DualHead_LogDirect_GNN_OOD,mb-dielectric-0231,La7YAl8O24,Al-La-O-Y,2.160555601119995,2.195023536682129,0.03446793556213379
3,DualHead_LogDirect_GNN_OOD,mb-dielectric-0234,LiNbN2,Li-N-Nb,3.0773463249206543,2.8769145011901855,0.20043182373046875
3,DualHead_LogDirect_GNN_OOD,mb-dielectric-0240,ZnS,S-Zn,2.424527406692505,2.3733067512512207,0.05122065544128418
3,DualHead_LogDirect_GNN_OOD,mb-dielectric-0242,CaPbI4,Ca-I-Pb,2.0860419273376465,2.125816822052002,0.03977489471435547
3,DualHead_LogDirect_GNN_OOD,mb-dielectric-0247,Al2HgSe4,Al-Hg-Se,2.6705684661865234,2.5904626846313477,0.08010578155517578
3,DualHead_LogDirect_GNN_OOD,mb-dielectric-0250,Na2Pd3O4,Na-O-Pd,3.1279351711273193,2.899810552597046,0.22812461853027344
3,DualHead_LogDirect_GNN_OOD,mb-dielectric-0255,ZnS,S-Zn,2.4289228916168213,2.5898685455322266,0.16094565391540527
3,DualHead_LogDirect_GNN_OOD,mb-dielectric-0259,BaZn2Si2O7,Ba-O-Si-Zn,1.738897442817688,1.7375152111053467,0.0013822317123413086
3,DualHead_LogDirect_GNN_OOD,mb-dielectric-0262,Na3Ti2P2O10F,F-Na-O-P-Ti,1.7553960084915161,1.769806146621704,0.014410138130187988
3,DualHead_LogDirect_GNN_OOD,mb-dielectric-0266,LiP,Li-P,3.2882113456726074,2.836606025695801,0.45160531997680664
3,DualHead_LogDirect_GNN_OOD,mb-dielectric-0270,KClO4,Cl-K-O,1.4291231632232666,1.4836933612823486,0.05457019805908203
3,DualHead_LogDirect_GNN_OOD,mb-dielectric-0276,Ba2CuGe2O7,Ba-Cu-Ge-O,2.187121868133545,2.014413833618164,0.17270803451538086
3,DualHead_LogDirect_GNN_OOD,mb-dielectric-0278,PBrNF,Br-F-N-P,1.558593988418579,1.6370353698730469,0.07844138145446777
3,DualHead_LogDirect_GNN_OOD,mb-dielectric-0284,Li5Mn3O5F3,F-Li-Mn-O,1.97581946849823,2.158082962036133,0.18226349353790283
3,DualHead_LogDirect_GNN_OOD,mb-dielectric-0287,Li2CoSi3O8,Co-Li-O-Si,1.6738876104354858,1.7910223007202148,0.117134690284729
3,DualHead_LogDirect_GNN_OOD,mb-dielectric-0289,LiFe2(CO3)3,C-Fe-Li-O,1.8267686367034912,1.7435581684112549,0.08321046829223633
3,DualHead_LogDirect_GNN_OOD,mb-dielectric-0293,AgP2,Ag-P,3.774034023284912,3.821171283721924,0.04713726043701172
3,DualHead_LogDirect_GNN_OOD,mb-dielectric-0294,VOF3,F-O-V,1.7100249528884888,1.6076644659042358,0.10236048698425293
3,DualHead_LogDirect_GNN_OOD,mb-dielectric-0300,Al2Te5,Al-Te,3.000999927520752,2.9636545181274414,0.03734540939331055
3,DualHead_LogDirect_GNN_OOD,mb-dielectric-0307,BaLaGaO4,Ba-Ga-La-O,2.085543394088745,2.0731005668640137,0.012442827224731445
3,DualHead_LogDirect_GNN_OOD,mb-dielectric-0310,CsLi3Br4,Br-Cs-Li,1.6664875745773315,1.6746826171875,0.008195042610168457
3,DualHead_LogDirect_GNN_OOD,mb-dielectric-0315,Ca5(AlSb3)2,Al-Ca-Sb,3.909219980239868,4.075551986694336,0.16633200645446777
3,DualHead_LogDirect_GNN_OOD,mb-dielectric-0319,K15W7N19,K-N-W,2.1619350910186768,2.0531961917877197,0.10873889923095703
3,DualHead_LogDirect_GNN_OOD,mb-dielectric-0323,Er2WO6,Er-O-W,2.118220806121826,2.178699016571045,0.06047821044921875
3,DualHead_LogDirect_GNN_OOD,mb-dielectric-0324,Sc2Se3,Sc-Se,3.234142303466797,3.17633056640625,0.057811737060546875
3,DualHead_LogDirect_GNN_OOD,mb-dielectric-0336,Na2Zn2Si2O7,Na-O-Si-Zn,1.684915542602539,1.6934300661087036,0.00851452350616455
3,DualHead_LogDirect_GNN_OOD,mb-dielectric-0347,K2Sr(PO3)4,K-O-P-Sr,1.54898202419281,1.5642017126083374,0.015219688415527344
3,DualHead_LogDirect_GNN_OOD,mb-dielectric-0350,CaN6,Ca-N,1.7539479732513428,1.7926114797592163,0.038663506507873535
3,DualHead_LogDirect_GNN_OOD,mb-dielectric-0356,LiP5,Li-P,3.7266430854797363,2.902068614959717,0.8245744705200195
3,DualHead_LogDirect_GNN_OOD,mb-dielectric-0360,K2Te2Pt,K-Pt-Te,2.6623194217681885,2.5953259468078613,0.06699347496032715
3,DualHead_LogDirect_GNN_OOD,mb-dielectric-0361,Rb2PtSe2,Pt-Rb-Se,2.4242329597473145,2.6283366680145264,0.20410370826721191
3,DualHead_LogDirect_GNN_OOD,mb-dielectric-0378,B(HO)3,B-H-O,1.449201226234436,1.5147879123687744,0.06558668613433838
3,DualHead_LogDirect_GNN_OOD,mb-dielectric-0384,Cs3Re2N5,Cs-N-Re,4.729838848114014,2.278393507003784,2.4514453411102295
3,DualHead_LogDirect_GNN_OOD,mb-dielectric-0385,CdH4(BrO4)2,Br-Cd-H-O,1.7301312685012817,1.6806074380874634,0.04952383041381836
3,DualHead_LogDirect_GNN_OOD,mb-dielectric-0388,H8W3Se(NO6)2,H-N-O-Se-W,1.9988200664520264,1.9729459285736084,0.02587413787841797
3,DualHead_LogDirect_GNN_OOD,mb-dielectric-0389,RbGeBr3,Br-Ge-Rb,1.9944725036621094,1.7926347255706787,0.20183777809143066
3,DualHead_LogDirect_GNN_OOD,mb-dielectric-0396,LiBeP,Be-Li-P,2.8765711784362793,2.663708209991455,0.21286296844482422
3,DualHead_LogDirect_GNN_OOD,mb-dielectric-0404,Ca3AsCl3,As-Ca-Cl,2.112200975418091,1.9958081245422363,0.11639285087585449
3,DualHead_LogDirect_GNN_OOD,mb-dielectric-0405,Mn3NiO8,Mn-Ni-O,2.9197940826416016,2.8918988704681396,0.027895212173461914
3,DualHead_LogDirect_GNN_OOD,mb-dielectric-0415,Li2NbOF5,F-Li-Nb-O,1.619330883026123,1.6635844707489014,0.04425358772277832
3,DualHead_LogDirect_GNN_OOD,mb-dielectric-0417,CdSO4,Cd-O-S,1.7520558834075928,1.8296377658843994,0.07758188247680664
3,DualHead_LogDirect_GNN_OOD,mb-dielectric-0422,HgF,F-Hg,2.109344244003296,2.1837029457092285,0.07435870170593262
3,DualHead_LogDirect_GNN_OOD,mb-dielectric-0423,Li2NiO2,Li-Ni-O,1.9440406560897827,1.888325572013855,0.055715084075927734
3,DualHead_LogDirect_GNN_OOD,mb-dielectric-0424,Lu2Si2O7,Lu-O-Si,1.8416798114776611,1.9012494087219238,0.059569597244262695
3,DualHead_LogDirect_GNN_OOD,mb-dielectric-0425,Li4MnNb2WO12,Li-Mn-Nb-O-W,2.629345655441284,2.6529314517974854,0.023585796356201172
3,DualHead_LogDirect_GNN_OOD,mb-dielectric-0427,CdCu2GeS4,Cd-Cu-Ge-S,2.9986770153045654,3.0490026473999023,0.050325632095336914
3,DualHead_LogDirect_GNN_OOD,mb-dielectric-0428,Te7As5I,As-I-Te,4.7642388343811035,3.531975746154785,1.2322630882263184
3,DualHead_LogDirect_GNN_OOD,mb-dielectric-0430,SrAl2SiN2O3,Al-N-O-Si-Sr,1.8653172254562378,1.8508738279342651,0.014443397521972656
3,DualHead_LogDirect_GNN_OOD,mb-dielectric-0431,CaZr(PO4)2,Ca-O-P-Zr,1.8007258176803589,1.7441121339797974,0.05661368370056152
3,DualHead_LogDirect_GNN_OOD,mb-dielectric-0447,Ba2VN3,Ba-N-V,2.670572280883789,2.8419339656829834,0.17136168479919434
3,DualHead_LogDirect_GNN_OOD,mb-dielectric-0463,SF6,F-S,1.3263986110687256,1.4151440858840942,0.08874547481536865
3,DualHead_LogDirect_GNN_OOD,mb-dielectric-0465,K2S5,K-S,1.9534815549850464,1.926429271697998,0.02705228328704834
3,DualHead_LogDirect_GNN_OOD,mb-dielectric-0466,YP5,P-Y,3.6357483863830566,3.2103776931762695,0.4253706932067871
3,DualHead_LogDirect_GNN_OOD,mb-dielectric-0467,Rb2NaGaF6,F-Ga-Na-Rb,1.4591093063354492,1.482521414756775,0.023412108421325684
3,DualHead_LogDirect_GNN_OOD,mb-dielectric-0470,K2BeF4,Be-F-K,1.387924075126648,1.4281198978424072,0.04019582271575928
3,DualHead_LogDirect_GNN_OOD,mb-dielectric-0474,ScBiO3,Bi-O-Sc,2.4000911712646484,2.52426815032959,0.1241769790649414
3,DualHead_LogDirect_GNN_OOD,mb-dielectric-0479,Mg2SiO4,Mg-O-Si,1.701469898223877,1.7281445264816284,0.026674628257751465
3,DualHead_LogDirect_GNN_OOD,mb-dielectric-0487,SnClF,Cl-F-Sn,2.2784206867218018,2.021559476852417,0.25686120986938477
3,DualHead_LogDirect_GNN_OOD,mb-dielectric-0489,SbBrO,Br-O-Sb,2.585792303085327,2.473233222961426,0.11255908012390137
3,DualHead_LogDirect_GNN_OOD,mb-dielectric-0493,BaNiF6,Ba-F-Ni,1.9785741567611694,1.5846905708312988,0.3938835859298706
3,DualHead_LogDirect_GNN_OOD,mb-dielectric-0502,Li2GePbS4,Ge-Li-Pb-S,2.7184500694274902,2.5032424926757812,0.21520757675170898
3,DualHead_LogDirect_GNN_OOD,mb-dielectric-0506,SrCuO2,Cu-O-Sr,2.5710785388946533,2.327524185180664,0.24355435371398926
3,DualHead_LogDirect_GNN_OOD,mb-dielectric-0522,Li7RuO6,Li-O-Ru,2.168689489364624,1.906398057937622,0.26229143142700195
3,DualHead_LogDirect_GNN_OOD,mb-dielectric-0526,BaZnSiO4,Ba-O-Si-Zn,1.7746869325637817,1.7945215702056885,0.01983463764190674
3,DualHead_LogDirect_GNN_OOD,mb-dielectric-0528,Ca5P3ClO12,Ca-Cl-O-P,1.7308340072631836,1.7676818370819092,0.036847829818725586
3,DualHead_LogDirect_GNN_OOD,mb-dielectric-0547,KRuF6,F-K-Ru,1.5490951538085938,1.5205345153808594,0.028560638427734375
3,DualHead_LogDirect_GNN_OOD,mb-dielectric-0551,Cs2O,Cs-O,2.1468582153320312,1.7644838094711304,0.3823744058609009
3,DualHead_LogDirect_GNN_OOD,mb-dielectric-0553,LiSiNO,Li-N-O-Si,1.8308712244033813,1.8283864259719849,0.0024847984313964844
3,DualHead_LogDirect_GNN_OOD,mb-dielectric-0559,Ca2MgSi2O7,Ca-Mg-O-Si,1.697203516960144,1.719901442527771,0.022697925567626953
3,DualHead_LogDirect_GNN_OOD,mb-dielectric-0567,NaSrAs,As-Na-Sr,3.011831283569336,2.8047804832458496,0.20705080032348633
3,DualHead_LogDirect_GNN_OOD,mb-dielectric-0572,Li3As,As-Li,2.7488179206848145,2.8647119998931885,0.11589407920837402
3,DualHead_LogDirect_GNN_OOD,mb-dielectric-0585,Tl3SbS3,S-Sb-Tl,2.9509236812591553,3.1238760948181152,0.17295241355895996
3,DualHead_LogDirect_GNN_OOD,mb-dielectric-0587,Na4Al3Si3ClO12,Al-Cl-Na-O-Si,1.5095125436782837,1.5103540420532227,0.0008414983749389648
3,DualHead_LogDirect_GNN_OOD,mb-dielectric-0589,CsSrF3,Cs-F-Sr,1.482323169708252,1.5402982234954834,0.057975053787231445
3,DualHead_LogDirect_GNN_OOD,mb-dielectric-0594,FeSb3(PO4)4,Fe-O-P-Sb,1.994388222694397,1.8877642154693604,0.10662400722503662
3,DualHead_LogDirect_GNN_OOD,mb-dielectric-0597,Br,Br,2.5112414360046387,1.9231164455413818,0.5881249904632568
3,DualHead_LogDirect_GNN_OOD,mb-dielectric-0599,Ba2WO3F4,Ba-F-O-W,1.7468397617340088,1.8060786724090576,0.05923891067504883
3,DualHead_LogDirect_GNN_OOD,mb-dielectric-0602,Tm3TaO7,O-Ta-Tm,2.1310315132141113,2.252807855606079,0.12177634239196777
3,DualHead_LogDirect_GNN_OOD,mb-dielectric-0609,NbI2O,I-Nb-O,2.592602252960205,2.5501933097839355,0.04240894317626953
3,DualHead_LogDirect_GNN_OOD,mb-dielectric-0619,Na3AsH14SO10,As-H-Na-O-S,1.5703166723251343,1.5314598083496094,0.0388568639755249
3,DualHead_LogDirect_GNN_OOD,mb-dielectric-0622,KLiSO4,K-Li-O-S,1.4869638681411743,1.5107104778289795,0.023746609687805176
3,DualHead_LogDirect_GNN_OOD,mb-dielectric-0625,Ba3MoN4,Ba-Mo-N,2.4005982875823975,2.5378730297088623,0.13727474212646484
3,DualHead_LogDirect_GNN_OOD,mb-dielectric-0627,ZnS,S-Zn,1.682458519935608,2.3686089515686035,0.6861504316329956
3,DualHead_LogDirect_GNN_OOD,mb-dielectric-0647,TiAgF6,Ag-F-Ti,2.003185272216797,1.6242419481277466,0.3789433240890503
3,DualHead_LogDirect_GNN_OOD,mb-dielectric-0650,YCuO2,Cu-O-Y,2.208247184753418,2.2817606925964355,0.07351350784301758
3,DualHead_LogDirect_GNN_OOD,mb-dielectric-0662,MnP2O7,Mn-O-P,2.268649101257324,1.9361447095870972,0.33250439167022705
3,DualHead_LogDirect_GNN_OOD,mb-dielectric-0664,Li4H3ClO3,Cl-H-Li-O,1.5046594142913818,1.5502392053604126,0.04557979106903076
3,DualHead_LogDirect_GNN_OOD,mb-dielectric-0668,Mn(HO)2,H-Mn-O,1.7824286222457886,1.8189985752105713,0.036569952964782715
3,DualHead_LogDirect_GNN_OOD,mb-dielectric-0672,Sr3B3N5,B-N-Sr,2.1049160957336426,2.042912244796753,0.06200385093688965
3,DualHead_LogDirect_GNN_OOD,mb-dielectric-0680,WO3,O-W,2.560060501098633,2.739783763885498,0.17972326278686523
3,DualHead_LogDirect_GNN_OOD,mb-dielectric-0687,NaI,I-Na,1.8256505727767944,1.6464862823486328,0.17916429042816162
3,DualHead_LogDirect_GNN_OOD,mb-dielectric-0689,KLaO2,K-La-O,1.914808750152588,1.8752734661102295,0.0395352840423584
3,DualHead_LogDirect_GNN_OOD,mb-dielectric-0695,Rb2GeF6,F-Ge-Rb,1.4388408660888672,1.4777003526687622,0.03885948657989502
3,DualHead_LogDirect_GNN_OOD,mb-dielectric-0699,Rb2PtS2,Pt-Rb-S,2.2994940280914307,2.3694095611572266,0.0699155330657959
3,DualHead_LogDirect_GNN_OOD,mb-dielectric-0701,KNbS2,K-Nb-S,3.2590932846069336,3.2015786170959473,0.05751466751098633
3,DualHead_LogDirect_GNN_OOD,mb-dielectric-0705,Sm2Ge2O7,Ge-O-Sm,1.944504737854004,1.90877366065979,0.03573107719421387
3,DualHead_LogDirect_GNN_OOD,mb-dielectric-0706,Li3MgPCO7,C-Li-Mg-O-P,1.5972285270690918,1.6095819473266602,0.01235342025756836
3,DualHead_LogDirect_GNN_OOD,mb-dielectric-0714,SrCu2GeSe4,Cu-Ge-Se-Sr,3.1804087162017822,2.866550922393799,0.3138577938079834
3,DualHead_LogDirect_GNN_OOD,mb-dielectric-0720,Na5MnO4,Mn-Na-O,1.8512152433395386,1.782770037651062,0.06844520568847656
3,DualHead_LogDirect_GNN_OOD,mb-dielectric-0726,Na2ZnSiO4,Na-O-Si-Zn,1.6623926162719727,1.6821339130401611,0.019741296768188477
3,DualHead_LogDirect_GNN_OOD,mb-dielectric-0727,NaH2N,H-N-Na,1.5515029430389404,1.562445044517517,0.01094210147857666
3,DualHead_LogDirect_GNN_OOD,mb-dielectric-0728,Sb2S2O9,O-S-Sb,1.8520958423614502,1.825736165046692,0.0263596773147583
3,DualHead_LogDirect_GNN_OOD,mb-dielectric-0730,LiMn3(OF3)2,F-Li-Mn-O,1.7802234888076782,2.2468485832214355,0.4666250944137573
3,DualHead_LogDirect_GNN_OOD,mb-dielectric-0734,BaV2O6,Ba-O-V,1.934959888458252,1.8980937004089355,0.036866188049316406
3,DualHead_LogDirect_GNN_OOD,mb-dielectric-0735,NaMg4(AsO4)3,As-Mg-Na-O,1.7660846710205078,1.774992823600769,0.00890815258026123
3,DualHead_LogDirect_GNN_OOD,mb-dielectric-0759,La8Al7GaO24,Al-Ga-La-O,2.18837833404541,2.2234857082366943,0.03510737419128418
3,DualHead_LogDirect_GNN_OOD,mb-dielectric-0765,Ta9(FeS3)2,Fe-S-Ta,7.531189441680908,3.7034854888916016,3.8277039527893066
3,DualHead_LogDirect_GNN_OOD,mb-dielectric-0771,K2SnTe5,K-Sn-Te,3.904350996017456,3.194941520690918,0.7094094753265381
3,DualHead_LogDirect_GNN_OOD,mb-dielectric-0786,Hf3N4,Hf-N,3.118178129196167,2.9164350032806396,0.20174312591552734
3,DualHead_LogDirect_GNN_OOD,mb-dielectric-0798,Zn(HO)2,H-O-Zn,1.6481810808181763,1.633387804031372,0.0147932767868042
3,DualHead_LogDirect_GNN_OOD,mb-dielectric-0802,Zn2SbN3,N-Sb-Zn,7.238739490509033,2.7516674995422363,4.487071990966797
3,DualHead_LogDirect_GNN_OOD,mb-dielectric-0808,LiTmO2,Li-O-Tm,1.9356483221054077,1.995007038116455,0.05935871601104736
3,DualHead_LogDirect_GNN_OOD,mb-dielectric-0812,Ho(AlCl4)3,Al-Cl-Ho,1.5337635278701782,1.6141083240509033,0.0803447961807251
3,DualHead_LogDirect_GNN_OOD,mb-dielectric-0813,CsBe2F5,Be-Cs-F,1.3871175050735474,1.42826247215271,0.0411449670791626
3,DualHead_LogDirect_GNN_OOD,mb-dielectric-0817,Sr(AsS2)2,As-S-Sr,2.4586687088012695,2.276261806488037,0.18240690231323242
3,DualHead_LogDirect_GNN_OOD,mb-dielectric-0821,Li6MnFeP2(CO7)2,C-Fe-Li-Mn-O-P,1.6486918926239014,1.6761724948883057,0.027480602264404297
3,DualHead_LogDirect_GNN_OOD,mb-dielectric-0823,LiAl(SiO3)2,Al-Li-O-Si,1.4722768068313599,1.503848910331726,0.03157210350036621
3,DualHead_LogDirect_GNN_OOD,mb-dielectric-0824,Li3NbOF6,F-Li-Nb-O,1.6118563413619995,1.6268692016601562,0.015012860298156738
3,DualHead_LogDirect_GNN_OOD,mb-dielectric-0825,Ba3(BN2)2,B-Ba-N,2.126598358154297,2.077059268951416,0.04953908920288086
3,DualHead_LogDirect_GNN_OOD,mb-dielectric-0826,Na3PS3O,Na-O-P-S,1.8597443103790283,1.77339768409729,0.08634662628173828
3,DualHead_LogDirect_GNN_OOD,mb-dielectric-0827,Cd(HO)2,Cd-H-O,1.8629579544067383,1.802742838859558,0.060215115547180176
3,DualHead_LogDirect_GNN_OOD,mb-dielectric-0833,Na2FeO2,Fe-Na-O,1.9488813877105713,2.0275838375091553,0.07870244979858398
3,DualHead_LogDirect_GNN_OOD,mb-dielectric-0835,Li6Fe(OF)3,F-Fe-Li-O,1.565349817276001,1.5771713256835938,0.011821508407592773
3,DualHead_LogDirect_GNN_OOD,mb-dielectric-0836,H8PtO6,H-O-Pt,1.9901777505874634,1.8247804641723633,0.1653972864151001
3,DualHead_LogDirect_GNN_OOD,mb-dielectric-0838,NaY2F7,F-Na-Y,1.5063800811767578,1.5055477619171143,0.0008323192596435547
3,DualHead_LogDirect_GNN_OOD,mb-dielectric-0841,Sr3BN3,B-N-Sr,2.755385637283325,2.251269817352295,0.5041158199310303
3,DualHead_LogDirect_GNN_OOD,mb-dielectric-0847,RbGe2N3,Ge-N-Rb,2.410618543624878,2.319284439086914,0.09133410453796387
3,DualHead_LogDirect_GNN_OOD,mb-dielectric-0851,Li2Fe3O3F5,F-Fe-Li-O,1.8181788921356201,1.8118451833724976,0.006333708763122559
3,DualHead_LogDirect_GNN_OOD,mb-dielectric-0852,AlInSe3,Al-In-Se,2.6347224712371826,2.709751844406128,0.07502937316894531
3,DualHead_LogDirect_GNN_OOD,mb-dielectric-0863,Zr2N2O,N-O-Zr,3.0408573150634766,3.084526538848877,0.04366922378540039
3,DualHead_LogDirect_GNN_OOD,mb-dielectric-0870,RePbClO4,Cl-O-Pb-Re,2.032719612121582,2.0238521099090576,0.008867502212524414
3,DualHead_LogDirect_GNN_OOD,mb-dielectric-0871,NaY3F10,F-Na-Y,1.6316670179367065,1.594752550125122,0.03691446781158447
3,DualHead_LogDirect_GNN_OOD,mb-dielectric-0876,Ba2Na2O3,Ba-Na-O,1.9778003692626953,1.8911654949188232,0.08663487434387207
3,DualHead_LogDirect_GNN_OOD,mb-dielectric-0884,PbF3,F-Pb,1.8582239151000977,1.7614994049072266,0.0967245101928711
3,DualHead_LogDirect_GNN_OOD,mb-dielectric-0885,ReH4NO4,H-N-O-Re,1.6231240034103394,1.732880711555481,0.1097567081451416
3,DualHead_LogDirect_GNN_OOD,mb-dielectric-0921,ErAgTe2,Ag-Er-Te,3.3504765033721924,3.4057207107543945,0.05524420738220215
3,DualHead_LogDirect_GNN_OOD,mb-dielectric-0945,Mn(HO)2,H-Mn-O,1.754242181777954,1.7970246076583862,0.04278242588043213
3,DualHead_LogDirect_GNN_OOD,mb-dielectric-0949,LiH2ClO,Cl-H-Li-O,1.6181265115737915,1.585234522819519,0.03289198875427246
3,DualHead_LogDirect_GNN_OOD,mb-dielectric-0969,Li3MnOF4,F-Li-Mn-O,1.8491408824920654,1.7189342975616455,0.13020658493041992
3,DualHead_LogDirect_GNN_OOD,mb-dielectric-0973,Nd3CuGeS7,Cu-Ge-Nd-S,2.7813446521759033,2.831602096557617,0.05025744438171387
3,DualHead_LogDirect_GNN_OOD,mb-dielectric-0976,GePtSe,Ge-Pt-Se,4.844982147216797,5.117453575134277,0.27247142791748047
3,DualHead_LogDirect_GNN_OOD,mb-dielectric-0978,PbO,O-Pb,2.291842222213745,2.4296224117279053,0.13778018951416016
3,DualHead_LogDirect_GNN_OOD,mb-dielectric-0979,Ba4NaCu(CO5)2,Ba-C-Cu-Na-O,1.9326168298721313,1.9282729625701904,0.004343867301940918
3,DualHead_LogDirect_GNN_OOD,mb-dielectric-0985,Na10SrSn12,Na-Sn-Sr,3.8979811668395996,3.7170276641845703,0.1809535026550293
3,DualHead_LogDirect_GNN_OOD,mb-dielectric-0988,ZnO,O-Zn,32.97317123413086,1.9969239234924316,30.976247310638428
3,DualHead_LogDirect_GNN_OOD,mb-dielectric-1003,Li2NbCr3O8,Cr-Li-Nb-O,2.1670005321502686,2.368215560913086,0.20121502876281738
3,DualHead_LogDirect_GNN_OOD,mb-dielectric-1004,Y2Be2GeO7,Be-Ge-O-Y,1.9444090127944946,1.9174880981445312,0.02692091464996338
3,DualHead_LogDirect_GNN_OOD,mb-dielectric-1008,MgZrN2,Mg-N-Zr,2.6422860622406006,2.625586748123169,0.01669931411743164
3,DualHead_LogDirect_GNN_OOD,mb-dielectric-1015,WO3,O-W,2.406658411026001,2.7096238136291504,0.3029654026031494
3,DualHead_LogDirect_GNN_OOD,mb-dielectric-1018,WCl6,Cl-W,1.8067466020584106,1.721900463104248,0.0848461389541626
3,DualHead_LogDirect_GNN_OOD,mb-dielectric-1026,Sr3(GaN2)2,Ga-N-Sr,2.4799270629882812,2.384754180908203,0.09517288208007812
3,DualHead_LogDirect_GNN_OOD,mb-dielectric-1045,Ba(BS2)2,B-Ba-S,2.1721832752227783,2.1066386699676514,0.06554460525512695
3,DualHead_LogDirect_GNN_OOD,mb-dielectric-1046,NbFeO4,Fe-Nb-O,2.302865505218506,2.4268527030944824,0.12398719787597656
3,DualHead_LogDirect_GNN_OOD,mb-dielectric-1047,PCl3,Cl-P,1.5215123891830444,1.5300045013427734,0.008492112159729004
3,DualHead_LogDirect_GNN_OOD,mb-dielectric-1050,BiF3,Bi-F,1.8816659450531006,1.873974084854126,0.007691860198974609
3,DualHead_LogDirect_GNN_OOD,mb-dielectric-1051,CoCl2,Cl-Co,3.956008195877075,2.417588710784912,1.538419485092163
3,DualHead_LogDirect_GNN_OOD,mb-dielectric-1052,LiCoSiO4,Co-Li-O-Si,2.084468126296997,2.0056705474853516,0.07879757881164551
3,DualHead_LogDirect_GNN_OOD,mb-dielectric-1062,LaBr3,Br-La,2.1009521484375,2.1633546352386475,0.06240248680114746
3,DualHead_LogDirect_GNN_OOD,mb-dielectric-1074,SbI3,I-Sb,2.365093469619751,2.4117798805236816,0.046686410903930664
3,DualHead_LogDirect_GNN_OOD,mb-dielectric-1078,Pb2O3,O-Pb,2.731151580810547,2.542140007019043,0.1890115737915039
3,DualHead_LogDirect_GNN_OOD,mb-dielectric-1081,LiCrSiO4,Cr-Li-O-Si,2.023139238357544,2.0982463359832764,0.07510709762573242
3,DualHead_LogDirect_GNN_OOD,mb-dielectric-1084,HgSO4,Hg-O-S,1.978532314300537,1.9559364318847656,0.022595882415771484
3,DualHead_LogDirect_GNN_OOD,mb-dielectric-1092,MoBr3,Br-Mo,2.1232051849365234,1.9463987350463867,0.17680644989013672
3,DualHead_LogDirect_GNN_OOD,mb-dielectric-1108,Li5Ti(SiO4)2,Li-O-Si-Ti,1.790722370147705,1.7288011312484741,0.06192123889923096
3,DualHead_LogDirect_GNN_OOD,mb-dielectric-1111,PrOF,F-O-Pr,1.9217466115951538,2.0023701190948486,0.08062350749969482
3,DualHead_LogDirect_GNN_OOD,mb-dielectric-1119,K15Mo7N19,K-Mo-N,2.2717998027801514,2.2695446014404297,0.0022552013397216797
3,DualHead_LogDirect_GNN_OOD,mb-dielectric-1122,KTa(GeO3)3,Ge-K-O-Ta,1.7896772623062134,1.785385012626648,0.00429224967956543
3,DualHead_LogDirect_GNN_OOD,mb-dielectric-1124,Rb2CoBr4,Br-Co-Rb,1.7714401483535767,1.7148747444152832,0.05656540393829346
3,DualHead_LogDirect_GNN_OOD,mb-dielectric-1128,K6HgS4,Hg-K-S,1.9470148086547852,1.8476262092590332,0.09938859939575195
3,DualHead_LogDirect_GNN_OOD,mb-dielectric-1131,ZnS,S-Zn,2.4246649742126465,2.368715763092041,0.05594921112060547
3,DualHead_LogDirect_GNN_OOD,mb-dielectric-1139,Ta(ICl)2,Cl-I-Ta,2.075835943222046,2.0673370361328125,0.008498907089233398
3,DualHead_LogDirect_GNN_OOD,mb-dielectric-1153,TlSbO3,O-Sb-Tl,2.0037288665771484,2.126708507537842,0.12297964096069336
3,DualHead_LogDirect_GNN_OOD,mb-dielectric-1158,Al2ZnSe4,Al-Se-Zn,2.505207061767578,2.5759050846099854,0.07069802284240723
3,DualHead_LogDirect_GNN_OOD,mb-dielectric-1160,Li6MoN4,Li-Mo-N,2.257004499435425,2.3295187950134277,0.07251429557800293
3,DualHead_LogDirect_GNN_OOD,mb-dielectric-1162,Mg(NO3)2,Mg-N-O,1.564354419708252,1.536547064781189,0.02780735492706299
3,DualHead_LogDirect_GNN_OOD,mb-dielectric-1169,KCaBi,Bi-Ca-K,2.7073464393615723,3.0153446197509766,0.3079981803894043
3,DualHead_LogDirect_GNN_OOD,mb-dielectric-1173,K2SnCl6,Cl-K-Sn,1.660323143005371,1.770533561706543,0.11021041870117188
3,DualHead_LogDirect_GNN_OOD,mb-dielectric-1182,PPbS3,P-Pb-S,2.752951145172119,2.8137059211730957,0.06075477600097656
3,DualHead_LogDirect_GNN_OOD,mb-dielectric-1183,Hf5P7Pd9,Hf-P-Pd,12.629558563232422,3.8239803314208984,8.805578231811523
3,DualHead_LogDirect_GNN_OOD,mb-dielectric-1186,N2O5,N-O,1.7416467666625977,1.5999397039413452,0.14170706272125244
3,DualHead_LogDirect_GNN_OOD,mb-dielectric-1188,BeBr2,Be-Br,1.5857700109481812,1.4846735000610352,0.101096510887146
3,DualHead_LogDirect_GNN_OOD,mb-dielectric-1189,AlH3,Al-H,2.119591236114502,1.7058680057525635,0.4137232303619385
3,DualHead_LogDirect_GNN_OOD,mb-dielectric-1201,LiCoSiO4,Co-Li-O-Si,1.9610854387283325,1.8687913417816162,0.09229409694671631
3,DualHead_LogDirect_GNN_OOD,mb-dielectric-1207,Rb3Os2Br9,Br-Os-Rb,1.9787200689315796,1.9685518741607666,0.010168194770812988
3,DualHead_LogDirect_GNN_OOD,mb-dielectric-1211,Ge,Ge,6.274542808532715,5.498979091644287,0.7755637168884277
3,DualHead_LogDirect_GNN_OOD,mb-dielectric-1225,KP(HO2)2,H-K-O-P,1.5093424320220947,1.4920151233673096,0.017327308654785156
3,DualHead_LogDirect_GNN_OOD,mb-dielectric-1231,Ta2CrNO5,Cr-N-O-Ta,2.5965540409088135,2.8102033138275146,0.21364927291870117
3,DualHead_LogDirect_GNN_OOD,mb-dielectric-1239,RbH2OF,F-H-O-Rb,1.4234933853149414,1.479620099067688,0.05612671375274658
3,DualHead_LogDirect_GNN_OOD,mb-dielectric-1245,PbS,Pb-S,2.423584222793579,2.0248825550079346,0.39870166778564453
3,DualHead_LogDirect_GNN_OOD,mb-dielectric-1246,Li6Cu(B2O5)2,B-Cu-Li-O,1.7251865863800049,1.7676278352737427,0.04244124889373779
3,DualHead_LogDirect_GNN_OOD,mb-dielectric-1248,Ca(SmS2)2,Ca-S-Sm,2.7784841060638428,2.68070650100708,0.0977776050567627
3,DualHead_LogDirect_GNN_OOD,mb-dielectric-1259,B4PbO7,B-O-Pb,1.9688115119934082,1.9513294696807861,0.01748204231262207
3,DualHead_LogDirect_GNN_OOD,mb-dielectric-1265,Cs2CeO3,Ce-Cs-O,2.0298409461975098,2.015942335128784,0.013898611068725586
3,DualHead_LogDirect_GNN_OOD,mb-dielectric-1267,Nb(SCl)2,Cl-Nb-S,2.153128147125244,2.1814424991607666,0.02831435203552246
3,DualHead_LogDirect_GNN_OOD,mb-dielectric-1277,LiH6ClO7,Cl-H-Li-O,1.4922019243240356,1.5398545265197754,0.047652602195739746
3,DualHead_LogDirect_GNN_OOD,mb-dielectric-1278,MnInBr3,Br-In-Mn,2.290996789932251,2.170193910598755,0.1208028793334961
3,DualHead_LogDirect_GNN_OOD,mb-dielectric-1287,TlIO3,I-O-Tl,2.1104633808135986,2.0980656147003174,0.01239776611328125
3,DualHead_LogDirect_GNN_OOD,mb-dielectric-1291,Si2N2O,N-O-Si,1.860611915588379,1.8648333549499512,0.004221439361572266
3,DualHead_LogDirect_GNN_OOD,mb-dielectric-1296,Br2O3,Br-O,1.8274755477905273,1.7360734939575195,0.09140205383300781
3,DualHead_LogDirect_GNN_OOD,mb-dielectric-1301,IrBr3,Br-Ir,2.2709763050079346,2.292370557785034,0.02139425277709961
3,DualHead_LogDirect_GNN_OOD,mb-dielectric-1306,WO2,O-W,2.370661497116089,2.476916790008545,0.10625529289245605
3,DualHead_LogDirect_GNN_OOD,mb-dielectric-1307,Li3CuF4,Cu-F-Li,1.5263746976852417,1.535799503326416,0.009424805641174316
3,DualHead_LogDirect_GNN_OOD,mb-dielectric-1308,Li4CuF7,Cu-F-Li,1.557654619216919,1.4936796426773071,0.06397497653961182
3,DualHead_LogDirect_GNN_OOD,mb-dielectric-1319,ScBiO3,Bi-O-Sc,2.406602144241333,2.5226166248321533,0.11601448059082031
3,DualHead_LogDirect_GNN_OOD,mb-dielectric-1322,LiFeCO4,C-Fe-Li-O,1.7578994035720825,1.7297810316085815,0.028118371963500977
3,DualHead_LogDirect_GNN_OOD,mb-dielectric-1325,Si3P2Pt,P-Pt-Si,4.35695219039917,4.4114203453063965,0.05446815490722656
3,DualHead_LogDirect_GNN_OOD,mb-dielectric-1329,NaPN2,N-Na-P,2.0094006061553955,2.0264997482299805,0.01709914207458496
3,DualHead_LogDirect_GNN_OOD,mb-dielectric-1339,Cs2KZrOF5,Cs-F-K-O-Zr,1.535104513168335,1.5309052467346191,0.00419926643371582
3,DualHead_LogDirect_GNN_OOD,mb-dielectric-1343,Si(Bi3O5)4,Bi-O-Si,2.4927570819854736,2.5014538764953613,0.008696794509887695
3,DualHead_LogDirect_GNN_OOD,mb-dielectric-1369,ZnSiAs2,As-Si-Zn,3.6269164085388184,3.6621367931365967,0.03522038459777832
3,DualHead_LogDirect_GNN_OOD,mb-dielectric-1372,LiH6BrO7,Br-H-Li-O,1.559700846672058,1.5705454349517822,0.010844588279724121
3,DualHead_LogDirect_GNN_OOD,mb-dielectric-1374,CsSbS6(O3F)6,Cs-F-O-S-Sb,1.4983323812484741,1.5513925552368164,0.053060173988342285
3,DualHead_LogDirect_GNN_OOD,mb-dielectric-1378,LiInSe2,In-Li-Se,2.4285075664520264,2.4106013774871826,0.01790618896484375
3,DualHead_LogDirect_GNN_OOD,mb-dielectric-1383,Nd5AgS8,Ag-Nd-S,2.9553537368774414,2.987840175628662,0.0324864387512207
3,DualHead_LogDirect_GNN_OOD,mb-dielectric-1385,HfNiSn,Hf-Ni-Sn,4.565018177032471,4.806982040405273,0.24196386337280273
3,DualHead_LogDirect_GNN_OOD,mb-dielectric-1386,Rb2HBrO,Br-H-O-Rb,1.5667375326156616,1.53767728805542,0.0290602445602417
3,DualHead_LogDirect_GNN_OOD,mb-dielectric-1407,WSe2,Se-W,2.156283140182495,1.8329381942749023,0.3233449459075928
3,DualHead_LogDirect_GNN_OOD,mb-dielectric-1409,AuBr,Au-Br,2.1923351287841797,2.4047799110412598,0.21244478225708008
3,DualHead_LogDirect_GNN_OOD,mb-dielectric-1417,DyCuSe2,Cu-Dy-Se,3.1770780086517334,3.3374996185302734,0.16042160987854004
3,DualHead_LogDirect_GNN_OOD,mb-dielectric-1425,LiZnSb,Li-Sb-Zn,4.3077592849731445,4.319958209991455,0.012198925018310547
3,DualHead_LogDirect_GNN_OOD,mb-dielectric-1427,Ta3Ge,Ge-Ta,1.0,3.9918227195739746,2.9918227195739746
3,DualHead_LogDirect_GNN_OOD,mb-dielectric-1428,NaCoO2,Co-Na-O,2.3782153129577637,2.821427822113037,0.44321250915527344
3,DualHead_LogDirect_GNN_OOD,mb-dielectric-1431,KTe,K-Te,2.2136528491973877,2.0939526557922363,0.11970019340515137
3,DualHead_LogDirect_GNN_OOD,mb-dielectric-1442,MgSiP2,Mg-P-Si,2.933593988418579,2.8615994453430176,0.07199454307556152
3,DualHead_LogDirect_GNN_OOD,mb-dielectric-1449,LiHF2,F-H-Li,1.3758633136749268,1.3776984214782715,0.0018351078033447266
3,DualHead_LogDirect_GNN_OOD,mb-dielectric-1454,SrHI,H-I-Sr,1.9676716327667236,1.9557931423187256,0.011878490447998047
3,DualHead_LogDirect_GNN_OOD,mb-dielectric-1474,SrCaSn,Ca-Sn-Sr,4.255466938018799,4.487155914306641,0.2316889762878418
3,DualHead_LogDirect_GNN_OOD,mb-dielectric-1475,Na3CoO2,Co-Na-O,1.9054021835327148,1.871093511581421,0.034308671951293945
3,DualHead_LogDirect_GNN_OOD,mb-dielectric-1480,Al(BH4)3,Al-B-H,1.4406168460845947,1.527645230293274,0.0870283842086792
3,DualHead_LogDirect_GNN_OOD,mb-dielectric-1482,Li3InN2,In-Li-N,2.5386857986450195,2.341355323791504,0.19733047485351562
3,DualHead_LogDirect_GNN_OOD,mb-dielectric-1494,Sr3(BN2)2,B-N-Sr,2.2472763061523438,2.121882438659668,0.12539386749267578
3,DualHead_LogDirect_GNN_OOD,mb-dielectric-1504,Ga3Ru,Ga-Ru,4.574559688568115,4.269504547119141,0.3050551414489746
3,DualHead_LogDirect_GNN_OOD,mb-dielectric-1505,Sr3ScRhO6,O-Rh-Sc-Sr,2.217881917953491,2.2102317810058594,0.007650136947631836
3,DualHead_LogDirect_GNN_OOD,mb-dielectric-1506,Br2O,Br-O,2.3322434425354004,1.9258339405059814,0.40640950202941895
3,DualHead_LogDirect_GNN_OOD,mb-dielectric-1508,AgAsF6,Ag-As-F,1.5056560039520264,1.4850738048553467,0.020582199096679688
3,DualHead_LogDirect_GNN_OOD,mb-dielectric-1513,BiF5,Bi-F,1.570562481880188,1.5639421939849854,0.006620287895202637
3,DualHead_LogDirect_GNN_OOD,mb-dielectric-1521,NClO6,Cl-N-O,1.631461501121521,1.605631709098816,0.025829792022705078
3,DualHead_LogDirect_GNN_OOD,mb-dielectric-1524,KMnPH2O5,H-K-Mn-O-P,1.63076913356781,1.602634072303772,0.028135061264038086
3,DualHead_LogDirect_GNN_OOD,mb-dielectric-1525,Na5SnP3,Na-P-Sn,2.8539445400238037,2.849637746810913,0.004306793212890625
3,DualHead_LogDirect_GNN_OOD,mb-dielectric-1531,LiYSe2,Li-Se-Y,2.65307354927063,2.577247381210327,0.07582616806030273
3,DualHead_LogDirect_GNN_OOD,mb-dielectric-1532,CsS,Cs-S,1.731377124786377,1.8046735525131226,0.0732964277267456
3,DualHead_LogDirect_GNN_OOD,mb-dielectric-1533,Ba3V2S4O3,Ba-O-S-V,3.085418462753296,2.2248125076293945,0.8606059551239014
3,DualHead_LogDirect_GNN_OOD,mb-dielectric-1537,Ba(GeP)2,Ba-Ge-P,3.5758450031280518,3.6031084060668945,0.027263402938842773
3,DualHead_LogDirect_GNN_OOD,mb-dielectric-1541,Ag3P11,Ag-P,3.390526056289673,3.419478178024292,0.02895212173461914
3,DualHead_LogDirect_GNN_OOD,mb-dielectric-1549,Zr(WO4)2,O-W-Zr,1.9038981199264526,1.9592888355255127,0.05539071559906006
3,DualHead_LogDirect_GNN_OOD,mb-dielectric-1555,MgSe,Mg-Se,2.1572751998901367,2.1734323501586914,0.016157150268554688
3,DualHead_LogDirect_GNN_OOD,mb-dielectric-1561,VBO4,B-O-V,1.918886423110962,1.6990439891815186,0.21984243392944336
3,DualHead_LogDirect_GNN_OOD,mb-dielectric-1562,Li2CoSnO4,Co-Li-O-Sn,2.1109743118286133,2.307860851287842,0.19688653945922852
3,DualHead_LogDirect_GNN_OOD,mb-dielectric-1569,CsMnP3HO10,Cs-H-Mn-O-P,1.7105733156204224,1.6854850053787231,0.02508831024169922
3,DualHead_LogDirect_GNN_OOD,mb-dielectric-1577,Ba2PCl,Ba-Cl-P,2.3332276344299316,2.2006659507751465,0.13256168365478516
3,DualHead_LogDirect_GNN_OOD,mb-dielectric-1592,Li2MnO2F,F-Li-Mn-O,2.416853427886963,2.2897567749023438,0.12709665298461914
3,DualHead_LogDirect_GNN_OOD,mb-dielectric-1595,Rb2LiAsO4,As-Li-O-Rb,1.6236860752105713,1.6334658861160278,0.009779810905456543
3,DualHead_LogDirect_GNN_OOD,mb-dielectric-1602,In2O3,In-O,2.213937997817993,2.357905626296997,0.1439676284790039
3,DualHead_LogDirect_GNN_OOD,mb-dielectric-1604,Al2Si2H4O9,Al-H-O-Si,1.5992804765701294,1.6082746982574463,0.008994221687316895
3,DualHead_LogDirect_GNN_OOD,mb-dielectric-1611,LiAlSiO4,Al-Li-O-Si,1.5434956550598145,1.522047996520996,0.02144765853881836
3,DualHead_LogDirect_GNN_OOD,mb-dielectric-1616,Tl2SeO4,O-Se-Tl,1.9392377138137817,2.0012669563293457,0.062029242515563965
3,DualHead_LogDirect_GNN_OOD,mb-dielectric-1619,CsNaTe,Cs-Na-Te,2.077923536300659,2.037600517272949,0.04032301902770996
3,DualHead_LogDirect_GNN_OOD,mb-dielectric-1620,P(WO4)2,O-P-W,2.1883926391601562,2.1993227005004883,0.010930061340332031
3,DualHead_LogDirect_GNN_OOD,mb-dielectric-1636,BaPdS2,Ba-Pd-S,2.7924954891204834,2.7505970001220703,0.041898488998413086
3,DualHead_LogDirect_GNN_OOD,mb-dielectric-1638,Cs2MnV2(ClO3)2,Cl-Cs-Mn-O-V,1.7765206098556519,1.7990254163742065,0.022504806518554688
3,DualHead_LogDirect_GNN_OOD,mb-dielectric-1646,Rb2Pt3S4,Pt-Rb-S,2.460249662399292,2.7119407653808594,0.2516911029815674
3,DualHead_LogDirect_GNN_OOD,mb-dielectric-1655,Ba2ZnN2,Ba-N-Zn,2.680100917816162,2.616847276687622,0.06325364112854004
3,DualHead_LogDirect_GNN_OOD,mb-dielectric-1656,YbB4O7,B-O-Yb,1.7817506790161133,1.8378932476043701,0.056142568588256836
3,DualHead_LogDirect_GNN_OOD,mb-dielectric-1668,GeO2,Ge-O,1.7622452974319458,1.814632534980774,0.052387237548828125
3,DualHead_LogDirect_GNN_OOD,mb-dielectric-1671,LiNbZnO4,Li-Nb-O-Zn,2.144421339035034,2.252568244934082,0.10814690589904785
3,DualHead_LogDirect_GNN_OOD,mb-dielectric-1680,Si2H2O5,H-O-Si,1.4618364572525024,1.462916612625122,0.001080155372619629
3,DualHead_LogDirect_GNN_OOD,mb-dielectric-1683,SmH3(CO2)3,C-H-O-Sm,1.7493559122085571,1.6681625843048096,0.08119332790374756
3,DualHead_LogDirect_GNN_OOD,mb-dielectric-1693,CdI2,Cd-I,2.1752395629882812,2.4530467987060547,0.27780723571777344
3,DualHead_LogDirect_GNN_OOD,mb-dielectric-1701,ZnS,S-Zn,2.4315290451049805,2.3207485675811768,0.11078047752380371
3,DualHead_LogDirect_GNN_OOD,mb-dielectric-1707,Rb2MnF5,F-Mn-Rb,1.5142806768417358,1.545020580291748,0.030739903450012207
3,DualHead_LogDirect_GNN_OOD,mb-dielectric-1719,K5Nb(CN)8,C-K-N-Nb,1.7065727710723877,1.7022180557250977,0.004354715347290039
3,DualHead_LogDirect_GNN_OOD,mb-dielectric-1722,VOF2,F-O-V,1.95074462890625,2.0540361404418945,0.10329151153564453
3,DualHead_LogDirect_GNN_OOD,mb-dielectric-1723,CsSrCl3,Cl-Cs-Sr,1.5920354127883911,1.651801586151123,0.059766173362731934
3,DualHead_LogDirect_GNN_OOD,mb-dielectric-1728,Sr3TeO6,O-Sr-Te,1.9012928009033203,1.957302451133728,0.056009650230407715
3,DualHead_LogDirect_GNN_OOD,mb-dielectric-1734,Li2BeSiO4,Be-Li-O-Si,1.6574063301086426,1.6561737060546875,0.0012326240539550781
3,DualHead_LogDirect_GNN_OOD,mb-dielectric-1735,Na2B29,B-Na,5.73637056350708,2.5010271072387695,3.2353434562683105
3,DualHead_LogDirect_GNN_OOD,mb-dielectric-1737,KZrTl2OF5,F-K-O-Tl-Zr,1.7166111469268799,1.7415697574615479,0.02495861053466797
3,DualHead_LogDirect_GNN_OOD,mb-dielectric-1752,BaNiF4,Ba-F-Ni,1.580721378326416,1.6231026649475098,0.04238128662109375
3,DualHead_LogDirect_GNN_OOD,mb-dielectric-1753,Tl9BiSe6,Bi-Se-Tl,4.091578960418701,3.688269853591919,0.4033091068267822
3,DualHead_LogDirect_GNN_OOD,mb-dielectric-1758,Rb2PH3SeO8,H-O-P-Rb-Se,1.533297061920166,1.5491077899932861,0.015810728073120117
3,DualHead_LogDirect_GNN_OOD,mb-dielectric-1759,Rb2ThF6,F-Rb-Th,1.5274773836135864,1.5408294200897217,0.013352036476135254
3,DualHead_LogDirect_GNN_OOD,mb-dielectric-1761,Mn(AlTe2)2,Al-Mn-Te,2.858600378036499,2.8145530223846436,0.04404735565185547
3,DualHead_LogDirect_GNN_OOD,mb-dielectric-1762,NaCuO2,Cu-Na-O,2.3380072116851807,2.0986599922180176,0.23934721946716309
3,DualHead_LogDirect_GNN_OOD,mb-dielectric-1764,Zn2SnO4,O-Sn-Zn,2.136373996734619,2.174085855484009,0.03771185874938965
3,DualHead_LogDirect_GNN_OOD,mb-dielectric-1767,Pb2O3,O-Pb,3.242582082748413,2.512753486633301,0.7298285961151123
3,DualHead_LogDirect_GNN_OOD,mb-dielectric-1776,AgAuS2,Ag-Au-S,2.5120701789855957,2.464056968688965,0.04801321029663086
3,DualHead_LogDirect_GNN_OOD,mb-dielectric-1781,Ba(AlTe2)2,Al-Ba-Te,2.6117796897888184,2.569066047668457,0.04271364212036133
3,DualHead_LogDirect_GNN_OOD,mb-dielectric-1788,FeGe,Fe-Ge,9.805193901062012,7.351078510284424,2.454115390777588
3,DualHead_LogDirect_GNN_OOD,mb-dielectric-1799,YCu(WO4)2,Cu-O-W-Y,2.2696380615234375,2.28100323677063,0.011365175247192383
3,DualHead_LogDirect_GNN_OOD,mb-dielectric-1806,Mn4Be3Si3TeO12,Be-Mn-O-Si-Te,1.9059464931488037,1.8702278137207031,0.035718679428100586
3,DualHead_LogDirect_GNN_OOD,mb-dielectric-1810,CoAsS,As-Co-S,4.8775634765625,5.119802951812744,0.24223947525024414
3,DualHead_LogDirect_GNN_OOD,mb-dielectric-1815,Na2FeO3,Fe-Na-O,2.2735800743103027,2.100369453430176,0.17321062088012695
3,DualHead_LogDirect_GNN_OOD,mb-dielectric-1816,K3TaO8,K-O-Ta,1.620901346206665,1.6010231971740723,0.019878149032592773
3,DualHead_LogDirect_GNN_OOD,mb-dielectric-1818,CaCeO3,Ca-Ce-O,2.301825761795044,2.235610008239746,0.06621575355529785
3,DualHead_LogDirect_GNN_OOD,mb-dielectric-1820,LiH2IO,H-I-Li-O,1.8278899192810059,1.7829408645629883,0.04494905471801758
3,DualHead_LogDirect_GNN_OOD,mb-dielectric-1822,Zr3N2O3,N-O-Zr,2.448498487472534,2.3341116905212402,0.11438679695129395
3,DualHead_LogDirect_GNN_OOD,mb-dielectric-1826,Sn2IF3,F-I-Sn,2.1856141090393066,2.0326318740844727,0.15298223495483398
3,DualHead_LogDirect_GNN_OOD,mb-dielectric-1839,SrCu2SnS4,Cu-S-Sn-Sr,3.0541305541992188,2.7855377197265625,0.26859283447265625
3,DualHead_LogDirect_GNN_OOD,mb-dielectric-1840,VF4,F-V,1.5606060028076172,1.4805424213409424,0.0800635814666748
3,DualHead_LogDirect_GNN_OOD,mb-dielectric-1841,Na2Ca2(CO3)3,C-Ca-Na-O,1.5965163707733154,1.5931072235107422,0.003409147262573242
3,DualHead_LogDirect_GNN_OOD,mb-dielectric-1844,Li4MnO2F3,F-Li-Mn-O,1.8539090156555176,1.8141918182373047,0.03971719741821289
3,DualHead_LogDirect_GNN_OOD,mb-dielectric-1859,Ta2MnO6,Mn-O-Ta,2.407947063446045,2.55062198638916,0.14267492294311523
3,DualHead_LogDirect_GNN_OOD,mb-dielectric-1866,Li2MnO2F,F-Li-Mn-O,2.006910800933838,2.23991322517395,0.2330024242401123
3,DualHead_LogDirect_GNN_OOD,mb-dielectric-1878,C,C,2.568617582321167,1.6968305110931396,0.8717870712280273
3,DualHead_LogDirect_GNN_OOD,mb-dielectric-1885,KPH2SO3,H-K-O-P-S,1.6344107389450073,1.529204249382019,0.10520648956298828
3,DualHead_LogDirect_GNN_OOD,mb-dielectric-1894,Zr3N2O3,N-O-Zr,2.4596378803253174,2.335264205932617,0.1243736743927002
3,DualHead_LogDirect_GNN_OOD,mb-dielectric-1895,Li3FeOF4,F-Fe-Li-O,1.6828171014785767,1.6569902896881104,0.02582681179046631
3,DualHead_LogDirect_GNN_OOD,mb-dielectric-1897,BaLaAlO4,Al-Ba-La-O,2.0289833545684814,2.0176644325256348,0.01131892204284668
3,DualHead_LogDirect_GNN_OOD,mb-dielectric-1900,La4Se3O4,La-O-Se,2.7498061656951904,2.44976806640625,0.30003809928894043
3,DualHead_LogDirect_GNN_OOD,mb-dielectric-1909,Sr3(AlN2)2,Al-N-Sr,2.355290174484253,2.2675304412841797,0.08775973320007324
3,DualHead_LogDirect_GNN_OOD,mb-dielectric-1910,ZnSnO3,O-Sn-Zn,2.2369730472564697,2.196627616882324,0.04034543037414551
3,DualHead_LogDirect_GNN_OOD,mb-dielectric-1915,KLiSO4,K-Li-O-S,1.4870041608810425,1.5147721767425537,0.02776801586151123
3,DualHead_LogDirect_GNN_OOD,mb-dielectric-1917,Li9Fe3(OF7)2,F-Fe-Li-O,1.5776000022888184,1.555694580078125,0.02190542221069336
3,DualHead_LogDirect_GNN_OOD,mb-dielectric-1934,LiBO2,B-Li-O,1.711241602897644,1.7025729417800903,0.008668661117553711
3,DualHead_LogDirect_GNN_OOD,mb-dielectric-1939,NaV5O8,Na-O-V,2.4852001667022705,2.4342598915100098,0.05094027519226074
3,DualHead_LogDirect_GNN_OOD,mb-dielectric-1948,TiCoSb,Co-Sb-Ti,4.523425102233887,5.316372871398926,0.7929477691650391
3,DualHead_LogDirect_GNN_OOD,mb-dielectric-1958,LiAlSiO4,Al-Li-O-Si,1.6057771444320679,1.6058303117752075,5.316734313964844e-05
3,DualHead_LogDirect_GNN_OOD,mb-dielectric-1966,RbBe2F5,Be-F-Rb,1.3546603918075562,1.3984240293502808,0.04376363754272461
3,DualHead_LogDirect_GNN_OOD,mb-dielectric-1968,CdSnP2,Cd-P-Sn,3.610408067703247,3.5419647693634033,0.06844329833984375
3,DualHead_LogDirect_GNN_OOD,mb-dielectric-1971,LiMgN,Li-Mg-N,2.259551763534546,2.1978373527526855,0.06171441078186035
3,DualHead_LogDirect_GNN_OOD,mb-dielectric-1988,LiH2BrO,Br-H-Li-O,1.6947959661483765,1.6605545282363892,0.034241437911987305
3,DualHead_LogDirect_GNN_OOD,mb-dielectric-1990,NaSnP,Na-P-Sn,3.2698988914489746,3.5450587272644043,0.2751598358154297
3,DualHead_LogDirect_GNN_OOD,mb-dielectric-1992,LiCrS2,Cr-Li-S,3.1997597217559814,3.027876853942871,0.17188286781311035
3,DualHead_LogDirect_GNN_OOD,mb-dielectric-2002,CaWN3,Ca-N-W,2.9700918197631836,2.5196805000305176,0.450411319732666
3,DualHead_LogDirect_GNN_OOD,mb-dielectric-2011,SiS2,S-Si,2.24898624420166,2.1142609119415283,0.13472533226013184
3,DualHead_LogDirect_GNN_OOD,mb-dielectric-2012,NaMo(PO4)2,Mo-Na-O-P,1.7296873331069946,1.742549180984497,0.012861847877502441
3,DualHead_LogDirect_GNN_OOD,mb-dielectric-2025,BaLaZnRuO6,Ba-La-O-Ru-Zn,2.645106792449951,2.3741016387939453,0.27100515365600586
3,DualHead_LogDirect_GNN_OOD,mb-dielectric-2030,Ba3Si6N4O9,Ba-N-O-Si,1.809349536895752,1.8178908824920654,0.008541345596313477
3,DualHead_LogDirect_GNN_OOD,mb-dielectric-2043,LiCoSiO4,Co-Li-O-Si,1.9845826625823975,2.098708152770996,0.11412549018859863
3,DualHead_LogDirect_GNN_OOD,mb-dielectric-2050,NaC2N3,C-N-Na,1.7057057619094849,1.6264569759368896,0.07924878597259521
3,DualHead_LogDirect_GNN_OOD,mb-dielectric-2053,K4I2O,I-K-O,1.719545841217041,1.7786455154418945,0.059099674224853516
3,DualHead_LogDirect_GNN_OOD,mb-dielectric-2054,Ag2Se,Ag-Se,3.812406539916992,3.2660131454467773,0.5463933944702148
3,DualHead_LogDirect_GNN_OOD,mb-dielectric-2062,GaN,Ga-N,2.464669942855835,2.4719889163970947,0.007318973541259766
3,DualHead_LogDirect_GNN_OOD,mb-dielectric-2069,CsLi2I3,Cs-I-Li,1.7839038372039795,1.8006038665771484,0.016700029373168945
3,DualHead_LogDirect_GNN_OOD,mb-dielectric-2071,ZnS,S-Zn,2.436081647872925,2.322234630584717,0.11384701728820801
3,DualHead_LogDirect_GNN_OOD,mb-dielectric-2073,Ca2SnHg,Ca-Hg-Sn,15.012489318847656,8.1311616897583,6.8813276290893555
3,DualHead_LogDirect_GNN_OOD,mb-dielectric-2083,CaSO4,Ca-O-S,1.5542994737625122,1.6246618032455444,0.07036232948303223
3,DualHead_LogDirect_GNN_OOD,mb-dielectric-2096,LiCoSiO4,Co-Li-O-Si,1.975287675857544,2.0721466541290283,0.09685897827148438
3,DualHead_LogDirect_GNN_OOD,mb-dielectric-2108,InGaS3,Ga-In-S,2.6378369331359863,2.5977542400360107,0.040082693099975586
3,DualHead_LogDirect_GNN_OOD,mb-dielectric-2109,MnPO4,Mn-O-P,2.0480833053588867,1.9793317317962646,0.06875157356262207
3,DualHead_LogDirect_GNN_OOD,mb-dielectric-2117,BaNd2PtO5,Ba-Nd-O-Pt,2.3796627521514893,2.53810977935791,0.1584470272064209
3,DualHead_LogDirect_GNN_OOD,mb-dielectric-2123,RbHS,H-Rb-S,1.654790997505188,1.6020206212997437,0.052770376205444336
3,DualHead_LogDirect_GNN_OOD,mb-dielectric-2127,MnIn2O4,In-Mn-O,8.469022750854492,2.3169608116149902,6.152061939239502
3,DualHead_LogDirect_GNN_OOD,mb-dielectric-2131,GaAgS2,Ag-Ga-S,2.6638715267181396,2.7047276496887207,0.040856122970581055
3,DualHead_LogDirect_GNN_OOD,mb-dielectric-2142,Ba2NbN3,Ba-N-Nb,2.557974338531494,2.630037307739258,0.07206296920776367
3,DualHead_LogDirect_GNN_OOD,mb-dielectric-2145,Sr2TmNbO6,Nb-O-Sr-Tm,2.1576426029205322,2.2164719104766846,0.058829307556152344
3,DualHead_LogDirect_GNN_OOD,mb-dielectric-2148,CdI2,Cd-I,2.162116289138794,2.442556381225586,0.280440092086792
3,DualHead_LogDirect_GNN_OOD,mb-dielectric-2152,C,C,2.414479970932007,2.777268409729004,0.36278843879699707
3,DualHead_LogDirect_GNN_OOD,mb-dielectric-2156,Li2CuF4,Cu-F-Li,1.5280083417892456,1.7195466756820679,0.19153833389282227
3,DualHead_LogDirect_GNN_OOD,mb-dielectric-2161,Li4V2SiGeO10,Ge-Li-O-Si-V,1.8970403671264648,1.870308756828308,0.02673161029815674
3,DualHead_LogDirect_GNN_OOD,mb-dielectric-2164,GaBiO3,Bi-Ga-O,2.472057342529297,2.375065565109253,0.09699177742004395
3,DualHead_LogDirect_GNN_OOD,mb-dielectric-2166,Li4Mn2OF7,F-Li-Mn-O,1.607790231704712,1.630845546722412,0.023055315017700195
3,DualHead_LogDirect_GNN_OOD,mb-dielectric-2169,NbHO3,H-Nb-O,2.2713990211486816,2.183835029602051,0.08756399154663086
3,DualHead_LogDirect_GNN_OOD,mb-dielectric-2170,TeS7Cl2,Cl-S-Te,1.9209372997283936,1.9164178371429443,0.004519462585449219
3,DualHead_LogDirect_GNN_OOD,mb-dielectric-2173,NClO3,Cl-N-O,1.609865427017212,1.5900517702102661,0.0198136568069458
3,DualHead_LogDirect_GNN_OOD,mb-dielectric-2176,Na3SbSe4,Na-Sb-Se,2.4530444145202637,2.3754546642303467,0.07758975028991699
3,DualHead_LogDirect_GNN_OOD,mb-dielectric-2178,CaMgNiH4,Ca-H-Mg-Ni,2.7098541259765625,2.2988243103027344,0.4110298156738281
3,DualHead_LogDirect_GNN_OOD,mb-dielectric-2179,Ba2HfO4,Ba-Hf-O,2.0995259284973145,2.129650115966797,0.030124187469482422
3,DualHead_LogDirect_GNN_OOD,mb-dielectric-2188,K3ClO,Cl-K-O,1.7042262554168701,1.7028764486312866,0.001349806785583496
3,DualHead_LogDirect_GNN_OOD,mb-dielectric-2189,LiMnOF2,F-Li-Mn-O,2.1584527492523193,2.3993420600891113,0.240889310836792
3,DualHead_LogDirect_GNN_OOD,mb-dielectric-2191,Li2FeO2F,F-Fe-Li-O,2.0010812282562256,2.279906749725342,0.2788255214691162
3,DualHead_LogDirect_GNN_OOD,mb-dielectric-2195,CrBiO3,Bi-Cr-O,2.667102098464966,2.699780225753784,0.03267812728881836
3,DualHead_LogDirect_GNN_OOD,mb-dielectric-2196,Rb2NiF4,F-Ni-Rb,1.5014443397521973,1.5365872383117676,0.03514289855957031
3,DualHead_LogDirect_GNN_OOD,mb-dielectric-2198,Ag3AuS2,Ag-Au-S,3.184412717819214,3.09554386138916,0.08886885643005371
3,DualHead_LogDirect_GNN_OOD,mb-dielectric-2200,TiO2,O-Ti,1.9548770189285278,2.1069741249084473,0.15209710597991943
3,DualHead_LogDirect_GNN_OOD,mb-dielectric-2201,Li3CuF6,Cu-F-Li,1.7459536790847778,1.6528773307800293,0.09307634830474854
3,DualHead_LogDirect_GNN_OOD,mb-dielectric-2211,Sr3GaN3,Ga-N-Sr,2.668529748916626,2.4656248092651367,0.20290493965148926
3,DualHead_LogDirect_GNN_OOD,mb-dielectric-2212,Zn(GaS2)2,Ga-S-Zn,2.430769920349121,2.4445414543151855,0.013771533966064453
3,DualHead_LogDirect_GNN_OOD,mb-dielectric-2214,PCl5,Cl-P,1.8176908493041992,1.7293004989624023,0.08839035034179688
3,DualHead_LogDirect_GNN_OOD,mb-dielectric-2215,KP(HO2)2,H-K-O-P,1.5238585472106934,1.482978105545044,0.040880441665649414
3,DualHead_LogDirect_GNN_OOD,mb-dielectric-2224,NiPbF6,F-Ni-Pb,1.6816675662994385,1.6673705577850342,0.014297008514404297
3,DualHead_LogDirect_GNN_OOD,mb-dielectric-2228,Li2MnO2F,F-Li-Mn-O,2.34297776222229,2.2781028747558594,0.06487488746643066
3,DualHead_LogDirect_GNN_OOD,mb-dielectric-2229,Li6CrCoP2(CO7)2,C-Co-Cr-Li-O-P,1.6765624284744263,1.7240644693374634,0.04750204086303711
3,DualHead_LogDirect_GNN_OOD,mb-dielectric-2231,Li7OsO6,Li-O-Os,2.0168306827545166,2.0130698680877686,0.003760814666748047
3,DualHead_LogDirect_GNN_OOD,mb-dielectric-2235,CoAs2,As-Co,5.879540920257568,5.374120712280273,0.5054202079772949
3,DualHead_LogDirect_GNN_OOD,mb-dielectric-2252,GaCuCl4,Cl-Cu-Ga,1.818047285079956,1.8595507144927979,0.0415034294128418
3,DualHead_LogDirect_GNN_OOD,mb-dielectric-2264,DyNiBi,Bi-Dy-Ni,5.01671028137207,5.18394660949707,0.167236328125
3,DualHead_LogDirect_GNN_OOD,mb-dielectric-2268,CaBPO5,B-Ca-O-P,1.703331470489502,1.7053066492080688,0.0019751787185668945
3,DualHead_LogDirect_GNN_OOD,mb-dielectric-2272,CrMoF6,Cr-F-Mo,1.6624996662139893,1.7688730955123901,0.10637342929840088
3,DualHead_LogDirect_GNN_OOD,mb-dielectric-2277,CdI2,Cd-I,2.0966994762420654,2.4197044372558594,0.32300496101379395
3,DualHead_LogDirect_GNN_OOD,mb-dielectric-2278,CaCl2,Ca-Cl,1.6693311929702759,1.7179374694824219,0.048606276512145996
3,DualHead_LogDirect_GNN_OOD,mb-dielectric-2286,LiTaWO6,Li-O-Ta-W,2.160200595855713,2.3445487022399902,0.18434810638427734
3,DualHead_LogDirect_GNN_OOD,mb-dielectric-2290,Re2PbO8,O-Pb-Re,1.8812570571899414,1.9450769424438477,0.06381988525390625
3,DualHead_LogDirect_GNN_OOD,mb-dielectric-2298,CsMnI3,Cs-I-Mn,2.0093297958374023,2.168307304382324,0.15897750854492188
3,DualHead_LogDirect_GNN_OOD,mb-dielectric-2301,MnPO4,Mn-O-P,2.1961817741394043,2.129448890686035,0.06673288345336914
3,DualHead_LogDirect_GNN_OOD,mb-dielectric-2308,Cs2MnF5,Cs-F-Mn,1.5598866939544678,1.5257080793380737,0.03417861461639404
3,DualHead_LogDirect_GNN_OOD,mb-dielectric-2311,Zn(HO)2,H-O-Zn,1.6492191553115845,1.6349365711212158,0.014282584190368652
3,DualHead_LogDirect_GNN_OOD,mb-dielectric-2317,AsPO5,As-O-P,1.848206639289856,2.017629861831665,0.16942322254180908
3,DualHead_LogDirect_GNN_OOD,mb-dielectric-2318,SBr,Br-S,1.8180614709854126,1.7009642124176025,0.11709725856781006
3,DualHead_LogDirect_GNN_OOD,mb-dielectric-2321,Yb(YS2)2,S-Y-Yb,2.7818500995635986,2.798295259475708,0.016445159912109375
3,DualHead_LogDirect_GNN_OOD,mb-dielectric-2322,Li2Nb4ZnO12,Li-Nb-O-Zn,2.371351480484009,2.455517530441284,0.08416604995727539
3,DualHead_LogDirect_GNN_OOD,mb-dielectric-2326,V2OF7,F-O-V,1.584789514541626,1.5486299991607666,0.036159515380859375
3,DualHead_LogDirect_GNN_OOD,mb-dielectric-2328,LiMn2OF3,F-Li-Mn-O,1.693981647491455,1.8544831275939941,0.16050148010253906
3,DualHead_LogDirect_GNN_OOD,mb-dielectric-2331,Li4Fe(OF)2,F-Fe-Li-O,1.6991764307022095,1.6666001081466675,0.03257632255554199
3,DualHead_LogDirect_GNN_OOD,mb-dielectric-2333,LiGaAs2O7,As-Ga-Li-O,1.8920080661773682,1.8465228080749512,0.04548525810241699
3,DualHead_LogDirect_GNN_OOD,mb-dielectric-2334,CsLi2Br3,Br-Cs-Li,1.7140525579452515,1.7299572229385376,0.015904664993286133
3,DualHead_LogDirect_GNN_OOD,mb-dielectric-2336,BaI2,Ba-I,2.083935022354126,2.1325607299804688,0.04862570762634277
3,DualHead_LogDirect_GNN_OOD,mb-dielectric-2337,BeH2SeO4,Be-H-O-Se,1.69878089427948,1.6806910037994385,0.018089890480041504
3,DualHead_LogDirect_GNN_OOD,mb-dielectric-2339,CdI2,Cd-I,2.1386332511901855,2.4379944801330566,0.2993612289428711
3,DualHead_LogDirect_GNN_OOD,mb-dielectric-2347,TiO2,O-Ti,2.490983724594116,2.55549693107605,0.0645132064819336
3,DualHead_LogDirect_GNN_OOD,mb-dielectric-2353,CrF2,Cr-F,1.592482328414917,1.8130892515182495,0.22060692310333252
3,DualHead_LogDirect_GNN_OOD,mb-dielectric-2363,Ba(VN2)2,Ba-N-V,3.052018642425537,2.68219256401062,0.369826078414917
3,DualHead_LogDirect_GNN_OOD,mb-dielectric-2364,ZnS,S-Zn,2.4223954677581787,2.5807275772094727,0.15833210945129395
3,DualHead_LogDirect_GNN_OOD,mb-dielectric-2369,VO2F,F-O-V,1.8050428628921509,1.731994867324829,0.07304799556732178
3,DualHead_LogDirect_GNN_OOD,mb-dielectric-2370,Ca3(SiAs2)2,As-Ca-Si,3.30065655708313,3.5321414470672607,0.23148488998413086
3,DualHead_LogDirect_GNN_OOD,mb-dielectric-2371,Li3CrSiO5,Cr-Li-O-Si,1.931685209274292,2.1809513568878174,0.2492661476135254
3,DualHead_LogDirect_GNN_OOD,mb-dielectric-2375,Cd(Ga3Te5)2,Cd-Ga-Te,3.2763350009918213,3.219766616821289,0.05656838417053223
3,DualHead_LogDirect_GNN_OOD,mb-dielectric-2379,Rb3NbO8,Nb-O-Rb,1.6477197408676147,1.6437283754348755,0.003991365432739258
3,DualHead_LogDirect_GNN_OOD,mb-dielectric-2380,Sc2(CN2)3,C-N-Sc,2.1630725860595703,1.9455859661102295,0.21748661994934082
3,DualHead_LogDirect_GNN_OOD,mb-dielectric-2381,NaFe5O8,Fe-Na-O,2.3146300315856934,2.2903246879577637,0.024305343627929688
3,DualHead_LogDirect_GNN_OOD,mb-dielectric-2383,Cs2S,Cs-S,1.9800673723220825,1.996802568435669,0.016735196113586426
3,DualHead_LogDirect_GNN_OOD,mb-dielectric-2387,Na2Mn2O3,Mn-Na-O,2.109023332595825,1.9291654825210571,0.17985785007476807
3,DualHead_LogDirect_GNN_OOD,mb-dielectric-2394,Rb2PH3SeO8,H-O-P-Rb-Se,1.5242606401443481,1.5450999736785889,0.020839333534240723
3,DualHead_LogDirect_GNN_OOD,mb-dielectric-2395,WO3,O-W,2.5315358638763428,2.722764015197754,0.19122815132141113
3,DualHead_LogDirect_GNN_OOD,mb-dielectric-2399,Cs2MnF6,Cs-F-Mn,1.4832513332366943,1.5176568031311035,0.03440546989440918
3,DualHead_LogDirect_GNN_OOD,mb-dielectric-2401,SrWN3,N-Sr-W,2.853102922439575,2.6454646587371826,0.20763826370239258
3,DualHead_LogDirect_GNN_OOD,mb-dielectric-2407,NO2,N-O,1.399642825126648,1.4674999713897705,0.06785714626312256
3,DualHead_LogDirect_GNN_OOD,mb-dielectric-2413,TiBr4,Br-Ti,1.6024980545043945,1.5976519584655762,0.004846096038818359
3,DualHead_LogDirect_GNN_OOD,mb-dielectric-2415,MgTe(H4O3)3,H-Mg-O-Te,1.6071323156356812,1.5888290405273438,0.018303275108337402
3,DualHead_LogDirect_GNN_OOD,mb-dielectric-2418,TiZnN2,N-Ti-Zn,2.814824104309082,2.8210854530334473,0.006261348724365234
3,DualHead_LogDirect_GNN_OOD,mb-dielectric-2425,VF4,F-V,1.6143109798431396,1.6313241720199585,0.017013192176818848
3,DualHead_LogDirect_GNN_OOD,mb-dielectric-2428,Li2MnO2F,F-Li-Mn-O,2.042872667312622,2.2394213676452637,0.1965487003326416
3,DualHead_LogDirect_GNN_OOD,mb-dielectric-2429,MnBr2,Br-Mn,1.9748417139053345,2.056941032409668,0.0820993185043335
3,DualHead_LogDirect_GNN_OOD,mb-dielectric-2438,VOF3,F-O-V,1.6036385297775269,1.5501165390014648,0.05352199077606201
3,DualHead_LogDirect_GNN_OOD,mb-dielectric-2443,Rb2MnF6,F-Mn-Rb,1.46889066696167,1.5324060916900635,0.06351542472839355
3,DualHead_LogDirect_GNN_OOD,mb-dielectric-2447,ZnS,S-Zn,2.427138328552246,2.5904200077056885,0.16328167915344238
3,DualHead_LogDirect_GNN_OOD,mb-dielectric-2452,BF3,B-F,1.2747548818588257,1.3792768716812134,0.1045219898223877
3,DualHead_LogDirect_GNN_OOD,mb-dielectric-2455,PtCl2,Cl-Pt,1.7887897491455078,2.246032238006592,0.457242488861084
3,DualHead_LogDirect_GNN_OOD,mb-dielectric-2457,Y2Be2SiO7,Be-O-Si-Y,1.9013526439666748,1.8828935623168945,0.018459081649780273
3,DualHead_LogDirect_GNN_OOD,mb-dielectric-2460,Nb2PS10,Nb-P-S,2.2697784900665283,2.304828643798828,0.035050153732299805
3,DualHead_LogDirect_GNN_OOD,mb-dielectric-2476,K2P2O5F2,F-K-O-P,1.450632095336914,1.468183159828186,0.017551064491271973
3,DualHead_LogDirect_GNN_OOD,mb-dielectric-2477,K3IO5,I-K-O,1.645667552947998,1.7287591695785522,0.0830916166305542
3,DualHead_LogDirect_GNN_OOD,mb-dielectric-2481,LiFe(CO3)2,C-Fe-Li-O,1.7620916366577148,1.678804874420166,0.08328676223754883
3,DualHead_LogDirect_GNN_OOD,mb-dielectric-2483,CrTe3,Cr-Te,4.561286449432373,4.164434909820557,0.3968515396118164
3,DualHead_LogDirect_GNN_OOD,mb-dielectric-2486,Na2PtSe2,Na-Pt-Se,2.7366456985473633,2.752213954925537,0.015568256378173828
3,DualHead_LogDirect_GNN_OOD,mb-dielectric-2495,KP(HO2)2,H-K-O-P,1.4834970235824585,1.5089106559753418,0.0254136323928833
3,DualHead_LogDirect_GNN_OOD,mb-dielectric-2497,Ca3(AlN2)2,Al-Ca-N,2.369372844696045,2.258117914199829,0.11125493049621582
3,DualHead_LogDirect_GNN_OOD,mb-dielectric-2498,RbMnF3,F-Mn-Rb,1.526885747909546,1.5766223669052124,0.049736618995666504
3,DualHead_LogDirect_GNN_OOD,mb-dielectric-2502,MnHO2,H-Mn-O,2.533982038497925,2.600785732269287,0.0668036937713623
3,DualHead_LogDirect_GNN_OOD,mb-dielectric-2503,H8PtO6,H-O-Pt,1.9166947603225708,1.8243465423583984,0.09234821796417236
3,DualHead_LogDirect_GNN_OOD,mb-dielectric-2515,VF3,F-V,1.6400203704833984,1.7671103477478027,0.1270899772644043
3,DualHead_LogDirect_GNN_OOD,mb-dielectric-2517,AgH4WS4N,Ag-H-N-S-W,2.1993539333343506,2.0583925247192383,0.1409614086151123
3,DualHead_LogDirect_GNN_OOD,mb-dielectric-2518,InGaSe3,Ga-In-Se,2.6777503490448,2.8504676818847656,0.17271733283996582
3,DualHead_LogDirect_GNN_OOD,mb-dielectric-2521,Al6Cd4SO12,Al-Cd-O-S,1.8075239658355713,1.8087211847305298,0.001197218894958496
3,DualHead_LogDirect_GNN_OOD,mb-dielectric-2523,SrTiN2,N-Sr-Ti,3.0065805912017822,2.807492256164551,0.19908833503723145
3,DualHead_LogDirect_GNN_OOD,mb-dielectric-2534,TbAgTe2,Ag-Tb-Te,3.357938528060913,3.3442556858062744,0.013682842254638672
3,DualHead_LogDirect_GNN_OOD,mb-dielectric-2537,Ca2WN2,Ca-N-W,3.209024429321289,2.5555312633514404,0.6534931659698486
3,DualHead_LogDirect_GNN_OOD,mb-dielectric-2540,Mn(PO3)3,Mn-O-P,1.7272342443466187,1.7478489875793457,0.02061474323272705
3,DualHead_LogDirect_GNN_OOD,mb-dielectric-2541,WO3,O-W,2.729163408279419,2.7624404430389404,0.033277034759521484
3,DualHead_LogDirect_GNN_OOD,mb-dielectric-2551,Er(CuTe)3,Cu-Er-Te,3.5996670722961426,3.4140987396240234,0.18556833267211914
3,DualHead_LogDirect_GNN_OOD,mb-dielectric-2553,LiS4,Li-S,1.0935777425765991,1.4988343715667725,0.40525662899017334
3,DualHead_LogDirect_GNN_OOD,mb-dielectric-2554,CaAlSiH,Al-Ca-H-Si,3.7801733016967773,3.117882490158081,0.6622908115386963
3,DualHead_LogDirect_GNN_OOD,mb-dielectric-2555,LiV2P4(HO8)2,H-Li-O-P-V,2.244588613510132,1.897530436515808,0.34705817699432373
3,DualHead_LogDirect_GNN_OOD,mb-dielectric-2556,Cr2F5,Cr-F,1.6459040641784668,1.9009833335876465,0.2550792694091797
3,DualHead_LogDirect_GNN_OOD,mb-dielectric-2557,LiAl(Si2O5)2,Al-Li-O-Si,1.5271128416061401,1.5200672149658203,0.007045626640319824
3,DualHead_LogDirect_GNN_OOD,mb-dielectric-2560,LiFe3O3F4,F-Fe-Li-O,1.863024115562439,1.8639798164367676,0.0009557008743286133
3,DualHead_LogDirect_GNN_OOD,mb-dielectric-2567,Ga2Te3(HO2)6,Ga-H-O-Te,1.9316809177398682,1.8684532642364502,0.06322765350341797
3,DualHead_LogDirect_GNN_OOD,mb-dielectric-2570,ZnS,S-Zn,2.42973256111145,2.636672019958496,0.2069394588470459
3,DualHead_LogDirect_GNN_OOD,mb-dielectric-2580,ZnO,O-Zn,2.409165620803833,2.0500009059906006,0.3591647148132324
3,DualHead_LogDirect_GNN_OOD,mb-dielectric-2590,BaNa2O2,Ba-Na-O,1.9206211566925049,1.8072614669799805,0.11335968971252441
3,DualHead_LogDirect_GNN_OOD,mb-dielectric-2591,Sr3Ga3N5,Ga-N-Sr,2.51446795463562,2.371030569076538,0.14343738555908203
3,DualHead_LogDirect_GNN_OOD,mb-dielectric-2596,GeO2,Ge-O,1.760911226272583,1.8136327266693115,0.052721500396728516
3,DualHead_LogDirect_GNN_OOD,mb-dielectric-2597,LiCoSiO4,Co-Li-O-Si,2.064713954925537,2.014389991760254,0.0503239631652832
3,DualHead_LogDirect_GNN_OOD,mb-dielectric-2599,Rb2CdCl4,Cd-Cl-Rb,1.654924988746643,1.6529912948608398,0.0019336938858032227
3,DualHead_LogDirect_GNN_OOD,mb-dielectric-2602,CaBe3O4,Be-Ca-O,1.7756092548370361,1.7499773502349854,0.02563190460205078
3,DualHead_LogDirect_GNN_OOD,mb-dielectric-2608,Er2Ge2O7,Er-Ge-O,1.9305157661437988,1.974515676498413,0.04399991035461426
3,DualHead_LogDirect_GNN_OOD,mb-dielectric-2613,Cs2Li3I5,Cs-I-Li,1.7862001657485962,1.8212285041809082,0.03502833843231201
3,DualHead_LogDirect_GNN_OOD,mb-dielectric-2614,V2MoO8,Mo-O-V,2.4078452587127686,2.3990678787231445,0.008777379989624023
3,DualHead_LogDirect_GNN_OOD,mb-dielectric-2625,Tm2Ge2O7,Ge-O-Tm,1.9291722774505615,1.9807032346725464,0.05153095722198486
3,DualHead_LogDirect_GNN_OOD,mb-dielectric-2626,Na3VO4,Na-O-V,1.632375717163086,1.6565752029418945,0.024199485778808594
3,DualHead_LogDirect_GNN_OOD,mb-dielectric-2634,Rb2MnSe2,Mn-Rb-Se,2.0812411308288574,2.0670602321624756,0.014180898666381836
3,DualHead_LogDirect_GNN_OOD,mb-dielectric-2635,Si2H2O3,H-O-Si,1.4929835796356201,1.4651962518692017,0.027787327766418457
3,DualHead_LogDirect_GNN_OOD,mb-dielectric-2636,Pr5CuSe8,Cu-Pr-Se,3.3200032711029053,3.237452507019043,0.0825507640838623
3,DualHead_LogDirect_GNN_OOD,mb-dielectric-2639,CsSbClF3,Cl-Cs-F-Sb,1.6730808019638062,1.6016435623168945,0.07143723964691162
3,DualHead_LogDirect_GNN_OOD,mb-dielectric-2645,LiTeHO4,H-Li-O-Te,1.8577079772949219,1.8568183183670044,0.0008896589279174805
3,DualHead_LogDirect_GNN_OOD,mb-dielectric-2650,NaVO2,Na-O-V,24.141935348510742,2.1710214614868164,21.970913887023926
3,DualHead_LogDirect_GNN_OOD,mb-dielectric-2651,K4PH5S3O16,H-K-O-P-S,1.4879246950149536,1.512048602104187,0.0241239070892334
3,DualHead_LogDirect_GNN_OOD,mb-dielectric-2654,ScOF,F-O-Sc,1.9805116653442383,1.9120023250579834,0.06850934028625488
3,DualHead_LogDirect_GNN_OOD,mb-dielectric-2660,NbFeO4,Fe-Nb-O,2.4960527420043945,2.43700909614563,0.05904364585876465
3,DualHead_LogDirect_GNN_OOD,mb-dielectric-2661,LiAlSiO4,Al-Li-O-Si,1.5911204814910889,1.5881950855255127,0.002925395965576172
3,DualHead_LogDirect_GNN_OOD,mb-dielectric-2665,CoAsS,As-Co-S,4.919906139373779,5.176344394683838,0.2564382553100586
3,DualHead_LogDirect_GNN_OOD,mb-dielectric-2666,NaYF4,F-Na-Y,1.5432417392730713,1.550642728805542,0.007400989532470703
3,DualHead_LogDirect_GNN_OOD,mb-dielectric-2671,NaPH4SO8,H-Na-O-P-S,1.5135455131530762,1.52117121219635,0.007625699043273926
3,DualHead_LogDirect_GNN_OOD,mb-dielectric-2675,MnBr2,Br-Mn,1.9133739471435547,1.9529056549072266,0.039531707763671875
3,DualHead_LogDirect_GNN_OOD,mb-dielectric-2686,Rb3SbO3,O-Rb-Sb,1.7541648149490356,1.8486075401306152,0.09444272518157959
3,DualHead_LogDirect_GNN_OOD,mb-dielectric-2688,LiCoSiO4,Co-Li-O-Si,1.9712830781936646,2.018759250640869,0.04747617244720459
3,DualHead_LogDirect_GNN_OOD,mb-dielectric-2689,CsYO2,Cs-O-Y,2.0203206539154053,1.9854140281677246,0.034906625747680664
3,DualHead_LogDirect_GNN_OOD,mb-dielectric-2692,Ag2Se,Ag-Se,3.313960313796997,3.2906382083892822,0.023322105407714844
3,DualHead_LogDirect_GNN_OOD,mb-dielectric-2703,Cd(GaTe2)2,Cd-Ga-Te,3.1487948894500732,3.080141544342041,0.06865334510803223
3,DualHead_LogDirect_GNN_OOD,mb-dielectric-2704,Rb2SnBr6,Br-Rb-Sn,1.8064277172088623,1.92229425907135,0.11586654186248779
3,DualHead_LogDirect_GNN_OOD,mb-dielectric-2723,ZnS,S-Zn,2.4249441623687744,2.587709903717041,0.1627657413482666
3,DualHead_LogDirect_GNN_OOD,mb-dielectric-2739,TlInSe2,In-Se-Tl,2.9978525638580322,3.2162179946899414,0.21836543083190918
3,DualHead_LogDirect_GNN_OOD,mb-dielectric-2742,VF2,F-V,1.5743781328201294,1.6204081773757935,0.04603004455566406
3,DualHead_LogDirect_GNN_OOD,mb-dielectric-2747,K2S3,K-S,2.008411407470703,1.8847734928131104,0.12363791465759277
3,DualHead_LogDirect_GNN_OOD,mb-dielectric-2751,LiMn2OF3,F-Li-Mn-O,1.6787333488464355,2.002340078353882,0.3236067295074463
3,DualHead_LogDirect_GNN_OOD,mb-dielectric-2755,Nd2PbS4,Nd-Pb-S,3.122467517852783,3.2326648235321045,0.11019730567932129
3,DualHead_LogDirect_GNN_OOD,mb-dielectric-2756,V3(O2F)2,F-O-V,2.4387617111206055,2.55757474899292,0.11881303787231445
3,DualHead_LogDirect_GNN_OOD,mb-dielectric-2761,LiZnPO4,Li-O-P-Zn,1.6337831020355225,1.6541571617126465,0.020374059677124023
3,DualHead_LogDirect_GNN_OOD,mb-dielectric-2763,Li2CoSiO4,Co-Li-O-Si,1.7739635705947876,1.9257104396820068,0.15174686908721924
3,DualHead_LogDirect_GNN_OOD,mb-dielectric-2766,TlAsF6,As-F-Tl,1.52437424659729,1.566323161125183,0.041948914527893066
3,DualHead_LogDirect_GNN_OOD,mb-dielectric-2768,LiCrSiO4,Cr-Li-O-Si,1.976578712463379,2.0717484951019287,0.0951697826385498
3,DualHead_LogDirect_GNN_OOD,mb-dielectric-2769,LiCrSiO4,Cr-Li-O-Si,1.8897616863250732,2.0278573036193848,0.13809561729431152
3,DualHead_LogDirect_GNN_OOD,mb-dielectric-2775,InHg,Hg-In,9.470181465148926,4.591043472290039,4.879137992858887
3,DualHead_LogDirect_GNN_OOD,mb-dielectric-2779,Hf3N4,Hf-N,3.3438072204589844,2.9511632919311523,0.39264392852783203
3,DualHead_LogDirect_GNN_OOD,mb-dielectric-2783,Sr4TiN4,N-Sr-Ti,2.5537140369415283,2.56899094581604,0.015276908874511719
3,DualHead_LogDirect_GNN_OOD,mb-dielectric-2786,CrF3,Cr-F,1.683943748474121,1.9036188125610352,0.21967506408691406
3,DualHead_LogDirect_GNN_OOD,mb-dielectric-2788,LiCrSiO4,Cr-Li-O-Si,1.944932460784912,2.14180064201355,0.1968681812286377
3,DualHead_LogDirect_GNN_OOD,mb-dielectric-2789,Tm2TeO6,O-Te-Tm,2.003371238708496,2.137836217880249,0.13446497917175293
3,DualHead_LogDirect_GNN_OOD,mb-dielectric-2794,NClO,Cl-N-O,1.706946611404419,1.560253620147705,0.14669299125671387
3,DualHead_LogDirect_GNN_OOD,mb-dielectric-2795,Ca3AlN3,Al-Ca-N,2.4079837799072266,2.33005428314209,0.07792949676513672
3,DualHead_LogDirect_GNN_OOD,mb-dielectric-2798,CaSO4,Ca-O-S,1.5544135570526123,1.6275556087493896,0.07314205169677734
3,DualHead_LogDirect_GNN_OOD,mb-dielectric-2800,Nb(PS4)2,Nb-P-S,2.252380847930908,2.2239389419555664,0.028441905975341797
3,DualHead_LogDirect_GNN_OOD,mb-dielectric-2803,Sc(AlC)3,Al-C-Sc,3.397193431854248,3.2350716590881348,0.16212177276611328
3,DualHead_LogDirect_GNN_OOD,mb-dielectric-2811,Cs2PtC2,C-Cs-Pt,2.5163235664367676,2.174159526824951,0.3421640396118164
3,DualHead_LogDirect_GNN_OOD,mb-dielectric-2813,K3HPtS2(ClO3)2,Cl-H-K-O-Pt-S,1.6401246786117554,1.6489386558532715,0.008813977241516113
3,DualHead_LogDirect_GNN_OOD,mb-dielectric-2814,PNClF,Cl-F-N-P,1.5053964853286743,1.5535708665847778,0.048174381256103516
3,DualHead_LogDirect_GNN_OOD,mb-dielectric-2816,KC2N3,C-K-N,1.6497358083724976,1.6415791511535645,0.008156657218933105
3,DualHead_LogDirect_GNN_OOD,mb-dielectric-2817,Li2BeSiO4,Be-Li-O-Si,1.6683378219604492,1.663745641708374,0.004592180252075195
3,DualHead_LogDirect_GNN_OOD,mb-dielectric-2819,Li2VPO4F,F-Li-O-P-V,1.6645094156265259,1.702826976776123,0.03831756114959717
3,DualHead_LogDirect_GNN_OOD,mb-dielectric-2822,MgSe,Mg-Se,2.1580164432525635,2.195608615875244,0.037592172622680664
3,DualHead_LogDirect_GNN_OOD,mb-dielectric-2827,TiGa2O5,Ga-O-Ti,2.3605105876922607,2.181326389312744,0.1791841983795166
3,DualHead_LogDirect_GNN_OOD,mb-dielectric-2840,OsCl4,Cl-Os,2.0480072498321533,1.9419527053833008,0.10605454444885254
3,DualHead_LogDirect_GNN_OOD,mb-dielectric-2841,Li6PS5Cl,Cl-Li-P-S,1.8777201175689697,1.8306910991668701,0.04702901840209961
3,DualHead_LogDirect_GNN_OOD,mb-dielectric-2844,Cl2,Cl,1.2316654920578003,1.3720850944519043,0.140419602394104
3,DualHead_LogDirect_GNN_OOD,mb-dielectric-2849,CsSbO2,Cs-O-Sb,1.866586685180664,1.8742767572402954,0.007690072059631348
3,DualHead_LogDirect_GNN_OOD,mb-dielectric-2854,Na6CoS4,Co-Na-S,2.135681390762329,2.035447597503662,0.10023379325866699
3,DualHead_LogDirect_GNN_OOD,mb-dielectric-2855,LiBr,Br-Li,1.652169108390808,1.6801629066467285,0.02799379825592041
3,DualHead_LogDirect_GNN_OOD,mb-dielectric-2857,MnBr2,Br-Mn,2.010472536087036,2.104495048522949,0.09402251243591309
3,DualHead_LogDirect_GNN_OOD,mb-dielectric-2859,KTe,K-Te,2.26163649559021,2.2949182987213135,0.033281803131103516
3,DualHead_LogDirect_GNN_OOD,mb-dielectric-2861,Cd(GaSe2)2,Cd-Ga-Se,2.7173964977264404,2.7255210876464844,0.008124589920043945
3,DualHead_LogDirect_GNN_OOD,mb-dielectric-2863,Sn(HgSe2)2,Hg-Se-Sn,3.298893451690674,3.1360278129577637,0.16286563873291016
3,DualHead_LogDirect_GNN_OOD,mb-dielectric-2864,NbI3O,I-Nb-O,2.415865421295166,2.2892978191375732,0.12656760215759277
3,DualHead_LogDirect_GNN_OOD,mb-dielectric-2867,Ni(PS3)2,Ni-P-S,3.7824196815490723,2.494205951690674,1.2882137298583984
3,DualHead_LogDirect_GNN_OOD,mb-dielectric-2879,HgSeO4,Hg-O-Se,2.1312737464904785,2.019998788833618,0.11127495765686035
3,DualHead_LogDirect_GNN_OOD,mb-dielectric-2884,Li8SeN2,Li-N-Se,2.3939950466156006,2.2129621505737305,0.18103289604187012
3,DualHead_LogDirect_GNN_OOD,mb-dielectric-2889,WO3,O-W,2.527449369430542,2.7204365730285645,0.19298720359802246
3,DualHead_LogDirect_GNN_OOD,mb-dielectric-2890,TaCu3Te4,Cu-Ta-Te,3.022305727005005,3.2103958129882812,0.18809008598327637
3,DualHead_LogDirect_GNN_OOD,mb-dielectric-2895,Na6CoO4,Co-Na-O,1.880323052406311,1.7072618007659912,0.17306125164031982
3,DualHead_LogDirect_GNN_OOD,mb-dielectric-2896,LiSnCl3,Cl-Li-Sn,1.9433026313781738,1.908614158630371,0.034688472747802734
3,DualHead_LogDirect_GNN_OOD,mb-dielectric-2904,Tm2WO6,O-Tm-W,2.1187942028045654,2.2047548294067383,0.08596062660217285
3,DualHead_LogDirect_GNN_OOD,mb-dielectric-2906,Tl2SeO4,O-Se-Tl,1.9540117979049683,2.0324649810791016,0.0784531831741333
3,DualHead_LogDirect_GNN_OOD,mb-dielectric-2908,Mn3O4,Mn-O,2.494464159011841,3.133342742919922,0.638878583908081
3,DualHead_LogDirect_GNN_OOD,mb-dielectric-2912,LiInSe2,In-Li-Se,2.400247812271118,2.352062940597534,0.048184871673583984
3,DualHead_LogDirect_GNN_OOD,mb-dielectric-2934,NaAlSiO4,Al-Na-O-Si,1.5186803340911865,1.5301313400268555,0.011451005935668945
3,DualHead_LogDirect_GNN_OOD,mb-dielectric-2943,ThSnPt,Pt-Sn-Th,5.064443588256836,5.3726935386657715,0.30824995040893555
3,DualHead_LogDirect_GNN_OOD,mb-dielectric-2944,VBO3,B-O-V,2.1437721252441406,2.066685199737549,0.0770869255065918
3,DualHead_LogDirect_GNN_OOD,mb-dielectric-2945,TmTaO4,O-Ta-Tm,2.206387519836426,2.3293583393096924,0.1229708194732666
3,DualHead_LogDirect_GNN_OOD,mb-dielectric-2950,LiNbWO6,Li-Nb-O-W,2.3112576007843018,2.39378023147583,0.08252263069152832
3,DualHead_LogDirect_GNN_OOD,mb-dielectric-2951,Rb2NiF6,F-Ni-Rb,1.4968875646591187,1.5156521797180176,0.018764615058898926
3,DualHead_LogDirect_GNN_OOD,mb-dielectric-2952,MnP2O7,Mn-O-P,2.4437243938446045,2.052720069885254,0.3910043239593506
3,DualHead_LogDirect_GNN_OOD,mb-dielectric-2966,K2TiF6,F-K-Ti,1.502111792564392,1.5090928077697754,0.006981015205383301
3,DualHead_LogDirect_GNN_OOD,mb-dielectric-2977,NaCaNb2O6F,Ca-F-Na-Nb-O,2.3164122104644775,2.3355307579040527,0.019118547439575195
3,DualHead_LogDirect_GNN_OOD,mb-dielectric-2982,MgCN2,C-Mg-N,1.8286648988723755,1.8546810150146484,0.02601611614227295
3,DualHead_LogDirect_GNN_OOD,mb-dielectric-2983,ZnS,S-Zn,2.415651559829712,2.575984477996826,0.16033291816711426
3,DualHead_LogDirect_GNN_OOD,mb-dielectric-2998,PbS,Pb-S,2.122263193130493,1.9077616930007935,0.2145015001296997
3,DualHead_LogDirect_GNN_OOD,mb-dielectric-3007,Si2H6O,H-O-Si,1.4785640239715576,1.5315792560577393,0.05301523208618164
3,DualHead_LogDirect_GNN_OOD,mb-dielectric-3008,CrAgO2,Ag-Cr-O,2.6670472621917725,2.618034839630127,0.04901242256164551
3,DualHead_LogDirect_GNN_OOD,mb-dielectric-3014,Pr3GaO6,Ga-O-Pr,2.0711421966552734,2.080968141555786,0.009825944900512695
3,DualHead_LogDirect_GNN_OOD,mb-dielectric-3020,H2Pb3O4,H-O-Pb,2.1056597232818604,2.0933797359466553,0.012279987335205078
3,DualHead_LogDirect_GNN_OOD,mb-dielectric-3022,SrTe,Sr-Te,2.4283740520477295,2.407727003097534,0.020647048950195312
3,DualHead_LogDirect_GNN_OOD,mb-dielectric-3028,Li3TeHO4,H-Li-O-Te,1.7101657390594482,1.6975176334381104,0.01264810562133789
3,DualHead_LogDirect_GNN_OOD,mb-dielectric-3030,MgScGa,Ga-Mg-Sc,6.670650005340576,4.3922038078308105,2.2784461975097656
3,DualHead_LogDirect_GNN_OOD,mb-dielectric-3034,H8PtO6,H-O-Pt,1.9846603870391846,1.8224856853485107,0.16217470169067383
3,DualHead_LogDirect_GNN_OOD,mb-dielectric-3038,H8PtO6,H-O-Pt,2.006824493408203,1.8258845806121826,0.1809399127960205
3,DualHead_LogDirect_GNN_OOD,mb-dielectric-3044,Zn(HO)2,H-O-Zn,1.6410014629364014,1.6532087326049805,0.012207269668579102
3,DualHead_LogDirect_GNN_OOD,mb-dielectric-3059,BaNa4O3,Ba-Na-O,1.8884687423706055,1.7312283515930176,0.1572403907775879
3,DualHead_LogDirect_GNN_OOD,mb-dielectric-3063,SrLi(BS2)3,B-Li-S-Sr,2.0589749813079834,2.103250026702881,0.04427504539489746
3,DualHead_LogDirect_GNN_OOD,mb-dielectric-3071,LiZnP,Li-P-Zn,3.460322141647339,3.40838360786438,0.051938533782958984
3,DualHead_LogDirect_GNN_OOD,mb-dielectric-3080,VOF3,F-O-V,1.7537771463394165,1.6621463298797607,0.09163081645965576
3,DualHead_LogDirect_GNN_OOD,mb-dielectric-3082,KCuPO4,Cu-K-O-P,2.0685884952545166,1.9674572944641113,0.10113120079040527
3,DualHead_LogDirect_GNN_OOD,mb-dielectric-3090,TaCu3Se4,Cu-Se-Ta,2.6411774158477783,2.8859400749206543,0.24476265907287598
3,DualHead_LogDirect_GNN_OOD,mb-dielectric-3091,Li2CrSiO4,Cr-Li-O-Si,1.7716782093048096,1.8445491790771484,0.07287096977233887
3,DualHead_LogDirect_GNN_OOD,mb-dielectric-3094,LiTaWO6,Li-O-Ta-W,2.134762763977051,2.319915294647217,0.18515253067016602
3,DualHead_LogDirect_GNN_OOD,mb-dielectric-3102,Na2ThF6,F-Na-Th,1.5291569232940674,1.578558325767517,0.04940140247344971
3,DualHead_LogDirect_GNN_OOD,mb-dielectric-3105,Tl2SiF6,F-Si-Tl,1.5769572257995605,1.6146659851074219,0.03770875930786133
3,DualHead_LogDirect_GNN_OOD,mb-dielectric-3107,Mn5O8,Mn-O,3.061154365539551,2.716895580291748,0.34425878524780273
3,DualHead_LogDirect_GNN_OOD,mb-dielectric-3111,Sn2ClF3,Cl-F-Sn,1.9511669874191284,1.8936158418655396,0.05755114555358887
3,DualHead_LogDirect_GNN_OOD,mb-dielectric-3115,Re3S4Cl,Cl-Re-S,2.6378653049468994,2.6014180183410645,0.03644728660583496
3,DualHead_LogDirect_GNN_OOD,mb-dielectric-3124,Li7NbN4,Li-N-Nb,2.247821092605591,2.2565155029296875,0.00869441032409668
3,DualHead_LogDirect_GNN_OOD,mb-dielectric-3129,Sr3Al3N5,Al-N-Sr,2.322321653366089,2.225003242492676,0.09731841087341309
3,DualHead_LogDirect_GNN_OOD,mb-dielectric-3141,H8W3Se(NO6)2,H-N-O-Se-W,1.996480107307434,1.9732944965362549,0.0231856107711792
3,DualHead_LogDirect_GNN_OOD,mb-dielectric-3142,Li5MnOF5,F-Li-Mn-O,1.5475921630859375,1.4598970413208008,0.08769512176513672
3,DualHead_LogDirect_GNN_OOD,mb-dielectric-3146,CsK2Sb,Cs-K-Sb,2.764218807220459,2.787601947784424,0.023383140563964844
3,DualHead_LogDirect_GNN_OOD,mb-dielectric-3153,Li2CrSiO4,Cr-Li-O-Si,1.816346287727356,1.8042653799057007,0.012080907821655273
3,DualHead_LogDirect_GNN_OOD,mb-dielectric-3154,RbYO2,O-Rb-Y,1.917860984802246,1.9167643785476685,0.0010966062545776367
3,DualHead_LogDirect_GNN_OOD,mb-dielectric-3155,CrBO3,B-Cr-O,2.170844316482544,2.3375964164733887,0.16675209999084473
3,DualHead_LogDirect_GNN_OOD,mb-dielectric-3172,Rb2SeO4,O-Rb-Se,1.5442783832550049,1.5822553634643555,0.037976980209350586
3,DualHead_LogDirect_GNN_OOD,mb-dielectric-3186,Ta2CrNO5,Cr-N-O-Ta,2.5870513916015625,2.7713773250579834,0.1843259334564209
3,DualHead_LogDirect_GNN_OOD,mb-dielectric-3191,K2CN2,C-K-N,1.6354343891143799,1.6395037174224854,0.004069328308105469
3,DualHead_LogDirect_GNN_OOD,mb-dielectric-3192,Pb2CO4,C-O-Pb,2.0543158054351807,2.1080775260925293,0.05376172065734863
3,DualHead_LogDirect_GNN_OOD,mb-dielectric-3194,Ca2Zn2CuP3,Ca-Cu-P-Zn,3.45658802986145,3.146009683609009,0.3105783462524414
3,DualHead_LogDirect_GNN_OOD,mb-dielectric-3200,VF3,F-V,1.7711613178253174,1.7503883838653564,0.020772933959960938
3,DualHead_LogDirect_GNN_OOD,mb-dielectric-3206,K3W2N5,K-N-W,2.2226648330688477,2.0673716068267822,0.15529322624206543
3,DualHead_LogDirect_GNN_OOD,mb-dielectric-3211,Ca2TaN3,Ca-N-Ta,2.492244005203247,2.5643582344055176,0.07211422920227051
3,DualHead_LogDirect_GNN_OOD,mb-dielectric-3214,Ba(NbN2)2,Ba-N-Nb,2.7911324501037598,2.84456467628479,0.05343222618103027
3,DualHead_LogDirect_GNN_OOD,mb-dielectric-3220,K3LiP2O7,K-Li-O-P,1.5441687107086182,1.5264983177185059,0.017670392990112305
3,DualHead_LogDirect_GNN_OOD,mb-dielectric-3223,Te4MoW,Mo-Te-W,2.8550891876220703,2.5671699047088623,0.287919282913208
3,DualHead_LogDirect_GNN_OOD,mb-dielectric-3229,Na3Sr3GaP4,Ga-Na-P-Sr,2.76674485206604,2.7255067825317383,0.04123806953430176
3,DualHead_LogDirect_GNN_OOD,mb-dielectric-3240,Na2CN2,C-N-Na,1.6447861194610596,1.7439913749694824,0.09920525550842285
3,DualHead_LogDirect_GNN_OOD,mb-dielectric-3241,GaAgS2,Ag-Ga-S,2.7848997116088867,2.754638195037842,0.030261516571044922
3,DualHead_LogDirect_GNN_OOD,mb-dielectric-3252,NaYSiO4,Na-O-Si-Y,1.7430943250656128,1.7403521537780762,0.002742171287536621
3,DualHead_LogDirect_GNN_OOD,mb-dielectric-3256,Ba4SiAs4,As-Ba-Si,3.1530001163482666,3.13877272605896,0.01422739028930664
3,DualHead_LogDirect_GNN_OOD,mb-dielectric-3283,LiAlSi,Al-Li-Si,3.9436519145965576,3.499823570251465,0.4438283443450928
3,DualHead_LogDirect_GNN_OOD,mb-dielectric-3290,YSbPt,Pt-Sb-Y,25.85995864868164,4.599189281463623,21.260769367218018
3,DualHead_LogDirect_GNN_OOD,mb-dielectric-3292,PbS,Pb-S,3.9517734050750732,4.1457200050354,0.19394659996032715
3,DualHead_LogDirect_GNN_OOD,mb-dielectric-3298,RbClO3,Cl-O-Rb,1.5277206897735596,1.5166244506835938,0.01109623908996582
3,DualHead_LogDirect_GNN_OOD,mb-dielectric-3305,VOF2,F-O-V,1.8672776222229004,1.6979089975357056,0.16936862468719482
3,DualHead_LogDirect_GNN_OOD,mb-dielectric-3307,NaHF2,F-H-Na,1.3069047927856445,1.3721024990081787,0.06519770622253418
3,DualHead_LogDirect_GNN_OOD,mb-dielectric-3311,WO3,O-W,2.7132391929626465,2.707714080810547,0.005525112152099609
3,DualHead_LogDirect_GNN_OOD,mb-dielectric-3315,YNiSb,Ni-Sb-Y,4.307222366333008,4.69724702835083,0.39002466201782227
3,DualHead_LogDirect_GNN_OOD,mb-dielectric-3318,SrGaGeH,Ga-Ge-H-Sr,6.18991756439209,4.731288909912109,1.4586286544799805
3,DualHead_LogDirect_GNN_OOD,mb-dielectric-3323,NaFeO2,Fe-Na-O,2.1153295040130615,2.124037504196167,0.008708000183105469
3,DualHead_LogDirect_GNN_OOD,mb-dielectric-3329,RbLaS2,La-Rb-S,2.1464321613311768,2.0492289066314697,0.09720325469970703
3,DualHead_LogDirect_GNN_OOD,mb-dielectric-3330,I,I,3.148015260696411,2.110844612121582,1.037170648574829
3,DualHead_LogDirect_GNN_OOD,mb-dielectric-3332,TlBiSe2,Bi-Se-Tl,4.31853723526001,4.225114345550537,0.09342288970947266
3,DualHead_LogDirect_GNN_OOD,mb-dielectric-3333,InCuO2,Cu-In-O,2.3495829105377197,2.666597843170166,0.3170149326324463
3,DualHead_LogDirect_GNN_OOD,mb-dielectric-3338,KNiF3,F-K-Ni,1.5267478227615356,1.5714466571807861,0.04469883441925049
3,DualHead_LogDirect_GNN_OOD,mb-dielectric-3352,SbIrS,Ir-S-Sb,4.092761516571045,4.877607345581055,0.7848458290100098
3,DualHead_LogDirect_GNN_OOD,mb-dielectric-3355,Ca(ZnP)2,Ca-P-Zn,3.334491014480591,3.4560484886169434,0.12155747413635254
3,DualHead_LogDirect_GNN_OOD,mb-dielectric-3357,AcOF,Ac-F-O,1.8689850568771362,2.02791690826416,0.15893185138702393
3,DualHead_LogDirect_GNN_OOD,mb-dielectric-3365,ScCuS2,Cu-S-Sc,3.243791103363037,3.003533363342285,0.24025774002075195
3,DualHead_LogDirect_GNN_OOD,mb-dielectric-3368,SiS2,S-Si,1.7720985412597656,1.6658580303192139,0.10624051094055176
3,DualHead_LogDirect_GNN_OOD,mb-dielectric-3376,KLiTe,K-Li-Te,2.1200778484344482,2.2002158164978027,0.08013796806335449
3,DualHead_LogDirect_GNN_OOD,mb-dielectric-3380,InAgSe2,Ag-In-Se,3.1852498054504395,2.918928623199463,0.26632118225097656
3,DualHead_LogDirect_GNN_OOD,mb-dielectric-3384,Mg2Si,Mg-Si,3.977185010910034,3.4584596157073975,0.5187253952026367
3,DualHead_LogDirect_GNN_OOD,mb-dielectric-3385,MnO2,Mn-O,2.9426746368408203,3.0339765548706055,0.09130191802978516
3,DualHead_LogDirect_GNN_OOD,mb-dielectric-3390,Li47Cu7N18,Cu-Li-N,2.6308486461639404,2.1288723945617676,0.5019762516021729
3,DualHead_LogDirect_GNN_OOD,mb-dielectric-3391,Yb(SmS2)2,S-Sm-Yb,2.8041577339172363,2.8536276817321777,0.049469947814941406
3,DualHead_LogDirect_GNN_OOD,mb-dielectric-3395,CdI2,Cd-I,2.1726529598236084,2.4158775806427,0.2432246208190918
3,DualHead_LogDirect_GNN_OOD,mb-dielectric-3399,Li3AlF6,Al-F-Li,1.401532530784607,1.4333754777908325,0.031842947006225586
3,DualHead_LogDirect_GNN_OOD,mb-dielectric-3408,KLiSO4,K-Li-O-S,1.481614351272583,1.5053799152374268,0.02376556396484375
3,DualHead_LogDirect_GNN_OOD,mb-dielectric-3411,NbSe2,Nb-Se,2.251378297805786,2.3509016036987305,0.09952330589294434
3,DualHead_LogDirect_GNN_OOD,mb-dielectric-3413,ReNCl4,Cl-N-Re,2.121720790863037,1.8710771799087524,0.25064361095428467
3,DualHead_LogDirect_GNN_OOD,mb-dielectric-3414,Cr3Co(PO4)4,Co-Cr-O-P,2.1071181297302246,2.28498911857605,0.1778709888458252
3,DualHead_LogDirect_GNN_OOD,mb-dielectric-3419,NaLiO,Li-Na-O,1.726069450378418,1.6390247344970703,0.08704471588134766
3,DualHead_LogDirect_GNN_OOD,mb-dielectric-3428,MgSiO3,Mg-O-Si,1.58063542842865,1.5893603563308716,0.00872492790222168
3,DualHead_LogDirect_GNN_OOD,mb-dielectric-3433,Li3P7,Li-P,2.5853734016418457,2.761251449584961,0.17587804794311523
3,DualHead_LogDirect_GNN_OOD,mb-dielectric-3440,LiBiB2O5,B-Bi-Li-O,2.095587730407715,1.8990771770477295,0.19651055335998535
3,DualHead_LogDirect_GNN_OOD,mb-dielectric-3444,K2ReI6,I-K-Re,2.144167423248291,2.0547378063201904,0.08942961692810059
3,DualHead_LogDirect_GNN_OOD,mb-dielectric-3447,K2HfF6,F-Hf-K,1.5205415487289429,1.5206115245819092,6.99758529663086e-05
3,DualHead_LogDirect_GNN_OOD,mb-dielectric-3454,In2Cu2SiS6,Cu-In-S-Si,2.881019115447998,2.878051280975342,0.00296783447265625
3,DualHead_LogDirect_GNN_OOD,mb-dielectric-3456,KTaN2,K-N-Ta,2.3654732704162598,2.3035261631011963,0.06194710731506348
3,DualHead_LogDirect_GNN_OOD,mb-dielectric-3463,K15Cr7N19,Cr-K-N,2.6899609565734863,2.5334622859954834,0.15649867057800293
3,DualHead_LogDirect_GNN_OOD,mb-dielectric-3468,La3AgSnSe7,Ag-La-Se-Sn,3.03153657913208,3.100191593170166,0.06865501403808594
3,DualHead_LogDirect_GNN_OOD,mb-dielectric-3470,Ba16Nb5N19,Ba-N-Nb,2.601524591445923,2.6865463256835938,0.0850217342376709
3,DualHead_LogDirect_GNN_OOD,mb-dielectric-3472,Na15Cr7N19,Cr-N-Na,2.8953254222869873,2.4713268280029297,0.4239985942840576
3,DualHead_LogDirect_GNN_OOD,mb-dielectric-3474,GeO2,Ge-O,1.698351502418518,1.745650053024292,0.047298550605773926
3,DualHead_LogDirect_GNN_OOD,mb-dielectric-3477,Na4IrO4,Ir-Na-O,1.9581514596939087,1.9281361103057861,0.03001534938812256
3,DualHead_LogDirect_GNN_OOD,mb-dielectric-3482,Li2Fe2(CO3)3,C-Fe-Li-O,1.7005740404129028,1.7356621026992798,0.03508806228637695
3,DualHead_LogDirect_GNN_OOD,mb-dielectric-3485,Na4MnO4,Mn-Na-O,1.8325555324554443,1.669440746307373,0.1631147861480713
3,DualHead_LogDirect_GNN_OOD,mb-dielectric-3487,Na6S2O9,Na-O-S,1.523154616355896,1.5437437295913696,0.020589113235473633
3,DualHead_LogDirect_GNN_OOD,mb-dielectric-3494,PbS,Pb-S,1.0,3.9137682914733887,2.9137682914733887
3,DualHead_LogDirect_GNN_OOD,mb-dielectric-3506,NaAlTe2,Al-Na-Te,2.7413127422332764,2.6105637550354004,0.13074898719787598
3,DualHead_LogDirect_GNN_OOD,mb-dielectric-3507,LiZnP,Li-P-Zn,3.1540298461914062,3.124844551086426,0.02918529510498047
3,DualHead_LogDirect_GNN_OOD,mb-dielectric-3520,RuS2,Ru-S,4.084972381591797,3.8111398220062256,0.2738325595855713
3,DualHead_LogDirect_GNN_OOD,mb-dielectric-3522,DyNiSb,Dy-Ni-Sb,4.3277692794799805,4.956171989440918,0.6284027099609375
3,DualHead_LogDirect_GNN_OOD,mb-dielectric-3525,Cd(HO)2,Cd-H-O,1.8509174585342407,1.795487403869629,0.055430054664611816
3,DualHead_LogDirect_GNN_OOD,mb-dielectric-3528,NO2,N-O,1.4919785261154175,1.5410983562469482,0.04911983013153076
3,DualHead_LogDirect_GNN_OOD,mb-dielectric-3529,SbIrS,Ir-S-Sb,4.056205749511719,4.862620830535889,0.8064150810241699
3,DualHead_LogDirect_GNN_OOD,mb-dielectric-3533,Rb2GeF6,F-Ge-Rb,1.3953425884246826,1.4520936012268066,0.05675101280212402
3,DualHead_LogDirect_GNN_OOD,mb-dielectric-3534,NaTaN2,N-Na-Ta,2.984360694885254,3.348869800567627,0.36450910568237305
3,DualHead_LogDirect_GNN_OOD,mb-dielectric-3537,Sr(CuO)2,Cu-O-Sr,2.443845510482788,2.4553680419921875,0.011522531509399414
3,DualHead_LogDirect_GNN_OOD,mb-dielectric-3539,YHSe,H-Se-Y,2.9617090225219727,2.983677864074707,0.021968841552734375
3,DualHead_LogDirect_GNN_OOD,mb-dielectric-3544,Na2Al2Si3O10,Al-Na-O-Si,1.5635079145431519,1.5693325996398926,0.005824685096740723
3,DualHead_LogDirect_GNN_OOD,mb-dielectric-3549,AuSe,Au-Se,3.28029465675354,3.097001791000366,0.18329286575317383
3,DualHead_LogDirect_GNN_OOD,mb-dielectric-3554,K6CdTe4,Cd-K-Te,2.0580790042877197,2.0602242946624756,0.0021452903747558594
3,DualHead_LogDirect_GNN_OOD,mb-dielectric-3558,CdPdF6,Cd-F-Pd,1.8550111055374146,1.8488091230392456,0.006201982498168945
3,DualHead_LogDirect_GNN_OOD,mb-dielectric-3564,BaGeF6,Ba-F-Ge,1.5144681930541992,1.544135570526123,0.029667377471923828
3,DualHead_LogDirect_GNN_OOD,mb-dielectric-3565,TiTl2F6,F-Ti-Tl,1.7507884502410889,1.8282155990600586,0.07742714881896973
3,DualHead_LogDirect_GNN_OOD,mb-dielectric-3568,RbLiCrO4,Cr-Li-O-Rb,1.6489297151565552,1.608056664466858,0.040873050689697266
3,DualHead_LogDirect_GNN_OOD,mb-dielectric-3570,RbSbO2,O-Rb-Sb,1.8625982999801636,1.8521106243133545,0.010487675666809082
3,DualHead_LogDirect_GNN_OOD,mb-dielectric-3574,Ho3GaO6,Ga-Ho-O,2.032036066055298,2.0668559074401855,0.034819841384887695
3,DualHead_LogDirect_GNN_OOD,mb-dielectric-3580,VOF3,F-O-V,1.8819706439971924,1.7073378562927246,0.17463278770446777
3,DualHead_LogDirect_GNN_OOD,mb-dielectric-3584,Ca3AlSb3,Al-Ca-Sb,3.5386438369750977,3.8782997131347656,0.33965587615966797
3,DualHead_LogDirect_GNN_OOD,mb-dielectric-3585,Ca3Al3N5,Al-Ca-N,2.291572093963623,2.197216033935547,0.09435606002807617
3,DualHead_LogDirect_GNN_OOD,mb-dielectric-3590,Li3BN2,B-Li-N,1.9422255754470825,1.934895396232605,0.007330179214477539
3,DualHead_LogDirect_GNN_OOD,mb-dielectric-3592,CoP2,Co-P,4.993863105773926,4.809173583984375,0.18468952178955078
3,DualHead_LogDirect_GNN_OOD,mb-dielectric-3602,VOF3,F-O-V,1.7404553890228271,1.636228322982788,0.10422706604003906
3,DualHead_LogDirect_GNN_OOD,mb-dielectric-3605,TmNiBi,Bi-Ni-Tm,5.253353118896484,4.895318508148193,0.358034610748291
3,DualHead_LogDirect_GNN_OOD,mb-dielectric-3606,Na2FeO3,Fe-Na-O,3.007901906967163,1.7719550132751465,1.2359468936920166
3,DualHead_LogDirect_GNN_OOD,mb-dielectric-3621,Na3CoO3,Co-Na-O,1.779107689857483,1.699182391166687,0.0799252986907959
3,DualHead_LogDirect_GNN_OOD,mb-dielectric-3636,LiMnVO4,Li-Mn-O-V,2.4902422428131104,2.6053242683410645,0.1150820255279541
3,DualHead_LogDirect_GNN_OOD,mb-dielectric-3638,Cl2,Cl,1.6222412586212158,1.6038143634796143,0.018426895141601562
3,DualHead_LogDirect_GNN_OOD,mb-dielectric-3639,Ge(Te2As)2,As-Ge-Te,7.004025459289551,4.697582244873047,2.306443214416504
3,DualHead_LogDirect_GNN_OOD,mb-dielectric-3641,Ge2Te5As2,As-Ge-Te,8.038740158081055,4.21293306350708,3.8258070945739746
3,DualHead_LogDirect_GNN_OOD,mb-dielectric-3646,Rb2PtC2,C-Pt-Rb,2.529247522354126,2.104215621948242,0.4250319004058838
3,DualHead_LogDirect_GNN_OOD,mb-dielectric-3660,ScAgO2,Ag-O-Sc,2.417435646057129,2.4049534797668457,0.012482166290283203
3,DualHead_LogDirect_GNN_OOD,mb-dielectric-3670,K2NiF6,F-K-Ni,1.515206217765808,1.489004373550415,0.026201844215393066
3,DualHead_LogDirect_GNN_OOD,mb-dielectric-3672,Ba(BeN)2,Ba-Be-N,2.372994899749756,2.1931982040405273,0.17979669570922852
3,DualHead_LogDirect_GNN_OOD,mb-dielectric-3680,Zn(GaSe2)2,Ga-Se-Zn,2.7523274421691895,2.821289539337158,0.06896209716796875
3,DualHead_LogDirect_GNN_OOD,mb-dielectric-3684,MnO2,Mn-O,2.637631416320801,2.7856240272521973,0.14799261093139648
3,DualHead_LogDirect_GNN_OOD,mb-dielectric-3688,CoP3,Co-P,4.422329902648926,4.471214294433594,0.04888439178466797
3,DualHead_LogDirect_GNN_OOD,mb-dielectric-3689,SrMg2N2,Mg-N-Sr,2.4822304248809814,2.294330596923828,0.18789982795715332
3,DualHead_LogDirect_GNN_OOD,mb-dielectric-3690,BaCaSn,Ba-Ca-Sn,4.794336795806885,4.599983215332031,0.19435358047485352
3,DualHead_LogDirect_GNN_OOD,mb-dielectric-3693,Ta2CrNO5,Cr-N-O-Ta,2.5854332447052,2.750997543334961,0.16556429862976074
3,DualHead_LogDirect_GNN_OOD,mb-dielectric-3696,KClO3,Cl-K-O,1.5202534198760986,1.5106284618377686,0.009624958038330078
3,DualHead_LogDirect_GNN_OOD,mb-dielectric-3707,NaSrP,Na-P-Sr,2.804893732070923,2.6289772987365723,0.17591643333435059
3,DualHead_LogDirect_GNN_OOD,mb-dielectric-3721,PdSe2,Pd-Se,3.6630587577819824,4.300485610961914,0.6374268531799316
3,DualHead_LogDirect_GNN_OOD,mb-dielectric-3724,LiYSe2,Li-Se-Y,2.606266498565674,2.5758752822875977,0.030391216278076172
3,DualHead_LogDirect_GNN_OOD,mb-dielectric-3725,As2O3,As-O,1.8466185331344604,1.8402104377746582,0.006408095359802246
3,DualHead_LogDirect_GNN_OOD,mb-dielectric-3726,As2O3,As-O,1.8751888275146484,1.8610527515411377,0.014136075973510742
3,DualHead_LogDirect_GNN_OOD,mb-dielectric-3730,VF4,F-V,1.5586057901382446,1.5509899854660034,0.007615804672241211
3,DualHead_LogDirect_GNN_OOD,mb-dielectric-3733,P2Rh,P-Rh,4.673435688018799,4.743448734283447,0.07001304626464844
3,DualHead_LogDirect_GNN_OOD,mb-dielectric-3736,LiCoSiO4,Co-Li-O-Si,1.9708455801010132,2.071254253387451,0.10040867328643799
3,DualHead_LogDirect_GNN_OOD,mb-dielectric-3737,Sn3N4,N-Sn,3.091224193572998,3.2035024166107178,0.11227822303771973
3,DualHead_LogDirect_GNN_OOD,mb-dielectric-3739,NO2,N-O,1.4926486015319824,1.5192683935165405,0.026619791984558105
3,DualHead_LogDirect_GNN_OOD,mb-dielectric-3753,HfCl4,Cl-Hf,1.6471186876296997,1.6391682624816895,0.007950425148010254
3,DualHead_LogDirect_GNN_OOD,mb-dielectric-3755,TlFeBr4,Br-Fe-Tl,2.0110528469085693,1.981762409210205,0.029290437698364258
3,DualHead_LogDirect_GNN_OOD,mb-dielectric-3763,RbLiCrO4,Cr-Li-O-Rb,1.6477869749069214,1.606877326965332,0.040909647941589355
3,DualHead_LogDirect_GNN_OOD,mb-dielectric-3766,VOF,F-O-V,2.1380932331085205,2.049992322921753,0.08810091018676758
3,DualHead_LogDirect_GNN_OOD,mb-dielectric-3772,LuCuPbSe3,Cu-Lu-Pb-Se,3.429948568344116,3.3828601837158203,0.0470883846282959
3,DualHead_LogDirect_GNN_OOD,mb-dielectric-3774,NaNiO2,Na-Ni-O,2.6512961387634277,2.3700132369995117,0.281282901763916
3,DualHead_LogDirect_GNN_OOD,mb-dielectric-3811,Na2FeNiF7,F-Fe-Na-Ni,1.496370792388916,1.6126956939697266,0.11632490158081055
3,DualHead_LogDirect_GNN_OOD,mb-dielectric-3813,ZnO2,O-Zn,2.0447492599487305,1.907703161239624,0.13704609870910645
3,DualHead_LogDirect_GNN_OOD,mb-dielectric-3815,MnO2,Mn-O,3.183865547180176,3.1206488609313965,0.0632166862487793
3,DualHead_LogDirect_GNN_OOD,mb-dielectric-3818,K2Ti2O5,K-O-Ti,1.8843059539794922,1.8810065984725952,0.0032993555068969727
3,DualHead_LogDirect_GNN_OOD,mb-dielectric-3819,Sr5NbN5,N-Nb-Sr,2.4774489402770996,2.6386313438415527,0.16118240356445312
3,DualHead_LogDirect_GNN_OOD,mb-dielectric-3828,TaAlO4,Al-O-Ta,2.170132637023926,2.244457244873047,0.0743246078491211
3,DualHead_LogDirect_GNN_OOD,mb-dielectric-3832,WO3,O-W,2.639507532119751,2.7411015033721924,0.1015939712524414
3,DualHead_LogDirect_GNN_OOD,mb-dielectric-3835,Li4NbFe(TeO6)2,Fe-Li-Nb-O-Te,2.276305675506592,2.4017221927642822,0.12541651725769043
3,DualHead_LogDirect_GNN_OOD,mb-dielectric-3840,Al3Si2H3O10,Al-H-O-Si,1.713032841682434,1.7010438442230225,0.011988997459411621
3,DualHead_LogDirect_GNN_OOD,mb-dielectric-3841,Li5FeO3F2,F-Fe-Li-O,1.7572754621505737,1.7323577404022217,0.02491772174835205
3,DualHead_LogDirect_GNN_OOD,mb-dielectric-3844,Ge3Os2,Ge-Os,4.808984756469727,4.870485782623291,0.06150102615356445
3,DualHead_LogDirect_GNN_OOD,mb-dielectric-3849,K4CdAs2,As-Cd-K,2.321216583251953,2.3059396743774414,0.015276908874511719
3,DualHead_LogDirect_GNN_OOD,mb-dielectric-3850,Fe2CoO4,Co-Fe-O,2.8208489418029785,2.6727213859558105,0.14812755584716797
3,DualHead_LogDirect_GNN_OOD,mb-dielectric-3860,Ba(CuSe)2,Ba-Cu-Se,3.3620431423187256,3.3899741172790527,0.02793097496032715
3,DualHead_LogDirect_GNN_OOD,mb-dielectric-3866,BeSe,Be-Se,2.452979564666748,2.548391342163086,0.09541177749633789
3,DualHead_LogDirect_GNN_OOD,mb-dielectric-3868,Rb3B12H12Cl,B-Cl-H-Rb,1.667633056640625,1.6293498277664185,0.03828322887420654
3,DualHead_LogDirect_GNN_OOD,mb-dielectric-3872,NaCuO2,Cu-Na-O,2.406750440597534,2.5483858585357666,0.14163541793823242
3,DualHead_LogDirect_GNN_OOD,mb-dielectric-3873,K2Ga2B2O7,B-Ga-K-O,1.6191250085830688,1.638068675994873,0.0189436674118042
3,DualHead_LogDirect_GNN_OOD,mb-dielectric-3875,VO2F,F-O-V,2.2104759216308594,1.9850564002990723,0.2254195213317871
3,DualHead_LogDirect_GNN_OOD,mb-dielectric-3883,HgCl2,Cl-Hg,1.7539479732513428,1.8829545974731445,0.12900662422180176
3,DualHead_LogDirect_GNN_OOD,mb-dielectric-3885,MgPbF6,F-Mg-Pb,1.5499461889266968,1.5729100704193115,0.022963881492614746
3,DualHead_LogDirect_GNN_OOD,mb-dielectric-3895,V2Se9,Se-V,2.8333137035369873,2.807619094848633,0.025694608688354492
3,DualHead_LogDirect_GNN_OOD,mb-dielectric-3904,NaMnO2,Mn-Na-O,2.1106274127960205,2.3712644577026367,0.2606370449066162
3,DualHead_LogDirect_GNN_OOD,mb-dielectric-3907,HgCl,Cl-Hg,2.1059439182281494,2.1527321338653564,0.04678821563720703
3,DualHead_LogDirect_GNN_OOD,mb-dielectric-3909,CaCl2,Ca-Cl,1.654790997505188,1.7404179573059082,0.08562695980072021
3,DualHead_LogDirect_GNN_OOD,mb-dielectric-3916,CsMnBr3,Br-Cs-Mn,1.8244349956512451,1.8956750631332397,0.07124006748199463
3,DualHead_LogDirect_GNN_OOD,mb-dielectric-3917,ZnTeMoO6,Mo-O-Te-Zn,2.175548791885376,2.269437789916992,0.09388899803161621
3,DualHead_LogDirect_GNN_OOD,mb-dielectric-3943,LiBiS2,Bi-Li-S,4.150931358337402,2.947159767150879,1.2037715911865234
3,DualHead_LogDirect_GNN_OOD,mb-dielectric-3955,Rb2TeCl6,Cl-Rb-Te,1.7650506496429443,1.7244702577590942,0.0405803918838501
3,DualHead_LogDirect_GNN_OOD,mb-dielectric-3964,Li2S,Li-S,2.007673978805542,1.8861660957336426,0.12150788307189941
3,DualHead_LogDirect_GNN_OOD,mb-dielectric-3968,K3Ge4Au,Au-Ge-K,3.1541507244110107,3.200801372528076,0.04665064811706543
3,DualHead_LogDirect_GNN_OOD,mb-dielectric-3973,AlCl3,Al-Cl,1.6875030994415283,1.6844764947891235,0.003026604652404785
3,DualHead_LogDirect_GNN_OOD,mb-dielectric-3978,KClO3,Cl-K-O,1.4876155853271484,1.510595440864563,0.02297985553741455
3,DualHead_LogDirect_GNN_OOD,mb-dielectric-3980,SrBrF,Br-F-Sr,1.7820724248886108,1.7790206670761108,0.0030517578125
3,DualHead_LogDirect_GNN_OOD,mb-dielectric-3982,LaClO,Cl-La-O,2.0701968669891357,2.0744030475616455,0.004206180572509766
3,DualHead_LogDirect_GNN_OOD,mb-dielectric-3986,LiCoSiO4,Co-Li-O-Si,1.9151110649108887,1.9550535678863525,0.03994250297546387
3,DualHead_LogDirect_GNN_OOD,mb-dielectric-3989,Li3Mn3O5F3,F-Li-Mn-O,2.0722901821136475,2.435279369354248,0.3629891872406006
3,DualHead_LogDirect_GNN_OOD,mb-dielectric-3990,Li3(NiO2)4,Li-Ni-O,3.5798380374908447,2.7724244594573975,0.8074135780334473
3,DualHead_LogDirect_GNN_OOD,mb-dielectric-4000,ZrSiO4,O-Si-Zr,2.039771318435669,1.9237070083618164,0.11606431007385254
3,DualHead_LogDirect_GNN_OOD,mb-dielectric-4010,GaCuSe2,Cu-Ga-Se,14.276437759399414,3.342223644256592,10.934214115142822
3,DualHead_LogDirect_GNN_OOD,mb-dielectric-4024,VO2F,F-O-V,2.317002058029175,2.1718974113464355,0.14510464668273926
3,DualHead_LogDirect_GNN_OOD,mb-dielectric-4028,CsErSiS4,Cs-Er-S-Si,2.101095676422119,2.1305317878723145,0.029436111450195312
3,DualHead_LogDirect_GNN_OOD,mb-dielectric-4040,Sr2MgGe2O7,Ge-Mg-O-Sr,1.7489874362945557,1.8015104532241821,0.052523016929626465
3,DualHead_LogDirect_GNN_OOD,mb-dielectric-4043,GaN,Ga-N,5.633648872375488,2.378610849380493,3.255038022994995
3,DualHead_LogDirect_GNN_OOD,mb-dielectric-4050,PbF4,F-Pb,1.6999019384384155,1.653566598892212,0.04633533954620361
3,DualHead_LogDirect_GNN_OOD,mb-dielectric-4051,KBF4,B-F-K,1.3410195112228394,1.4147028923034668,0.07368338108062744
3,DualHead_LogDirect_GNN_OOD,mb-dielectric-4052,NaAlSiO4,Al-Na-O-Si,1.5447742938995361,1.53902006149292,0.005754232406616211
3,DualHead_LogDirect_GNN_OOD,mb-dielectric-4059,VO2F,F-O-V,2.249660015106201,2.17490816116333,0.0747518539428711
3,DualHead_LogDirect_GNN_OOD,mb-dielectric-4065,KTaO3,K-O-Ta,2.341188907623291,2.1973695755004883,0.14381933212280273
3,DualHead_LogDirect_GNN_OOD,mb-dielectric-4067,KAuS,Au-K-S,2.0831823348999023,2.180253267288208,0.09707093238830566
3,DualHead_LogDirect_GNN_OOD,mb-dielectric-4071,WSe2,Se-W,3.18318510055542,2.8246307373046875,0.3585543632507324
3,DualHead_LogDirect_GNN_OOD,mb-dielectric-4074,KAuSe,Au-K-Se,2.163313865661621,2.2415695190429688,0.07825565338134766
3,DualHead_LogDirect_GNN_OOD,mb-dielectric-4081,BiClO,Bi-Cl-O,2.379213571548462,2.3994624614715576,0.020248889923095703
3,DualHead_LogDirect_GNN_OOD,mb-dielectric-4083,GeO2,Ge-O,2.0634114742279053,2.185939311981201,0.1225278377532959
3,DualHead_LogDirect_GNN_OOD,mb-dielectric-4087,TiO2,O-Ti,2.6151392459869385,2.6562716960906982,0.041132450103759766
3,DualHead_LogDirect_GNN_OOD,mb-dielectric-4094,BaLiP,Ba-Li-P,3.0604162216186523,2.8400392532348633,0.22037696838378906
3,DualHead_LogDirect_GNN_OOD,mb-dielectric-4098,WCl6,Cl-W,1.8834365606307983,1.739033818244934,0.14440274238586426
3,DualHead_LogDirect_GNN_OOD,mb-dielectric-4100,LiBiP2O7,Bi-Li-O-P,1.8338217735290527,1.7973606586456299,0.03646111488342285
3,DualHead_LogDirect_GNN_OOD,mb-dielectric-4106,ZrSeO,O-Se-Zr,3.0410234928131104,2.9109482765197754,0.13007521629333496
3,DualHead_LogDirect_GNN_OOD,mb-dielectric-4108,Co(RhO2)2,Co-O-Rh,3.1224992275238037,3.56166934967041,0.43917012214660645
3,DualHead_LogDirect_GNN_OOD,mb-dielectric-4114,InBO3,B-In-O,1.919213056564331,1.9753522872924805,0.056139230728149414
3,DualHead_LogDirect_GNN_OOD,mb-dielectric-4117,AlF3,Al-F,1.3939152956008911,1.4187145233154297,0.024799227714538574
3,DualHead_LogDirect_GNN_OOD,mb-dielectric-4119,KCoO2,Co-K-O,2.5732741355895996,2.5953893661499023,0.022115230560302734
3,DualHead_LogDirect_GNN_OOD,mb-dielectric-4136,RbN3,N-Rb,1.567056655883789,1.6271941661834717,0.06013751029968262
3,DualHead_LogDirect_GNN_OOD,mb-dielectric-4142,InGaS3,Ga-In-S,2.4103832244873047,2.4811081886291504,0.0707249641418457
3,DualHead_LogDirect_GNN_OOD,mb-dielectric-4143,Li3P,Li-P,2.6218314170837402,2.6925199031829834,0.07068848609924316
3,DualHead_LogDirect_GNN_OOD,mb-dielectric-4157,VOF,F-O-V,2.155888080596924,2.7090721130371094,0.5531840324401855
3,DualHead_LogDirect_GNN_OOD,mb-dielectric-4161,InCuO2,Cu-In-O,2.345719337463379,2.5959970951080322,0.2502777576446533
3,DualHead_LogDirect_GNN_OOD,mb-dielectric-4191,LiNiO2,Li-Ni-O,2.713871479034424,2.379706859588623,0.3341646194458008
3,DualHead_LogDirect_GNN_OOD,mb-dielectric-4204,SnSe,Se-Sn,5.1401686668396,4.814978122711182,0.32519054412841797
3,DualHead_LogDirect_GNN_OOD,mb-dielectric-4211,Hf2CuSb3,Cu-Hf-Sb,1.0,4.7112884521484375,3.7112884521484375
3,DualHead_LogDirect_GNN_OOD,mb-dielectric-4212,TlPS3,P-S-Tl,2.289973020553589,2.3704781532287598,0.0805051326751709
3,DualHead_LogDirect_GNN_OOD,mb-dielectric-4216,NdCrS2O,Cr-Nd-O-S,3.0341742038726807,2.826572895050049,0.20760130882263184
3,DualHead_LogDirect_GNN_OOD,mb-dielectric-4221,Zn(HO)2,H-O-Zn,1.6932299137115479,1.6768710613250732,0.01635885238647461
3,DualHead_LogDirect_GNN_OOD,mb-dielectric-4239,SnSe,Se-Sn,6.760399341583252,4.820107460021973,1.9402918815612793
3,DualHead_LogDirect_GNN_OOD,mb-dielectric-4258,AuCl,Au-Cl,2.1375999450683594,2.3217263221740723,0.1841263771057129
3,DualHead_LogDirect_GNN_OOD,mb-dielectric-4261,BaAg2SnSe4,Ag-Ba-Se-Sn,2.820081949234009,2.832991123199463,0.012909173965454102
3,DualHead_LogDirect_GNN_OOD,mb-dielectric-4264,TaFeO4,Fe-O-Ta,2.4568328857421875,2.4303576946258545,0.026475191116333008
3,DualHead_LogDirect_GNN_OOD,mb-dielectric-4265,K2NaMo(OF)3,F-K-Mo-Na-O,1.6194716691970825,1.6577670574188232,0.03829538822174072
3,DualHead_LogDirect_GNN_OOD,mb-dielectric-4273,MnP2O7,Mn-O-P,2.0959312915802,1.888293981552124,0.20763731002807617
3,DualHead_LogDirect_GNN_OOD,mb-dielectric-4279,BaGe2,Ba-Ge,3.847163438796997,4.64897346496582,0.8018100261688232
3,DualHead_LogDirect_GNN_OOD,mb-dielectric-4281,Na4CoO3,Co-Na-O,1.8718597888946533,1.808894157409668,0.06296563148498535
3,DualHead_LogDirect_GNN_OOD,mb-dielectric-4285,SbH6CN3F4,C-F-H-N-Sb,1.5383172035217285,1.5592477321624756,0.02093052864074707
3,DualHead_LogDirect_GNN_OOD,mb-dielectric-4292,KSO3,K-O-S,1.4892281293869019,1.5085036754608154,0.019275546073913574
3,DualHead_LogDirect_GNN_OOD,mb-dielectric-4293,Na2VO3,Na-O-V,1.9102238416671753,1.8320825099945068,0.07814133167266846
3,DualHead_LogDirect_GNN_OOD,mb-dielectric-4299,YScO3,O-Sc-Y,2.0653235912323,2.0539004802703857,0.011423110961914062
3,DualHead_LogDirect_GNN_OOD,mb-dielectric-4303,ZnSiP2,P-Si-Zn,3.2429592609405518,3.1715526580810547,0.07140660285949707
3,DualHead_LogDirect_GNN_OOD,mb-dielectric-4313,Li7Mn(OF)3,F-Li-Mn-O,1.6257622241973877,1.6092630624771118,0.01649916172027588
3,DualHead_LogDirect_GNN_OOD,mb-dielectric-4322,LiCaN,Ca-Li-N,2.4387335777282715,2.3372111320495605,0.10152244567871094
3,DualHead_LogDirect_GNN_OOD,mb-dielectric-4328,RbYTe2,Rb-Te-Y,2.534083843231201,2.5670056343078613,0.032921791076660156
3,DualHead_LogDirect_GNN_OOD,mb-dielectric-4329,H6CN3ClO,C-Cl-H-N-O,1.6063642501831055,1.563592791557312,0.04277145862579346
3,DualHead_LogDirect_GNN_OOD,mb-dielectric-4331,ZnCdS2,Cd-S-Zn,2.4550676345825195,2.5302228927612305,0.07515525817871094
3,DualHead_LogDirect_GNN_OOD,mb-dielectric-4339,LiAlAs2O7,Al-As-Li-O,1.8295263051986694,1.8171110153198242,0.012415289878845215
3,DualHead_LogDirect_GNN_OOD,mb-dielectric-4340,Rb5Te3H4NCl18,Cl-H-N-Rb-Te,1.778246283531189,1.6359074115753174,0.14233887195587158
3,DualHead_LogDirect_GNN_OOD,mb-dielectric-4344,BaLaMgTaO6,Ba-La-Mg-O-Ta,2.215552568435669,2.2947423458099365,0.07918977737426758
3,DualHead_LogDirect_GNN_OOD,mb-dielectric-4358,Ba(GeAs)2,As-Ba-Ge,3.8295278549194336,4.27950382232666,0.44997596740722656
3,DualHead_LogDirect_GNN_OOD,mb-dielectric-4360,Cd(HO)2,Cd-H-O,1.9696389436721802,1.7760303020477295,0.19360864162445068
3,DualHead_LogDirect_GNN_OOD,mb-dielectric-4361,Rb2PdF6,F-Pd-Rb,1.5014946460723877,1.5933783054351807,0.09188365936279297
3,DualHead_LogDirect_GNN_OOD,mb-dielectric-4365,Al7Te10,Al-Te,2.732360363006592,2.7190208435058594,0.013339519500732422
3,DualHead_LogDirect_GNN_OOD,mb-dielectric-4366,KHCN2,C-H-K-N,1.5819860696792603,1.6043338775634766,0.02234780788421631
3,DualHead_LogDirect_GNN_OOD,mb-dielectric-4368,Li2V2SiGeO10,Ge-Li-O-Si-V,2.0032010078430176,2.1039435863494873,0.10074257850646973
3,DualHead_LogDirect_GNN_OOD,mb-dielectric-4369,NaH2C2N3O,C-H-N-Na-O,1.659131646156311,1.5942316055297852,0.06490004062652588
3,DualHead_LogDirect_GNN_OOD,mb-dielectric-4377,Ca2Ge,Ca-Ge,4.069070339202881,3.9986844062805176,0.07038593292236328
3,DualHead_LogDirect_GNN_OOD,mb-dielectric-4379,Ti3H2O7,H-O-Ti,2.143171548843384,2.111905813217163,0.0312657356262207
3,DualHead_LogDirect_GNN_OOD,mb-dielectric-4383,Mg10FeO11,Fe-Mg-O,1.8380951881408691,1.8898884057998657,0.05179321765899658
3,DualHead_LogDirect_GNN_OOD,mb-dielectric-4386,Sr2NbN3,N-Nb-Sr,2.4691338539123535,2.52229380607605,0.05315995216369629
3,DualHead_LogDirect_GNN_OOD,mb-dielectric-4387,BaNa4O3,Ba-Na-O,1.885424017906189,1.6990957260131836,0.18632829189300537
3,DualHead_LogDirect_GNN_OOD,mb-dielectric-4396,SbCl3F2,Cl-F-Sb,1.5746294260025024,1.636688232421875,0.06205880641937256
3,DualHead_LogDirect_GNN_OOD,mb-dielectric-4412,BaH2(SO4)2,Ba-H-O-S,1.5826400518417358,1.5883561372756958,0.005716085433959961
3,DualHead_LogDirect_GNN_OOD,mb-dielectric-4413,VMoO5,Mo-O-V,2.4723849296569824,2.3752999305725098,0.09708499908447266
3,DualHead_LogDirect_GNN_OOD,mb-dielectric-4422,P4WO12,O-P-W,1.5894405841827393,1.6765623092651367,0.08712172508239746
3,DualHead_LogDirect_GNN_OOD,mb-dielectric-4423,BN(OF2)2,B-F-N-O,1.3957077264785767,1.4668630361557007,0.07115530967712402
3,DualHead_LogDirect_GNN_OOD,mb-dielectric-4424,CrTe(WO6)2,Cr-O-Te-W,2.4485208988189697,2.562617301940918,0.11409640312194824
3,DualHead_LogDirect_GNN_OOD,mb-dielectric-4433,Li2B4O7,B-Li-O,1.594051480293274,1.5719960927963257,0.022055387496948242
3,DualHead_LogDirect_GNN_OOD,mb-dielectric-4435,ZnAg2GeO4,Ag-Ge-O-Zn,2.485645055770874,2.216580390930176,0.26906466484069824
3,DualHead_LogDirect_GNN_OOD,mb-dielectric-4436,Cu3TeS3Cl,Cl-Cu-S-Te,3.183453321456909,2.8448550701141357,0.33859825134277344
3,DualHead_LogDirect_GNN_OOD,mb-dielectric-4442,Pr(PO3)3,O-P-Pr,1.6628504991531372,1.6878056526184082,0.024955153465270996
3,DualHead_LogDirect_GNN_OOD,mb-dielectric-4446,LiBi3(PO5)2,Bi-Li-O-P,2.0428404808044434,2.03318190574646,0.009658575057983398
3,DualHead_LogDirect_GNN_OOD,mb-dielectric-4471,Na3As,As-Na,31.002267837524414,2.5883026123046875,28.413965225219727
3,DualHead_LogDirect_GNN_OOD,mb-dielectric-4474,LiMn5O3F5,F-Li-Mn-O,1.7775256633758545,2.0404036045074463,0.2628779411315918
3,DualHead_LogDirect_GNN_OOD,mb-dielectric-4481,K(BH)6,B-H-K,1.5824031829833984,1.609113335609436,0.026710152626037598
3,DualHead_LogDirect_GNN_OOD,mb-dielectric-4482,LiFe3(OF3)2,F-Fe-Li-O,1.6993918418884277,1.6772537231445312,0.022138118743896484
3,DualHead_LogDirect_GNN_OOD,mb-dielectric-4484,KCu4AsS4,As-Cu-K-S,2.864872694015503,2.863016128540039,0.0018565654754638672
3,DualHead_LogDirect_GNN_OOD,mb-dielectric-4486,CaCd3O4,Ca-Cd-O,2.4633102416992188,2.363180637359619,0.10012960433959961
3,DualHead_LogDirect_GNN_OOD,mb-dielectric-4487,FeTeCl7,Cl-Fe-Te,1.8368418216705322,1.7885982990264893,0.04824352264404297
3,DualHead_LogDirect_GNN_OOD,mb-dielectric-4490,Sr5(AuO4)2,Au-O-Sr,2.1438193321228027,2.168172836303711,0.024353504180908203
3,DualHead_LogDirect_GNN_OOD,mb-dielectric-4493,TiO2,O-Ti,2.845874309539795,2.6945130825042725,0.15136122703552246
3,DualHead_LogDirect_GNN_OOD,mb-dielectric-4494,Rb2SiAs2,As-Rb-Si,2.4863364696502686,2.4893593788146973,0.003022909164428711
3,DualHead_LogDirect_GNN_OOD,mb-dielectric-4511,La(NO2)3,La-N-O,1.7762115001678467,1.7776323556900024,0.0014208555221557617
3,DualHead_LogDirect_GNN_OOD,mb-dielectric-4513,NaBr,Br-Na,1.680674433708191,1.6491066217422485,0.03156781196594238
3,DualHead_LogDirect_GNN_OOD,mb-dielectric-4514,VOF3,F-O-V,1.6896101236343384,1.6820311546325684,0.0075789690017700195
3,DualHead_LogDirect_GNN_OOD,mb-dielectric-4516,K3IO,I-K-O,1.8044788837432861,1.844142198562622,0.03966331481933594
3,DualHead_LogDirect_GNN_OOD,mb-dielectric-4518,TePb,Pb-Te,5.120363712310791,4.775603771209717,0.3447599411010742
3,DualHead_LogDirect_GNN_OOD,mb-dielectric-4522,HgF2,F-Hg,1.9595917463302612,1.8885858058929443,0.0710059404373169
3,DualHead_LogDirect_GNN_OOD,mb-dielectric-4525,NaLi2Sb,Li-Na-Sb,3.0429649353027344,3.272153615951538,0.2291886806488037
3,DualHead_LogDirect_GNN_OOD,mb-dielectric-4527,PbF2,F-Pb,1.861182451248169,1.9489737749099731,0.0877913236618042
3,DualHead_LogDirect_GNN_OOD,mb-dielectric-4529,LiBr,Br-Li,1.9227584600448608,1.7975921630859375,0.12516629695892334
3,DualHead_LogDirect_GNN_OOD,mb-dielectric-4531,Eu(YS2)2,Eu-S-Y,3.3539419174194336,2.750823497772217,0.6031184196472168
3,DualHead_LogDirect_GNN_OOD,mb-dielectric-4534,KBF4,B-F-K,1.284631371498108,1.3828593492507935,0.09822797775268555
3,DualHead_LogDirect_GNN_OOD,mb-dielectric-4542,K2Te,K-Te,1.8641351461410522,1.989060640335083,0.12492549419403076
3,DualHead_LogDirect_GNN_OOD,mb-dielectric-4543,KHfPCO7,C-Hf-K-O-P,1.5520066022872925,1.5748989582061768,0.022892355918884277
3,DualHead_LogDirect_GNN_OOD,mb-dielectric-4551,RbClO4,Cl-O-Rb,1.436509609222412,1.4967167377471924,0.06020712852478027
3,DualHead_LogDirect_GNN_OOD,mb-dielectric-4558,ScBiO3,Bi-O-Sc,2.4406328201293945,2.5263442993164062,0.08571147918701172
3,DualHead_LogDirect_GNN_OOD,mb-dielectric-4566,NOF,F-N-O,1.3944573402404785,1.4657442569732666,0.07128691673278809
3,DualHead_LogDirect_GNN_OOD,mb-dielectric-4568,AlF3,Al-F,1.3797342777252197,1.395016074180603,0.0152817964553833
3,DualHead_LogDirect_GNN_OOD,mb-dielectric-4570,LiTiPCO7,C-Li-O-P-Ti,1.7427499294281006,1.7250365018844604,0.017713427543640137
3,DualHead_LogDirect_GNN_OOD,mb-dielectric-4573,Hg2SeO3,Hg-O-Se,2.0956335067749023,2.154252052307129,0.05861854553222656
3,DualHead_LogDirect_GNN_OOD,mb-dielectric-4581,KIO3,I-K-O,1.8945205211639404,1.792269229888916,0.10225129127502441
3,DualHead_LogDirect_GNN_OOD,mb-dielectric-4584,Li2S,Li-S,1.9657059907913208,1.9692140817642212,0.0035080909729003906
3,DualHead_LogDirect_GNN_OOD,mb-dielectric-4587,As2O3,As-O,1.6734195947647095,1.7919056415557861,0.11848604679107666
3,DualHead_LogDirect_GNN_OOD,mb-dielectric-4588,VCu3S4,Cu-S-V,2.6812562942504883,2.7658467292785645,0.08459043502807617
3,DualHead_LogDirect_GNN_OOD,mb-dielectric-4601,Li3Bi,Bi-Li,3.711693286895752,3.6924967765808105,0.019196510314941406
3,DualHead_LogDirect_GNN_OOD,mb-dielectric-4604,MnO,Mn-O,2.212088108062744,2.598005771636963,0.38591766357421875
3,DualHead_LogDirect_GNN_OOD,mb-dielectric-4606,MnPO4,Mn-O-P,2.2742934226989746,2.01473331451416,0.25956010818481445
3,DualHead_LogDirect_GNN_OOD,mb-dielectric-4607,K2S,K-S,1.7594506740570068,1.814596176147461,0.0551455020904541
3,DualHead_LogDirect_GNN_OOD,mb-dielectric-4608,SrCl2,Cl-Sr,1.6967616081237793,1.8255506753921509,0.12878906726837158
3,DualHead_LogDirect_GNN_OOD,mb-dielectric-4609,AgCl,Ag-Cl,2.398541212081909,2.4266886711120605,0.028147459030151367
3,DualHead_LogDirect_GNN_OOD,mb-dielectric-4611,LiB13C2,B-C-Li,2.633979320526123,2.3032000064849854,0.3307793140411377
3,DualHead_LogDirect_GNN_OOD,mb-dielectric-4618,LiGaS2,Ga-Li-S,2.2013401985168457,2.163573980331421,0.037766218185424805
3,DualHead_LogDirect_GNN_OOD,mb-dielectric-4627,Li5P(S2Cl)2,Cl-Li-P-S,1.9535454511642456,1.8668044805526733,0.08674097061157227
3,DualHead_LogDirect_GNN_OOD,mb-dielectric-4629,SF6,F-S,1.309198260307312,1.4214757680892944,0.11227750778198242
3,DualHead_LogDirect_GNN_OOD,mb-dielectric-4630,LiH,H-Li,2.248777389526367,1.8437626361846924,0.4050147533416748
3,DualHead_LogDirect_GNN_OOD,mb-dielectric-4632,Sr4As2O,As-O-Sr,2.8159658908843994,2.795478582382202,0.020487308502197266
3,DualHead_LogDirect_GNN_OOD,mb-dielectric-4633,Ba2BiAu,Au-Ba-Bi,4.713770389556885,4.669900417327881,0.043869972229003906
3,DualHead_LogDirect_GNN_OOD,mb-dielectric-4638,RbGeIO6,Ge-I-O-Rb,1.752379059791565,1.884650468826294,0.132271409034729
3,DualHead_LogDirect_GNN_OOD,mb-dielectric-4645,Zn4B6SeO12,B-O-Se-Zn,1.8739076852798462,1.8353197574615479,0.03858792781829834
3,DualHead_LogDirect_GNN_OOD,mb-dielectric-4646,ZnAgPS4,Ag-P-S-Zn,2.488679885864258,2.490285634994507,0.0016057491302490234
3,DualHead_LogDirect_GNN_OOD,mb-dielectric-4649,KV(CuSe2)2,Cu-K-Se-V,2.6538150310516357,2.580878257751465,0.0729367733001709
3,DualHead_LogDirect_GNN_OOD,mb-dielectric-4650,Ca2MnWO6,Ca-Mn-O-W,2.1372156143188477,2.293135643005371,0.15592002868652344
3,DualHead_LogDirect_GNN_OOD,mb-dielectric-4656,Na3SrPCO7,C-Na-O-P-Sr,1.5693659782409668,1.5816736221313477,0.01230764389038086
3,DualHead_LogDirect_GNN_OOD,mb-dielectric-4666,MgVPO5,Mg-O-P-V,1.9079382419586182,2.0421109199523926,0.13417267799377441
3,DualHead_LogDirect_GNN_OOD,mb-dielectric-4671,AlCo(WO4)2,Al-Co-O-W,3.6410489082336426,2.38460636138916,1.2564425468444824
3,DualHead_LogDirect_GNN_OOD,mb-dielectric-4677,Zn(SnO2)2,O-Sn-Zn,2.5917165279388428,2.246400833129883,0.34531569480895996
3,DualHead_LogDirect_GNN_OOD,mb-dielectric-4678,Li4Al3Ge3BrO12,Al-Br-Ge-Li-O,1.6302517652511597,1.6631855964660645,0.032933831214904785
3,DualHead_LogDirect_GNN_OOD,mb-dielectric-4680,Ca2MnWO6,Ca-Mn-O-W,2.133481025695801,2.2931859493255615,0.15970492362976074
3,DualHead_LogDirect_GNN_OOD,mb-dielectric-4689,KAuSe2,Au-K-Se,3.119218349456787,2.5622172355651855,0.5570011138916016
3,DualHead_LogDirect_GNN_OOD,mb-dielectric-4691,BaNb2Bi2O9,Ba-Bi-Nb-O,2.44884991645813,2.406911849975586,0.041938066482543945
3,DualHead_LogDirect_GNN_OOD,mb-dielectric-4698,LiBC,B-C-Li,3.415884017944336,2.8741626739501953,0.5417213439941406
3,DualHead_LogDirect_GNN_OOD,mb-dielectric-4702,Ca(FeO2)2,Ca-Fe-O,2.271005392074585,2.0698862075805664,0.20111918449401855
3,DualHead_LogDirect_GNN_OOD,mb-dielectric-4704,Ca5(CrN3)2,Ca-Cr-N,2.53218674659729,2.527477502822876,0.0047092437744140625
3,DualHead_LogDirect_GNN_OOD,mb-dielectric-4705,CaCdO2,Ca-Cd-O,2.3464231491088867,2.260143280029297,0.08627986907958984
3,DualHead_LogDirect_GNN_OOD,mb-dielectric-4719,K2MgCl4,Cl-K-Mg,1.5859808921813965,1.6359243392944336,0.04994344711303711
3,DualHead_LogDirect_GNN_OOD,mb-dielectric-4721,LiMn2OF3,F-Li-Mn-O,1.6313081979751587,2.191014051437378,0.5597058534622192
3,DualHead_LogDirect_GNN_OOD,mb-dielectric-4722,LiZnPS4,Li-P-S-Zn,2.1813695430755615,2.1324095726013184,0.048959970474243164
3,DualHead_LogDirect_GNN_OOD,mb-dielectric-4727,WO3,O-W,2.5755486488342285,2.801398515701294,0.22584986686706543
3,DualHead_LogDirect_GNN_OOD,mb-dielectric-4728,Zn3Sn2O7,O-Sn-Zn,2.2638113498687744,2.297541379928589,0.03373003005981445
3,DualHead_LogDirect_GNN_OOD,mb-dielectric-4742,Ca2TaWO6,Ca-O-Ta-W,2.2081634998321533,2.3493542671203613,0.141190767288208
3,DualHead_LogDirect_GNN_OOD,mb-dielectric-4752,Zn2Sn3O8,O-Sn-Zn,2.1149585247039795,2.2278316020965576,0.11287307739257812
3,DualHead_LogDirect_GNN_OOD,mb-dielectric-4754,YSF,F-S-Y,2.4124181270599365,2.250608444213867,0.16180968284606934
3,DualHead_LogDirect_GNN_OOD,mb-dielectric-4760,Ca2FeWO6,Ca-Fe-O-W,2.1368372440338135,2.276088237762451,0.1392509937286377
3,DualHead_LogDirect_GNN_OOD,mb-dielectric-4762,BaAg2GeSe4,Ag-Ba-Ge-Se,2.8114941120147705,2.816741943359375,0.005247831344604492
4,DualHead_LogDirect_GNN_OOD,mb-dielectric-0004,MnOF,F-Mn-O,2.6768875122070312,2.472825288772583,0.20406222343444824
4,DualHead_LogDirect_GNN_OOD,mb-dielectric-0008,CaHgO2,Ca-Hg-O,2.0323400497436523,2.0781805515289307,0.04584050178527832
4,DualHead_LogDirect_GNN_OOD,mb-dielectric-0009,MoSe2,Mo-Se,3.369174003601074,3.787749767303467,0.4185757637023926
4,DualHead_LogDirect_GNN_OOD,mb-dielectric-0010,Li4Zr3O8,Li-O-Zr,2.0771865844726562,1.9558745622634888,0.12131202220916748
4,DualHead_LogDirect_GNN_OOD,mb-dielectric-0023,LiAsO3,As-Li-O,1.9014183282852173,2.0791687965393066,0.17775046825408936
4,DualHead_LogDirect_GNN_OOD,mb-dielectric-0032,Cs2V5O13,Cs-O-V,1.8932521343231201,1.841240644454956,0.05201148986816406
4,DualHead_LogDirect_GNN_OOD,mb-dielectric-0038,K2P3,K-P,2.1899771690368652,2.2705588340759277,0.0805816650390625
4,DualHead_LogDirect_GNN_OOD,mb-dielectric-0044,Cd(PtO2)3,Cd-O-Pt,4.168144226074219,3.6194281578063965,0.5487160682678223
4,DualHead_LogDirect_GNN_OOD,mb-dielectric-0046,TlGaSe2,Ga-Se-Tl,3.032020330429077,3.2304296493530273,0.1984093189239502
4,DualHead_LogDirect_GNN_OOD,mb-dielectric-0047,AlTlSe2,Al-Se-Tl,2.878486394882202,3.0002222061157227,0.12173581123352051
4,DualHead_LogDirect_GNN_OOD,mb-dielectric-0051,Sr(MgSb)2,Mg-Sb-Sr,3.1864655017852783,3.1833205223083496,0.003144979476928711
4,DualHead_LogDirect_GNN_OOD,mb-dielectric-0055,LiBeAs,As-Be-Li,3.0382325649261475,3.2054052352905273,0.16717267036437988
4,DualHead_LogDirect_GNN_OOD,mb-dielectric-0056,As2Ru,As-Ru,4.852215766906738,4.773770332336426,0.0784454345703125
4,DualHead_LogDirect_GNN_OOD,mb-dielectric-0061,Zn(PtO2)3,O-Pt-Zn,3.9697186946868896,3.510831594467163,0.45888710021972656
4,DualHead_LogDirect_GNN_OOD,mb-dielectric-0066,BaNaBi,Ba-Bi-Na,3.9680538177490234,3.5305404663085938,0.4375133514404297
4,DualHead_LogDirect_GNN_OOD,mb-dielectric-0069,Na2AgSb,Ag-Na-Sb,3.474670171737671,3.3087000846862793,0.1659700870513916
4,DualHead_LogDirect_GNN_OOD,mb-dielectric-0075,NaLiS,Li-Na-S,1.9801238775253296,2.0453102588653564,0.06518638134002686
4,DualHead_LogDirect_GNN_OOD,mb-dielectric-0079,RbAsF6,As-F-Rb,1.3964240550994873,1.434004783630371,0.03758072853088379
4,DualHead_LogDirect_GNN_OOD,mb-dielectric-0083,HBr,Br-H,1.5146782398223877,1.5915741920471191,0.07689595222473145
4,DualHead_LogDirect_GNN_OOD,mb-dielectric-0089,Li3LaP2,La-Li-P,3.4808523654937744,3.027993679046631,0.45285868644714355
4,DualHead_LogDirect_GNN_OOD,mb-dielectric-0109,Na(SnAs)2,As-Na-Sn,5.1137213706970215,3.9986371994018555,1.115084171295166
4,DualHead_LogDirect_GNN_OOD,mb-dielectric-0116,Ca(GdS2)2,Ca-Gd-S,2.843092441558838,2.6465201377868652,0.19657230377197266
4,DualHead_LogDirect_GNN_OOD,mb-dielectric-0121,BaSnF6,Ba-F-Sn,1.5332039594650269,1.619421124458313,0.08621716499328613
4,DualHead_LogDirect_GNN_OOD,mb-dielectric-0125,K4HgP2,Hg-K-P,2.21537184715271,2.113001823425293,0.10237002372741699
4,DualHead_LogDirect_GNN_OOD,mb-dielectric-0129,Ag3SI,Ag-I-S,2.8963630199432373,2.845771312713623,0.05059170722961426
4,DualHead_LogDirect_GNN_OOD,mb-dielectric-0133,Na2CuP,Cu-Na-P,3.07814884185791,3.0038681030273438,0.0742807388305664
4,DualHead_LogDirect_GNN_OOD,mb-dielectric-0135,Rb2MnS2,Mn-Rb-S,2.0005269050598145,1.9463928937911987,0.05413401126861572
4,DualHead_LogDirect_GNN_OOD,mb-dielectric-0146,Rb2PtF6,F-Pt-Rb,1.5347609519958496,1.5554970502853394,0.020736098289489746
4,DualHead_LogDirect_GNN_OOD,mb-dielectric-0155,Ca(CdSb)2,Ca-Cd-Sb,6.2563652992248535,4.574883460998535,1.6814818382263184
4,DualHead_LogDirect_GNN_OOD,mb-dielectric-0157,K3AuO,Au-K-O,2.2260124683380127,1.8702361583709717,0.355776309967041
4,DualHead_LogDirect_GNN_OOD,mb-dielectric-0161,TlClO4,Cl-O-Tl,1.5855646133422852,1.6981892585754395,0.1126246452331543
4,DualHead_LogDirect_GNN_OOD,mb-dielectric-0164,TmCuPbSe3,Cu-Pb-Se-Tm,3.4042751789093018,3.3812649250030518,0.02301025390625
4,DualHead_LogDirect_GNN_OOD,mb-dielectric-0168,BeH8SO8,Be-H-O-S,1.471469759941101,1.4906209707260132,0.01915121078491211
4,DualHead_LogDirect_GNN_OOD,mb-dielectric-0179,Ba(SbO3)2,Ba-O-Sb,1.8561662435531616,1.8666105270385742,0.010444283485412598
4,DualHead_LogDirect_GNN_OOD,mb-dielectric-0181,Sr(SbO3)2,O-Sb-Sr,1.8584589958190918,1.871866226196289,0.013407230377197266
4,DualHead_LogDirect_GNN_OOD,mb-dielectric-0188,ZnCO3,C-O-Zn,1.847298264503479,1.8024380207061768,0.044860243797302246
4,DualHead_LogDirect_GNN_OOD,mb-dielectric-0192,P2Pt,P-Pt,4.432305812835693,4.714509010314941,0.28220319747924805
4,DualHead_LogDirect_GNN_OOD,mb-dielectric-0198,Cs2HgF4,Cs-F-Hg,1.63162100315094,1.5988603830337524,0.0327606201171875
4,DualHead_LogDirect_GNN_OOD,mb-dielectric-0201,ZrSO,O-S-Zr,2.781247615814209,2.640207052230835,0.14104056358337402
4,DualHead_LogDirect_GNN_OOD,mb-dielectric-0205,CsCuCl3,Cl-Cs-Cu,1.9138838052749634,1.6686882972717285,0.24519550800323486
4,DualHead_LogDirect_GNN_OOD,mb-dielectric-0210,Li5Cr2O8,Cr-Li-O,1.8718011379241943,1.8028075695037842,0.06899356842041016
4,DualHead_LogDirect_GNN_OOD,mb-dielectric-0213,Cs3Li2F5,Cs-F-Li,1.5073215961456299,1.5567039251327515,0.04938232898712158
4,DualHead_LogDirect_GNN_OOD,mb-dielectric-0223,Sr2Nb2O7,Nb-O-Sr,2.1841869354248047,2.2328405380249023,0.048653602600097656
4,DualHead_LogDirect_GNN_OOD,mb-dielectric-0224,K3SbO3,K-O-Sb,1.730306625366211,1.7999019622802734,0.0695953369140625
4,DualHead_LogDirect_GNN_OOD,mb-dielectric-0229,Ge(Bi3O5)4,Bi-Ge-O,2.4977328777313232,2.500880479812622,0.003147602081298828
4,DualHead_LogDirect_GNN_OOD,mb-dielectric-0233,K4Nb8Si(P2O17)2,K-Nb-O-P-Si,2.13946533203125,2.053483486175537,0.08598184585571289
4,DualHead_LogDirect_GNN_OOD,mb-dielectric-0235,Li3SbS4,Li-S-Sb,2.409329891204834,2.2789463996887207,0.13038349151611328
4,DualHead_LogDirect_GNN_OOD,mb-dielectric-0236,Li2Ti3ZnO8,Li-O-Ti-Zn,2.236182689666748,2.308224678039551,0.07204198837280273
4,DualHead_LogDirect_GNN_OOD,mb-dielectric-0238,Al3NO3,Al-N-O,1.9045087099075317,1.903361439704895,0.0011472702026367188
4,DualHead_LogDirect_GNN_OOD,mb-dielectric-0244,Mg(GaO2)2,Ga-Mg-O,1.9775073528289795,1.9557206630706787,0.02178668975830078
4,DualHead_LogDirect_GNN_OOD,mb-dielectric-0245,Li2V(PO4)2,Li-O-P-V,1.9472533464431763,1.8386822938919067,0.10857105255126953
4,DualHead_LogDirect_GNN_OOD,mb-dielectric-0260,Cd3AsI3,As-Cd-I,2.369584798812866,2.1600375175476074,0.2095472812652588
4,DualHead_LogDirect_GNN_OOD,mb-dielectric-0264,Sr(Si3N4)2,N-Si-Sr,2.1474006175994873,2.04910945892334,0.09829115867614746
4,DualHead_LogDirect_GNN_OOD,mb-dielectric-0273,NaYP2O7,Na-O-P-Y,1.6144477128982544,1.5930904150009155,0.021357297897338867
4,DualHead_LogDirect_GNN_OOD,mb-dielectric-0279,K3Sb,K-Sb,2.8448784351348877,2.066277503967285,0.7786009311676025
4,DualHead_LogDirect_GNN_OOD,mb-dielectric-0282,MgAs4,As-Mg,3.7240657806396484,3.491063117980957,0.2330026626586914
4,DualHead_LogDirect_GNN_OOD,mb-dielectric-0311,Cs2SnAs2,As-Cs-Sn,2.5496673583984375,2.7429006099700928,0.19323325157165527
4,DualHead_LogDirect_GNN_OOD,mb-dielectric-0322,K2MnTe2,K-Mn-Te,2.2020912170410156,2.2333061695098877,0.03121495246887207
4,DualHead_LogDirect_GNN_OOD,mb-dielectric-0325,RbPPbS4,P-Pb-Rb-S,2.2349843978881836,2.217900514602661,0.01708388328552246
4,DualHead_LogDirect_GNN_OOD,mb-dielectric-0326,RbCrI3,Cr-I-Rb,2.270508050918579,2.267376661300659,0.003131389617919922
4,DualHead_LogDirect_GNN_OOD,mb-dielectric-0330,Ag3SI,Ag-I-S,2.9031753540039062,2.7740225791931152,0.12915277481079102
4,DualHead_LogDirect_GNN_OOD,mb-dielectric-0342,TmBO3,B-O-Tm,1.8402106761932373,1.864074945449829,0.023864269256591797
4,DualHead_LogDirect_GNN_OOD,mb-dielectric-0353,SrCaSi,Ca-Si-Sr,4.0760273933410645,3.4713428020477295,0.604684591293335
4,DualHead_LogDirect_GNN_OOD,mb-dielectric-0355,K4BeP2,Be-K-P,2.085798501968384,2.107348918914795,0.021550416946411133
4,DualHead_LogDirect_GNN_OOD,mb-dielectric-0362,K2PtSe2,K-Pt-Se,2.4597830772399902,2.542797565460205,0.08301448822021484
4,DualHead_LogDirect_GNN_OOD,mb-dielectric-0364,SiP2,P-Si,2.714221715927124,3.040060043334961,0.3258383274078369
4,DualHead_LogDirect_GNN_OOD,mb-dielectric-0366,LiIO3,I-Li-O,1.8974504470825195,1.8788132667541504,0.01863718032836914
4,DualHead_LogDirect_GNN_OOD,mb-dielectric-0368,NbOF3,F-Nb-O,1.7765733003616333,1.869629144668579,0.0930558443069458
4,DualHead_LogDirect_GNN_OOD,mb-dielectric-0369,CoO2,Co-O,3.7423341274261475,3.7097349166870117,0.03259921073913574
4,DualHead_LogDirect_GNN_OOD,mb-dielectric-0370,Ca4PtO6,Ca-O-Pt,2.171865463256836,2.3695735931396484,0.1977081298828125
4,DualHead_LogDirect_GNN_OOD,mb-dielectric-0375,TiFeTe,Fe-Te-Ti,4.621601581573486,5.489218711853027,0.867617130279541
4,DualHead_LogDirect_GNN_OOD,mb-dielectric-0377,LiVF6,F-Li-V,1.612182855606079,1.4705557823181152,0.14162707328796387
4,DualHead_LogDirect_GNN_OOD,mb-dielectric-0379,Ba2TiOF6,Ba-F-O-Ti,1.6779550313949585,1.721893548965454,0.043938517570495605
4,DualHead_LogDirect_GNN_OOD,mb-dielectric-0382,Sr2Sn,Sn-Sr,4.374433517456055,5.040447235107422,0.6660137176513672
4,DualHead_LogDirect_GNN_OOD,mb-dielectric-0391,Ba4Cl6O,Ba-Cl-O,1.7502412796020508,1.783164620399475,0.032923340797424316
4,DualHead_LogDirect_GNN_OOD,mb-dielectric-0395,Mn4Be3Si3SeO12,Be-Mn-O-Se-Si,1.7968305349349976,1.8291641473770142,0.0323336124420166
4,DualHead_LogDirect_GNN_OOD,mb-dielectric-0397,Ba(NO2)2,Ba-N-O,1.6264896392822266,1.619008183479309,0.0074814558029174805
4,DualHead_LogDirect_GNN_OOD,mb-dielectric-0410,Li2V3O6,Li-O-V,2.3418822288513184,2.443687915802002,0.1018056869506836
4,DualHead_LogDirect_GNN_OOD,mb-dielectric-0413,CrSiTe3,Cr-Si-Te,3.4453349113464355,3.762023448944092,0.31668853759765625
4,DualHead_LogDirect_GNN_OOD,mb-dielectric-0416,AlSb,Al-Sb,3.394573211669922,3.6850385665893555,0.2904653549194336
4,DualHead_LogDirect_GNN_OOD,mb-dielectric-0419,CsNaSe,Cs-Na-Se,2.0233423709869385,2.028439521789551,0.005097150802612305
4,DualHead_LogDirect_GNN_OOD,mb-dielectric-0426,Na8BeAl4Si7(ClO12)2,Al-Be-Cl-Na-O-Si,1.5131518840789795,1.5180692672729492,0.0049173831939697266
4,DualHead_LogDirect_GNN_OOD,mb-dielectric-0434,K4Br2O,Br-K-O,1.6426119804382324,1.6891613006591797,0.046549320220947266
4,DualHead_LogDirect_GNN_OOD,mb-dielectric-0437,Rb2NaTlF6,F-Na-Rb-Tl,1.4939879179000854,1.5354969501495361,0.041509032249450684
4,DualHead_LogDirect_GNN_OOD,mb-dielectric-0439,Sr2CaWO6,Ca-O-Sr-W,2.0175769329071045,1.9964511394500732,0.02112579345703125
4,DualHead_LogDirect_GNN_OOD,mb-dielectric-0440,Ca2Cu2O5,Ca-Cu-O,2.5168497562408447,2.408888339996338,0.10796141624450684
4,DualHead_LogDirect_GNN_OOD,mb-dielectric-0445,LiMn2(BO3)2,B-Li-Mn-O,2.184123992919922,1.8780163526535034,0.30610764026641846
4,DualHead_LogDirect_GNN_OOD,mb-dielectric-0448,YAgSe2,Ag-Se-Y,3.0739388465881348,3.2912564277648926,0.2173175811767578
4,DualHead_LogDirect_GNN_OOD,mb-dielectric-0454,MgH8(ClO6)2,Cl-H-Mg-O,1.4449913501739502,1.5163288116455078,0.07133746147155762
4,DualHead_LogDirect_GNN_OOD,mb-dielectric-0459,Li5SbS,Li-S-Sb,2.6225924491882324,2.4316277503967285,0.1909646987915039
4,DualHead_LogDirect_GNN_OOD,mb-dielectric-0462,Y3Si6N11,N-Si-Y,2.281895399093628,2.2483935356140137,0.03350186347961426
4,DualHead_LogDirect_GNN_OOD,mb-dielectric-0469,TeOF2,F-O-Te,1.8058384656906128,1.7818959951400757,0.02394247055053711
4,DualHead_LogDirect_GNN_OOD,mb-dielectric-0472,Na2BeF4,Be-F-Na,1.3342913389205933,1.3728678226470947,0.038576483726501465
4,DualHead_LogDirect_GNN_OOD,mb-dielectric-0475,BaGaF5,Ba-F-Ga,1.539747953414917,1.5745291709899902,0.03478121757507324
4,DualHead_LogDirect_GNN_OOD,mb-dielectric-0476,GeClF,Cl-F-Ge,2.383538007736206,2.0284807682037354,0.3550572395324707
4,DualHead_LogDirect_GNN_OOD,mb-dielectric-0480,Sb2S3,S-Sb,3.3483424186706543,3.3326821327209473,0.01566028594970703
4,DualHead_LogDirect_GNN_OOD,mb-dielectric-0485,SnBrF,Br-F-Sn,2.43532657623291,2.4135937690734863,0.021732807159423828
4,DualHead_LogDirect_GNN_OOD,mb-dielectric-0499,KNa(BH4)2,B-H-K-Na,1.5063297748565674,1.5152521133422852,0.008922338485717773
4,DualHead_LogDirect_GNN_OOD,mb-dielectric-0508,PdPtF6,F-Pd-Pt,2.5171549320220947,1.889012336730957,0.6281425952911377
4,DualHead_LogDirect_GNN_OOD,mb-dielectric-0512,Sr6Y2Al4O15,Al-O-Sr-Y,1.8698023557662964,1.8267426490783691,0.043059706687927246
4,DualHead_LogDirect_GNN_OOD,mb-dielectric-0515,H3ClO5,Cl-H-O,1.4853731393814087,1.475765585899353,0.009607553482055664
4,DualHead_LogDirect_GNN_OOD,mb-dielectric-0517,TlSbSe2,Sb-Se-Tl,4.0865631103515625,3.9407858848571777,0.14577722549438477
4,DualHead_LogDirect_GNN_OOD,mb-dielectric-0525,KAs,As-K,2.7182300090789795,2.6928672790527344,0.025362730026245117
4,DualHead_LogDirect_GNN_OOD,mb-dielectric-0529,AlInS3,Al-In-S,2.326079845428467,2.3049633502960205,0.02111649513244629
4,DualHead_LogDirect_GNN_OOD,mb-dielectric-0532,Sr4Sb2O,O-Sb-Sr,2.9222679138183594,3.1620121002197266,0.2397441864013672
4,DualHead_LogDirect_GNN_OOD,mb-dielectric-0534,Mg3WN4,Mg-N-W,2.273655652999878,2.3839075565338135,0.11025190353393555
4,DualHead_LogDirect_GNN_OOD,mb-dielectric-0535,CdAg2GeS4,Ag-Cd-Ge-S,2.6460063457489014,2.749495506286621,0.10348916053771973
4,DualHead_LogDirect_GNN_OOD,mb-dielectric-0543,PCl3O,Cl-O-P,1.4281690120697021,1.478940486907959,0.050771474838256836
4,DualHead_LogDirect_GNN_OOD,mb-dielectric-0564,CsClO3,Cl-Cs-O,1.5365647077560425,1.5538625717163086,0.017297863960266113
4,DualHead_LogDirect_GNN_OOD,mb-dielectric-0566,K3P,K-P,2.966142177581787,2.130009889602661,0.836132287979126
4,DualHead_LogDirect_GNN_OOD,mb-dielectric-0568,Mg3As2,As-Mg,3.3593153953552246,3.4468202590942383,0.08750486373901367
4,DualHead_LogDirect_GNN_OOD,mb-dielectric-0569,Mn4OF6,F-Mn-O,1.699908971786499,1.9301351308822632,0.23022615909576416
4,DualHead_LogDirect_GNN_OOD,mb-dielectric-0573,KAsF6,As-F-K,1.3940348625183105,1.4181323051452637,0.024097442626953125
4,DualHead_LogDirect_GNN_OOD,mb-dielectric-0574,HgI2,Hg-I,1.9994943141937256,2.096000909805298,0.09650659561157227
4,DualHead_LogDirect_GNN_OOD,mb-dielectric-0575,K2PAu,Au-K-P,2.577056646347046,2.4410648345947266,0.13599181175231934
4,DualHead_LogDirect_GNN_OOD,mb-dielectric-0576,K2NiP2,K-Ni-P,2.9382402896881104,2.712347984313965,0.2258923053741455
4,DualHead_LogDirect_GNN_OOD,mb-dielectric-0577,Sr2CuSi2O7,Cu-O-Si-Sr,2.1817338466644287,1.8756167888641357,0.30611705780029297
4,DualHead_LogDirect_GNN_OOD,mb-dielectric-0581,K2P2Pd,K-P-Pd,2.7624740600585938,2.623445987701416,0.13902807235717773
4,DualHead_LogDirect_GNN_OOD,mb-dielectric-0583,K2GeF6,F-Ge-K,1.4250946044921875,1.4122161865234375,0.01287841796875
4,DualHead_LogDirect_GNN_OOD,mb-dielectric-0584,K2ReF6,F-K-Re,1.5011889934539795,1.4817256927490234,0.019463300704956055
4,DualHead_LogDirect_GNN_OOD,mb-dielectric-0586,LaBO3,B-La-O,1.9193346500396729,1.9811427593231201,0.061808109283447266
4,DualHead_LogDirect_GNN_OOD,mb-dielectric-0591,CuBi(WO4)2,Bi-Cu-O-W,2.4945461750030518,2.408275604248047,0.08627057075500488
4,DualHead_LogDirect_GNN_OOD,mb-dielectric-0600,Mn6O5F7,F-Mn-O,3.252326011657715,2.181948661804199,1.0703773498535156
4,DualHead_LogDirect_GNN_OOD,mb-dielectric-0605,V2P4H3O16,H-O-P-V,2.2260923385620117,1.8981444835662842,0.32794785499572754
4,DualHead_LogDirect_GNN_OOD,mb-dielectric-0606,GaN5O14,Ga-N-O,1.5725938081741333,1.536737084388733,0.03585672378540039
4,DualHead_LogDirect_GNN_OOD,mb-dielectric-0608,Li3GaN2,Ga-Li-N,2.287379741668701,2.2473816871643066,0.03999805450439453
4,DualHead_LogDirect_GNN_OOD,mb-dielectric-0611,RbB3O5,B-O-Rb,1.5459903478622437,1.523789882659912,0.022200465202331543
4,DualHead_LogDirect_GNN_OOD,mb-dielectric-0620,ScNiBi,Bi-Ni-Sc,4.749406814575195,4.609029769897461,0.14037704467773438
4,DualHead_LogDirect_GNN_OOD,mb-dielectric-0640,Ca2SnS4,Ca-S-Sn,2.5920913219451904,2.749173641204834,0.15708231925964355
4,DualHead_LogDirect_GNN_OOD,mb-dielectric-0652,Si2H6Se,H-Se-Si,1.638201355934143,1.6739822626113892,0.035780906677246094
4,DualHead_LogDirect_GNN_OOD,mb-dielectric-0654,NaCuPO4,Cu-Na-O-P,2.0313079357147217,1.9823381900787354,0.04896974563598633
4,DualHead_LogDirect_GNN_OOD,mb-dielectric-0656,Lu2Cu2O5,Cu-Lu-O,2.3583502769470215,2.5434927940368652,0.18514251708984375
4,DualHead_LogDirect_GNN_OOD,mb-dielectric-0657,SiH6(NF2)2,F-H-N-Si,1.386602520942688,1.4277451038360596,0.04114258289337158
4,DualHead_LogDirect_GNN_OOD,mb-dielectric-0659,SnPS3,P-S-Sn,2.657618761062622,2.7244579792022705,0.06683921813964844
4,DualHead_LogDirect_GNN_OOD,mb-dielectric-0663,Ca2SbAu,Au-Ca-Sb,7.758024215698242,5.9368696212768555,1.8211545944213867
4,DualHead_LogDirect_GNN_OOD,mb-dielectric-0665,MgGeO3,Ge-Mg-O,1.9153554439544678,1.905021071434021,0.010334372520446777
4,DualHead_LogDirect_GNN_OOD,mb-dielectric-0673,HBr,Br-H,1.581458330154419,1.5286905765533447,0.05276775360107422
4,DualHead_LogDirect_GNN_OOD,mb-dielectric-0676,NbBr3O,Br-Nb-O,2.1136882305145264,2.0967063903808594,0.016981840133666992
4,DualHead_LogDirect_GNN_OOD,mb-dielectric-0681,Li2VPO6,Li-O-P-V,1.8488166332244873,1.7689449787139893,0.07987165451049805
4,DualHead_LogDirect_GNN_OOD,mb-dielectric-0683,Zn2PtO4,O-Pt-Zn,2.428537607192993,2.5777764320373535,0.14923882484436035
4,DualHead_LogDirect_GNN_OOD,mb-dielectric-0684,Mo(HO2)2,H-Mo-O,1.8626207113265991,1.9454588890075684,0.08283817768096924
4,DualHead_LogDirect_GNN_OOD,mb-dielectric-0691,Li3Sb,Li-Sb,2.8794095516204834,2.9649996757507324,0.08559012413024902
4,DualHead_LogDirect_GNN_OOD,mb-dielectric-0697,VCuO3,Cu-O-V,2.736107110977173,2.5063395500183105,0.2297675609588623
4,DualHead_LogDirect_GNN_OOD,mb-dielectric-0700,NaNbSe2,Na-Nb-Se,3.5146260261535645,3.6000263690948486,0.08540034294128418
4,DualHead_LogDirect_GNN_OOD,mb-dielectric-0707,H5ClO6,Cl-H-O,1.4936059713363647,1.5114269256591797,0.01782095432281494
4,DualHead_LogDirect_GNN_OOD,mb-dielectric-0710,Ce3Zr5O16,Ce-O-Zr,2.576975107192993,2.3387718200683594,0.2382032871246338
4,DualHead_LogDirect_GNN_OOD,mb-dielectric-0711,RbPH3O4F,F-H-O-P-Rb,1.4825654029846191,1.4716839790344238,0.010881423950195312
4,DualHead_LogDirect_GNN_OOD,mb-dielectric-0717,LiTlPHO3,H-Li-O-P-Tl,1.8242846727371216,1.7537343502044678,0.07055032253265381
4,DualHead_LogDirect_GNN_OOD,mb-dielectric-0722,Li2VO3,Li-O-V,2.219064235687256,2.4671738147735596,0.2481095790863037
4,DualHead_LogDirect_GNN_OOD,mb-dielectric-0723,Ca2PI,Ca-I-P,2.413785219192505,2.320920467376709,0.0928647518157959
4,DualHead_LogDirect_GNN_OOD,mb-dielectric-0724,Sm3NbO7,Nb-O-Sm,2.2350010871887207,2.257964849472046,0.022963762283325195
4,DualHead_LogDirect_GNN_OOD,mb-dielectric-0729,CsGeI3,Cs-Ge-I,2.3862457275390625,2.111337661743164,0.27490806579589844
4,DualHead_LogDirect_GNN_OOD,mb-dielectric-0731,LiSbO3,Li-O-Sb,1.8620330095291138,1.9196078777313232,0.05757486820220947
4,DualHead_LogDirect_GNN_OOD,mb-dielectric-0736,Er2TeO6,Er-O-Te,2.009071111679077,2.0963425636291504,0.08727145195007324
4,DualHead_LogDirect_GNN_OOD,mb-dielectric-0737,Nd5CuSe8,Cu-Nd-Se,3.3322057723999023,3.2895102500915527,0.04269552230834961
4,DualHead_LogDirect_GNN_OOD,mb-dielectric-0739,PbWO4,O-Pb-W,2.168355941772461,2.398153781890869,0.2297978401184082
4,DualHead_LogDirect_GNN_OOD,mb-dielectric-0744,Li2FeF5,F-Fe-Li,1.5562477111816406,1.5003256797790527,0.05592203140258789
4,DualHead_LogDirect_GNN_OOD,mb-dielectric-0748,Li4Mn(TeO4)3,Li-Mn-O-Te,2.418346881866455,2.0354559421539307,0.3828909397125244
4,DualHead_LogDirect_GNN_OOD,mb-dielectric-0749,BeH4NF3,Be-F-H-N,1.355112910270691,1.3711652755737305,0.01605236530303955
4,DualHead_LogDirect_GNN_OOD,mb-dielectric-0752,Li3CrO4,Cr-Li-O,1.8487436771392822,1.8511545658111572,0.002410888671875
4,DualHead_LogDirect_GNN_OOD,mb-dielectric-0753,Li2FeF5,F-Fe-Li,1.461060643196106,1.4724297523498535,0.011369109153747559
4,DualHead_LogDirect_GNN_OOD,mb-dielectric-0758,La7ScAl8O24,Al-La-O-Sc,2.2389729022979736,2.1946983337402344,0.04427456855773926
4,DualHead_LogDirect_GNN_OOD,mb-dielectric-0763,Mo3H24C8S13N2,C-H-Mo-N-S,1.8343896865844727,1.902602195739746,0.06821250915527344
4,DualHead_LogDirect_GNN_OOD,mb-dielectric-0767,Ba3GeO5,Ba-Ge-O,1.9634995460510254,1.972947597503662,0.009448051452636719
4,DualHead_LogDirect_GNN_OOD,mb-dielectric-0769,LiZr2N3,Li-N-Zr,3.043565273284912,2.606753349304199,0.4368119239807129
4,DualHead_LogDirect_GNN_OOD,mb-dielectric-0770,MgH8(ClO6)2,Cl-H-Mg-O,1.481440782546997,1.4963163137435913,0.014875531196594238
4,DualHead_LogDirect_GNN_OOD,mb-dielectric-0772,K3Li2Nb5O15,K-Li-Nb-O,2.307668447494507,2.325540781021118,0.017872333526611328
4,DualHead_LogDirect_GNN_OOD,mb-dielectric-0773,LiVF6,F-Li-V,1.4722999334335327,1.4207844734191895,0.05151546001434326
4,DualHead_LogDirect_GNN_OOD,mb-dielectric-0785,BiTeBr,Bi-Br-Te,3.01074481010437,3.1343584060668945,0.12361359596252441
4,DualHead_LogDirect_GNN_OOD,mb-dielectric-0788,BaZnGeO4,Ba-Ge-O-Zn,1.8479715585708618,1.8535939455032349,0.005622386932373047
4,DualHead_LogDirect_GNN_OOD,mb-dielectric-0800,LiMnFeO4,Fe-Li-Mn-O,2.636610984802246,2.53873872756958,0.09787225723266602
4,DualHead_LogDirect_GNN_OOD,mb-dielectric-0811,Rb2V3O8,O-Rb-V,1.8311113119125366,1.7009029388427734,0.13020837306976318
4,DualHead_LogDirect_GNN_OOD,mb-dielectric-0818,Na2SnO2,Na-O-Sn,2.074174165725708,1.889053225517273,0.18512094020843506
4,DualHead_LogDirect_GNN_OOD,mb-dielectric-0820,Li2MnCr3O8,Cr-Li-Mn-O,3.464085102081299,2.2846519947052,1.1794331073760986
4,DualHead_LogDirect_GNN_OOD,mb-dielectric-0822,Li6VCrP2(CO7)2,C-Cr-Li-O-P-V,1.666785717010498,1.641500473022461,0.02528524398803711
4,DualHead_LogDirect_GNN_OOD,mb-dielectric-0829,Li3CrBO5,B-Cr-Li-O,1.9156453609466553,1.8953163623809814,0.020328998565673828
4,DualHead_LogDirect_GNN_OOD,mb-dielectric-0831,Cu2HgI4,Cu-Hg-I,2.6939942836761475,2.506976842880249,0.18701744079589844
4,DualHead_LogDirect_GNN_OOD,mb-dielectric-0842,Na3PS4,Na-P-S,2.0407490730285645,2.0206851959228516,0.02006387710571289
4,DualHead_LogDirect_GNN_OOD,mb-dielectric-0843,NaNdPCO7,C-Na-Nd-O-P,1.84098219871521,1.5490361452102661,0.29194605350494385
4,DualHead_LogDirect_GNN_OOD,mb-dielectric-0844,MgO,Mg-O,1.7425721883773804,1.8485652208328247,0.10599303245544434
4,DualHead_LogDirect_GNN_OOD,mb-dielectric-0848,BaGeO3,Ba-Ge-O,1.7944085597991943,1.8016717433929443,0.00726318359375
4,DualHead_LogDirect_GNN_OOD,mb-dielectric-0862,Na3PO4,Na-O-P,1.533334493637085,1.6030534505844116,0.06971895694732666
4,DualHead_LogDirect_GNN_OOD,mb-dielectric-0869,Ca2SnS4,Ca-S-Sn,2.3267340660095215,2.4954915046691895,0.16875743865966797
4,DualHead_LogDirect_GNN_OOD,mb-dielectric-0878,K2GeF6,F-Ge-K,1.4095150232315063,1.4030108451843262,0.006504178047180176
4,DualHead_LogDirect_GNN_OOD,mb-dielectric-0883,Ca2SnS4,Ca-S-Sn,2.7665584087371826,3.037353277206421,0.2707948684692383
4,DualHead_LogDirect_GNN_OOD,mb-dielectric-0895,LiNiF3,F-Li-Ni,1.5193103551864624,1.6115624904632568,0.09225213527679443
4,DualHead_LogDirect_GNN_OOD,mb-dielectric-0896,MnCu2GeS4,Cu-Ge-Mn-S,3.076988935470581,3.0897281169891357,0.012739181518554688
4,DualHead_LogDirect_GNN_OOD,mb-dielectric-0900,H2CO2,C-H-O,1.443851351737976,1.4619951248168945,0.018143773078918457
4,DualHead_LogDirect_GNN_OOD,mb-dielectric-0901,Li7Cr2O8,Cr-Li-O,1.9611790180206299,1.9112305641174316,0.04994845390319824
4,DualHead_LogDirect_GNN_OOD,mb-dielectric-0905,CdSiP2,Cd-P-Si,3.2845072746276855,3.6602087020874023,0.3757014274597168
4,DualHead_LogDirect_GNN_OOD,mb-dielectric-0912,KHO,H-K-O,1.5508062839508057,1.5393096208572388,0.011496663093566895
4,DualHead_LogDirect_GNN_OOD,mb-dielectric-0914,CaPtO3,Ca-O-Pt,2.7034456729888916,3.065727710723877,0.36228203773498535
4,DualHead_LogDirect_GNN_OOD,mb-dielectric-0915,Hg3(TeCl)2,Cl-Hg-Te,2.5795624256134033,2.582564353942871,0.0030019283294677734
4,DualHead_LogDirect_GNN_OOD,mb-dielectric-0917,H7ClO3,Cl-H-O,1.5032187700271606,1.45766282081604,0.045555949211120605
4,DualHead_LogDirect_GNN_OOD,mb-dielectric-0918,NaCuP2O7,Cu-Na-O-P,1.9716057777404785,1.7204550504684448,0.2511507272720337
4,DualHead_LogDirect_GNN_OOD,mb-dielectric-0919,FeHO2,Fe-H-O,2.4532663822174072,2.1625730991363525,0.2906932830810547
4,DualHead_LogDirect_GNN_OOD,mb-dielectric-0925,BaGe4O9,Ba-Ge-O,1.863505482673645,1.8300347328186035,0.033470749855041504
4,DualHead_LogDirect_GNN_OOD,mb-dielectric-0931,Mn3Cr(PO4)4,Cr-Mn-O-P,2.2119946479797363,2.1192750930786133,0.09271955490112305
4,DualHead_LogDirect_GNN_OOD,mb-dielectric-0936,NaClO3,Cl-Na-O,1.414734959602356,1.38541841506958,0.02931654453277588
4,DualHead_LogDirect_GNN_OOD,mb-dielectric-0937,NiH12(BrO7)2,Br-H-Ni-O,1.606652855873108,1.6310646533966064,0.024411797523498535
4,DualHead_LogDirect_GNN_OOD,mb-dielectric-0941,K2PtCl4,Cl-K-Pt,1.8265533447265625,1.7347335815429688,0.09181976318359375
4,DualHead_LogDirect_GNN_OOD,mb-dielectric-0943,Be3Cd4Si3TeO12,Be-Cd-O-Si-Te,1.898612380027771,1.831406593322754,0.06720578670501709
4,DualHead_LogDirect_GNN_OOD,mb-dielectric-0947,KAg2SbS4,Ag-K-S-Sb,2.5644702911376953,2.5360312461853027,0.028439044952392578
4,DualHead_LogDirect_GNN_OOD,mb-dielectric-0948,Ba2SrI6,Ba-I-Sr,2.1066830158233643,2.147806167602539,0.041123151779174805
4,DualHead_LogDirect_GNN_OOD,mb-dielectric-0951,PH6NO2,H-N-O-P,1.5934239625930786,1.5574429035186768,0.035981059074401855
4,DualHead_LogDirect_GNN_OOD,mb-dielectric-0952,LiMn2F6,F-Li-Mn,1.6066898107528687,1.6255130767822266,0.01882326602935791
4,DualHead_LogDirect_GNN_OOD,mb-dielectric-0957,Ca2SnS4,Ca-S-Sn,2.3399291038513184,2.729318857192993,0.3893897533416748
4,DualHead_LogDirect_GNN_OOD,mb-dielectric-0958,DyAgTe2,Ag-Dy-Te,3.3560266494750977,3.464170217514038,0.10814356803894043
4,DualHead_LogDirect_GNN_OOD,mb-dielectric-0965,Tb3CuSnSe7,Cu-Se-Sn-Tb,3.1239333152770996,3.2264156341552734,0.10248231887817383
4,DualHead_LogDirect_GNN_OOD,mb-dielectric-0966,LiAl5O8,Al-Li-O,1.7777694463729858,1.7845090627670288,0.006739616394042969
4,DualHead_LogDirect_GNN_OOD,mb-dielectric-0977,Na3PS4,Na-P-S,2.019813060760498,2.06044864654541,0.04063558578491211
4,DualHead_LogDirect_GNN_OOD,mb-dielectric-0982,SiH8(NF3)2,F-H-N-Si,1.40937340259552,1.4304145574569702,0.021041154861450195
4,DualHead_LogDirect_GNN_OOD,mb-dielectric-0983,LiAs(HO2)2,As-H-Li-O,1.5783708095550537,1.5691344738006592,0.009236335754394531
4,DualHead_LogDirect_GNN_OOD,mb-dielectric-0986,NaHS,H-Na-S,1.8111690282821655,1.780798077583313,0.03037095069885254
4,DualHead_LogDirect_GNN_OOD,mb-dielectric-0987,HgH12(ClO7)2,Cl-H-Hg-O,1.5341664552688599,1.5874385833740234,0.053272128105163574
4,DualHead_LogDirect_GNN_OOD,mb-dielectric-0989,Li2MnF4,F-Li-Mn,1.4562509059906006,1.518518328666687,0.062267422676086426
4,DualHead_LogDirect_GNN_OOD,mb-dielectric-0995,InSnBr3,Br-In-Sn,2.288504123687744,2.490694522857666,0.20219039916992188
4,DualHead_LogDirect_GNN_OOD,mb-dielectric-1006,Sc2CCl2,C-Cl-Sc,2.5907225608825684,2.514394521713257,0.07632803916931152
4,DualHead_LogDirect_GNN_OOD,mb-dielectric-1011,Bi2Se3,Bi-Se,4.035839557647705,4.013605117797852,0.022234439849853516
4,DualHead_LogDirect_GNN_OOD,mb-dielectric-1016,ReCl3,Cl-Re,2.005160093307495,1.8515406847000122,0.1536194086074829
4,DualHead_LogDirect_GNN_OOD,mb-dielectric-1024,BI3,B-I,1.6647322177886963,1.788404941558838,0.1236727237701416
4,DualHead_LogDirect_GNN_OOD,mb-dielectric-1027,TlI,I-Tl,2.8835742473602295,2.671295166015625,0.2122790813446045
4,DualHead_LogDirect_GNN_OOD,mb-dielectric-1035,LiMnNbO4,Li-Mn-Nb-O,2.1318488121032715,2.144564628601074,0.012715816497802734
4,DualHead_LogDirect_GNN_OOD,mb-dielectric-1036,MgCl2,Cl-Mg,1.607859492301941,1.6247340440750122,0.01687455177307129
4,DualHead_LogDirect_GNN_OOD,mb-dielectric-1038,AsI3,As-I,2.404024362564087,2.368917226791382,0.03510713577270508
4,DualHead_LogDirect_GNN_OOD,mb-dielectric-1040,SiH3I,H-I-Si,1.6557978391647339,1.632890224456787,0.022907614707946777
4,DualHead_LogDirect_GNN_OOD,mb-dielectric-1042,BBr3,B-Br,1.4903019666671753,1.712589144706726,0.22228717803955078
4,DualHead_LogDirect_GNN_OOD,mb-dielectric-1043,KLiMnPCO7,C-K-Li-Mn-O-P,1.7822210788726807,1.690743327140808,0.09147775173187256
4,DualHead_LogDirect_GNN_OOD,mb-dielectric-1055,Zr2SN2,N-S-Zr,3.0893805027008057,3.212845802307129,0.12346529960632324
4,DualHead_LogDirect_GNN_OOD,mb-dielectric-1057,NbCl4,Cl-Nb,1.8897089958190918,1.7558612823486328,0.13384771347045898
4,DualHead_LogDirect_GNN_OOD,mb-dielectric-1063,Bi2O3,Bi-O,2.574749231338501,2.6827433109283447,0.10799407958984375
4,DualHead_LogDirect_GNN_OOD,mb-dielectric-1072,TeI,I-Te,2.9015512466430664,2.9077694416046143,0.0062181949615478516
4,DualHead_LogDirect_GNN_OOD,mb-dielectric-1073,KNaGeO3,Ge-K-Na-O,1.682401418685913,1.6592854261398315,0.023115992546081543
4,DualHead_LogDirect_GNN_OOD,mb-dielectric-1076,Rb3Sn4Au,Au-Rb-Sn,3.3702621459960938,3.3612117767333984,0.009050369262695312
4,DualHead_LogDirect_GNN_OOD,mb-dielectric-1077,MnF3,F-Mn,1.869773030281067,1.6742546558380127,0.1955183744430542
4,DualHead_LogDirect_GNN_OOD,mb-dielectric-1080,LiVP2O7,Li-O-P-V,1.824144959449768,1.899463176727295,0.07531821727752686
4,DualHead_LogDirect_GNN_OOD,mb-dielectric-1089,Na3ClO,Cl-Na-O,1.697741985321045,1.806835412979126,0.10909342765808105
4,DualHead_LogDirect_GNN_OOD,mb-dielectric-1098,Li6Br3N,Br-Li-N,1.8639992475509644,2.0054030418395996,0.14140379428863525
4,DualHead_LogDirect_GNN_OOD,mb-dielectric-1116,Mg2NbN3,Mg-N-Nb,2.3871188163757324,2.4038681983947754,0.01674938201904297
4,DualHead_LogDirect_GNN_OOD,mb-dielectric-1117,Li3Ti(PO4)2,Li-O-P-Ti,2.0594420433044434,1.7076321840286255,0.35180985927581787
4,DualHead_LogDirect_GNN_OOD,mb-dielectric-1132,BClF6,B-Cl-F,1.4385178089141846,1.3446732759475708,0.09384453296661377
4,DualHead_LogDirect_GNN_OOD,mb-dielectric-1134,BeP2,Be-P,3.1419739723205566,3.026235580444336,0.1157383918762207
4,DualHead_LogDirect_GNN_OOD,mb-dielectric-1137,MgBr2,Br-Mg,1.739731788635254,1.8140325546264648,0.07430076599121094
4,DualHead_LogDirect_GNN_OOD,mb-dielectric-1147,NaCdPO4,Cd-Na-O-P,1.7110589742660522,1.7682805061340332,0.05722153186798096
4,DualHead_LogDirect_GNN_OOD,mb-dielectric-1152,K2ReH9,H-K-Re,1.6562727689743042,1.83974289894104,0.18347012996673584
4,DualHead_LogDirect_GNN_OOD,mb-dielectric-1164,GeCl4,Cl-Ge,1.4722998142242432,1.5004594326019287,0.028159618377685547
4,DualHead_LogDirect_GNN_OOD,mb-dielectric-1166,K2MgF4,F-K-Mg,1.4119107723236084,1.4199316501617432,0.008020877838134766
4,DualHead_LogDirect_GNN_OOD,mb-dielectric-1171,K2ZnBr4,Br-K-Zn,1.6649324893951416,1.7441201210021973,0.07918763160705566
4,DualHead_LogDirect_GNN_OOD,mb-dielectric-1175,AsCl5,As-Cl,1.5938422679901123,1.6179455518722534,0.024103283882141113
4,DualHead_LogDirect_GNN_OOD,mb-dielectric-1176,K2PtCl6,Cl-K-Pt,1.7842934131622314,1.770524024963379,0.013769388198852539
4,DualHead_LogDirect_GNN_OOD,mb-dielectric-1178,Li2AlFeO4,Al-Fe-Li-O,1.8370946645736694,1.796438455581665,0.040656208992004395
4,DualHead_LogDirect_GNN_OOD,mb-dielectric-1190,Li5CrO5,Cr-Li-O,2.135479688644409,1.9955329895019531,0.13994669914245605
4,DualHead_LogDirect_GNN_OOD,mb-dielectric-1191,Li5SbS,Li-S-Sb,2.467517137527466,2.3823366165161133,0.08518052101135254
4,DualHead_LogDirect_GNN_OOD,mb-dielectric-1196,ReP4,P-Re,4.2808098793029785,4.260472774505615,0.02033710479736328
4,DualHead_LogDirect_GNN_OOD,mb-dielectric-1197,Li2AlFeO4,Al-Fe-Li-O,1.9257128238677979,1.7824854850769043,0.14322733879089355
4,DualHead_LogDirect_GNN_OOD,mb-dielectric-1200,LiNb(TeO4)3,Li-Nb-O-Te,2.112811803817749,2.096632719039917,0.01617908477783203
4,DualHead_LogDirect_GNN_OOD,mb-dielectric-1202,PCl3O,Cl-O-P,1.5,1.5370793342590332,0.0370793342590332
4,DualHead_LogDirect_GNN_OOD,mb-dielectric-1209,LiVPO5,Li-O-P-V,1.6700068712234497,1.7773559093475342,0.10734903812408447
4,DualHead_LogDirect_GNN_OOD,mb-dielectric-1212,Rb2SnTe5,Rb-Sn-Te,3.491410255432129,3.2457261085510254,0.24568414688110352
4,DualHead_LogDirect_GNN_OOD,mb-dielectric-1220,Mn2OF3,F-Mn-O,2.6057896614074707,1.91385817527771,0.6919314861297607
4,DualHead_LogDirect_GNN_OOD,mb-dielectric-1226,LuGaO3,Ga-Lu-O,2.1040287017822266,2.235121488571167,0.13109278678894043
4,DualHead_LogDirect_GNN_OOD,mb-dielectric-1234,NaNO2,N-Na-O,1.5593801736831665,1.4488856792449951,0.11049449443817139
4,DualHead_LogDirect_GNN_OOD,mb-dielectric-1237,Ga3NO3,Ga-N-O,2.036567449569702,1.9787323474884033,0.05783510208129883
4,DualHead_LogDirect_GNN_OOD,mb-dielectric-1238,RbB3O5,B-O-Rb,1.5377284288406372,1.5019969940185547,0.03573143482208252
4,DualHead_LogDirect_GNN_OOD,mb-dielectric-1240,MgH2,H-Mg,2.0134546756744385,1.9741699695587158,0.039284706115722656
4,DualHead_LogDirect_GNN_OOD,mb-dielectric-1247,Li5SbS4,Li-S-Sb,2.4326179027557373,2.3332810401916504,0.09933686256408691
4,DualHead_LogDirect_GNN_OOD,mb-dielectric-1250,KMgH3,H-K-Mg,1.8843390941619873,1.7416521310806274,0.14268696308135986
4,DualHead_LogDirect_GNN_OOD,mb-dielectric-1251,YInO3,In-O-Y,2.1092982292175293,2.126697540283203,0.017399311065673828
4,DualHead_LogDirect_GNN_OOD,mb-dielectric-1257,LiCrO2,Cr-Li-O,2.253474235534668,2.3915374279022217,0.1380631923675537
4,DualHead_LogDirect_GNN_OOD,mb-dielectric-1258,Li2TiCoO4,Co-Li-O-Ti,2.436143159866333,2.726670265197754,0.2905271053314209
4,DualHead_LogDirect_GNN_OOD,mb-dielectric-1260,Ca5P8,Ca-P,3.0868537425994873,3.118640661239624,0.03178691864013672
4,DualHead_LogDirect_GNN_OOD,mb-dielectric-1269,YAgO2,Ag-O-Y,2.2104599475860596,2.216425895690918,0.0059659481048583984
4,DualHead_LogDirect_GNN_OOD,mb-dielectric-1281,Na2SiO3,Na-O-Si,1.59333074092865,1.5994317531585693,0.006101012229919434
4,DualHead_LogDirect_GNN_OOD,mb-dielectric-1283,KAg2PS4,Ag-K-P-S,2.394120693206787,2.3942174911499023,9.679794311523438e-05
4,DualHead_LogDirect_GNN_OOD,mb-dielectric-1285,NbOF3,F-Nb-O,1.788092851638794,1.7448499202728271,0.0432429313659668
4,DualHead_LogDirect_GNN_OOD,mb-dielectric-1286,BaLiH3,Ba-H-Li,2.2318902015686035,2.288454055786133,0.0565638542175293
4,DualHead_LogDirect_GNN_OOD,mb-dielectric-1290,Rb3Sm(PS4)2,P-Rb-S-Sm,1.97751784324646,1.998175859451294,0.020658016204833984
4,DualHead_LogDirect_GNN_OOD,mb-dielectric-1298,HgHOF,F-H-Hg-O,1.8915601968765259,1.886826515197754,0.004733681678771973
4,DualHead_LogDirect_GNN_OOD,mb-dielectric-1310,SrHCl,Cl-H-Sr,1.873245358467102,1.8682866096496582,0.004958748817443848
4,DualHead_LogDirect_GNN_OOD,mb-dielectric-1311,Fe3H10S2NO14,Fe-H-N-O-S,1.8208415508270264,1.7581665515899658,0.06267499923706055
4,DualHead_LogDirect_GNN_OOD,mb-dielectric-1315,TlP5,P-Tl,3.283595561981201,3.3782176971435547,0.09462213516235352
4,DualHead_LogDirect_GNN_OOD,mb-dielectric-1320,KAuO2,Au-K-O,2.076655864715576,2.1531429290771484,0.07648706436157227
4,DualHead_LogDirect_GNN_OOD,mb-dielectric-1321,Zn(InSe2)2,In-Se-Zn,2.773900270462036,2.7935516834259033,0.019651412963867188
4,DualHead_LogDirect_GNN_OOD,mb-dielectric-1326,RbBiF6,Bi-F-Rb,1.4768400192260742,1.5290536880493164,0.05221366882324219
4,DualHead_LogDirect_GNN_OOD,mb-dielectric-1327,LaN,La-N,2.6535849571228027,2.6002402305603027,0.0533447265625
4,DualHead_LogDirect_GNN_OOD,mb-dielectric-1332,Mn4SiO7,Mn-O-Si,2.429518699645996,2.1065573692321777,0.32296133041381836
4,DualHead_LogDirect_GNN_OOD,mb-dielectric-1334,LiMnF3,F-Li-Mn,1.4810001850128174,1.5332133769989014,0.052213191986083984
4,DualHead_LogDirect_GNN_OOD,mb-dielectric-1341,Na2Si2O5,Na-O-Si,1.5451816320419312,1.5631022453308105,0.017920613288879395
4,DualHead_LogDirect_GNN_OOD,mb-dielectric-1342,NaCuP2O7,Cu-Na-O-P,2.046351432800293,1.7746996879577637,0.2716517448425293
4,DualHead_LogDirect_GNN_OOD,mb-dielectric-1366,MgH2SeO5,H-Mg-O-Se,1.645397663116455,1.700222373008728,0.05482470989227295
4,DualHead_LogDirect_GNN_OOD,mb-dielectric-1367,Li5Br2N,Br-Li-N,1.9310988187789917,2.0857300758361816,0.15463125705718994
4,DualHead_LogDirect_GNN_OOD,mb-dielectric-1370,Ba2In2O5,Ba-In-O,2.2392489910125732,2.1381096839904785,0.10113930702209473
4,DualHead_LogDirect_GNN_OOD,mb-dielectric-1377,SiSe2,Se-Si,1.8778531551361084,1.9145078659057617,0.03665471076965332
4,DualHead_LogDirect_GNN_OOD,mb-dielectric-1379,Li2V(PO4)2,Li-O-P-V,1.9883453845977783,1.8151025772094727,0.17324280738830566
4,DualHead_LogDirect_GNN_OOD,mb-dielectric-1388,KCl,Cl-K,1.5824031829833984,1.6133685111999512,0.030965328216552734
4,DualHead_LogDirect_GNN_OOD,mb-dielectric-1390,KSi5N7,K-N-Si,2.0251073837280273,1.9724900722503662,0.05261731147766113
4,DualHead_LogDirect_GNN_OOD,mb-dielectric-1391,KSb2,K-Sb,3.9301400184631348,3.6394901275634766,0.2906498908996582
4,DualHead_LogDirect_GNN_OOD,mb-dielectric-1398,Rb2CoI4,Co-I-Rb,1.9127641916275024,2.012014389038086,0.0992501974105835
4,DualHead_LogDirect_GNN_OOD,mb-dielectric-1410,LaOF,F-La-O,1.9397530555725098,1.8745498657226562,0.06520318984985352
4,DualHead_LogDirect_GNN_OOD,mb-dielectric-1411,Ti(CuS)4,Cu-S-Ti,3.129364252090454,3.101585865020752,0.02777838706970215
4,DualHead_LogDirect_GNN_OOD,mb-dielectric-1422,LiZnN,Li-N-Zn,2.7960612773895264,2.408215045928955,0.3878462314605713
4,DualHead_LogDirect_GNN_OOD,mb-dielectric-1433,Li4VF8,F-Li-V,1.4630416631698608,1.4740734100341797,0.011031746864318848
4,DualHead_LogDirect_GNN_OOD,mb-dielectric-1435,ZnP2,P-Zn,3.135974168777466,3.170802593231201,0.03482842445373535
4,DualHead_LogDirect_GNN_OOD,mb-dielectric-1437,Al2(FeSi)3,Al-Fe-Si,5.444967269897461,5.671661376953125,0.22669410705566406
4,DualHead_LogDirect_GNN_OOD,mb-dielectric-1438,LiCrP2O7,Cr-Li-O-P,1.8353147506713867,1.9295034408569336,0.09418869018554688
4,DualHead_LogDirect_GNN_OOD,mb-dielectric-1439,Ca2Ni7P4,Ca-Ni-P,1.0,5.051630020141602,4.051630020141602
4,DualHead_LogDirect_GNN_OOD,mb-dielectric-1445,Na4Ga3Si3B(HO3)4,B-Ga-H-Na-O-Si,1.5733683109283447,1.5619237422943115,0.011444568634033203
4,DualHead_LogDirect_GNN_OOD,mb-dielectric-1451,CaHI,Ca-H-I,2.025005578994751,1.9580256938934326,0.06697988510131836
4,DualHead_LogDirect_GNN_OOD,mb-dielectric-1453,RbCaF3,Ca-F-Rb,1.4550130367279053,1.4697871208190918,0.014774084091186523
4,DualHead_LogDirect_GNN_OOD,mb-dielectric-1455,Rb2SnI6,I-Rb-Sn,2.1786017417907715,2.3453402519226074,0.16673851013183594
4,DualHead_LogDirect_GNN_OOD,mb-dielectric-1458,IBr,Br-I,2.1323695182800293,2.0982110500335693,0.03415846824645996
4,DualHead_LogDirect_GNN_OOD,mb-dielectric-1466,CuH6SO7,Cu-H-O-S,1.736517071723938,1.7862948179244995,0.04977774620056152
4,DualHead_LogDirect_GNN_OOD,mb-dielectric-1471,Te2I,I-Te,3.4855892658233643,3.418766498565674,0.06682276725769043
4,DualHead_LogDirect_GNN_OOD,mb-dielectric-1478,Sr5(GeN3)2,Ge-N-Sr,2.3963963985443115,2.32120418548584,0.07519221305847168
4,DualHead_LogDirect_GNN_OOD,mb-dielectric-1493,H3ClO5,Cl-H-O,1.4722998142242432,1.4870915412902832,0.014791727066040039
4,DualHead_LogDirect_GNN_OOD,mb-dielectric-1507,CdPbF6,Cd-F-Pb,1.609968900680542,1.5470836162567139,0.06288528442382812
4,DualHead_LogDirect_GNN_OOD,mb-dielectric-1509,K3BrO,Br-K-O,1.7346184253692627,1.6973390579223633,0.037279367446899414
4,DualHead_LogDirect_GNN_OOD,mb-dielectric-1511,Li4MnCr(WO6)2,Cr-Li-Mn-O-W,2.912419557571411,2.663872003555298,0.24854755401611328
4,DualHead_LogDirect_GNN_OOD,mb-dielectric-1512,Re2P5,P-Re,4.353772163391113,4.461119651794434,0.10734748840332031
4,DualHead_LogDirect_GNN_OOD,mb-dielectric-1518,H4CN5Cl,C-Cl-H-N,1.609725832939148,1.5557634830474854,0.0539623498916626
4,DualHead_LogDirect_GNN_OOD,mb-dielectric-1529,NaZn(HO)3,H-Na-O-Zn,1.6341969966888428,1.6280839443206787,0.0061130523681640625
4,DualHead_LogDirect_GNN_OOD,mb-dielectric-1530,LaSi3N5,La-N-Si,2.3172082901000977,2.2601356506347656,0.05707263946533203
4,DualHead_LogDirect_GNN_OOD,mb-dielectric-1540,Ca4TiN4,Ca-N-Ti,2.498974323272705,2.5942928791046143,0.09531855583190918
4,DualHead_LogDirect_GNN_OOD,mb-dielectric-1548,Cs2SeCl6,Cl-Cs-Se,1.7558718919754028,1.7205239534378052,0.035347938537597656
4,DualHead_LogDirect_GNN_OOD,mb-dielectric-1552,Tl2SnCl6,Cl-Sn-Tl,1.8766608238220215,2.00247859954834,0.12581777572631836
4,DualHead_LogDirect_GNN_OOD,mb-dielectric-1572,LiMnF3,F-Li-Mn,1.5123728513717651,1.5712430477142334,0.05887019634246826
4,DualHead_LogDirect_GNN_OOD,mb-dielectric-1575,Ga2HgTe4,Ga-Hg-Te,3.407113790512085,3.6185531616210938,0.2114393711090088
4,DualHead_LogDirect_GNN_OOD,mb-dielectric-1579,RhBr3,Br-Rh,2.4747390747070312,2.519205331802368,0.044466257095336914
4,DualHead_LogDirect_GNN_OOD,mb-dielectric-1589,Tl2PdCl4,Cl-Pd-Tl,2.095331907272339,1.9790611267089844,0.11627078056335449
4,DualHead_LogDirect_GNN_OOD,mb-dielectric-1593,Ba4LiCu(CO5)2,Ba-C-Cu-Li-O,1.989893913269043,1.9651193618774414,0.024774551391601562
4,DualHead_LogDirect_GNN_OOD,mb-dielectric-1605,AlAgTe2,Ag-Al-Te,2.9595749378204346,3.342802047729492,0.3832271099090576
4,DualHead_LogDirect_GNN_OOD,mb-dielectric-1609,Ba2SrI6,Ba-I-Sr,1.7932342290878296,1.8769716024398804,0.08373737335205078
4,DualHead_LogDirect_GNN_OOD,mb-dielectric-1612,CdCl2,Cd-Cl,1.7699447870254517,1.7387628555297852,0.031181931495666504
4,DualHead_LogDirect_GNN_OOD,mb-dielectric-1621,FeHO2,Fe-H-O,2.276794910430908,2.2644267082214355,0.012368202209472656
4,DualHead_LogDirect_GNN_OOD,mb-dielectric-1623,Ag3AsS4,Ag-As-S,2.934739112854004,2.774601459503174,0.16013765335083008
4,DualHead_LogDirect_GNN_OOD,mb-dielectric-1630,KNb(CuSe2)2,Cu-K-Nb-Se,2.4576148986816406,2.5206923484802246,0.06307744979858398
4,DualHead_LogDirect_GNN_OOD,mb-dielectric-1634,Ba5(Ga3H)2,Ba-Ga-H,4.226701259613037,3.6868724822998047,0.5398287773132324
4,DualHead_LogDirect_GNN_OOD,mb-dielectric-1639,CaP,Ca-P,2.8633229732513428,2.931434392929077,0.06811141967773438
4,DualHead_LogDirect_GNN_OOD,mb-dielectric-1649,FeAgO2,Ag-Fe-O,2.6875972747802734,3.104085922241211,0.4164886474609375
4,DualHead_LogDirect_GNN_OOD,mb-dielectric-1653,MnF2,F-Mn,1.5903109312057495,1.7439250946044922,0.15361416339874268
4,DualHead_LogDirect_GNN_OOD,mb-dielectric-1660,LiAlGe,Al-Ge-Li,4.0699567794799805,3.7706782817840576,0.29927849769592285
4,DualHead_LogDirect_GNN_OOD,mb-dielectric-1681,La5AgSe8,Ag-La-Se,3.111051082611084,3.132009506225586,0.020958423614501953
4,DualHead_LogDirect_GNN_OOD,mb-dielectric-1687,TaGaFe2,Fe-Ga-Ta,6.34762716293335,6.257688522338867,0.08993864059448242
4,DualHead_LogDirect_GNN_OOD,mb-dielectric-1688,ErBO3,B-Er-O,1.8449620008468628,1.8714075088500977,0.026445508003234863
4,DualHead_LogDirect_GNN_OOD,mb-dielectric-1689,Ca2CdSb2,Ca-Cd-Sb,3.6642870903015137,4.087865829467773,0.42357873916625977
4,DualHead_LogDirect_GNN_OOD,mb-dielectric-1690,LaSF,F-La-S,2.3563663959503174,2.257923126220703,0.09844326972961426
4,DualHead_LogDirect_GNN_OOD,mb-dielectric-1692,Li3Mn2CrO6,Cr-Li-Mn-O,2.2863686084747314,2.181170701980591,0.10519790649414062
4,DualHead_LogDirect_GNN_OOD,mb-dielectric-1711,OsO4,O-Os,1.5740326642990112,1.8956868648529053,0.32165420055389404
4,DualHead_LogDirect_GNN_OOD,mb-dielectric-1712,Li3VSiO5,Li-O-Si-V,1.8383488655090332,1.765493631362915,0.07285523414611816
4,DualHead_LogDirect_GNN_OOD,mb-dielectric-1716,Na6MgO4,Mg-Na-O,1.7704612016677856,1.8333485126495361,0.06288731098175049
4,DualHead_LogDirect_GNN_OOD,mb-dielectric-1718,RbGa3,Ga-Rb,6.1980719566345215,5.424434661865234,0.7736372947692871
4,DualHead_LogDirect_GNN_OOD,mb-dielectric-1720,RbSnIO6,I-O-Rb-Sn,1.7405997514724731,1.847812294960022,0.10721254348754883
4,DualHead_LogDirect_GNN_OOD,mb-dielectric-1725,Li2MnF4,F-Li-Mn,1.4506343603134155,1.5185582637786865,0.067923903465271
4,DualHead_LogDirect_GNN_OOD,mb-dielectric-1727,Ca2SnS4,Ca-S-Sn,2.379357099533081,2.61558198928833,0.23622488975524902
4,DualHead_LogDirect_GNN_OOD,mb-dielectric-1738,RuO4,O-Ru,1.6184276342391968,1.791435718536377,0.17300808429718018
4,DualHead_LogDirect_GNN_OOD,mb-dielectric-1739,Tl9SbSe6,Sb-Se-Tl,4.128559112548828,3.9028568267822266,0.22570228576660156
4,DualHead_LogDirect_GNN_OOD,mb-dielectric-1747,Na2Zn2O3,Na-O-Zn,2.0179295539855957,1.8864493370056152,0.13148021697998047
4,DualHead_LogDirect_GNN_OOD,mb-dielectric-1749,Tl3VO4,O-Tl-V,2.271347761154175,2.3781862258911133,0.10683846473693848
4,DualHead_LogDirect_GNN_OOD,mb-dielectric-1754,Li4TiMn(WO6)2,Li-Mn-O-Ti-W,2.6576058864593506,2.6287972927093506,0.02880859375
4,DualHead_LogDirect_GNN_OOD,mb-dielectric-1760,Li4Al3Si3ClO12,Al-Cl-Li-O-Si,1.5603508949279785,1.5622045993804932,0.0018537044525146484
4,DualHead_LogDirect_GNN_OOD,mb-dielectric-1763,Zn2SiO4,O-Si-Zn,1.8516165018081665,1.9044158458709717,0.052799344062805176
4,DualHead_LogDirect_GNN_OOD,mb-dielectric-1768,RbP(HO2)2,H-O-P-Rb,1.5062878131866455,1.488999605178833,0.0172882080078125
4,DualHead_LogDirect_GNN_OOD,mb-dielectric-1769,Ti3TeO8,O-Te-Ti,1.9743602275848389,2.096367597579956,0.12200736999511719
4,DualHead_LogDirect_GNN_OOD,mb-dielectric-1771,Li2SbS2,Li-S-Sb,2.7954516410827637,2.533045768737793,0.2624058723449707
4,DualHead_LogDirect_GNN_OOD,mb-dielectric-1775,Li5TiP3,Li-P-Ti,3.055161237716675,2.7732698917388916,0.2818913459777832
4,DualHead_LogDirect_GNN_OOD,mb-dielectric-1782,CsClO3,Cl-Cs-O,1.551181435585022,1.5686495304107666,0.01746809482574463
4,DualHead_LogDirect_GNN_OOD,mb-dielectric-1783,BaAg2SnS4,Ag-Ba-S-Sn,2.5768966674804688,2.7583467960357666,0.18145012855529785
4,DualHead_LogDirect_GNN_OOD,mb-dielectric-1785,Li2Ti3CoO8,Co-Li-O-Ti,2.3419241905212402,2.499274492263794,0.1573503017425537
4,DualHead_LogDirect_GNN_OOD,mb-dielectric-1787,Zr2P3H4NO12,H-N-O-P-Zr,1.7644941806793213,1.7070999145507812,0.05739426612854004
4,DualHead_LogDirect_GNN_OOD,mb-dielectric-1789,Na4SnO3,Na-O-Sn,1.9461523294448853,1.856711745262146,0.08944058418273926
4,DualHead_LogDirect_GNN_OOD,mb-dielectric-1790,PH6NO4,H-N-O-P,1.5361441373825073,1.5069553852081299,0.02918875217437744
4,DualHead_LogDirect_GNN_OOD,mb-dielectric-1792,Tb2Ge2O7,Ge-O-Tb,1.9397550821304321,1.96986985206604,0.03011476993560791
4,DualHead_LogDirect_GNN_OOD,mb-dielectric-1797,YMoN3,Mo-N-Y,2.8057947158813477,2.8804824352264404,0.07468771934509277
4,DualHead_LogDirect_GNN_OOD,mb-dielectric-1801,Li2FeF4,F-Fe-Li,1.4589966535568237,1.5324461460113525,0.07344949245452881
4,DualHead_LogDirect_GNN_OOD,mb-dielectric-1808,LiVPO4,Li-O-P-V,1.7767080068588257,1.8167610168457031,0.04005300998687744
4,DualHead_LogDirect_GNN_OOD,mb-dielectric-1812,Li6MnS4,Li-Mn-S,2.077418327331543,2.1199989318847656,0.042580604553222656
4,DualHead_LogDirect_GNN_OOD,mb-dielectric-1819,LiVF4,F-Li-V,1.4845876693725586,1.5184968709945679,0.03390920162200928
4,DualHead_LogDirect_GNN_OOD,mb-dielectric-1828,CrFe(BiO3)2,Bi-Cr-Fe-O,2.6789560317993164,2.672687530517578,0.006268501281738281
4,DualHead_LogDirect_GNN_OOD,mb-dielectric-1829,Li2Mn3TeO8,Li-Mn-O-Te,4.047787189483643,2.179840087890625,1.8679471015930176
4,DualHead_LogDirect_GNN_OOD,mb-dielectric-1831,Na2CoP2O7,Co-Na-O-P,1.605933427810669,1.7428685426712036,0.13693511486053467
4,DualHead_LogDirect_GNN_OOD,mb-dielectric-1834,GeI2,Ge-I,2.3826491832733154,2.3086719512939453,0.07397723197937012
4,DualHead_LogDirect_GNN_OOD,mb-dielectric-1837,BaSr2I6,Ba-I-Sr,1.8216137886047363,1.8111507892608643,0.01046299934387207
4,DualHead_LogDirect_GNN_OOD,mb-dielectric-1845,C3N4,C-N,2.0739781856536865,1.8379533290863037,0.2360248565673828
4,DualHead_LogDirect_GNN_OOD,mb-dielectric-1846,MgCl2,Cl-Mg,1.5592389106750488,1.5135204792022705,0.04571843147277832
4,DualHead_LogDirect_GNN_OOD,mb-dielectric-1847,FeSbO4,Fe-O-Sb,2.3191747665405273,2.20802640914917,0.11114835739135742
4,DualHead_LogDirect_GNN_OOD,mb-dielectric-1848,Li2ZnGeO4,Ge-Li-O-Zn,1.8085523843765259,1.8016996383666992,0.00685274600982666
4,DualHead_LogDirect_GNN_OOD,mb-dielectric-1850,Li2CrO3,Cr-Li-O,2.129040241241455,1.9735890626907349,0.15545117855072021
4,DualHead_LogDirect_GNN_OOD,mb-dielectric-1857,LiNb(TeO4)3,Li-Nb-O-Te,2.1055047512054443,2.107733726501465,0.002228975296020508
4,DualHead_LogDirect_GNN_OOD,mb-dielectric-1858,Li3VF8,F-Li-V,1.6438589096069336,1.4199669361114502,0.2238919734954834
4,DualHead_LogDirect_GNN_OOD,mb-dielectric-1863,MnAl2O4,Al-Mn-O,1.8653128147125244,1.872207760810852,0.006894946098327637
4,DualHead_LogDirect_GNN_OOD,mb-dielectric-1875,Mn2Nb2Zn2O9,Mn-Nb-O-Zn,2.2948055267333984,2.299647331237793,0.004841804504394531
4,DualHead_LogDirect_GNN_OOD,mb-dielectric-1877,LiSbO3,Li-O-Sb,1.8597068786621094,1.971933364868164,0.11222648620605469
4,DualHead_LogDirect_GNN_OOD,mb-dielectric-1893,KSi2N3,K-N-Si,2.1146531105041504,2.2225632667541504,0.10791015625
4,DualHead_LogDirect_GNN_OOD,mb-dielectric-1896,MgO,Mg-O,1.7403484582901,1.8812241554260254,0.1408756971359253
4,DualHead_LogDirect_GNN_OOD,mb-dielectric-1899,Cs2RbZrOF5,Cs-F-O-Rb-Zr,1.53018319606781,1.5667505264282227,0.0365673303604126
4,DualHead_LogDirect_GNN_OOD,mb-dielectric-1903,KBrO3,Br-K-O,1.6549724340438843,1.586745262145996,0.06822717189788818
4,DualHead_LogDirect_GNN_OOD,mb-dielectric-1911,Cs2SiF6,Cs-F-Si,1.4021055698394775,1.4258549213409424,0.023749351501464844
4,DualHead_LogDirect_GNN_OOD,mb-dielectric-1929,Li2VF6,F-Li-V,1.6106889247894287,1.522658109664917,0.08803081512451172
4,DualHead_LogDirect_GNN_OOD,mb-dielectric-1936,LiVF4,F-Li-V,1.574988842010498,1.548123836517334,0.026865005493164062
4,DualHead_LogDirect_GNN_OOD,mb-dielectric-1938,Li2FeF4,F-Fe-Li,1.3874328136444092,1.4329195022583008,0.0454866886138916
4,DualHead_LogDirect_GNN_OOD,mb-dielectric-1940,KHO,H-K-O,1.5954126119613647,1.5495846271514893,0.04582798480987549
4,DualHead_LogDirect_GNN_OOD,mb-dielectric-1942,LiFeF4,F-Fe-Li,1.60258948802948,1.5271050930023193,0.07548439502716064
4,DualHead_LogDirect_GNN_OOD,mb-dielectric-1957,NaHS,H-Na-S,1.8203486204147339,1.7242590188980103,0.09608960151672363
4,DualHead_LogDirect_GNN_OOD,mb-dielectric-1960,Li5BiO5,Bi-Li-O,2.004307985305786,1.9207942485809326,0.08351373672485352
4,DualHead_LogDirect_GNN_OOD,mb-dielectric-1967,Li5NiOF5,F-Li-Ni-O,1.4967565536499023,1.5477790832519531,0.05102252960205078
4,DualHead_LogDirect_GNN_OOD,mb-dielectric-1973,Zn2SiH2O5,H-O-Si-Zn,1.6729482412338257,1.675071358680725,0.002123117446899414
4,DualHead_LogDirect_GNN_OOD,mb-dielectric-1979,SrSiN2,N-Si-Sr,2.1831226348876953,2.1784515380859375,0.0046710968017578125
4,DualHead_LogDirect_GNN_OOD,mb-dielectric-1997,BaLaMgRuO6,Ba-La-Mg-O-Ru,2.4965109825134277,2.424387216567993,0.07212376594543457
4,DualHead_LogDirect_GNN_OOD,mb-dielectric-2000,NbZn2N3,N-Nb-Zn,2.7640116214752197,2.743375301361084,0.020636320114135742
4,DualHead_LogDirect_GNN_OOD,mb-dielectric-2004,La3Si6N11,La-N-Si,2.342862844467163,2.3832297325134277,0.04036688804626465
4,DualHead_LogDirect_GNN_OOD,mb-dielectric-2007,K2ZnBr4,Br-K-Zn,1.6589982509613037,1.7336342334747314,0.07463598251342773
4,DualHead_LogDirect_GNN_OOD,mb-dielectric-2013,PrN,N-Pr,2.845010757446289,2.6125752925872803,0.2324354648590088
4,DualHead_LogDirect_GNN_OOD,mb-dielectric-2014,CsNb(BO3)2,B-Cs-Nb-O,1.8428490161895752,1.71598219871521,0.12686681747436523
4,DualHead_LogDirect_GNN_OOD,mb-dielectric-2015,Cs2Al2As2O7,Al-As-Cs-O,1.7007702589035034,1.5985863208770752,0.10218393802642822
4,DualHead_LogDirect_GNN_OOD,mb-dielectric-2018,Li7SbO6,Li-O-Sb,1.791916847229004,1.9053676128387451,0.11345076560974121
4,DualHead_LogDirect_GNN_OOD,mb-dielectric-2019,LiCr(PO4)2,Cr-Li-O-P,1.936447024345398,1.7951499223709106,0.1412971019744873
4,DualHead_LogDirect_GNN_OOD,mb-dielectric-2023,Ba5(TiN3)2,Ba-N-Ti,2.7077343463897705,2.8314175605773926,0.12368321418762207
4,DualHead_LogDirect_GNN_OOD,mb-dielectric-2026,Ba(TaN2)2,Ba-N-Ta,2.556293487548828,2.9759368896484375,0.4196434020996094
4,DualHead_LogDirect_GNN_OOD,mb-dielectric-2027,SnH4(NF)2,F-H-N-Sn,1.676901936531067,1.7176960706710815,0.04079413414001465
4,DualHead_LogDirect_GNN_OOD,mb-dielectric-2040,LiAlSe2,Al-Li-Se,2.22505784034729,2.141523838043213,0.08353400230407715
4,DualHead_LogDirect_GNN_OOD,mb-dielectric-2042,Li2MnF6,F-Li-Mn,1.5319547653198242,1.4803799390792847,0.05157482624053955
4,DualHead_LogDirect_GNN_OOD,mb-dielectric-2044,CaH2(CO2)2,C-Ca-H-O,1.5430346727371216,1.5685147047042847,0.025480031967163086
4,DualHead_LogDirect_GNN_OOD,mb-dielectric-2045,Li2MnF4,F-Li-Mn,1.3955943584442139,1.4476311206817627,0.05203676223754883
4,DualHead_LogDirect_GNN_OOD,mb-dielectric-2046,Li3Mn(CO3)3,C-Li-Mn-O,1.8335627317428589,1.6579865217208862,0.17557621002197266
4,DualHead_LogDirect_GNN_OOD,mb-dielectric-2047,K2ThF6,F-K-Th,1.5157647132873535,1.53084135055542,0.015076637268066406
4,DualHead_LogDirect_GNN_OOD,mb-dielectric-2052,AgNO3,Ag-N-O,1.8494844436645508,1.9062228202819824,0.05673837661743164
4,DualHead_LogDirect_GNN_OOD,mb-dielectric-2055,AlCuSe2,Al-Cu-Se,2.8945350646972656,3.028082847595215,0.13354778289794922
4,DualHead_LogDirect_GNN_OOD,mb-dielectric-2059,SrZrO3,O-Sr-Zr,2.1571762561798096,2.0188751220703125,0.13830113410949707
4,DualHead_LogDirect_GNN_OOD,mb-dielectric-2066,Cu2HgI4,Cu-Hg-I,2.812105655670166,2.4158389568328857,0.3962666988372803
4,DualHead_LogDirect_GNN_OOD,mb-dielectric-2075,LiMnF5,F-Li-Mn,1.6634455919265747,1.5570961236953735,0.10634946823120117
4,DualHead_LogDirect_GNN_OOD,mb-dielectric-2077,LaBiO3,Bi-La-O,2.3896868228912354,2.364199161529541,0.025487661361694336
4,DualHead_LogDirect_GNN_OOD,mb-dielectric-2078,MgSnN2,Mg-N-Sn,2.5174243450164795,2.6176505088806152,0.10022616386413574
4,DualHead_LogDirect_GNN_OOD,mb-dielectric-2080,KCa(PO3)3,Ca-K-O-P,1.5350358486175537,1.509617805480957,0.02541804313659668
4,DualHead_LogDirect_GNN_OOD,mb-dielectric-2087,Li2CrO2,Cr-Li-O,2.0147924423217773,2.022122859954834,0.007330417633056641
4,DualHead_LogDirect_GNN_OOD,mb-dielectric-2090,SrGeO3,Ge-O-Sr,1.7724299430847168,1.7356553077697754,0.036774635314941406
4,DualHead_LogDirect_GNN_OOD,mb-dielectric-2092,MnF2,F-Mn,1.5414278507232666,1.5995118618011475,0.05808401107788086
4,DualHead_LogDirect_GNN_OOD,mb-dielectric-2107,PbCN2,C-N-Pb,2.3891844749450684,2.7860071659088135,0.3968226909637451
4,DualHead_LogDirect_GNN_OOD,mb-dielectric-2113,LiMnF4,F-Li-Mn,1.5838043689727783,1.6770415306091309,0.09323716163635254
4,DualHead_LogDirect_GNN_OOD,mb-dielectric-2115,Li3CrO4,Cr-Li-O,2.122476100921631,2.037825107574463,0.08465099334716797
4,DualHead_LogDirect_GNN_OOD,mb-dielectric-2120,NbO2F,F-Nb-O,2.3969292640686035,2.4027223587036133,0.005793094635009766
4,DualHead_LogDirect_GNN_OOD,mb-dielectric-2121,RbCrO2,Cr-O-Rb,2.148056983947754,2.140021562576294,0.008035421371459961
4,DualHead_LogDirect_GNN_OOD,mb-dielectric-2122,CsGa3,Cs-Ga,6.6511383056640625,5.006836891174316,1.644301414489746
4,DualHead_LogDirect_GNN_OOD,mb-dielectric-2139,LiVF6,F-Li-V,1.479583740234375,1.4228640794754028,0.05671966075897217
4,DualHead_LogDirect_GNN_OOD,mb-dielectric-2141,Ag2GeO3,Ag-Ge-O,2.8197085857391357,2.4832234382629395,0.3364851474761963
4,DualHead_LogDirect_GNN_OOD,mb-dielectric-2158,LiVO3,Li-O-V,1.850571632385254,1.8188246488571167,0.03174698352813721
4,DualHead_LogDirect_GNN_OOD,mb-dielectric-2159,YBrO,Br-O-Y,1.9911048412322998,2.13554048538208,0.14443564414978027
4,DualHead_LogDirect_GNN_OOD,mb-dielectric-2160,In4SnS8,In-S-Sn,3.0173113346099854,3.0202269554138184,0.002915620803833008
4,DualHead_LogDirect_GNN_OOD,mb-dielectric-2163,LiFeF4,F-Fe-Li,1.4886707067489624,1.4303257465362549,0.05834496021270752
4,DualHead_LogDirect_GNN_OOD,mb-dielectric-2167,Mn6O7F5,F-Mn-O,3.5008292198181152,2.5703890323638916,0.9304401874542236
4,DualHead_LogDirect_GNN_OOD,mb-dielectric-2180,AsCl3,As-Cl,1.5714164972305298,1.620552659034729,0.04913616180419922
4,DualHead_LogDirect_GNN_OOD,mb-dielectric-2183,SnO,O-Sn,2.653613805770874,2.52410626411438,0.12950754165649414
4,DualHead_LogDirect_GNN_OOD,mb-dielectric-2190,CuCl,Cl-Cu,2.38767671585083,2.339588165283203,0.04808855056762695
4,DualHead_LogDirect_GNN_OOD,mb-dielectric-2193,K2NaAlF6,Al-F-K-Na,1.4032106399536133,1.4115307331085205,0.008320093154907227
4,DualHead_LogDirect_GNN_OOD,mb-dielectric-2199,PH6NO4,H-N-O-P,1.486541509628296,1.5027574300765991,0.016215920448303223
4,DualHead_LogDirect_GNN_OOD,mb-dielectric-2204,CoO,Co-O,2.334981918334961,3.3567874431610107,1.0218055248260498
4,DualHead_LogDirect_GNN_OOD,mb-dielectric-2208,Th3Sb4,Sb-Th,5.888458728790283,5.693558692932129,0.1949000358581543
4,DualHead_LogDirect_GNN_OOD,mb-dielectric-2222,CdCl2,Cd-Cl,1.8022072315216064,1.7512352466583252,0.05097198486328125
4,DualHead_LogDirect_GNN_OOD,mb-dielectric-2225,FeTeBr7,Br-Fe-Te,2.0642526149749756,2.0021071434020996,0.06214547157287598
4,DualHead_LogDirect_GNN_OOD,mb-dielectric-2226,Be3P2,Be-P,3.1734838485717773,2.749255418777466,0.4242284297943115
4,DualHead_LogDirect_GNN_OOD,mb-dielectric-2230,H4C,C-H,1.2848573923110962,1.4626429080963135,0.17778551578521729
4,DualHead_LogDirect_GNN_OOD,mb-dielectric-2237,Be3Zn4Si3SO12,Be-O-S-Si-Zn,1.7954044342041016,1.7575907707214355,0.037813663482666016
4,DualHead_LogDirect_GNN_OOD,mb-dielectric-2261,Bi2SeO2,Bi-O-Se,3.571148633956909,3.3383874893188477,0.23276114463806152
4,DualHead_LogDirect_GNN_OOD,mb-dielectric-2263,Al5CuSe8,Al-Cu-Se,2.9497921466827393,3.0825090408325195,0.13271689414978027
4,DualHead_LogDirect_GNN_OOD,mb-dielectric-2267,Al2CdO4,Al-Cd-O,1.9336020946502686,1.8746039867401123,0.05899810791015625
4,DualHead_LogDirect_GNN_OOD,mb-dielectric-2273,Al2CoO4,Al-Co-O,1.9025206565856934,1.9679161310195923,0.06539547443389893
4,DualHead_LogDirect_GNN_OOD,mb-dielectric-2282,Al2HgS4,Al-Hg-S,2.388252019882202,2.2801828384399414,0.10806918144226074
4,DualHead_LogDirect_GNN_OOD,mb-dielectric-2283,MgS,Mg-S,2.009767532348633,2.0040035247802734,0.005764007568359375
4,DualHead_LogDirect_GNN_OOD,mb-dielectric-2284,Sn3PO4F3,F-O-P-Sn,1.862301230430603,1.909569501876831,0.04726827144622803
4,DualHead_LogDirect_GNN_OOD,mb-dielectric-2285,Zn2GeSe4,Ge-Se-Zn,2.748108148574829,2.8282182216644287,0.08011007308959961
4,DualHead_LogDirect_GNN_OOD,mb-dielectric-2287,KZrPCO7,C-K-O-P-Zr,1.5746715068817139,1.5528688430786133,0.021802663803100586
4,DualHead_LogDirect_GNN_OOD,mb-dielectric-2289,K2PdO2,K-O-Pd,2.070101022720337,2.392765998840332,0.3226649761199951
4,DualHead_LogDirect_GNN_OOD,mb-dielectric-2303,Li7TaO6,Li-O-Ta,1.8581453561782837,1.904269814491272,0.04612445831298828
4,DualHead_LogDirect_GNN_OOD,mb-dielectric-2305,Lu2(CN2)3,C-Lu-N,1.9364736080169678,2.020235300064087,0.08376169204711914
4,DualHead_LogDirect_GNN_OOD,mb-dielectric-2314,RbP(HO2)2,H-O-P-Rb,1.5245182514190674,1.4913487434387207,0.03316950798034668
4,DualHead_LogDirect_GNN_OOD,mb-dielectric-2332,LiY3WO8,Li-O-W-Y,2.035382032394409,1.908636450767517,0.1267455816268921
4,DualHead_LogDirect_GNN_OOD,mb-dielectric-2342,Ca3SbN,Ca-N-Sb,3.7214057445526123,3.388885259628296,0.3325204849243164
4,DualHead_LogDirect_GNN_OOD,mb-dielectric-2354,LiCr3O4,Cr-Li-O,2.278064489364624,2.2657017707824707,0.01236271858215332
4,DualHead_LogDirect_GNN_OOD,mb-dielectric-2356,PH3CS3,C-H-P-S,1.8436377048492432,1.9279279708862305,0.0842902660369873
4,DualHead_LogDirect_GNN_OOD,mb-dielectric-2359,Ba2Sb2O5,Ba-O-Sb,1.9963722229003906,1.9508326053619385,0.04553961753845215
4,DualHead_LogDirect_GNN_OOD,mb-dielectric-2376,AlSb,Al-Sb,3.4655301570892334,3.573300838470459,0.10777068138122559
4,DualHead_LogDirect_GNN_OOD,mb-dielectric-2382,TeI,I-Te,3.134860038757324,2.9991443157196045,0.13571572303771973
4,DualHead_LogDirect_GNN_OOD,mb-dielectric-2397,RbSnF3,F-Rb-Sn,1.6436277627944946,1.5176751613616943,0.1259526014328003
4,DualHead_LogDirect_GNN_OOD,mb-dielectric-2404,RbTa(GeO3)3,Ge-O-Rb-Ta,1.7970435619354248,1.7497879266738892,0.047255635261535645
4,DualHead_LogDirect_GNN_OOD,mb-dielectric-2405,LiMn3CrO8,Cr-Li-Mn-O,2.686267375946045,2.5856757164001465,0.10059165954589844
4,DualHead_LogDirect_GNN_OOD,mb-dielectric-2406,BCl(OF2)2,B-Cl-F-O,1.551773190498352,1.43833327293396,0.11343991756439209
4,DualHead_LogDirect_GNN_OOD,mb-dielectric-2417,Na4Al3Ge3ClO12,Al-Cl-Ge-Na-O,1.5586230754852295,1.5509474277496338,0.007675647735595703
4,DualHead_LogDirect_GNN_OOD,mb-dielectric-2423,BiO2,Bi-O,2.7660441398620605,2.4247395992279053,0.3413045406341553
4,DualHead_LogDirect_GNN_OOD,mb-dielectric-2434,Al11NO15,Al-N-O,1.8111023902893066,1.8034346103668213,0.0076677799224853516
4,DualHead_LogDirect_GNN_OOD,mb-dielectric-2436,Li8NiO5F,F-Li-Ni-O,1.9807552099227905,1.8206360340118408,0.1601191759109497
4,DualHead_LogDirect_GNN_OOD,mb-dielectric-2437,K2P3,K-P,2.1770009994506836,2.2540414333343506,0.07704043388366699
4,DualHead_LogDirect_GNN_OOD,mb-dielectric-2444,GaAs,As-Ga,3.8523216247558594,3.6895079612731934,0.16281366348266602
4,DualHead_LogDirect_GNN_OOD,mb-dielectric-2448,Li2CrO4,Cr-Li-O,1.7395662069320679,1.7724246978759766,0.03285849094390869
4,DualHead_LogDirect_GNN_OOD,mb-dielectric-2453,MgCl2,Cl-Mg,1.6233710050582886,1.6964600086212158,0.07308900356292725
4,DualHead_LogDirect_GNN_OOD,mb-dielectric-2454,CaSnF6,Ca-F-Sn,1.3750826120376587,1.4318797588348389,0.056797146797180176
4,DualHead_LogDirect_GNN_OOD,mb-dielectric-2459,Cs2PbO3,Cs-O-Pb,2.115318775177002,1.8696496486663818,0.24566912651062012
4,DualHead_LogDirect_GNN_OOD,mb-dielectric-2461,Zn3BPO7,B-O-P-Zn,1.8017054796218872,1.8235703706741333,0.021864891052246094
4,DualHead_LogDirect_GNN_OOD,mb-dielectric-2466,NbS3,Nb-S,3.0671377182006836,2.9256439208984375,0.1414937973022461
4,DualHead_LogDirect_GNN_OOD,mb-dielectric-2467,HgI2,Hg-I,2.22013521194458,2.28936767578125,0.06923246383666992
4,DualHead_LogDirect_GNN_OOD,mb-dielectric-2468,CsCd(NO2)3,Cd-Cs-N-O,1.7254279851913452,1.623845100402832,0.10158288478851318
4,DualHead_LogDirect_GNN_OOD,mb-dielectric-2474,Mn2OF3,F-Mn-O,2.9777867794036865,1.8962903022766113,1.0814964771270752
4,DualHead_LogDirect_GNN_OOD,mb-dielectric-2475,Li3SbS4,Li-S-Sb,2.095580816268921,2.0175366401672363,0.07804417610168457
4,DualHead_LogDirect_GNN_OOD,mb-dielectric-2480,Ce5Zr3O16,Ce-O-Zr,2.6837122440338135,2.3642032146453857,0.31950902938842773
4,DualHead_LogDirect_GNN_OOD,mb-dielectric-2482,InAgO2,Ag-In-O,2.364804744720459,2.4431512355804443,0.07834649085998535
4,DualHead_LogDirect_GNN_OOD,mb-dielectric-2494,Cs2TeI6,Cs-I-Te,2.201120615005493,2.2558794021606445,0.05475878715515137
4,DualHead_LogDirect_GNN_OOD,mb-dielectric-2511,NaSnN,N-Na-Sn,2.906268358230591,3.5905871391296387,0.6843187808990479
4,DualHead_LogDirect_GNN_OOD,mb-dielectric-2530,BCl(OF2)2,B-Cl-F-O,1.5443445444107056,1.4297212362289429,0.1146233081817627
4,DualHead_LogDirect_GNN_OOD,mb-dielectric-2532,FeSbAs,As-Fe-Sb,6.1167426109313965,5.717685222625732,0.39905738830566406
4,DualHead_LogDirect_GNN_OOD,mb-dielectric-2539,Er3GaS6,Er-Ga-S,2.561851978302002,2.6434202194213867,0.08156824111938477
4,DualHead_LogDirect_GNN_OOD,mb-dielectric-2543,CaHfN2,Ca-Hf-N,3.0811750888824463,3.165982723236084,0.0848076343536377
4,DualHead_LogDirect_GNN_OOD,mb-dielectric-2544,VCu3O4,Cu-O-V,3.384514808654785,2.9693222045898438,0.4151926040649414
4,DualHead_LogDirect_GNN_OOD,mb-dielectric-2546,H6S(NO2)2,H-N-O-S,1.589874267578125,1.6094492673873901,0.019574999809265137
4,DualHead_LogDirect_GNN_OOD,mb-dielectric-2565,Li3ScN2,Li-N-Sc,2.380552291870117,2.4211440086364746,0.04059171676635742
4,DualHead_LogDirect_GNN_OOD,mb-dielectric-2566,B2Se2O7,B-O-Se,1.793517827987671,1.8158807754516602,0.022362947463989258
4,DualHead_LogDirect_GNN_OOD,mb-dielectric-2569,BaHfN2,Ba-Hf-N,2.7117323875427246,2.7513010501861572,0.03956866264343262
4,DualHead_LogDirect_GNN_OOD,mb-dielectric-2583,ErCuSe2,Cu-Er-Se,3.185856342315674,3.2661774158477783,0.08032107353210449
4,DualHead_LogDirect_GNN_OOD,mb-dielectric-2606,Sr(SmS2)2,S-Sm-Sr,2.740546703338623,2.68066668510437,0.05988001823425293
4,DualHead_LogDirect_GNN_OOD,mb-dielectric-2607,NbBr2O,Br-Nb-O,2.3064825534820557,2.329411506652832,0.022928953170776367
4,DualHead_LogDirect_GNN_OOD,mb-dielectric-2611,RbP(HO2)2,H-O-P-Rb,1.5224978923797607,1.503380298614502,0.01911759376525879
4,DualHead_LogDirect_GNN_OOD,mb-dielectric-2620,MoSe2,Mo-Se,2.2271628379821777,1.9489445686340332,0.27821826934814453
4,DualHead_LogDirect_GNN_OOD,mb-dielectric-2624,Li2MnF4,F-Li-Mn,1.3885482549667358,1.431970477104187,0.04342222213745117
4,DualHead_LogDirect_GNN_OOD,mb-dielectric-2627,LiVF3,F-Li-V,1.5236735343933105,1.5959919691085815,0.072318434715271
4,DualHead_LogDirect_GNN_OOD,mb-dielectric-2628,LiHSO4,H-Li-O-S,1.4845874309539795,1.4997787475585938,0.015191316604614258
4,DualHead_LogDirect_GNN_OOD,mb-dielectric-2640,Li2H2SO5,H-Li-O-S,1.493701457977295,1.518558382987976,0.024856925010681152
4,DualHead_LogDirect_GNN_OOD,mb-dielectric-2643,HIO3,H-I-O,1.9746817350387573,1.9688271284103394,0.005854606628417969
4,DualHead_LogDirect_GNN_OOD,mb-dielectric-2647,VCl2,Cl-V,1.9798147678375244,2.6324400901794434,0.652625322341919
4,DualHead_LogDirect_GNN_OOD,mb-dielectric-2652,V(PO3)3,O-P-V,1.7121249437332153,1.8090519905090332,0.09692704677581787
4,DualHead_LogDirect_GNN_OOD,mb-dielectric-2656,Na3BN2,B-N-Na,1.81453537940979,2.0021629333496094,0.18762755393981934
4,DualHead_LogDirect_GNN_OOD,mb-dielectric-2658,Na2TiSiO5,Na-O-Si-Ti,1.8059602975845337,1.764681339263916,0.041278958320617676
4,DualHead_LogDirect_GNN_OOD,mb-dielectric-2677,Na2S,Na-S,1.8725205659866333,2.0148582458496094,0.14233767986297607
4,DualHead_LogDirect_GNN_OOD,mb-dielectric-2680,AgSbO3,Ag-O-Sb,4.152525901794434,2.3022403717041016,1.850285530090332
4,DualHead_LogDirect_GNN_OOD,mb-dielectric-2690,Li3Mn2(CO3)4,C-Li-Mn-O,1.6963683366775513,1.6217336654663086,0.07463467121124268
4,DualHead_LogDirect_GNN_OOD,mb-dielectric-2691,V(PO3)4,O-P-V,1.6992601156234741,1.7035229206085205,0.004262804985046387
4,DualHead_LogDirect_GNN_OOD,mb-dielectric-2694,Sn2PClO4,Cl-O-P-Sn,2.066946029663086,2.132112979888916,0.06516695022583008
4,DualHead_LogDirect_GNN_OOD,mb-dielectric-2699,KHO,H-K-O,1.5453100204467773,1.5246517658233643,0.020658254623413086
4,DualHead_LogDirect_GNN_OOD,mb-dielectric-2707,Nd2TeO6,Nd-O-Te,2.0264017581939697,2.144826650619507,0.11842489242553711
4,DualHead_LogDirect_GNN_OOD,mb-dielectric-2708,HfZnN2,Hf-N-Zn,2.854559898376465,2.715120315551758,0.13943958282470703
4,DualHead_LogDirect_GNN_OOD,mb-dielectric-2710,KSi,K-Si,2.4506890773773193,2.5218920707702637,0.07120299339294434
4,DualHead_LogDirect_GNN_OOD,mb-dielectric-2715,VS4,S-V,2.480591297149658,2.5437581539154053,0.06316685676574707
4,DualHead_LogDirect_GNN_OOD,mb-dielectric-2717,H3ClO,Cl-H-O,1.532167673110962,1.5372228622436523,0.00505518913269043
4,DualHead_LogDirect_GNN_OOD,mb-dielectric-2718,GaP,Ga-P,3.2537903785705566,3.546818256378174,0.2930278778076172
4,DualHead_LogDirect_GNN_OOD,mb-dielectric-2719,LiMn2F6,F-Li-Mn,2.0148370265960693,1.63593327999115,0.37890374660491943
4,DualHead_LogDirect_GNN_OOD,mb-dielectric-2721,Li2CrO3,Cr-Li-O,2.7153732776641846,2.385782480239868,0.3295907974243164
4,DualHead_LogDirect_GNN_OOD,mb-dielectric-2722,SiBr4,Br-Si,1.531012773513794,1.599562406539917,0.06854963302612305
4,DualHead_LogDirect_GNN_OOD,mb-dielectric-2734,Li3SbS4,Li-S-Sb,1.729531168937683,1.752272367477417,0.022741198539733887
4,DualHead_LogDirect_GNN_OOD,mb-dielectric-2735,K4IrO4,Ir-K-O,1.8288816213607788,1.8249517679214478,0.003929853439331055
4,DualHead_LogDirect_GNN_OOD,mb-dielectric-2736,Tl3SbSe3,Sb-Se-Tl,3.254685163497925,3.280770778656006,0.026085615158081055
4,DualHead_LogDirect_GNN_OOD,mb-dielectric-2737,Sm3GaO6,Ga-O-Sm,2.0560503005981445,2.073094367980957,0.0170440673828125
4,DualHead_LogDirect_GNN_OOD,mb-dielectric-2744,Na4BeAlSi4ClO12,Al-Be-Cl-Na-O-Si,1.5242104530334473,1.5243189334869385,0.00010848045349121094
4,DualHead_LogDirect_GNN_OOD,mb-dielectric-2746,BaTeW2O9,Ba-O-Te-W,2.088413715362549,2.077767848968506,0.010645866394042969
4,DualHead_LogDirect_GNN_OOD,mb-dielectric-2748,KP,K-P,2.522955894470215,2.39677095413208,0.12618494033813477
4,DualHead_LogDirect_GNN_OOD,mb-dielectric-2752,Cs3LiCl4,Cl-Cs-Li,1.5863471031188965,1.6603646278381348,0.07401752471923828
4,DualHead_LogDirect_GNN_OOD,mb-dielectric-2771,ScTlO2,O-Sc-Tl,2.972231149673462,2.6653947830200195,0.3068363666534424
4,DualHead_LogDirect_GNN_OOD,mb-dielectric-2772,InGaO3,Ga-In-O,2.148738384246826,2.1277027130126953,0.02103567123413086
4,DualHead_LogDirect_GNN_OOD,mb-dielectric-2774,Rb2CoO3,Co-O-Rb,2.3648171424865723,2.2360010147094727,0.1288161277770996
4,DualHead_LogDirect_GNN_OOD,mb-dielectric-2782,FeAgO2,Ag-Fe-O,2.6843409538269043,3.055931806564331,0.37159085273742676
4,DualHead_LogDirect_GNN_OOD,mb-dielectric-2790,KNaSnF6,F-K-Na-Sn,1.3899778127670288,1.4392211437225342,0.04924333095550537
4,DualHead_LogDirect_GNN_OOD,mb-dielectric-2791,NaS,Na-S,1.919820785522461,2.007187604904175,0.08736681938171387
4,DualHead_LogDirect_GNN_OOD,mb-dielectric-2796,CsCdBr3,Br-Cd-Cs,1.8098551034927368,1.8383243083953857,0.028469204902648926
4,DualHead_LogDirect_GNN_OOD,mb-dielectric-2812,KNa(BH4)2,B-H-K-Na,1.5435888767242432,1.5702160596847534,0.026627182960510254
4,DualHead_LogDirect_GNN_OOD,mb-dielectric-2815,Na5Fe3F14,F-Fe-Na,1.4738438129425049,1.4593095779418945,0.014534235000610352
4,DualHead_LogDirect_GNN_OOD,mb-dielectric-2821,MgTa2O6,Mg-O-Ta,2.3156681060791016,2.2363710403442383,0.07929706573486328
4,DualHead_LogDirect_GNN_OOD,mb-dielectric-2825,Y2Hf2O7,Hf-O-Y,1.9752718210220337,2.0721096992492676,0.09683787822723389
4,DualHead_LogDirect_GNN_OOD,mb-dielectric-2838,LiY3WO8,Li-O-W-Y,1.9832801818847656,1.8919732570648193,0.09130692481994629
4,DualHead_LogDirect_GNN_OOD,mb-dielectric-2839,Sr3SbN,N-Sb-Sr,3.13751482963562,3.742392063140869,0.604877233505249
4,DualHead_LogDirect_GNN_OOD,mb-dielectric-2843,Sr2VN3,N-Sr-V,2.609354257583618,2.723419666290283,0.11406540870666504
4,DualHead_LogDirect_GNN_OOD,mb-dielectric-2856,HgO,Hg-O,2.3731141090393066,2.410867214202881,0.03775310516357422
4,DualHead_LogDirect_GNN_OOD,mb-dielectric-2865,Ga2H6(SeO4)3,Ga-H-O-Se,1.8164381980895996,1.868950366973877,0.052512168884277344
4,DualHead_LogDirect_GNN_OOD,mb-dielectric-2870,Sr2CuClO2,Cl-Cu-O-Sr,1.8991276025772095,1.9401463270187378,0.04101872444152832
4,DualHead_LogDirect_GNN_OOD,mb-dielectric-2874,NaGaSiO4,Ga-Na-O-Si,1.6383110284805298,1.6649937629699707,0.026682734489440918
4,DualHead_LogDirect_GNN_OOD,mb-dielectric-2875,Li3FeF6,F-Fe-Li,1.5010812282562256,1.5037508010864258,0.0026695728302001953
4,DualHead_LogDirect_GNN_OOD,mb-dielectric-2876,HIO3,H-I-O,1.9813295602798462,1.9731464385986328,0.008183121681213379
4,DualHead_LogDirect_GNN_OOD,mb-dielectric-2887,MnF2,F-Mn,1.533840537071228,1.5840317010879517,0.05019116401672363
4,DualHead_LogDirect_GNN_OOD,mb-dielectric-2888,FeSi,Fe-Si,8.777528762817383,5.638422012329102,3.1391067504882812
4,DualHead_LogDirect_GNN_OOD,mb-dielectric-2894,GaAs,As-Ga,8.311524391174316,3.8000102043151855,4.511514186859131
4,DualHead_LogDirect_GNN_OOD,mb-dielectric-2897,Pr5AgS8,Ag-Pr-S,2.948162317276001,2.9144957065582275,0.03366661071777344
4,DualHead_LogDirect_GNN_OOD,mb-dielectric-2902,Zn(InSe2)2,In-Se-Zn,2.7734177112579346,2.794036865234375,0.02061915397644043
4,DualHead_LogDirect_GNN_OOD,mb-dielectric-2903,CsN3,Cs-N,1.5946786403656006,1.6359529495239258,0.041274309158325195
4,DualHead_LogDirect_GNN_OOD,mb-dielectric-2910,LiIO3,I-Li-O,1.8060426712036133,1.860273838043213,0.05423116683959961
4,DualHead_LogDirect_GNN_OOD,mb-dielectric-2920,Li3CrO4,Cr-Li-O,2.4677021503448486,2.149880886077881,0.3178212642669678
4,DualHead_LogDirect_GNN_OOD,mb-dielectric-2924,K3MoF6,F-K-Mo,1.4228118658065796,1.4155304431915283,0.0072814226150512695
4,DualHead_LogDirect_GNN_OOD,mb-dielectric-2926,YOF,F-O-Y,1.8372507095336914,1.8266639709472656,0.010586738586425781
4,DualHead_LogDirect_GNN_OOD,mb-dielectric-2931,Ca2B5H2ClO10,B-Ca-Cl-H-O,1.6843841075897217,1.6625858545303345,0.021798253059387207
4,DualHead_LogDirect_GNN_OOD,mb-dielectric-2933,Ba(GaTe2)2,Ba-Ga-Te,2.948786973953247,2.92816424369812,0.020622730255126953
4,DualHead_LogDirect_GNN_OOD,mb-dielectric-2936,BaYFeCuO5,Ba-Cu-Fe-O-Y,2.3044540882110596,2.4714174270629883,0.1669633388519287
4,DualHead_LogDirect_GNN_OOD,mb-dielectric-2937,ZrCuSi2,Cu-Si-Zr,25.192293167114258,4.4689483642578125,20.723344802856445
4,DualHead_LogDirect_GNN_OOD,mb-dielectric-2956,Na2BeF4,Be-F-Na,1.3300375938415527,1.3828656673431396,0.052828073501586914
4,DualHead_LogDirect_GNN_OOD,mb-dielectric-2967,Sc2S3,S-Sc,2.8271305561065674,3.051112651824951,0.2239820957183838
4,DualHead_LogDirect_GNN_OOD,mb-dielectric-2968,Li2VF4,F-Li-V,1.4655102491378784,1.5229783058166504,0.05746805667877197
4,DualHead_LogDirect_GNN_OOD,mb-dielectric-2969,DyHO2,Dy-H-O,1.910327434539795,1.9360487461090088,0.025721311569213867
4,DualHead_LogDirect_GNN_OOD,mb-dielectric-2985,NiCO3,C-Ni-O,1.8777045011520386,1.9362223148345947,0.05851781368255615
4,DualHead_LogDirect_GNN_OOD,mb-dielectric-2987,SrTa4O11,O-Sr-Ta,2.294342279434204,2.233375310897827,0.06096696853637695
4,DualHead_LogDirect_GNN_OOD,mb-dielectric-2988,Na2SbF5,F-Na-Sb,1.478284478187561,1.441846251487732,0.0364382266998291
4,DualHead_LogDirect_GNN_OOD,mb-dielectric-2994,NiF2,F-Ni,1.5840874910354614,1.6762815713882446,0.0921940803527832
4,DualHead_LogDirect_GNN_OOD,mb-dielectric-3006,MgH2(SeO3)2,H-Mg-O-Se,1.7387734651565552,1.7676477432250977,0.02887427806854248
4,DualHead_LogDirect_GNN_OOD,mb-dielectric-3011,Ba12Cl5F19,Ba-Cl-F,1.6337847709655762,1.6586380004882812,0.024853229522705078
4,DualHead_LogDirect_GNN_OOD,mb-dielectric-3015,Sr7GeN6,Ge-N-Sr,2.5854358673095703,2.538241386413574,0.047194480895996094
4,DualHead_LogDirect_GNN_OOD,mb-dielectric-3018,SrSi7N10,N-Si-Sr,2.0511906147003174,2.022386074066162,0.028804540634155273
4,DualHead_LogDirect_GNN_OOD,mb-dielectric-3019,Rb2CoF6,Co-F-Rb,1.5430320501327515,1.4545674324035645,0.08846461772918701
4,DualHead_LogDirect_GNN_OOD,mb-dielectric-3021,Li3V(FeO3)2,Fe-Li-O-V,2.1184847354888916,2.2614986896514893,0.14301395416259766
4,DualHead_LogDirect_GNN_OOD,mb-dielectric-3024,Na15W7N19,N-Na-W,2.2112081050872803,2.239259958267212,0.02805185317993164
4,DualHead_LogDirect_GNN_OOD,mb-dielectric-3025,BBr,B-Br,1.8084063529968262,1.7282733917236328,0.08013296127319336
4,DualHead_LogDirect_GNN_OOD,mb-dielectric-3027,Na4MgO3,Mg-Na-O,1.8055692911148071,1.7473840713500977,0.05818521976470947
4,DualHead_LogDirect_GNN_OOD,mb-dielectric-3035,CuSe3Br,Br-Cu-Se,2.7547647953033447,2.6361188888549805,0.11864590644836426
4,DualHead_LogDirect_GNN_OOD,mb-dielectric-3036,MgH12(ClO3)2,Cl-H-Mg-O,1.5318833589553833,1.526894211769104,0.004989147186279297
4,DualHead_LogDirect_GNN_OOD,mb-dielectric-3039,MgNb2(PbO3)3,Mg-Nb-O-Pb,2.603571891784668,2.6812727451324463,0.07770085334777832
4,DualHead_LogDirect_GNN_OOD,mb-dielectric-3040,BaBePO4F,Ba-Be-F-O-P,1.6732221841812134,1.668917179107666,0.004305005073547363
4,DualHead_LogDirect_GNN_OOD,mb-dielectric-3041,Li3SbS4,Li-S-Sb,2.1241462230682373,2.155778169631958,0.0316319465637207
4,DualHead_LogDirect_GNN_OOD,mb-dielectric-3042,BaLi2SiO4,Ba-Li-O-Si,1.7466739416122437,1.7685691118240356,0.021895170211791992
4,DualHead_LogDirect_GNN_OOD,mb-dielectric-3046,CaTiN2,Ca-N-Ti,2.792288303375244,3.5863733291625977,0.7940850257873535
4,DualHead_LogDirect_GNN_OOD,mb-dielectric-3048,Li7SbO6,Li-O-Sb,1.7869195938110352,1.8920834064483643,0.1051638126373291
4,DualHead_LogDirect_GNN_OOD,mb-dielectric-3054,Ba2SnHg,Ba-Hg-Sn,8.969918251037598,6.507503509521484,2.4624147415161133
4,DualHead_LogDirect_GNN_OOD,mb-dielectric-3058,LiSbS,Li-S-Sb,6.159901142120361,2.6938624382019043,3.466038703918457
4,DualHead_LogDirect_GNN_OOD,mb-dielectric-3062,Cu3SbS4,Cu-S-Sb,1.0,3.1585981845855713,2.1585981845855713
4,DualHead_LogDirect_GNN_OOD,mb-dielectric-3064,TaTl3S4,S-Ta-Tl,2.5201609134674072,2.485649347305298,0.034511566162109375
4,DualHead_LogDirect_GNN_OOD,mb-dielectric-3077,TmNiSb,Ni-Sb-Tm,4.31027364730835,4.079527378082275,0.23074626922607422
4,DualHead_LogDirect_GNN_OOD,mb-dielectric-3078,GaN5O14,Ga-N-O,1.540315866470337,1.5215283632278442,0.018787503242492676
4,DualHead_LogDirect_GNN_OOD,mb-dielectric-3081,Na8SnO6,Na-O-Sn,1.798521637916565,1.7828171253204346,0.01570451259613037
4,DualHead_LogDirect_GNN_OOD,mb-dielectric-3085,Li11TiSb5,Li-Sb-Ti,3.5587880611419678,3.284924268722534,0.2738637924194336
4,DualHead_LogDirect_GNN_OOD,mb-dielectric-3089,B3H5,B-H,1.5531524419784546,1.5879145860671997,0.03476214408874512
4,DualHead_LogDirect_GNN_OOD,mb-dielectric-3092,NaSi2BH2O7,B-H-Na-O-Si,1.5294462442398071,1.5154860019683838,0.01396024227142334
4,DualHead_LogDirect_GNN_OOD,mb-dielectric-3109,Cd(GaS2)2,Cd-Ga-S,2.4090871810913086,2.4398179054260254,0.030730724334716797
4,DualHead_LogDirect_GNN_OOD,mb-dielectric-3113,Li4V3SiO10,Li-O-Si-V,1.857632040977478,1.7717276811599731,0.08590435981750488
4,DualHead_LogDirect_GNN_OOD,mb-dielectric-3116,Li4CoSn3(PO4)4,Co-Li-O-P-Sn,1.915135145187378,1.8727531433105469,0.042382001876831055
4,DualHead_LogDirect_GNN_OOD,mb-dielectric-3122,Mn6O5F7,F-Mn-O,3.0234766006469727,2.1906731128692627,0.83280348777771
4,DualHead_LogDirect_GNN_OOD,mb-dielectric-3126,ClF3,Cl-F,1.495437502861023,1.4477894306182861,0.047648072242736816
4,DualHead_LogDirect_GNN_OOD,mb-dielectric-3138,Rb2HgO2,Hg-O-Rb,1.7370127439498901,1.8656225204467773,0.1286097764968872
4,DualHead_LogDirect_GNN_OOD,mb-dielectric-3139,Na2LiBe2F7,Be-F-Li-Na,1.3426817655563354,1.3746353387832642,0.03195357322692871
4,DualHead_LogDirect_GNN_OOD,mb-dielectric-3143,RbH,H-Rb,1.6730211973190308,1.6493592262268066,0.02366197109222412
4,DualHead_LogDirect_GNN_OOD,mb-dielectric-3144,Sc2S3,S-Sc,2.842909336090088,3.0852670669555664,0.24235773086547852
4,DualHead_LogDirect_GNN_OOD,mb-dielectric-3147,LiMnGaF6,F-Ga-Li-Mn,1.501945972442627,1.5313708782196045,0.02942490577697754
4,DualHead_LogDirect_GNN_OOD,mb-dielectric-3152,K3TiO4F3,F-K-O-Ti,1.562355637550354,1.5481398105621338,0.014215826988220215
4,DualHead_LogDirect_GNN_OOD,mb-dielectric-3159,ZnCu2GeS4,Cu-Ge-S-Zn,3.1569650173187256,2.932209014892578,0.22475600242614746
4,DualHead_LogDirect_GNN_OOD,mb-dielectric-3169,CoH8(BrO2)2,Br-Co-H-O,1.6632298231124878,1.6771657466888428,0.01393592357635498
4,DualHead_LogDirect_GNN_OOD,mb-dielectric-3170,Ni(AsO3)2,As-Ni-O,2.072265386581421,2.2090225219726562,0.13675713539123535
4,DualHead_LogDirect_GNN_OOD,mb-dielectric-3171,KSrVO4,K-O-Sr-V,1.8174840211868286,1.8419617414474487,0.024477720260620117
4,DualHead_LogDirect_GNN_OOD,mb-dielectric-3174,Mn(AsO3)2,As-Mn-O,2.0212109088897705,2.140455961227417,0.11924505233764648
4,DualHead_LogDirect_GNN_OOD,mb-dielectric-3176,AlBiO3,Al-Bi-O,2.45084810256958,2.380547523498535,0.07030057907104492
4,DualHead_LogDirect_GNN_OOD,mb-dielectric-3178,LiVO3,Li-O-V,2.473661184310913,2.4011459350585938,0.07251524925231934
4,DualHead_LogDirect_GNN_OOD,mb-dielectric-3183,Li6Br3N,Br-Li-N,1.9359934329986572,2.0496997833251953,0.11370635032653809
4,DualHead_LogDirect_GNN_OOD,mb-dielectric-3189,ZnP2,P-Zn,3.1372764110565186,3.171290874481201,0.03401446342468262
4,DualHead_LogDirect_GNN_OOD,mb-dielectric-3196,NaMgAs,As-Mg-Na,2.8818650245666504,3.196688652038574,0.31482362747192383
4,DualHead_LogDirect_GNN_OOD,mb-dielectric-3199,SnO,O-Sn,2.561332941055298,2.402475357055664,0.1588575839996338
4,DualHead_LogDirect_GNN_OOD,mb-dielectric-3201,HgI2,Hg-I,2.2020444869995117,2.18376088142395,0.018283605575561523
4,DualHead_LogDirect_GNN_OOD,mb-dielectric-3203,Na6WN4,N-Na-W,2.093629837036133,2.210165500640869,0.11653566360473633
4,DualHead_LogDirect_GNN_OOD,mb-dielectric-3204,LiHf2N3,Hf-Li-N,2.885796308517456,2.5409414768218994,0.34485483169555664
4,DualHead_LogDirect_GNN_OOD,mb-dielectric-3209,Li2GeN2,Ge-Li-N,2.212341547012329,2.229663848876953,0.017322301864624023
4,DualHead_LogDirect_GNN_OOD,mb-dielectric-3212,Sr3GeO5,Ge-O-Sr,1.9121050834655762,1.9158074855804443,0.003702402114868164
4,DualHead_LogDirect_GNN_OOD,mb-dielectric-3225,SiGeN2O,Ge-N-O-Si,1.9319095611572266,2.0253055095672607,0.09339594841003418
4,DualHead_LogDirect_GNN_OOD,mb-dielectric-3226,Li2PNO2,Li-N-O-P,1.7251919507980347,1.6993300914764404,0.02586185932159424
4,DualHead_LogDirect_GNN_OOD,mb-dielectric-3227,Bi2Se3,Bi-Se,4.163692474365234,4.413082599639893,0.2493901252746582
4,DualHead_LogDirect_GNN_OOD,mb-dielectric-3234,Sr5Mo2N7,Mo-N-Sr,2.4007797241210938,2.4850144386291504,0.08423471450805664
4,DualHead_LogDirect_GNN_OOD,mb-dielectric-3245,Fe2O3,Fe-O,2.4926559925079346,2.6608049869537354,0.16814899444580078
4,DualHead_LogDirect_GNN_OOD,mb-dielectric-3246,CaAlSiHO5,Al-Ca-H-O-Si,1.777122139930725,1.7537071704864502,0.023414969444274902
4,DualHead_LogDirect_GNN_OOD,mb-dielectric-3248,PH6NO4,H-N-O-P,1.4835481643676758,1.4911770820617676,0.007628917694091797
4,DualHead_LogDirect_GNN_OOD,mb-dielectric-3250,KCrO2,Cr-K-O,2.093571186065674,2.1718783378601074,0.0783071517944336
4,DualHead_LogDirect_GNN_OOD,mb-dielectric-3257,Cu2SnS3,Cu-S-Sn,4.503690242767334,3.284287452697754,1.21940279006958
4,DualHead_LogDirect_GNN_OOD,mb-dielectric-3259,Li5SbS,Li-S-Sb,2.570573568344116,2.573336362838745,0.0027627944946289062
4,DualHead_LogDirect_GNN_OOD,mb-dielectric-3263,RbCaAs,As-Ca-Rb,2.4382219314575195,2.442683219909668,0.0044612884521484375
4,DualHead_LogDirect_GNN_OOD,mb-dielectric-3265,CoO,Co-O,2.418165922164917,3.3939967155456543,0.9758307933807373
4,DualHead_LogDirect_GNN_OOD,mb-dielectric-3267,MgH12SeO9,H-Mg-O-Se,1.5593546628952026,1.5410051345825195,0.018349528312683105
4,DualHead_LogDirect_GNN_OOD,mb-dielectric-3280,TlCl,Cl-Tl,2.501399517059326,2.5409812927246094,0.0395817756652832
4,DualHead_LogDirect_GNN_OOD,mb-dielectric-3286,MgO,Mg-O,1.7911901473999023,1.7969274520874023,0.0057373046875
4,DualHead_LogDirect_GNN_OOD,mb-dielectric-3287,TmSbPt,Pt-Sb-Tm,5.358011245727539,4.598485946655273,0.7595252990722656
4,DualHead_LogDirect_GNN_OOD,mb-dielectric-3294,PbSe,Pb-Se,4.440080642700195,4.389186859130859,0.05089378356933594
4,DualHead_LogDirect_GNN_OOD,mb-dielectric-3296,ThSbRh,Rh-Sb-Th,4.504394054412842,5.413634300231934,0.9092402458190918
4,DualHead_LogDirect_GNN_OOD,mb-dielectric-3299,AgNO3,Ag-N-O,1.8141058683395386,2.012104034423828,0.19799816608428955
4,DualHead_LogDirect_GNN_OOD,mb-dielectric-3308,MgO,Mg-O,1.7364777326583862,1.7684834003448486,0.0320056676864624
4,DualHead_LogDirect_GNN_OOD,mb-dielectric-3312,NaCrSe2,Cr-Na-Se,3.2463879585266113,3.1064157485961914,0.13997220993041992
4,DualHead_LogDirect_GNN_OOD,mb-dielectric-3313,NaYS2,Na-S-Y,2.2684755325317383,2.36260724067688,0.0941317081451416
4,DualHead_LogDirect_GNN_OOD,mb-dielectric-3314,SiF4,F-Si,1.2766835689544678,1.2948896884918213,0.018206119537353516
4,DualHead_LogDirect_GNN_OOD,mb-dielectric-3317,HgI,Hg-I,2.807311773300171,2.7343039512634277,0.07300782203674316
4,DualHead_LogDirect_GNN_OOD,mb-dielectric-3335,Ca(CdP)2,Ca-Cd-P,3.472175121307373,3.697815418243408,0.22564029693603516
4,DualHead_LogDirect_GNN_OOD,mb-dielectric-3336,Na3Mo(OF)3,F-Mo-Na-O,1.584861159324646,1.5940213203430176,0.009160161018371582
4,DualHead_LogDirect_GNN_OOD,mb-dielectric-3337,KMgF3,F-K-Mg,1.4342244863510132,1.419076919555664,0.015147566795349121
4,DualHead_LogDirect_GNN_OOD,mb-dielectric-3341,Ba(CdAs)2,As-Ba-Cd,9.880904197692871,4.026045799255371,5.8548583984375
4,DualHead_LogDirect_GNN_OOD,mb-dielectric-3346,Si2Mo,Mo-Si,5.3440375328063965,5.3879547119140625,0.043917179107666016
4,DualHead_LogDirect_GNN_OOD,mb-dielectric-3358,Ca(CdAs)2,As-Ca-Cd,6.284873962402344,4.132063865661621,2.1528100967407227
4,DualHead_LogDirect_GNN_OOD,mb-dielectric-3359,FeHO2,Fe-H-O,2.16121768951416,2.001415491104126,0.15980219841003418
4,DualHead_LogDirect_GNN_OOD,mb-dielectric-3362,LaOF,F-La-O,1.884361743927002,1.942482829093933,0.05812108516693115
4,DualHead_LogDirect_GNN_OOD,mb-dielectric-3363,PbClF,Cl-F-Pb,2.126213312149048,2.21415638923645,0.08794307708740234
4,DualHead_LogDirect_GNN_OOD,mb-dielectric-3366,BaClF,Ba-Cl-F,1.7003084421157837,1.689025640487671,0.011282801628112793
4,DualHead_LogDirect_GNN_OOD,mb-dielectric-3371,YOF,F-O-Y,1.8452945947647095,1.8257452249526978,0.01954936981201172
4,DualHead_LogDirect_GNN_OOD,mb-dielectric-3377,NiP2,Ni-P,5.150436878204346,4.617638111114502,0.5327987670898438
4,DualHead_LogDirect_GNN_OOD,mb-dielectric-3379,MgF2,F-Mg,1.4328293800354004,1.420947790145874,0.011881589889526367
4,DualHead_LogDirect_GNN_OOD,mb-dielectric-3394,MgTlP(H6O5)2,H-Mg-O-P-Tl,1.615739107131958,1.570019245147705,0.04571986198425293
4,DualHead_LogDirect_GNN_OOD,mb-dielectric-3401,Ba2SrI6,Ba-I-Sr,1.9563618898391724,1.988579511642456,0.03221762180328369
4,DualHead_LogDirect_GNN_OOD,mb-dielectric-3415,NbO2F,F-Nb-O,2.274664878845215,2.379871129989624,0.10520625114440918
4,DualHead_LogDirect_GNN_OOD,mb-dielectric-3417,LiZnBO3,B-Li-O-Zn,1.741443395614624,1.7242845296859741,0.017158865928649902
4,DualHead_LogDirect_GNN_OOD,mb-dielectric-3425,Li3SbO3,Li-O-Sb,2.022057294845581,1.885483980178833,0.13657331466674805
4,DualHead_LogDirect_GNN_OOD,mb-dielectric-3431,Li2MnF4,F-Li-Mn,1.479512333869934,1.5613173246383667,0.08180499076843262
4,DualHead_LogDirect_GNN_OOD,mb-dielectric-3434,FeHO2,Fe-H-O,2.1055476665496826,1.9821895360946655,0.12335813045501709
4,DualHead_LogDirect_GNN_OOD,mb-dielectric-3448,K2AgSbS4,Ag-K-S-Sb,2.2106716632843018,2.206545829772949,0.004125833511352539
4,DualHead_LogDirect_GNN_OOD,mb-dielectric-3452,Ca4SnS6,Ca-S-Sn,2.0896387100219727,2.2144956588745117,0.12485694885253906
4,DualHead_LogDirect_GNN_OOD,mb-dielectric-3453,BaZn2(BO3)2,B-Ba-O-Zn,1.7876678705215454,1.7755656242370605,0.012102246284484863
4,DualHead_LogDirect_GNN_OOD,mb-dielectric-3467,K15Re7N19,K-N-Re,3.671757459640503,2.374765396118164,1.2969920635223389
4,DualHead_LogDirect_GNN_OOD,mb-dielectric-3469,Cd4GeSe6,Cd-Ge-Se,2.7496728897094727,2.894993305206299,0.14532041549682617
4,DualHead_LogDirect_GNN_OOD,mb-dielectric-3473,Cs15W7N19,Cs-N-W,2.2444944381713867,2.2667412757873535,0.022246837615966797
4,DualHead_LogDirect_GNN_OOD,mb-dielectric-3479,Ag2GeS3,Ag-Ge-S,2.844275712966919,2.8764584064483643,0.03218269348144531
4,DualHead_LogDirect_GNN_OOD,mb-dielectric-3499,BaCaSi,Ba-Ca-Si,4.802707672119141,3.432234048843384,1.3704736232757568
4,DualHead_LogDirect_GNN_OOD,mb-dielectric-3501,Sr3(SiAs2)2,As-Si-Sr,3.130814552307129,3.067629337310791,0.06318521499633789
4,DualHead_LogDirect_GNN_OOD,mb-dielectric-3509,NaAlSe2,Al-Na-Se,2.3619163036346436,2.445711612701416,0.08379530906677246
4,DualHead_LogDirect_GNN_OOD,mb-dielectric-3523,Y2SiP4O15,O-P-Si-Y,1.6114516258239746,1.6145471334457397,0.0030955076217651367
4,DualHead_LogDirect_GNN_OOD,mb-dielectric-3527,Li4MnF8,F-Li-Mn,1.481584906578064,1.4844590425491333,0.002874135971069336
4,DualHead_LogDirect_GNN_OOD,mb-dielectric-3535,BeS,Be-S,2.2968361377716064,2.165229320526123,0.1316068172454834
4,DualHead_LogDirect_GNN_OOD,mb-dielectric-3543,ZnP2,P-Zn,3.1409127712249756,3.2160696983337402,0.07515692710876465
4,DualHead_LogDirect_GNN_OOD,mb-dielectric-3551,Ca(BeN)2,Be-Ca-N,2.303624391555786,2.5392022132873535,0.23557782173156738
4,DualHead_LogDirect_GNN_OOD,mb-dielectric-3566,HgO,Hg-O,2.35847544670105,2.377824544906616,0.019349098205566406
4,DualHead_LogDirect_GNN_OOD,mb-dielectric-3569,KSbO2,K-O-Sb,1.9073389768600464,1.8512134552001953,0.056125521659851074
4,DualHead_LogDirect_GNN_OOD,mb-dielectric-3576,LiVO2,Li-O-V,2.190977096557617,2.2471818923950195,0.056204795837402344
4,DualHead_LogDirect_GNN_OOD,mb-dielectric-3578,Na2Sn2O3,Na-O-Sn,2.5308053493499756,2.175361156463623,0.35544419288635254
4,DualHead_LogDirect_GNN_OOD,mb-dielectric-3594,LiFeF4,F-Fe-Li,1.5663331747055054,1.5274330377578735,0.038900136947631836
4,DualHead_LogDirect_GNN_OOD,mb-dielectric-3599,Cs2Ni3Se4,Cs-Ni-Se,2.806732177734375,2.8544445037841797,0.04771232604980469
4,DualHead_LogDirect_GNN_OOD,mb-dielectric-3604,EuGePt,Eu-Ge-Pt,1.0,5.304579734802246,4.304579734802246
4,DualHead_LogDirect_GNN_OOD,mb-dielectric-3608,Li2MnF4,F-Li-Mn,1.4750683307647705,1.5110105276107788,0.0359421968460083
4,DualHead_LogDirect_GNN_OOD,mb-dielectric-3615,Sr(As3Pt2)2,As-Pt-Sr,5.064089298248291,4.344499588012695,0.7195897102355957
4,DualHead_LogDirect_GNN_OOD,mb-dielectric-3616,Ba(As3Pt2)2,As-Ba-Pt,5.016007900238037,4.356751441955566,0.6592564582824707
4,DualHead_LogDirect_GNN_OOD,mb-dielectric-3622,Sb2Ir,Ir-Sb,4.98598051071167,5.380615234375,0.3946347236633301
4,DualHead_LogDirect_GNN_OOD,mb-dielectric-3623,Na2PtS2,Na-Pt-S,2.4971394538879395,2.707108497619629,0.20996904373168945
4,DualHead_LogDirect_GNN_OOD,mb-dielectric-3628,RhF3,F-Rh,2.9334280490875244,1.8457475900650024,1.087680459022522
4,DualHead_LogDirect_GNN_OOD,mb-dielectric-3631,Zn3P2,P-Zn,3.704951524734497,3.4972453117370605,0.20770621299743652
4,DualHead_LogDirect_GNN_OOD,mb-dielectric-3634,AgSnF6,Ag-F-Sn,1.8959120512008667,1.6302134990692139,0.26569855213165283
4,DualHead_LogDirect_GNN_OOD,mb-dielectric-3637,Li2Mn3F8,F-Li-Mn,1.466861605644226,1.529687523841858,0.06282591819763184
4,DualHead_LogDirect_GNN_OOD,mb-dielectric-3655,TlSe,Se-Tl,3.3809762001037598,3.394406795501709,0.013430595397949219
4,DualHead_LogDirect_GNN_OOD,mb-dielectric-3661,ScAuO2,Au-O-Sc,2.674631118774414,2.401550769805908,0.27308034896850586
4,DualHead_LogDirect_GNN_OOD,mb-dielectric-3665,BaAl4S7,Al-Ba-S,2.209580659866333,2.119995594024658,0.0895850658416748
4,DualHead_LogDirect_GNN_OOD,mb-dielectric-3675,Li10BrN3,Br-Li-N,2.26155948638916,2.219540596008301,0.042018890380859375
4,DualHead_LogDirect_GNN_OOD,mb-dielectric-3677,Li2CrO2,Cr-Li-O,2.1194040775299072,2.082944393157959,0.03645968437194824
4,DualHead_LogDirect_GNN_OOD,mb-dielectric-3678,Cs3W2N5,Cs-N-W,2.3260767459869385,2.3112056255340576,0.01487112045288086
4,DualHead_LogDirect_GNN_OOD,mb-dielectric-3683,KSb,K-Sb,2.9373457431793213,3.0473599433898926,0.11001420021057129
4,DualHead_LogDirect_GNN_OOD,mb-dielectric-3686,Li2HfN2,Hf-Li-N,2.661512851715088,2.466653823852539,0.19485902786254883
4,DualHead_LogDirect_GNN_OOD,mb-dielectric-3691,Li6CrO4,Cr-Li-O,1.8971753120422363,1.884831190109253,0.012344121932983398
4,DualHead_LogDirect_GNN_OOD,mb-dielectric-3694,Li2CrO4,Cr-Li-O,1.709518313407898,1.7207298278808594,0.011211514472961426
4,DualHead_LogDirect_GNN_OOD,mb-dielectric-3695,Sr6Cu3N5,Cu-N-Sr,2.7086610794067383,2.8614282608032227,0.15276718139648438
4,DualHead_LogDirect_GNN_OOD,mb-dielectric-3700,LiSbO3,Li-O-Sb,2.1254119873046875,2.0174221992492676,0.10798978805541992
4,DualHead_LogDirect_GNN_OOD,mb-dielectric-3701,CoSb3,Co-Sb,5.923174858093262,5.80816650390625,0.11500835418701172
4,DualHead_LogDirect_GNN_OOD,mb-dielectric-3702,ZnSeO4,O-Se-Zn,1.9401971101760864,1.973172664642334,0.03297555446624756
4,DualHead_LogDirect_GNN_OOD,mb-dielectric-3704,NaSi,Na-Si,3.007047176361084,3.0348944664001465,0.0278472900390625
4,DualHead_LogDirect_GNN_OOD,mb-dielectric-3706,KGeBr3,Br-Ge-K,2.2281808853149414,1.8116261959075928,0.41655468940734863
4,DualHead_LogDirect_GNN_OOD,mb-dielectric-3713,MgH2,H-Mg,1.9875445365905762,2.0061709880828857,0.01862645149230957
4,DualHead_LogDirect_GNN_OOD,mb-dielectric-3715,CaY2O4,Ca-O-Y,1.9314656257629395,1.8686479330062866,0.06281769275665283
4,DualHead_LogDirect_GNN_OOD,mb-dielectric-3717,K7NbAs4,As-K-Nb,2.4706413745880127,2.38126277923584,0.08937859535217285
4,DualHead_LogDirect_GNN_OOD,mb-dielectric-3731,Nb2O5,Nb-O,2.2841482162475586,2.4501802921295166,0.166032075881958
4,DualHead_LogDirect_GNN_OOD,mb-dielectric-3740,Mg3As2,As-Mg,2.8894636631011963,2.9546754360198975,0.06521177291870117
4,DualHead_LogDirect_GNN_OOD,mb-dielectric-3743,Ba2TaN3,Ba-N-Ta,2.4973437786102295,2.542147636413574,0.04480385780334473
4,DualHead_LogDirect_GNN_OOD,mb-dielectric-3754,HgHClO4,Cl-H-Hg-O,1.793692708015442,1.8040353059768677,0.010342597961425781
4,DualHead_LogDirect_GNN_OOD,mb-dielectric-3756,KInP2S7,In-K-P-S,2.1835684776306152,2.1119186878204346,0.07164978981018066
4,DualHead_LogDirect_GNN_OOD,mb-dielectric-3757,Mn6O7F5,F-Mn-O,3.5095694065093994,2.5487043857574463,0.9608650207519531
4,DualHead_LogDirect_GNN_OOD,mb-dielectric-3761,Mg(InTe2)2,In-Mg-Te,3.0245165824890137,2.905083656311035,0.11943292617797852
4,DualHead_LogDirect_GNN_OOD,mb-dielectric-3769,YClO,Cl-O-Y,2.063281297683716,2.050835609436035,0.012445688247680664
4,DualHead_LogDirect_GNN_OOD,mb-dielectric-3780,H5ClO2,Cl-H-O,1.551128625869751,1.4949477910995483,0.05618083477020264
4,DualHead_LogDirect_GNN_OOD,mb-dielectric-3782,LiGe2N3,Ge-Li-N,2.281687021255493,2.2398455142974854,0.04184150695800781
4,DualHead_LogDirect_GNN_OOD,mb-dielectric-3783,SrCuN,Cu-N-Sr,3.465554714202881,3.820584774017334,0.3550300598144531
4,DualHead_LogDirect_GNN_OOD,mb-dielectric-3784,MnI2,I-Mn,2.230396032333374,2.210468053817749,0.019927978515625
4,DualHead_LogDirect_GNN_OOD,mb-dielectric-3785,Ba(CuS)2,Ba-Cu-S,3.256704568862915,3.309434175491333,0.05272960662841797
4,DualHead_LogDirect_GNN_OOD,mb-dielectric-3788,PH6NO4,H-N-O-P,1.5012843608856201,1.5216777324676514,0.02039337158203125
4,DualHead_LogDirect_GNN_OOD,mb-dielectric-3792,Li3VF7,F-Li-V,1.431312918663025,1.4234776496887207,0.0078352689743042
4,DualHead_LogDirect_GNN_OOD,mb-dielectric-3798,Ba2In2O5,Ba-In-O,2.156710624694824,2.134730339050293,0.02198028564453125
4,DualHead_LogDirect_GNN_OOD,mb-dielectric-3802,ClF,Cl-F,1.6829537153244019,1.6038637161254883,0.07908999919891357
4,DualHead_LogDirect_GNN_OOD,mb-dielectric-3805,BaNaP,Ba-Na-P,2.9494857788085938,2.8547682762145996,0.09471750259399414
4,DualHead_LogDirect_GNN_OOD,mb-dielectric-3806,Li3MnF7,F-Li-Mn,1.445961833000183,1.447197437286377,0.0012356042861938477
4,DualHead_LogDirect_GNN_OOD,mb-dielectric-3810,H8S(NO2)2,H-N-O-S,1.5146645307540894,1.561432123184204,0.046767592430114746
4,DualHead_LogDirect_GNN_OOD,mb-dielectric-3829,MgH2(SeO4)2,H-Mg-O-Se,1.632584810256958,1.66255521774292,0.029970407485961914
4,DualHead_LogDirect_GNN_OOD,mb-dielectric-3839,Ca4HfN4,Ca-Hf-N,2.4340996742248535,2.6145033836364746,0.1804037094116211
4,DualHead_LogDirect_GNN_OOD,mb-dielectric-3842,RuS3Cl8,Cl-Ru-S,1.9317522048950195,2.001016616821289,0.06926441192626953
4,DualHead_LogDirect_GNN_OOD,mb-dielectric-3851,Ag3AsS3,Ag-As-S,3.2444310188293457,2.93630313873291,0.30812788009643555
4,DualHead_LogDirect_GNN_OOD,mb-dielectric-3855,SIO3F,F-I-O-S,1.7394458055496216,1.6849836111068726,0.05446219444274902
4,DualHead_LogDirect_GNN_OOD,mb-dielectric-3857,LuGaO3,Ga-Lu-O,2.028449058532715,2.092452049255371,0.06400299072265625
4,DualHead_LogDirect_GNN_OOD,mb-dielectric-3858,MoPbO4,Mo-O-Pb,2.263151168823242,2.430419683456421,0.1672685146331787
4,DualHead_LogDirect_GNN_OOD,mb-dielectric-3861,La2SO2,La-O-S,2.2630136013031006,2.327147960662842,0.06413435935974121
4,DualHead_LogDirect_GNN_OOD,mb-dielectric-3863,Ag3SbS3,Ag-S-Sb,3.565809965133667,2.9624388217926025,0.6033711433410645
4,DualHead_LogDirect_GNN_OOD,mb-dielectric-3864,SbSO4F3,F-O-S-Sb,1.5129585266113281,1.5572125911712646,0.04425406455993652
4,DualHead_LogDirect_GNN_OOD,mb-dielectric-3869,FeSeCl7,Cl-Fe-Se,1.8797162771224976,1.7718037366867065,0.10791254043579102
4,DualHead_LogDirect_GNN_OOD,mb-dielectric-3878,Ag3SI,Ag-I-S,2.8645427227020264,2.7945919036865234,0.06995081901550293
4,DualHead_LogDirect_GNN_OOD,mb-dielectric-3879,Fe(HO)2,Fe-H-O,1.7778799533843994,1.843808889389038,0.06592893600463867
4,DualHead_LogDirect_GNN_OOD,mb-dielectric-3884,Bi2S3,Bi-S,3.5301296710968018,3.5271201133728027,0.0030095577239990234
4,DualHead_LogDirect_GNN_OOD,mb-dielectric-3886,RbLiCl2,Cl-Li-Rb,1.5859357118606567,1.6829473972320557,0.09701168537139893
4,DualHead_LogDirect_GNN_OOD,mb-dielectric-3890,LiVSiO4,Li-O-Si-V,1.7886511087417603,1.784679889678955,0.003971219062805176
4,DualHead_LogDirect_GNN_OOD,mb-dielectric-3896,TlBr,Br-Tl,2.682908773422241,2.661374092102051,0.02153468132019043
4,DualHead_LogDirect_GNN_OOD,mb-dielectric-3902,CdCl2,Cd-Cl,1.7360202074050903,1.732602834701538,0.003417372703552246
4,DualHead_LogDirect_GNN_OOD,mb-dielectric-3906,LaCl3,Cl-La,1.933994174003601,1.819472312927246,0.11452186107635498
4,DualHead_LogDirect_GNN_OOD,mb-dielectric-3908,SiH3F,F-H-Si,1.4102009534835815,1.4298648834228516,0.01966392993927002
4,DualHead_LogDirect_GNN_OOD,mb-dielectric-3911,LiSnPCO7,C-Li-O-P-Sn,1.6068207025527954,1.6939551830291748,0.0871344804763794
4,DualHead_LogDirect_GNN_OOD,mb-dielectric-3912,BiCl3,Bi-Cl,1.9822546243667603,1.9307825565338135,0.05147206783294678
4,DualHead_LogDirect_GNN_OOD,mb-dielectric-3915,LiMnF3,F-Li-Mn,1.4797857999801636,1.5135234594345093,0.0337376594543457
4,DualHead_LogDirect_GNN_OOD,mb-dielectric-3921,H7ClO3,Cl-H-O,1.525155782699585,1.4975346326828003,0.027621150016784668
4,DualHead_LogDirect_GNN_OOD,mb-dielectric-3922,K4CdP2,Cd-K-P,2.221511125564575,2.0864486694335938,0.13506245613098145
4,DualHead_LogDirect_GNN_OOD,mb-dielectric-3924,Ca2NCl,Ca-Cl-N,2.145843982696533,2.216559886932373,0.07071590423583984
4,DualHead_LogDirect_GNN_OOD,mb-dielectric-3929,LiLuO2,Li-Lu-O,1.9243004322052002,1.954061508178711,0.029761075973510742
4,DualHead_LogDirect_GNN_OOD,mb-dielectric-3930,K2ReCl6,Cl-K-Re,1.739737868309021,1.7300996780395508,0.009638190269470215
4,DualHead_LogDirect_GNN_OOD,mb-dielectric-3931,K4V5CdClO15,Cd-Cl-K-O-V,1.8455127477645874,1.8683205842971802,0.022807836532592773
4,DualHead_LogDirect_GNN_OOD,mb-dielectric-3933,CsClO4,Cl-Cs-O,1.4418925046920776,1.5072051286697388,0.06531262397766113
4,DualHead_LogDirect_GNN_OOD,mb-dielectric-3946,FeSi2,Fe-Si,4.963399410247803,5.451567649841309,0.48816823959350586
4,DualHead_LogDirect_GNN_OOD,mb-dielectric-3948,HoSbPt,Ho-Pt-Sb,4.94658899307251,4.722793102264404,0.22379589080810547
4,DualHead_LogDirect_GNN_OOD,mb-dielectric-3949,NaClO4,Cl-Na-O,1.4758048057556152,1.502297043800354,0.02649223804473877
4,DualHead_LogDirect_GNN_OOD,mb-dielectric-3952,Ca2NF,Ca-F-N,2.1393799781799316,1.9879083633422852,0.15147161483764648
4,DualHead_LogDirect_GNN_OOD,mb-dielectric-3958,Ag3SI,Ag-I-S,2.932250738143921,2.8839356899261475,0.04831504821777344
4,DualHead_LogDirect_GNN_OOD,mb-dielectric-3961,LiNb(TeO4)3,Li-Nb-O-Te,2.3609514236450195,2.384045124053955,0.023093700408935547
4,DualHead_LogDirect_GNN_OOD,mb-dielectric-3966,Li2MnF5,F-Li-Mn,1.519300103187561,1.5275938510894775,0.008293747901916504
4,DualHead_LogDirect_GNN_OOD,mb-dielectric-3967,CsMgBr3,Br-Cs-Mg,1.7231148481369019,1.7284249067306519,0.00531005859375
4,DualHead_LogDirect_GNN_OOD,mb-dielectric-3971,CsMgI3,Cs-I-Mg,1.872383713722229,1.9515539407730103,0.07917022705078125
4,DualHead_LogDirect_GNN_OOD,mb-dielectric-3977,BaP3Pt2,Ba-P-Pt,4.431026935577393,4.063534259796143,0.36749267578125
4,DualHead_LogDirect_GNN_OOD,mb-dielectric-3979,YOF,F-O-Y,1.8864450454711914,1.786009669303894,0.10043537616729736
4,DualHead_LogDirect_GNN_OOD,mb-dielectric-3981,Ca2AsAu,As-Au-Ca,6.203542709350586,5.023637294769287,1.1799054145812988
4,DualHead_LogDirect_GNN_OOD,mb-dielectric-3985,CsGeI3,Cs-Ge-I,2.474998950958252,2.1514973640441895,0.3235015869140625
4,DualHead_LogDirect_GNN_OOD,mb-dielectric-3988,BaAlSiH,Al-Ba-H-Si,3.7896385192871094,3.425046920776367,0.3645915985107422
4,DualHead_LogDirect_GNN_OOD,mb-dielectric-3996,K2SeBr6,Br-K-Se,2.044548988342285,1.8607234954833984,0.18382549285888672
4,DualHead_LogDirect_GNN_OOD,mb-dielectric-3997,LiV(PO4)2,Li-O-P-V,2.445249080657959,1.8857083320617676,0.5595407485961914
4,DualHead_LogDirect_GNN_OOD,mb-dielectric-4001,ScSbPd,Pd-Sb-Sc,4.23848819732666,4.2305498123168945,0.007938385009765625
4,DualHead_LogDirect_GNN_OOD,mb-dielectric-4009,NaClO4,Cl-Na-O,1.4842640161514282,1.5112018585205078,0.02693784236907959
4,DualHead_LogDirect_GNN_OOD,mb-dielectric-4014,Rb2SnCl6,Cl-Rb-Sn,1.6531591415405273,1.7792425155639648,0.1260833740234375
4,DualHead_LogDirect_GNN_OOD,mb-dielectric-4021,SBr2O,Br-O-S,1.6729215383529663,1.747771143913269,0.07484960556030273
4,DualHead_LogDirect_GNN_OOD,mb-dielectric-4022,Tb2CdS4,Cd-S-Tb,2.9065866470336914,3.0149831771850586,0.10839653015136719
4,DualHead_LogDirect_GNN_OOD,mb-dielectric-4036,Cs2Li3F5,Cs-F-Li,1.5104470252990723,1.524397373199463,0.013950347900390625
4,DualHead_LogDirect_GNN_OOD,mb-dielectric-4038,Mn3OF5,F-Mn-O,2.526918649673462,1.7662503719329834,0.7606682777404785
4,DualHead_LogDirect_GNN_OOD,mb-dielectric-4047,LiTaO3,Li-O-Ta,2.289395809173584,2.301866292953491,0.012470483779907227
4,DualHead_LogDirect_GNN_OOD,mb-dielectric-4053,RbTl(SO4)2,O-Rb-S-Tl,1.7574025392532349,1.6504590511322021,0.10694348812103271
4,DualHead_LogDirect_GNN_OOD,mb-dielectric-4054,LiFeF4,F-Fe-Li,1.5178054571151733,1.4918062686920166,0.02599918842315674
4,DualHead_LogDirect_GNN_OOD,mb-dielectric-4057,Li2Ti3NiO8,Li-Ni-O-Ti,2.2998673915863037,2.4182076454162598,0.11834025382995605
4,DualHead_LogDirect_GNN_OOD,mb-dielectric-4063,Ag5SbS4,Ag-S-Sb,3.111406087875366,3.3176071643829346,0.20620107650756836
4,DualHead_LogDirect_GNN_OOD,mb-dielectric-4069,KLiSe,K-Li-Se,2.00862455368042,2.0439138412475586,0.03528928756713867
4,DualHead_LogDirect_GNN_OOD,mb-dielectric-4073,VO2,O-V,3.176162004470825,3.3810391426086426,0.20487713813781738
4,DualHead_LogDirect_GNN_OOD,mb-dielectric-4078,MoSe2,Mo-Se,3.265016555786133,3.0364651679992676,0.22855138778686523
4,DualHead_LogDirect_GNN_OOD,mb-dielectric-4082,SiSe2,Se-Si,1.9611221551895142,1.9305983781814575,0.03052377700805664
4,DualHead_LogDirect_GNN_OOD,mb-dielectric-4086,RbBe2BO3F2,B-Be-F-O-Rb,1.4801549911499023,1.4801084995269775,4.649162292480469e-05
4,DualHead_LogDirect_GNN_OOD,mb-dielectric-4089,FeSbS,Fe-S-Sb,5.261241912841797,5.653059959411621,0.3918180465698242
4,DualHead_LogDirect_GNN_OOD,mb-dielectric-4096,LiCrO2,Cr-Li-O,2.1267826557159424,2.11191987991333,0.014862775802612305
4,DualHead_LogDirect_GNN_OOD,mb-dielectric-4104,AgNO2,Ag-N-O,1.8903000354766846,2.022413730621338,0.13211369514465332
4,DualHead_LogDirect_GNN_OOD,mb-dielectric-4105,ZnGeP2,Ge-P-Zn,3.5041403770446777,3.6246864795684814,0.12054610252380371
4,DualHead_LogDirect_GNN_OOD,mb-dielectric-4107,BaAg2GeS4,Ag-Ba-Ge-S,2.5692052841186523,2.869898796081543,0.3006935119628906
4,DualHead_LogDirect_GNN_OOD,mb-dielectric-4110,NaTi2BiO6,Bi-Na-O-Ti,2.551116704940796,2.471345901489258,0.07977080345153809
4,DualHead_LogDirect_GNN_OOD,mb-dielectric-4115,Te3As2,As-Te,5.724275588989258,5.574286937713623,0.14998865127563477
4,DualHead_LogDirect_GNN_OOD,mb-dielectric-4125,CoAgO2,Ag-Co-O,3.2610023021698,4.088793754577637,0.8277914524078369
4,DualHead_LogDirect_GNN_OOD,mb-dielectric-4127,CsAuI3,Au-Cs-I,2.999563455581665,2.164813995361328,0.8347494602203369
4,DualHead_LogDirect_GNN_OOD,mb-dielectric-4132,NaRhO2,Na-O-Rh,2.6311659812927246,2.3197994232177734,0.31136655807495117
4,DualHead_LogDirect_GNN_OOD,mb-dielectric-4133,KNiIO6,I-K-Ni-O,2.228191614151001,2.111567258834839,0.11662435531616211
4,DualHead_LogDirect_GNN_OOD,mb-dielectric-4134,NaS,Na-S,2.0210559368133545,2.158018112182617,0.1369621753692627
4,DualHead_LogDirect_GNN_OOD,mb-dielectric-4152,LiCaAs,As-Ca-Li,2.577353000640869,2.7976903915405273,0.2203373908996582
4,DualHead_LogDirect_GNN_OOD,mb-dielectric-4164,ZnCdSe2,Cd-Se-Zn,2.755526304244995,2.7201225757598877,0.03540372848510742
4,DualHead_LogDirect_GNN_OOD,mb-dielectric-4172,HfSe3,Hf-Se,3.0899837017059326,3.212087631225586,0.12210392951965332
4,DualHead_LogDirect_GNN_OOD,mb-dielectric-4176,SnO2,O-Sn,2.1072099208831787,2.2036471366882324,0.09643721580505371
4,DualHead_LogDirect_GNN_OOD,mb-dielectric-4178,CaSnF4,Ca-F-Sn,1.7333487272262573,1.6671496629714966,0.06619906425476074
4,DualHead_LogDirect_GNN_OOD,mb-dielectric-4185,TlClO3,Cl-O-Tl,1.7659567594528198,1.7762823104858398,0.01032555103302002
4,DualHead_LogDirect_GNN_OOD,mb-dielectric-4195,SrZrO3,O-Sr-Zr,2.150684118270874,2.0253570079803467,0.12532711029052734
4,DualHead_LogDirect_GNN_OOD,mb-dielectric-4196,LiRhO2,Li-O-Rh,2.753824234008789,2.4552950859069824,0.29852914810180664
4,DualHead_LogDirect_GNN_OOD,mb-dielectric-4200,NaNO3,N-Na-O,1.4864672422409058,1.4493285417556763,0.03713870048522949
4,DualHead_LogDirect_GNN_OOD,mb-dielectric-4201,MgH4(ClO)2,Cl-H-Mg-O,1.5699256658554077,1.528943657875061,0.04098200798034668
4,DualHead_LogDirect_GNN_OOD,mb-dielectric-4202,InCuS2,Cu-In-S,62.06299591064453,3.0779237747192383,58.98507213592529
4,DualHead_LogDirect_GNN_OOD,mb-dielectric-4209,LiVF6,F-Li-V,1.7178648710250854,1.4405133724212646,0.2773514986038208
4,DualHead_LogDirect_GNN_OOD,mb-dielectric-4217,GeBi2O5,Bi-Ge-O,2.287999153137207,2.3674001693725586,0.07940101623535156
4,DualHead_LogDirect_GNN_OOD,mb-dielectric-4242,MgCrF6,Cr-F-Mg,1.5868852138519287,1.5005470514297485,0.08633816242218018
4,DualHead_LogDirect_GNN_OOD,mb-dielectric-4244,V2O5,O-V,2.209902048110962,2.6642024517059326,0.4543004035949707
4,DualHead_LogDirect_GNN_OOD,mb-dielectric-4253,Na3W2N5,N-Na-W,2.2855284214019775,2.3981266021728516,0.11259818077087402
4,DualHead_LogDirect_GNN_OOD,mb-dielectric-4254,Ga2O3,Ga-O,2.0076520442962646,2.0571937561035156,0.04954171180725098
4,DualHead_LogDirect_GNN_OOD,mb-dielectric-4274,Li3ZrNb(TeO6)2,Li-Nb-O-Te-Zr,2.22558856010437,2.250821352005005,0.025232791900634766
4,DualHead_LogDirect_GNN_OOD,mb-dielectric-4277,ZnSbAsO5,As-O-Sb-Zn,2.0332634449005127,1.951246976852417,0.0820164680480957
4,DualHead_LogDirect_GNN_OOD,mb-dielectric-4282,BNF8,B-F-N,1.3695497512817383,1.3240164518356323,0.04553329944610596
4,DualHead_LogDirect_GNN_OOD,mb-dielectric-4287,GaP,Ga-P,3.210822105407715,3.8393168449401855,0.6284947395324707
4,DualHead_LogDirect_GNN_OOD,mb-dielectric-4308,LiNi2OF3,F-Li-Ni-O,1.6760650873184204,1.9281865358352661,0.2521214485168457
4,DualHead_LogDirect_GNN_OOD,mb-dielectric-4309,Li2ZrN2,Li-N-Zr,2.7710683345794678,2.5293164253234863,0.24175190925598145
4,DualHead_LogDirect_GNN_OOD,mb-dielectric-4318,LiAlO2,Al-Li-O,1.6528749465942383,1.6678407192230225,0.01496577262878418
4,DualHead_LogDirect_GNN_OOD,mb-dielectric-4323,C3N4,C-N,2.233910083770752,1.8890340328216553,0.3448760509490967
4,DualHead_LogDirect_GNN_OOD,mb-dielectric-4327,Sr2Si5N8,N-Si-Sr,2.139908790588379,2.0678858757019043,0.07202291488647461
4,DualHead_LogDirect_GNN_OOD,mb-dielectric-4333,Sr2GeN2,Ge-N-Sr,5.898406505584717,2.5415425300598145,3.3568639755249023
4,DualHead_LogDirect_GNN_OOD,mb-dielectric-4334,NbO2F,F-Nb-O,2.318459987640381,2.4261529445648193,0.10769295692443848
4,DualHead_LogDirect_GNN_OOD,mb-dielectric-4336,Rb2PbO3,O-Pb-Rb,2.0708506107330322,1.8777363300323486,0.1931142807006836
4,DualHead_LogDirect_GNN_OOD,mb-dielectric-4345,CaCrF6,Ca-Cr-F,1.537460207939148,1.4867711067199707,0.050689101219177246
4,DualHead_LogDirect_GNN_OOD,mb-dielectric-4346,LiScO2,Li-O-Sc,2.0631580352783203,2.0528454780578613,0.010312557220458984
4,DualHead_LogDirect_GNN_OOD,mb-dielectric-4352,MgH2,H-Mg,2.171032428741455,2.0210764408111572,0.14995598793029785
4,DualHead_LogDirect_GNN_OOD,mb-dielectric-4354,LiVF6,F-Li-V,1.4314355850219727,1.389743685722351,0.04169189929962158
4,DualHead_LogDirect_GNN_OOD,mb-dielectric-4362,ScSnAu,Au-Sc-Sn,4.592049598693848,4.456440448760986,0.13560914993286133
4,DualHead_LogDirect_GNN_OOD,mb-dielectric-4363,FeH4S2NO8,Fe-H-N-O-S,1.7559229135513306,1.7292208671569824,0.026702046394348145
4,DualHead_LogDirect_GNN_OOD,mb-dielectric-4372,Na4P2O7,Na-O-P,1.513751745223999,1.5747740268707275,0.061022281646728516
4,DualHead_LogDirect_GNN_OOD,mb-dielectric-4375,SrNb6O16,Nb-O-Sr,2.578655958175659,2.496595859527588,0.08206009864807129
4,DualHead_LogDirect_GNN_OOD,mb-dielectric-4380,Na3WN3,N-Na-W,2.135908365249634,2.2245190143585205,0.08861064910888672
4,DualHead_LogDirect_GNN_OOD,mb-dielectric-4388,Li8Mn3CrO12,Cr-Li-Mn-O,2.618664026260376,2.3510854244232178,0.2675786018371582
4,DualHead_LogDirect_GNN_OOD,mb-dielectric-4392,NaZr2SN2Cl,Cl-N-Na-S-Zr,2.4945011138916016,2.977231979370117,0.4827308654785156
4,DualHead_LogDirect_GNN_OOD,mb-dielectric-4401,Ag3SI,Ag-I-S,2.941669464111328,2.8742117881774902,0.06745767593383789
4,DualHead_LogDirect_GNN_OOD,mb-dielectric-4405,Li3Mn4(BO3)4,B-Li-Mn-O,1.9646103382110596,1.8126672506332397,0.15194308757781982
4,DualHead_LogDirect_GNN_OOD,mb-dielectric-4406,LiCrP2O7,Cr-Li-O-P,1.7508279085159302,1.8156893253326416,0.06486141681671143
4,DualHead_LogDirect_GNN_OOD,mb-dielectric-4407,BaSi2,Ba-Si,3.51326060295105,3.406463146209717,0.10679745674133301
4,DualHead_LogDirect_GNN_OOD,mb-dielectric-4410,Mn4OF8,F-Mn-O,1.9505832195281982,1.7439632415771484,0.2066199779510498
4,DualHead_LogDirect_GNN_OOD,mb-dielectric-4415,V2O5,O-V,2.1269497871398926,2.5646305084228516,0.437680721282959
4,DualHead_LogDirect_GNN_OOD,mb-dielectric-4417,AsPbClO2,As-Cl-O-Pb,2.1108195781707764,2.2124931812286377,0.10167360305786133
4,DualHead_LogDirect_GNN_OOD,mb-dielectric-4419,Nd3Al3Si3(NO6)2,Al-N-Nd-O-Si,1.9422149658203125,1.9375357627868652,0.004679203033447266
4,DualHead_LogDirect_GNN_OOD,mb-dielectric-4430,Na4Al3Ge3B(HO3)4,Al-B-Ge-H-Na-O,1.5703598260879517,1.54020094871521,0.0301588773727417
4,DualHead_LogDirect_GNN_OOD,mb-dielectric-4437,KNa(BH4)2,B-H-K-Na,1.5561704635620117,1.5552904605865479,0.0008800029754638672
4,DualHead_LogDirect_GNN_OOD,mb-dielectric-4440,Lu2Sb2O7,Lu-O-Sb,2.154090166091919,2.1488170623779297,0.005273103713989258
4,DualHead_LogDirect_GNN_OOD,mb-dielectric-4449,KTa(CuSe2)2,Cu-K-Se-Ta,2.3756744861602783,2.509768009185791,0.1340935230255127
4,DualHead_LogDirect_GNN_OOD,mb-dielectric-4450,NaClO3,Cl-Na-O,1.5304545164108276,1.4905240535736084,0.03993046283721924
4,DualHead_LogDirect_GNN_OOD,mb-dielectric-4456,K2MnH4(Cl2O)2,Cl-H-K-Mn-O,1.6410022974014282,1.6453204154968262,0.004318118095397949
4,DualHead_LogDirect_GNN_OOD,mb-dielectric-4458,TiBrN,Br-N-Ti,3.030498743057251,3.061000347137451,0.030501604080200195
4,DualHead_LogDirect_GNN_OOD,mb-dielectric-4461,H4CSN2,C-H-N-S,1.3694719076156616,1.4219907522201538,0.05251884460449219
4,DualHead_LogDirect_GNN_OOD,mb-dielectric-4462,Bi2O3,Bi-O,2.4951655864715576,2.491122245788574,0.0040433406829833984
4,DualHead_LogDirect_GNN_OOD,mb-dielectric-4466,Na8Al6Si6CO27,Al-C-Na-O-Si,1.4688212871551514,1.492327094078064,0.023505806922912598
4,DualHead_LogDirect_GNN_OOD,mb-dielectric-4467,Ca4Sb2S,Ca-S-Sb,3.061108112335205,3.0496878623962402,0.011420249938964844
4,DualHead_LogDirect_GNN_OOD,mb-dielectric-4473,La3CuSnS7,Cu-La-S-Sn,2.746307849884033,2.824289321899414,0.07798147201538086
4,DualHead_LogDirect_GNN_OOD,mb-dielectric-4478,SrGeN2,Ge-N-Sr,2.3920395374298096,2.4396679401397705,0.04762840270996094
4,DualHead_LogDirect_GNN_OOD,mb-dielectric-4488,Dy3CuGeSe7,Cu-Dy-Ge-Se,3.136551856994629,3.2230706214904785,0.08651876449584961
4,DualHead_LogDirect_GNN_OOD,mb-dielectric-4496,K3As,As-K,3.714341640472412,2.154585838317871,1.559755802154541
4,DualHead_LogDirect_GNN_OOD,mb-dielectric-4500,H4CSN2,C-H-N-S,1.742864966392517,1.6487572193145752,0.0941077470779419
4,DualHead_LogDirect_GNN_OOD,mb-dielectric-4502,CsCuSe4,Cs-Cu-Se,2.807886838912964,2.5217738151550293,0.28611302375793457
4,DualHead_LogDirect_GNN_OOD,mb-dielectric-4506,Sr2BiAu,Au-Bi-Sr,5.218648910522461,5.618093490600586,0.399444580078125
4,DualHead_LogDirect_GNN_OOD,mb-dielectric-4508,VRe2O9,O-Re-V,1.8323020935058594,2.0162715911865234,0.18396949768066406
4,DualHead_LogDirect_GNN_OOD,mb-dielectric-4521,GaCuS2,Cu-Ga-S,2.9624314308166504,3.1969447135925293,0.2345132827758789
4,DualHead_LogDirect_GNN_OOD,mb-dielectric-4526,NbO2F,F-Nb-O,2.0254712104797363,2.186457633972168,0.16098642349243164
4,DualHead_LogDirect_GNN_OOD,mb-dielectric-4528,Li2Ta2(OF2)3,F-Li-O-Ta,1.677793264389038,1.6182775497436523,0.05951571464538574
4,DualHead_LogDirect_GNN_OOD,mb-dielectric-4533,Ba(PO3)2,Ba-O-P,1.6489882469177246,1.645681619644165,0.0033066272735595703
4,DualHead_LogDirect_GNN_OOD,mb-dielectric-4535,Na2PO3F,F-Na-O-P,1.4853847026824951,1.5146679878234863,0.02928328514099121
4,DualHead_LogDirect_GNN_OOD,mb-dielectric-4545,TlBr,Br-Tl,2.1487629413604736,2.053946018218994,0.09481692314147949
4,DualHead_LogDirect_GNN_OOD,mb-dielectric-4547,Na3OsN2,N-Na-Os,2.2258505821228027,2.3940043449401855,0.1681537628173828
4,DualHead_LogDirect_GNN_OOD,mb-dielectric-4549,Al2CdTe4,Al-Cd-Te,2.8221888542175293,2.9284050464630127,0.1062161922454834
4,DualHead_LogDirect_GNN_OOD,mb-dielectric-4552,Sr2HgPb,Hg-Pb-Sr,9.775962829589844,7.6407856941223145,2.1351771354675293
4,DualHead_LogDirect_GNN_OOD,mb-dielectric-4554,LiAlO2,Al-Li-O,1.7584079504013062,1.8189133405685425,0.06050539016723633
4,DualHead_LogDirect_GNN_OOD,mb-dielectric-4557,Sr(PrS2)2,Pr-S-Sr,2.736926555633545,2.6880831718444824,0.0488433837890625
4,DualHead_LogDirect_GNN_OOD,mb-dielectric-4559,Sr(GdS2)2,Gd-S-Sr,2.8005733489990234,2.5833003520965576,0.21727299690246582
4,DualHead_LogDirect_GNN_OOD,mb-dielectric-4560,Li3Sb,Li-Sb,3.1917080879211426,3.619676113128662,0.42796802520751953
4,DualHead_LogDirect_GNN_OOD,mb-dielectric-4561,Y4Te3N2,N-Te-Y,2.9993038177490234,2.8996734619140625,0.09963035583496094
4,DualHead_LogDirect_GNN_OOD,mb-dielectric-4567,TlCl,Cl-Tl,2.01948618888855,1.9636430740356445,0.05584311485290527
4,DualHead_LogDirect_GNN_OOD,mb-dielectric-4580,CeO2,Ce-O,2.822233200073242,2.312303066253662,0.5099301338195801
4,DualHead_LogDirect_GNN_OOD,mb-dielectric-4583,RbF,F-Rb,1.4349216222763062,1.530407428741455,0.09548580646514893
4,DualHead_LogDirect_GNN_OOD,mb-dielectric-4586,CaMg2N2,Ca-Mg-N,2.41748046875,2.391469955444336,0.026010513305664062
4,DualHead_LogDirect_GNN_OOD,mb-dielectric-4593,Sr5(SiN3)2,N-Si-Sr,2.3302226066589355,2.299633264541626,0.03058934211730957
4,DualHead_LogDirect_GNN_OOD,mb-dielectric-4605,RbBr,Br-Rb,1.566205620765686,1.6785807609558105,0.11237514019012451
4,DualHead_LogDirect_GNN_OOD,mb-dielectric-4615,TlI,I-Tl,2.7237842082977295,2.2017581462860107,0.5220260620117188
4,DualHead_LogDirect_GNN_OOD,mb-dielectric-4617,NaInTe2,In-Na-Te,3.073866367340088,2.8333919048309326,0.24047446250915527
4,DualHead_LogDirect_GNN_OOD,mb-dielectric-4623,NaH,H-Na,1.7697457075119019,1.7581658363342285,0.01157987117767334
4,DualHead_LogDirect_GNN_OOD,mb-dielectric-4624,Li2CrWO6,Cr-Li-O-W,2.939105987548828,2.5827438831329346,0.35636210441589355
4,DualHead_LogDirect_GNN_OOD,mb-dielectric-4625,NaSbF6,F-Na-Sb,1.316434621810913,1.3671729564666748,0.05073833465576172
4,DualHead_LogDirect_GNN_OOD,mb-dielectric-4626,LiMn2(CO3)4,C-Li-Mn-O,1.9169762134552002,1.7272900342941284,0.18968617916107178
4,DualHead_LogDirect_GNN_OOD,mb-dielectric-4628,LiCrO2,Cr-Li-O,2.1483356952667236,2.1375041007995605,0.010831594467163086
4,DualHead_LogDirect_GNN_OOD,mb-dielectric-4631,MgS,Mg-S,2.323861837387085,2.2729969024658203,0.05086493492126465
4,DualHead_LogDirect_GNN_OOD,mb-dielectric-4636,H6CNF,C-F-H-N,1.4123835563659668,1.4779908657073975,0.06560730934143066
4,DualHead_LogDirect_GNN_OOD,mb-dielectric-4643,K3CrO4,Cr-K-O,1.653402328491211,1.7041819095611572,0.05077958106994629
4,DualHead_LogDirect_GNN_OOD,mb-dielectric-4644,H12OsN5Cl3O,Cl-H-N-O-Os,1.6914716958999634,1.7957522869110107,0.10428059101104736
4,DualHead_LogDirect_GNN_OOD,mb-dielectric-4655,CsGeBr3,Br-Cs-Ge,2.1160693168640137,1.812239170074463,0.3038301467895508
4,DualHead_LogDirect_GNN_OOD,mb-dielectric-4661,Cs2MgP4(HO2)8,Cs-H-Mg-O-P,1.545342206954956,1.5225635766983032,0.022778630256652832
4,DualHead_LogDirect_GNN_OOD,mb-dielectric-4668,Sm2Be2GeO7,Be-Ge-O-Sm,1.9563673734664917,1.9264817237854004,0.02988564968109131
4,DualHead_LogDirect_GNN_OOD,mb-dielectric-4670,Zr2SN2,N-S-Zr,3.088655710220337,3.3387293815612793,0.2500736713409424
4,DualHead_LogDirect_GNN_OOD,mb-dielectric-4672,RbSrCO3F,C-F-O-Rb-Sr,1.537839651107788,1.5423967838287354,0.004557132720947266
4,DualHead_LogDirect_GNN_OOD,mb-dielectric-4681,CaFe2(SiO3)4,Ca-Fe-O-Si,1.8716965913772583,1.8428963422775269,0.028800249099731445
4,DualHead_LogDirect_GNN_OOD,mb-dielectric-4688,TiF4,F-Ti,1.5646069049835205,1.5139710903167725,0.05063581466674805
4,DualHead_LogDirect_GNN_OOD,mb-dielectric-4699,SnO2,O-Sn,2.177804470062256,2.191824197769165,0.01401972770690918
4,DualHead_LogDirect_GNN_OOD,mb-dielectric-4706,ZrSiPt,Pt-Si-Zr,4.0565643310546875,4.356249809265137,0.2996854782104492
4,DualHead_LogDirect_GNN_OOD,mb-dielectric-4707,Au(OF3)2,Au-F-O,2.9760794639587402,1.5824649333953857,1.3936145305633545
4,DualHead_LogDirect_GNN_OOD,mb-dielectric-4730,BaCuB2O5,B-Ba-Cu-O,1.9877158403396606,1.9079992771148682,0.07971656322479248
4,DualHead_LogDirect_GNN_OOD,mb-dielectric-4732,Ba(MgSb)2,Ba-Mg-Sb,3.264920949935913,3.1568894386291504,0.1080315113067627
4,DualHead_LogDirect_GNN_OOD,mb-dielectric-4734,Ca3Mo2O7,Ca-Mo-O,2.246999979019165,2.1380739212036133,0.10892605781555176
4,DualHead_LogDirect_GNN_OOD,mb-dielectric-4746,RbF2,F-Rb,1.4274686574935913,1.3951821327209473,0.03228652477264404
4,DualHead_LogDirect_GNN_OOD,mb-dielectric-4749,Sr3MoN4,Mo-N-Sr,2.285830497741699,2.4730913639068604,0.18726086616516113
4,DualHead_LogDirect_GNN_OOD,mb-dielectric-4751,Zn3W2O7,O-W-Zn,2.2951650619506836,2.445483684539795,0.15031862258911133
4,DualHead_LogDirect_GNN_OOD,mb-dielectric-4763,K2ZnH4(I2O7)2,H-I-K-O-Zn,1.832887053489685,1.8262593746185303,0.006627678871154785
4,DualHead_LogDirect_GNN_OOD,mb-dielectric-4764,CsGeBr3,Br-Cs-Ge,2.559278726577759,1.8901352882385254,0.6691434383392334
