fold,model,identifier,y_true,y_pred,abs_error
0,Grand_MultiParadigm_Ensemble,mb-dielectric-0008,2.0323401126123875,2.137341602865378,0.10500149025299077
0,Grand_MultiParadigm_Ensemble,mb-dielectric-0010,2.077186558785705,2.010725236547315,0.06646132223839007
0,Grand_MultiParadigm_Ensemble,mb-dielectric-0019,3.5748193427546107,3.688456531022439,0.1136371882678282
0,Grand_MultiParadigm_Ensemble,mb-dielectric-0025,3.7103414038782647,3.4927292089725803,0.2176121949056844
0,Grand_MultiParadigm_Ensemble,mb-dielectric-0031,2.4219759839161665,2.4526232409200865,0.030647257003920014
0,Grand_MultiParadigm_Ensemble,mb-dielectric-0036,1.9344249791644088,1.9073917198489034,0.027033259315505376
0,Grand_MultiParadigm_Ensemble,mb-dielectric-0038,2.189977168813812,2.4474461062372272,0.25746893742341515
0,Grand_MultiParadigm_Ensemble,mb-dielectric-0040,3.0468834897317616,2.3978357882796715,0.6490477014520901
0,Grand_MultiParadigm_Ensemble,mb-dielectric-0041,1.706842015731587,1.6903687330265869,0.016473282705000036
0,Grand_MultiParadigm_Ensemble,mb-dielectric-0051,3.186465492255224,3.349731427133912,0.16326593487868823
0,Grand_MultiParadigm_Ensemble,mb-dielectric-0062,2.8633313930921336,2.8294106785850213,0.033920714507112315
0,Grand_MultiParadigm_Ensemble,mb-dielectric-0071,1.5250136611268137,1.4881630427474908,0.03685061837932291
0,Grand_MultiParadigm_Ensemble,mb-dielectric-0076,1.7655027612552967,1.7985062959131208,0.03300353465782413
0,Grand_MultiParadigm_Ensemble,mb-dielectric-0077,4.6191629833408845,4.106989897878964,0.5121730854619209
0,Grand_MultiParadigm_Ensemble,mb-dielectric-0085,1.761356200961819,1.749609201739906,0.011746999221913024
0,Grand_MultiParadigm_Ensemble,mb-dielectric-0086,3.8789603418098255,4.0822544363204925,0.20329409451066693
0,Grand_MultiParadigm_Ensemble,mb-dielectric-0098,1.0,1.697969051744132,0.6979690517441319
0,Grand_MultiParadigm_Ensemble,mb-dielectric-0107,3.389555526417388,3.1467764519120025,0.2427790745053855
0,Grand_MultiParadigm_Ensemble,mb-dielectric-0113,1.7202859258468248,1.8372419279482977,0.11695600210147283
0,Grand_MultiParadigm_Ensemble,mb-dielectric-0117,1.4898545790270756,1.5062219881736056,0.01636740914653001
0,Grand_MultiParadigm_Ensemble,mb-dielectric-0120,1.6108441886166378,1.6298644052624809,0.01902021664584308
0,Grand_MultiParadigm_Ensemble,mb-dielectric-0126,2.4708035804841506,2.342017377265254,0.12878620321889667
0,Grand_MultiParadigm_Ensemble,mb-dielectric-0143,1.3042239071570518,1.3430566993044615,0.038832792147409645
0,Grand_MultiParadigm_Ensemble,mb-dielectric-0147,1.966504513089144,1.9756340367108784,0.009129523621734359
0,Grand_MultiParadigm_Ensemble,mb-dielectric-0157,2.2260123539639207,2.0044830800938334,0.22152927387008736
0,Grand_MultiParadigm_Ensemble,mb-dielectric-0158,2.4263989092205533,2.4210107289706966,0.005388180249856767
0,Grand_MultiParadigm_Ensemble,mb-dielectric-0168,1.4714697867551794,1.483942532498073,0.012472745742893698
0,Grand_MultiParadigm_Ensemble,mb-dielectric-0171,3.058641855464616,2.8145023551404007,0.2441395003242155
0,Grand_MultiParadigm_Ensemble,mb-dielectric-0172,3.5623479616679803,2.6325031021521816,0.9298448595157986
0,Grand_MultiParadigm_Ensemble,mb-dielectric-0185,1.5793555647795086,1.6050065713128578,0.025651006533349285
0,Grand_MultiParadigm_Ensemble,mb-dielectric-0190,2.230919093108781,2.2185774017747373,0.012341691334043503
0,Grand_MultiParadigm_Ensemble,mb-dielectric-0191,4.79557945751432,4.787293384457974,0.008286073056345877
0,Grand_MultiParadigm_Ensemble,mb-dielectric-0192,4.4323056452971885,4.535812877104936,0.10350723180774768
0,Grand_MultiParadigm_Ensemble,mb-dielectric-0197,1.4782042033043563,1.4593322756064953,0.018871927697861057
0,Grand_MultiParadigm_Ensemble,mb-dielectric-0200,1.526946517290854,1.5182121762402907,0.008734341050563366
0,Grand_MultiParadigm_Ensemble,mb-dielectric-0202,3.859015418471421,3.7657112917381155,0.09330412673330546
0,Grand_MultiParadigm_Ensemble,mb-dielectric-0204,1.4509832298594512,1.464005161403336,0.013021931543884868
0,Grand_MultiParadigm_Ensemble,mb-dielectric-0209,1.347837774610385,1.3721513257020606,0.024313551091675656
0,Grand_MultiParadigm_Ensemble,mb-dielectric-0210,1.8718011824621403,1.7945574789062246,0.0772437035559157
0,Grand_MultiParadigm_Ensemble,mb-dielectric-0216,2.965232143807069,2.912943219602611,0.05228892420445774
0,Grand_MultiParadigm_Ensemble,mb-dielectric-0218,2.5917249082416105,2.594071259563927,0.002346351322316309
0,Grand_MultiParadigm_Ensemble,mb-dielectric-0225,1.3672717359764388,1.4163711909704462,0.04909945499400736
0,Grand_MultiParadigm_Ensemble,mb-dielectric-0229,2.4977329721169017,2.468333774660272,0.02939919745662989
0,Grand_MultiParadigm_Ensemble,mb-dielectric-0233,2.139465353774162,1.9582689704239082,0.18119638335025368
0,Grand_MultiParadigm_Ensemble,mb-dielectric-0236,2.236182684844868,2.250044055578384,0.013861370733516232
0,Grand_MultiParadigm_Ensemble,mb-dielectric-0238,1.9045086855494604,1.9383641002575538,0.03385541470809339
0,Grand_MultiParadigm_Ensemble,mb-dielectric-0246,1.4453357164802,1.4524801414456447,0.007144424965444651
0,Grand_MultiParadigm_Ensemble,mb-dielectric-0253,2.262070364363887,2.242389846166213,0.019680518197674246
0,Grand_MultiParadigm_Ensemble,mb-dielectric-0265,1.7387624909687924,1.628285968769195,0.11047652219959736
0,Grand_MultiParadigm_Ensemble,mb-dielectric-0267,1.5288308168880775,1.5266440244233805,0.002186792464696996
0,Grand_MultiParadigm_Ensemble,mb-dielectric-0268,2.485578581276071,2.0839538933290926,0.4016246879469785
0,Grand_MultiParadigm_Ensemble,mb-dielectric-0269,1.4715369516257482,1.5059607906348453,0.03442383900909718
0,Grand_MultiParadigm_Ensemble,mb-dielectric-0272,2.676233235974274,2.174852937703939,0.5013802982703353
0,Grand_MultiParadigm_Ensemble,mb-dielectric-0276,2.1871217768260336,1.9569202022718692,0.23020157455416435
0,Grand_MultiParadigm_Ensemble,mb-dielectric-0279,2.8448784391135926,2.3024926652184536,0.542385773895139
0,Grand_MultiParadigm_Ensemble,mb-dielectric-0281,2.758497900428178,2.7071772578872246,0.051320642540953365
0,Grand_MultiParadigm_Ensemble,mb-dielectric-0296,4.192254763250917,4.429117724344217,0.2368629610933004
0,Grand_MultiParadigm_Ensemble,mb-dielectric-0300,3.0009998333909347,3.1026769816310877,0.10167714824015306
0,Grand_MultiParadigm_Ensemble,mb-dielectric-0307,2.085543414396673,2.0125250692214762,0.07301834517519668
0,Grand_MultiParadigm_Ensemble,mb-dielectric-0309,1.3771952173408908,1.412436907771618,0.03524169043072711
0,Grand_MultiParadigm_Ensemble,mb-dielectric-0313,1.9640222334111528,1.8653201685466179,0.09870206486453492
0,Grand_MultiParadigm_Ensemble,mb-dielectric-0331,1.4100827398891649,1.4362355739220298,0.026152834032864947
0,Grand_MultiParadigm_Ensemble,mb-dielectric-0337,1.742565445925442,1.7185688192766648,0.02399662664877722
0,Grand_MultiParadigm_Ensemble,mb-dielectric-0340,2.2720269217888536,2.229196019649299,0.04283090213955454
0,Grand_MultiParadigm_Ensemble,mb-dielectric-0344,2.806005464475554,2.5868199700813284,0.21918549439422552
0,Grand_MultiParadigm_Ensemble,mb-dielectric-0347,1.548982031313899,1.5656531965994727,0.016671165285573553
0,Grand_MultiParadigm_Ensemble,mb-dielectric-0356,3.726643127534484,3.2193616258959734,0.5072815016385106
0,Grand_MultiParadigm_Ensemble,mb-dielectric-0370,2.1718655575337715,2.399208620465798,0.22734306293202655
0,Grand_MultiParadigm_Ensemble,mb-dielectric-0373,2.474671695397193,2.9543641524880173,0.4796924570908243
0,Grand_MultiParadigm_Ensemble,mb-dielectric-0375,4.621601526166767,4.857532055384291,0.23593052921752378
0,Grand_MultiParadigm_Ensemble,mb-dielectric-0376,1.3415165547493877,1.4273672230728616,0.08585066832347388
0,Grand_MultiParadigm_Ensemble,mb-dielectric-0380,4.019361806721726,3.645626254168306,0.37373555255341984
0,Grand_MultiParadigm_Ensemble,mb-dielectric-0381,1.5884340296866806,1.6055089744864979,0.017074944799817304
0,Grand_MultiParadigm_Ensemble,mb-dielectric-0383,1.7853641085224008,1.6668194051249727,0.11854470339742806
0,Grand_MultiParadigm_Ensemble,mb-dielectric-0408,1.5964209177224782,1.5841364387561754,0.012284478966302803
0,Grand_MultiParadigm_Ensemble,mb-dielectric-0409,1.2367720080920332,1.4890008459365376,0.25222883784450434
0,Grand_MultiParadigm_Ensemble,mb-dielectric-0412,1.4761436244485155,1.4623623264164252,0.013781298032090383
0,Grand_MultiParadigm_Ensemble,mb-dielectric-0418,2.2427307016224662,2.410726239154104,0.16799553753163776
0,Grand_MultiParadigm_Ensemble,mb-dielectric-0422,2.1093442898969204,2.034686332059367,0.07465795783755347
0,Grand_MultiParadigm_Ensemble,mb-dielectric-0426,1.5131518980811764,1.5157711732787575,0.0026192751975810946
0,Grand_MultiParadigm_Ensemble,mb-dielectric-0432,1.5677398806349645,1.6007317615182948,0.03299188088333027
0,Grand_MultiParadigm_Ensemble,mb-dielectric-0460,2.2219750973702053,2.2815908761630417,0.059615778792836416
0,Grand_MultiParadigm_Ensemble,mb-dielectric-0464,1.9119105627617627,1.9296450829361298,0.017734520174367052
0,Grand_MultiParadigm_Ensemble,mb-dielectric-0471,2.241734744938987,2.296058871687414,0.054324126748427126
0,Grand_MultiParadigm_Ensemble,mb-dielectric-0482,2.060352882396605,2.102635516080488,0.04228263368388285
0,Grand_MultiParadigm_Ensemble,mb-dielectric-0487,2.27842065182588,2.258253432625098,0.020167219200782238
0,Grand_MultiParadigm_Ensemble,mb-dielectric-0488,2.4603113624092385,2.5611763175668676,0.10086495515762905
0,Grand_MultiParadigm_Ensemble,mb-dielectric-0517,4.08656334834051,3.822068313816634,0.26449503452387635
0,Grand_MultiParadigm_Ensemble,mb-dielectric-0521,1.4326295171234376,1.4411646075261881,0.008535090402750578
0,Grand_MultiParadigm_Ensemble,mb-dielectric-0523,1.5731309544980672,1.5940173496374306,0.020886395139363412
0,Grand_MultiParadigm_Ensemble,mb-dielectric-0529,2.326079820929052,2.410238014622082,0.08415819369303001
0,Grand_MultiParadigm_Ensemble,mb-dielectric-0530,1.4046074184625397,1.4600180119231516,0.055410593460611945
0,Grand_MultiParadigm_Ensemble,mb-dielectric-0534,2.2736556467504045,2.3461494825651537,0.07249383581474911
0,Grand_MultiParadigm_Ensemble,mb-dielectric-0535,2.646006235820316,2.646642678393822,0.0006364425735059243
0,Grand_MultiParadigm_Ensemble,mb-dielectric-0547,1.5490951122079857,1.5106785551354114,0.0384165570725743
0,Grand_MultiParadigm_Ensemble,mb-dielectric-0552,1.5129709184250637,1.5473412578104848,0.03437033938542111
0,Grand_MultiParadigm_Ensemble,mb-dielectric-0567,3.0118313919164423,3.175958094449547,0.16412670253310457
0,Grand_MultiParadigm_Ensemble,mb-dielectric-0569,1.699909017173174,2.1253675946870834,0.42545857751390925
0,Grand_MultiParadigm_Ensemble,mb-dielectric-0573,1.3940349110870147,1.389788222945171,0.004246688141843702
0,Grand_MultiParadigm_Ensemble,mb-dielectric-0588,1.478350093854632,1.468458526935058,0.009891566919573824
0,Grand_MultiParadigm_Ensemble,mb-dielectric-0592,1.7455671475674222,1.8289383921534292,0.08337124458600709
0,Grand_MultiParadigm_Ensemble,mb-dielectric-0594,1.9943882102873889,1.8912183760225176,0.10316983426487125
0,Grand_MultiParadigm_Ensemble,mb-dielectric-0598,1.8318792718589991,1.7755678061580675,0.056311465700931596
0,Grand_MultiParadigm_Ensemble,mb-dielectric-0612,1.679777366200652,1.6146191274341635,0.06515823876648863
0,Grand_MultiParadigm_Ensemble,mb-dielectric-0617,1.9463585658009328,1.82769256467417,0.11866600112676284
0,Grand_MultiParadigm_Ensemble,mb-dielectric-0628,3.1343651669835784,3.3659081372314574,0.23154297024787907
0,Grand_MultiParadigm_Ensemble,mb-dielectric-0644,2.776422938482776,2.210309406988588,0.5661135314941883
0,Grand_MultiParadigm_Ensemble,mb-dielectric-0648,1.4678818072310862,1.4546873923607724,0.013194414870313809
0,Grand_MultiParadigm_Ensemble,mb-dielectric-0652,1.638201351075827,1.6400695733651205,0.0018682222892933975
0,Grand_MultiParadigm_Ensemble,mb-dielectric-0661,1.4014278433083882,1.4010038922967318,0.00042395101165637605
0,Grand_MultiParadigm_Ensemble,mb-dielectric-0669,2.3597290804949065,2.258604291901373,0.10112478859353358
0,Grand_MultiParadigm_Ensemble,mb-dielectric-0672,2.104916071169268,2.0758951596345385,0.02902091153472952
0,Grand_MultiParadigm_Ensemble,mb-dielectric-0682,1.5861023506276846,1.5165893941895516,0.06951295643813293
0,Grand_MultiParadigm_Ensemble,mb-dielectric-0686,1.6530282312572082,1.5594093073907367,0.09361892386647153
0,Grand_MultiParadigm_Ensemble,mb-dielectric-0687,1.8256505689627252,1.805797085680036,0.0198534832826891
0,Grand_MultiParadigm_Ensemble,mb-dielectric-0694,3.5325052016946823,3.527192438140893,0.005312763553789512
0,Grand_MultiParadigm_Ensemble,mb-dielectric-0709,1.5620499351777215,1.5147099201105174,0.04734001506720409
0,Grand_MultiParadigm_Ensemble,mb-dielectric-0710,2.576975164712841,2.389043098261859,0.18793206645098204
0,Grand_MultiParadigm_Ensemble,mb-dielectric-0712,2.128489135513718,2.152334517376466,0.02384538186274776
0,Grand_MultiParadigm_Ensemble,mb-dielectric-0716,2.037764870309297,2.054366411969517,0.016601541660219876
0,Grand_MultiParadigm_Ensemble,mb-dielectric-0719,2.1387452707915746,2.186090972466943,0.047345701675368446
0,Grand_MultiParadigm_Ensemble,mb-dielectric-0724,2.2350011931391296,2.281912895265585,0.046911702126455346
0,Grand_MultiParadigm_Ensemble,mb-dielectric-0733,1.9861112758352688,2.0838067650752565,0.09769548923998772
0,Grand_MultiParadigm_Ensemble,mb-dielectric-0743,3.848759323903397,2.639463777203205,1.2092955467001918
0,Grand_MultiParadigm_Ensemble,mb-dielectric-0752,1.848743627439997,1.824392605730565,0.02435102170943204
0,Grand_MultiParadigm_Ensemble,mb-dielectric-0754,1.5751190431202335,1.6765443723345101,0.1014253292142766
0,Grand_MultiParadigm_Ensemble,mb-dielectric-0758,2.238972978845436,2.1589815856684247,0.0799913931770111
0,Grand_MultiParadigm_Ensemble,mb-dielectric-0759,2.1883783950679088,2.1855292688854098,0.0028491261824989955
0,Grand_MultiParadigm_Ensemble,mb-dielectric-0762,3.8187916500729218,3.5923318902469203,0.22645975982600142
0,Grand_MultiParadigm_Ensemble,mb-dielectric-0766,3.256634254359348,3.547238026760806,0.2906037724014583
0,Grand_MultiParadigm_Ensemble,mb-dielectric-0769,3.0435652887143174,2.690620277629865,0.35294501108445253
0,Grand_MultiParadigm_Ensemble,mb-dielectric-0773,1.472299896125275,1.4370550922501883,0.03524480387508655
0,Grand_MultiParadigm_Ensemble,mb-dielectric-0782,1.8819310640509552,1.9710880530092125,0.0891569889582573
0,Grand_MultiParadigm_Ensemble,mb-dielectric-0794,1.6632907142168505,1.6281589021833305,0.035131812033520005
0,Grand_MultiParadigm_Ensemble,mb-dielectric-0797,2.2024567343461405,1.90086466132331,0.30159207302283053
0,Grand_MultiParadigm_Ensemble,mb-dielectric-0799,1.5872554929815177,1.614811444177521,0.027555951196003292
0,Grand_MultiParadigm_Ensemble,mb-dielectric-0803,1.7823563990777302,1.8027999712763383,0.02044357219860804
0,Grand_MultiParadigm_Ensemble,mb-dielectric-0808,1.9356482979439564,1.9590302017987349,0.023381903854778452
0,Grand_MultiParadigm_Ensemble,mb-dielectric-0809,1.7599024594183243,1.6934719218685246,0.06643053754979977
0,Grand_MultiParadigm_Ensemble,mb-dielectric-0815,1.6610088299986046,1.6629339049627543,0.0019250749641497311
0,Grand_MultiParadigm_Ensemble,mb-dielectric-0818,2.0741740524845063,1.9616616085748657,0.11251244390964055
0,Grand_MultiParadigm_Ensemble,mb-dielectric-0833,1.94888138855772,2.1025618787939653,0.1536804902362452
0,Grand_MultiParadigm_Ensemble,mb-dielectric-0834,1.4022600804891128,1.332855266205957,0.06940481428315581
0,Grand_MultiParadigm_Ensemble,mb-dielectric-0835,1.5653498011626743,1.6223895167305507,0.05703971556787635
0,Grand_MultiParadigm_Ensemble,mb-dielectric-0843,1.840982255934768,1.5751031261494746,0.2658791297852934
0,Grand_MultiParadigm_Ensemble,mb-dielectric-0844,1.7425722366662435,1.7803132860313646,0.037741049365121127
0,Grand_MultiParadigm_Ensemble,mb-dielectric-0845,3.832268518775791,2.2755909072920035,1.5566776114837877
0,Grand_MultiParadigm_Ensemble,mb-dielectric-0850,2.311773273620328,2.2254106476751265,0.08636262594520128
0,Grand_MultiParadigm_Ensemble,mb-dielectric-0865,2.094770154456092,1.9302637048729647,0.1645064495831272
0,Grand_MultiParadigm_Ensemble,mb-dielectric-0874,1.6120453881120511,1.6108699070926673,0.0011754810193838061
0,Grand_MultiParadigm_Ensemble,mb-dielectric-0876,1.977800377523812,1.9332185713174899,0.04458180620632213
0,Grand_MultiParadigm_Ensemble,mb-dielectric-0884,1.8582238831744684,1.7326667586785394,0.12555712449592904
0,Grand_MultiParadigm_Ensemble,mb-dielectric-0885,1.6231240453725853,1.714483748690585,0.09135970331799981
0,Grand_MultiParadigm_Ensemble,mb-dielectric-0890,2.1047372757662663,2.211154527252643,0.1064172514863766
0,Grand_MultiParadigm_Ensemble,mb-dielectric-0905,3.2845073197259484,3.2443792984901427,0.04012802123580572
0,Grand_MultiParadigm_Ensemble,mb-dielectric-0908,1.6447807351336126,1.622403003890237,0.022377731243375498
0,Grand_MultiParadigm_Ensemble,mb-dielectric-0914,2.7034455792562144,2.87365289001714,0.17020731076092543
0,Grand_MultiParadigm_Ensemble,mb-dielectric-0915,2.5795623659838123,2.6499318550889663,0.07036948910515406
0,Grand_MultiParadigm_Ensemble,mb-dielectric-0916,2.4536751347044023,2.6192936429152884,0.16561850821088608
0,Grand_MultiParadigm_Ensemble,mb-dielectric-0919,2.453266394014315,2.083298710009786,0.36996768400452895
0,Grand_MultiParadigm_Ensemble,mb-dielectric-0925,1.8635054780350555,1.8632161850635456,0.0002892929715099246
0,Grand_MultiParadigm_Ensemble,mb-dielectric-0928,1.477986129840196,1.470165961140432,0.007820168699763874
0,Grand_MultiParadigm_Ensemble,mb-dielectric-0932,2.3504771892894416,2.360470329423639,0.009993140134197276
0,Grand_MultiParadigm_Ensemble,mb-dielectric-0942,1.7319541949293389,1.8295926895833539,0.09763849465401497
0,Grand_MultiParadigm_Ensemble,mb-dielectric-0944,2.1314016514960272,2.220953268063334,0.0895516165673067
0,Grand_MultiParadigm_Ensemble,mb-dielectric-0948,2.1066830959274974,2.162526886177505,0.05584379025000752
0,Grand_MultiParadigm_Ensemble,mb-dielectric-0950,1.627956797133552,1.5731608544126998,0.0547959427208522
0,Grand_MultiParadigm_Ensemble,mb-dielectric-0955,3.112475060141045,2.952488000083407,0.15998706005763808
0,Grand_MultiParadigm_Ensemble,mb-dielectric-0957,2.3399290587536954,2.482605718494449,0.14267665974075383
0,Grand_MultiParadigm_Ensemble,mb-dielectric-0958,3.356026718209099,3.7702706244849233,0.4142439062758245
0,Grand_MultiParadigm_Ensemble,mb-dielectric-0960,2.0363279860245185,1.9461041003365736,0.09022388568794493
0,Grand_MultiParadigm_Ensemble,mb-dielectric-0961,3.0028257802720857,2.97777061760499,0.025055162667095843
0,Grand_MultiParadigm_Ensemble,mb-dielectric-0977,2.019813027650497,2.047072803061777,0.027259775411279996
0,Grand_MultiParadigm_Ensemble,mb-dielectric-0979,1.932616878742396,1.920184288528239,0.012432590214157102
0,Grand_MultiParadigm_Ensemble,mb-dielectric-0984,1.6736188335460376,1.6247755804509176,0.04884325309511994
0,Grand_MultiParadigm_Ensemble,mb-dielectric-0991,1.6411450850929106,1.7051195195114048,0.06397443441849426
0,Grand_MultiParadigm_Ensemble,mb-dielectric-0994,1.7774847397375877,1.7612077150859506,0.01627702465163705
0,Grand_MultiParadigm_Ensemble,mb-dielectric-0999,2.499849328792971,2.4505524537696566,0.04929687502331426
0,Grand_MultiParadigm_Ensemble,mb-dielectric-1000,1.902222910176397,2.0162419400609997,0.11401902988460266
0,Grand_MultiParadigm_Ensemble,mb-dielectric-1012,4.017005518210467,3.8029022130791956,0.21410330513127107
0,Grand_MultiParadigm_Ensemble,mb-dielectric-1013,4.089172695464663,2.7040674449449407,1.3851052505197226
0,Grand_MultiParadigm_Ensemble,mb-dielectric-1015,2.4066584025712205,2.4451701261725214,0.03851172360130084
0,Grand_MultiParadigm_Ensemble,mb-dielectric-1021,2.221732807217524,2.196187007067084,0.02554580015044028
0,Grand_MultiParadigm_Ensemble,mb-dielectric-1029,2.908321394436285,2.568269466232082,0.3400519282042027
0,Grand_MultiParadigm_Ensemble,mb-dielectric-1032,1.903140212035536,1.9587274130300714,0.05558720099453529
0,Grand_MultiParadigm_Ensemble,mb-dielectric-1033,1.7623847480048165,1.6095208551986289,0.15286389280618762
0,Grand_MultiParadigm_Ensemble,mb-dielectric-1046,2.3028654614052755,2.4153218429455268,0.11245638154025128
0,Grand_MultiParadigm_Ensemble,mb-dielectric-1048,2.382170648799115,2.3228478532846286,0.059322795514486604
0,Grand_MultiParadigm_Ensemble,mb-dielectric-1051,3.956008088995544,2.427125675388692,1.5288824136068522
0,Grand_MultiParadigm_Ensemble,mb-dielectric-1056,1.468609546475842,1.5101004779140559,0.04149093143821392
0,Grand_MultiParadigm_Ensemble,mb-dielectric-1057,1.8897089723023,1.8789568721584555,0.010752100143844423
0,Grand_MultiParadigm_Ensemble,mb-dielectric-1059,2.3526397230912046,2.1017227485078616,0.25091697458334306
0,Grand_MultiParadigm_Ensemble,mb-dielectric-1061,1.365772064926404,1.4929975624622545,0.12722549753585044
0,Grand_MultiParadigm_Ensemble,mb-dielectric-1065,1.4789636010846696,1.5909781560297707,0.11201455494510104
0,Grand_MultiParadigm_Ensemble,mb-dielectric-1066,2.139403343613977,2.1449147024084985,0.00551135879452147
0,Grand_MultiParadigm_Ensemble,mb-dielectric-1082,1.4188558771066218,1.4491707616270186,0.03031488452039688
0,Grand_MultiParadigm_Ensemble,mb-dielectric-1083,2.7662565559494534,2.7995022215897074,0.033245665640253996
0,Grand_MultiParadigm_Ensemble,mb-dielectric-1091,2.504263031978337,2.3903897242556327,0.11387330772270454
0,Grand_MultiParadigm_Ensemble,mb-dielectric-1097,2.6795377710841595,2.680961593681085,0.001423822596925639
0,Grand_MultiParadigm_Ensemble,mb-dielectric-1109,1.5716018367682487,1.5429143306512658,0.028687506116982897
0,Grand_MultiParadigm_Ensemble,mb-dielectric-1115,2.7354047232539465,2.4964797335818822,0.23892498967206421
0,Grand_MultiParadigm_Ensemble,mb-dielectric-1117,2.0594421125985707,1.7485674200357473,0.3108746925628234
0,Grand_MultiParadigm_Ensemble,mb-dielectric-1119,2.271799727088636,2.4128733561434723,0.14107362905483622
0,Grand_MultiParadigm_Ensemble,mb-dielectric-1123,1.671341975778745,1.7301197485806405,0.058777772801895445
0,Grand_MultiParadigm_Ensemble,mb-dielectric-1140,2.729728557933913,2.569489079965309,0.16023947796860405
0,Grand_MultiParadigm_Ensemble,mb-dielectric-1141,1.716243863790927,1.76110250008987,0.04485863629894293
0,Grand_MultiParadigm_Ensemble,mb-dielectric-1154,1.8765469174346097,1.9912116641200686,0.1146647466854589
0,Grand_MultiParadigm_Ensemble,mb-dielectric-1171,1.6649324310613929,1.7375202938695762,0.0725878628081833
0,Grand_MultiParadigm_Ensemble,mb-dielectric-1175,1.5938423175877008,1.6086349284737014,0.01479261088600059
0,Grand_MultiParadigm_Ensemble,mb-dielectric-1178,1.8370946264867976,1.824494290171136,0.012600336315661487
0,Grand_MultiParadigm_Ensemble,mb-dielectric-1191,2.4675171861644283,2.436847036819925,0.030670149344503184
0,Grand_MultiParadigm_Ensemble,mb-dielectric-1192,1.6784913861361737,1.7922735854337861,0.11378219929761246
0,Grand_MultiParadigm_Ensemble,mb-dielectric-1195,1.795811608530613,1.814987976837487,0.01917636830687397
0,Grand_MultiParadigm_Ensemble,mb-dielectric-1197,1.9257127684747448,1.8229442792262973,0.1027684892484475
0,Grand_MultiParadigm_Ensemble,mb-dielectric-1207,1.978720125064011,1.9549113381723995,0.023808786891611478
0,Grand_MultiParadigm_Ensemble,mb-dielectric-1214,2.5451749121294864,1.9681142846182282,0.5770606275112582
0,Grand_MultiParadigm_Ensemble,mb-dielectric-1215,1.5432996036630953,1.5205848132501056,0.022714790412989627
0,Grand_MultiParadigm_Ensemble,mb-dielectric-1220,2.605789771515218,2.098463559173801,0.5073262123414173
0,Grand_MultiParadigm_Ensemble,mb-dielectric-1240,2.0134547424762244,2.1048314683754468,0.09137672589922241
0,Grand_MultiParadigm_Ensemble,mb-dielectric-1249,4.828912049356761,3.463637418053709,1.3652746313030524
0,Grand_MultiParadigm_Ensemble,mb-dielectric-1250,1.8843391414498616,1.9677675281214555,0.08342838667159391
0,Grand_MultiParadigm_Ensemble,mb-dielectric-1262,3.033265896686276,3.03281704018303,0.00044885650324610893
0,Grand_MultiParadigm_Ensemble,mb-dielectric-1267,2.153128189402566,2.2262933113934666,0.07316512199090086
0,Grand_MultiParadigm_Ensemble,mb-dielectric-1269,2.2104598314981168,2.2851943810348465,0.07473454953672976
0,Grand_MultiParadigm_Ensemble,mb-dielectric-1275,3.005605873474875,2.8185731231300304,0.1870327503448448
0,Grand_MultiParadigm_Ensemble,mb-dielectric-1276,2.6408996573137724,2.7370080360587474,0.09610837874497502
0,Grand_MultiParadigm_Ensemble,mb-dielectric-1277,1.492201952373301,1.4970293660519831,0.004827413678682113
0,Grand_MultiParadigm_Ensemble,mb-dielectric-1282,1.5203069865474197,1.5300705941649628,0.009763607617543135
0,Grand_MultiParadigm_Ensemble,mb-dielectric-1291,1.8606119065153448,1.8793567310066552,0.01874482449131043
0,Grand_MultiParadigm_Ensemble,mb-dielectric-1304,3.3378099107049226,3.628013512767482,0.29020360206255935
0,Grand_MultiParadigm_Ensemble,mb-dielectric-1312,1.7291616465790585,1.7092256644320614,0.0199359821469971
0,Grand_MultiParadigm_Ensemble,mb-dielectric-1315,3.28359559020291,3.3767716305524353,0.0931760403495252
0,Grand_MultiParadigm_Ensemble,mb-dielectric-1319,2.4066020997802435,2.357374498599218,0.04922760118102554
0,Grand_MultiParadigm_Ensemble,mb-dielectric-1321,2.7739002024826585,2.855336180990939,0.08143597850828055
0,Grand_MultiParadigm_Ensemble,mb-dielectric-1325,4.356951954443994,4.209279595034436,0.14767235940955725
0,Grand_MultiParadigm_Ensemble,mb-dielectric-1331,1.5241391012602483,1.51033101642947,0.013808084830778222
0,Grand_MultiParadigm_Ensemble,mb-dielectric-1332,2.4295187452113503,2.209454988527409,0.2200637566839414
0,Grand_MultiParadigm_Ensemble,mb-dielectric-1337,2.77810612948222,2.9903016604114674,0.2121955309292476
0,Grand_MultiParadigm_Ensemble,mb-dielectric-1345,2.3576052115087744,2.3567117534945563,0.0008934580142181403
0,Grand_MultiParadigm_Ensemble,mb-dielectric-1352,5.89550676362941,4.5876325909166775,1.307874172712732
0,Grand_MultiParadigm_Ensemble,mb-dielectric-1355,2.0124442021250344,2.069060423082457,0.05661622095742258
0,Grand_MultiParadigm_Ensemble,mb-dielectric-1357,1.773426626618649,1.795334016871473,0.021907390252824177
0,Grand_MultiParadigm_Ensemble,mb-dielectric-1363,2.31109396895352,2.4391756131051787,0.12808164415165857
0,Grand_MultiParadigm_Ensemble,mb-dielectric-1369,3.6269163210639417,3.659636386883343,0.032720065819401345
0,Grand_MultiParadigm_Ensemble,mb-dielectric-1373,2.636810573401129,2.699850892383922,0.06304031898279305
0,Grand_MultiParadigm_Ensemble,mb-dielectric-1374,1.4983324063771708,1.5150514524477625,0.016719046070591714
0,Grand_MultiParadigm_Ensemble,mb-dielectric-1379,1.988345375766829,1.832452627589514,0.1558927481773149
0,Grand_MultiParadigm_Ensemble,mb-dielectric-1380,2.2523545458030103,2.370638843955794,0.11828429815278385
0,Grand_MultiParadigm_Ensemble,mb-dielectric-1381,1.93097505594108,2.0017882550460144,0.07081319910493433
0,Grand_MultiParadigm_Ensemble,mb-dielectric-1382,3.290997822333249,3.0236381723012293,0.26735965003201967
0,Grand_MultiParadigm_Ensemble,mb-dielectric-1384,3.6552009976652817,3.2200307826815155,0.4351702149837662
0,Grand_MultiParadigm_Ensemble,mb-dielectric-1389,2.601542298970624,2.493605373216736,0.10793692575388825
0,Grand_MultiParadigm_Ensemble,mb-dielectric-1390,2.025107322258913,2.0057799006892054,0.01932742156970768
0,Grand_MultiParadigm_Ensemble,mb-dielectric-1394,1.4459137825711954,1.4334180140501565,0.012495768521038952
0,Grand_MultiParadigm_Ensemble,mb-dielectric-1397,17.407039744501844,3.039669982032287,14.367369762469558
0,Grand_MultiParadigm_Ensemble,mb-dielectric-1398,1.912764142979125,1.9561669596630993,0.04340281668397439
0,Grand_MultiParadigm_Ensemble,mb-dielectric-1407,2.156283144672805,2.3120786860872586,0.15579554141445362
0,Grand_MultiParadigm_Ensemble,mb-dielectric-1408,2.773072363522693,2.735810707437961,0.037261656084731865
0,Grand_MultiParadigm_Ensemble,mb-dielectric-1409,2.192335132531825,2.270179295717677,0.07784416318585219
0,Grand_MultiParadigm_Ensemble,mb-dielectric-1419,2.970066609802995,2.935735420330805,0.03433118947218983
0,Grand_MultiParadigm_Ensemble,mb-dielectric-1426,1.4860462083439174,1.4971266164213644,0.011080408077446924
0,Grand_MultiParadigm_Ensemble,mb-dielectric-1430,4.84877489681672,4.923100531736131,0.07432563491941124
0,Grand_MultiParadigm_Ensemble,mb-dielectric-1431,2.213652938771866,2.1021707620084107,0.11148217676345551
0,Grand_MultiParadigm_Ensemble,mb-dielectric-1433,1.4630416945528242,1.4814472595747108,0.018405565021886616
0,Grand_MultiParadigm_Ensemble,mb-dielectric-1436,2.003748035777196,1.9817647382430876,0.021983297534108548
0,Grand_MultiParadigm_Ensemble,mb-dielectric-1438,1.8353147777243373,1.8458622819724542,0.010547504248116901
0,Grand_MultiParadigm_Ensemble,mb-dielectric-1443,2.290187546905275,2.3198897704427757,0.02970222353750085
0,Grand_MultiParadigm_Ensemble,mb-dielectric-1452,2.0057417580555184,1.9702780586267914,0.03546369942872696
0,Grand_MultiParadigm_Ensemble,mb-dielectric-1455,2.1786018452209284,2.2455397468362115,0.06693790161528312
0,Grand_MultiParadigm_Ensemble,mb-dielectric-1463,1.9109404316548773,1.9057216035643374,0.005218828090539862
0,Grand_MultiParadigm_Ensemble,mb-dielectric-1478,2.3963963222583478,2.422497193845539,0.02610087158719132
0,Grand_MultiParadigm_Ensemble,mb-dielectric-1484,1.883386046459939,1.990755921180766,0.10736987472082693
0,Grand_MultiParadigm_Ensemble,mb-dielectric-1491,1.96816327235996,1.8288528018533619,0.13931047050659817
0,Grand_MultiParadigm_Ensemble,mb-dielectric-1499,4.092799001498444,3.9191095966677603,0.17368940483068407
0,Grand_MultiParadigm_Ensemble,mb-dielectric-1503,2.2294862636939423,2.3180248660285026,0.08853860233456023
0,Grand_MultiParadigm_Ensemble,mb-dielectric-1511,2.9124194981721527,2.7918700428913894,0.12054945528076333
0,Grand_MultiParadigm_Ensemble,mb-dielectric-1524,1.6307691436864995,1.6437233020366897,0.012954158350190204
0,Grand_MultiParadigm_Ensemble,mb-dielectric-1527,2.664318111637571,2.729873779190194,0.06555566755262321
0,Grand_MultiParadigm_Ensemble,mb-dielectric-1531,2.653073503877456,2.7048399961500236,0.051766492272567355
0,Grand_MultiParadigm_Ensemble,mb-dielectric-1539,2.9350330492176746,2.7988330196985407,0.1362000295191339
0,Grand_MultiParadigm_Ensemble,mb-dielectric-1550,1.674891339759094,1.6976323000680935,0.022740960308999414
0,Grand_MultiParadigm_Ensemble,mb-dielectric-1567,1.7775451236654127,1.6932218132478833,0.08432331041752938
0,Grand_MultiParadigm_Ensemble,mb-dielectric-1574,1.7307821931138532,1.7449478282405497,0.014165635126696552
0,Grand_MultiParadigm_Ensemble,mb-dielectric-1578,3.203227539009158,3.348514005508801,0.14528646649964339
0,Grand_MultiParadigm_Ensemble,mb-dielectric-1579,2.47473904348934,2.540763661195023,0.06602461770568269
0,Grand_MultiParadigm_Ensemble,mb-dielectric-1584,2.180544045263322,1.8464156388795137,0.33412840638380814
0,Grand_MultiParadigm_Ensemble,mb-dielectric-1585,3.27523978765932,3.0657504286150887,0.20948935904423127
0,Grand_MultiParadigm_Ensemble,mb-dielectric-1598,2.1864478803148577,2.212230270413582,0.025782390098724406
0,Grand_MultiParadigm_Ensemble,mb-dielectric-1599,1.6880298180620783,1.7094893858233882,0.02145956776130986
0,Grand_MultiParadigm_Ensemble,mb-dielectric-1608,1.9499841024993008,2.148861992649805,0.1988778901505044
0,Grand_MultiParadigm_Ensemble,mb-dielectric-1610,1.789563354564459,1.7564207124867302,0.03314264207772877
0,Grand_MultiParadigm_Ensemble,mb-dielectric-1620,2.1883925607623507,2.092268104644373,0.09612445611797771
0,Grand_MultiParadigm_Ensemble,mb-dielectric-1623,2.934739170693028,2.7384589261159995,0.19628024457702864
0,Grand_MultiParadigm_Ensemble,mb-dielectric-1641,2.3616378497419253,2.2917915249185006,0.06984632482342468
0,Grand_MultiParadigm_Ensemble,mb-dielectric-1659,2.530654460806532,2.7848536851598156,0.2541992243532838
0,Grand_MultiParadigm_Ensemble,mb-dielectric-1660,4.069957002229881,3.8972094781617654,0.17274752406811533
0,Grand_MultiParadigm_Ensemble,mb-dielectric-1661,3.8912506130206177,2.4907145409943645,1.4005360720262532
0,Grand_MultiParadigm_Ensemble,mb-dielectric-1663,1.7062743038562116,1.7143771061339705,0.008102802277758947
0,Grand_MultiParadigm_Ensemble,mb-dielectric-1665,1.9590753771443643,2.011898074608207,0.05282269746384283
0,Grand_MultiParadigm_Ensemble,mb-dielectric-1671,2.144421289454725,2.171095810568639,0.026674521113914107
0,Grand_MultiParadigm_Ensemble,mb-dielectric-1678,1.5545631755148024,1.6742095051792394,0.119646329664437
0,Grand_MultiParadigm_Ensemble,mb-dielectric-1682,1.676920093504756,1.7157887158386607,0.038868622333904757
0,Grand_MultiParadigm_Ensemble,mb-dielectric-1684,2.14640971547062,1.7830300030619057,0.36337971240871414
0,Grand_MultiParadigm_Ensemble,mb-dielectric-1686,2.71393975614788,2.5265451851945064,0.18739457095337375
0,Grand_MultiParadigm_Ensemble,mb-dielectric-1703,1.5319397290146022,1.5501875625404098,0.01824783352580761
0,Grand_MultiParadigm_Ensemble,mb-dielectric-1705,3.156369222170732,3.1837656680614432,0.02739644589071144
0,Grand_MultiParadigm_Ensemble,mb-dielectric-1714,10.537710062708628,3.666284578937398,6.87142548377123
0,Grand_MultiParadigm_Ensemble,mb-dielectric-1723,1.5920353848663875,1.690792008248853,0.09875662338246549
0,Grand_MultiParadigm_Ensemble,mb-dielectric-1724,2.016808039121887,1.9028770027350888,0.11393103638679847
0,Grand_MultiParadigm_Ensemble,mb-dielectric-1726,2.003597181737553,2.0339541382287676,0.030356956491214504
0,Grand_MultiParadigm_Ensemble,mb-dielectric-1737,1.716611099424289,1.702636425933137,0.01397467349115189
0,Grand_MultiParadigm_Ensemble,mb-dielectric-1738,1.6184276319934734,1.7150494195916302,0.09662178759815676
0,Grand_MultiParadigm_Ensemble,mb-dielectric-1747,2.017929549480523,1.93609120103651,0.08183834844401305
0,Grand_MultiParadigm_Ensemble,mb-dielectric-1750,1.439851844230278,1.4917206909089127,0.051868846678634783
0,Grand_MultiParadigm_Ensemble,mb-dielectric-1752,1.5807213543189704,1.640703252840907,0.05998189852193647
0,Grand_MultiParadigm_Ensemble,mb-dielectric-1755,1.6225940137117896,1.6102294595584454,0.012364554153344143
0,Grand_MultiParadigm_Ensemble,mb-dielectric-1756,2.1956737007123683,2.1717153235354716,0.02395837717689675
0,Grand_MultiParadigm_Ensemble,mb-dielectric-1764,2.136373952908682,2.17522202889547,0.038848075986787745
0,Grand_MultiParadigm_Ensemble,mb-dielectric-1781,2.6117797510460186,2.651708552270293,0.039928801224274224
0,Grand_MultiParadigm_Ensemble,mb-dielectric-1787,1.7644941673654462,1.7606155612618437,0.0038786061036024666
0,Grand_MultiParadigm_Ensemble,mb-dielectric-1789,1.9461523578589628,1.8539752601346202,0.09217709772434257
0,Grand_MultiParadigm_Ensemble,mb-dielectric-1803,2.318972976700393,2.3236110528038134,0.004638076103420374
0,Grand_MultiParadigm_Ensemble,mb-dielectric-1804,2.653020731166645,2.9020794290179466,0.2490586978513014
0,Grand_MultiParadigm_Ensemble,mb-dielectric-1809,2.4215091712951797,2.335053130335741,0.0864560409594386
0,Grand_MultiParadigm_Ensemble,mb-dielectric-1810,4.8775632577480055,4.898754678608846,0.02119142086084036
0,Grand_MultiParadigm_Ensemble,mb-dielectric-1829,4.0477872967832695,2.225112853517847,1.8226744432654227
0,Grand_MultiParadigm_Ensemble,mb-dielectric-1838,1.4444168373430155,1.459115231362356,0.014698394019340588
0,Grand_MultiParadigm_Ensemble,mb-dielectric-1848,1.808552367687114,1.7894877104272404,0.019064657259873607
0,Grand_MultiParadigm_Ensemble,mb-dielectric-1854,2.8102238938086983,2.944669241383287,0.1344453475745886
0,Grand_MultiParadigm_Ensemble,mb-dielectric-1859,2.407946981697618,2.367991803438673,0.0399551782589449
0,Grand_MultiParadigm_Ensemble,mb-dielectric-1861,1.0,4.724295035374631,3.724295035374631
0,Grand_MultiParadigm_Ensemble,mb-dielectric-1864,2.105233795409273,2.1256428097647624,0.020409014355489585
0,Grand_MultiParadigm_Ensemble,mb-dielectric-1878,2.5686175269977425,2.135657459271993,0.43296006772574946
0,Grand_MultiParadigm_Ensemble,mb-dielectric-1880,2.2770665339423,2.274365504151933,0.0027010297903671265
0,Grand_MultiParadigm_Ensemble,mb-dielectric-1883,2.055018410298717,2.1219670959203265,0.06694868562160972
0,Grand_MultiParadigm_Ensemble,mb-dielectric-1885,1.6344106991002396,1.5628539704843738,0.07155672861586582
0,Grand_MultiParadigm_Ensemble,mb-dielectric-1886,2.323667216563795,2.29525502648554,0.028412190078254795
0,Grand_MultiParadigm_Ensemble,mb-dielectric-1888,2.8354113717298293,3.64108851462042,0.8056771428905907
0,Grand_MultiParadigm_Ensemble,mb-dielectric-1893,2.114653005420353,2.1604799641358334,0.04582695871548026
0,Grand_MultiParadigm_Ensemble,mb-dielectric-1894,2.4596379137317483,2.431808229733792,0.027829683997956156
0,Grand_MultiParadigm_Ensemble,mb-dielectric-1895,1.6828170825533395,1.6655829311167039,0.017234151436635647
0,Grand_MultiParadigm_Ensemble,mb-dielectric-1900,2.749806235597948,2.4438887710093224,0.30591746458862534
0,Grand_MultiParadigm_Ensemble,mb-dielectric-1905,1.888589727585448,1.72622588164296,0.16236384594248787
0,Grand_MultiParadigm_Ensemble,mb-dielectric-1909,2.3552900741380736,2.3107262623910203,0.04456381174705326
0,Grand_MultiParadigm_Ensemble,mb-dielectric-1910,2.2369730291922045,2.287439814259094,0.0504667850668894
0,Grand_MultiParadigm_Ensemble,mb-dielectric-1911,1.4021055595068457,1.419470131933051,0.01736457242620526
0,Grand_MultiParadigm_Ensemble,mb-dielectric-1914,2.179594687092075,2.0841710211123994,0.09542366597967566
0,Grand_MultiParadigm_Ensemble,mb-dielectric-1923,2.174998620689218,2.502927763892905,0.32792914320368727
0,Grand_MultiParadigm_Ensemble,mb-dielectric-1927,2.1712394309855987,2.132356330543987,0.038883100441611695
0,Grand_MultiParadigm_Ensemble,mb-dielectric-1932,2.2383008436460603,2.21394224899091,0.024358594655150334
0,Grand_MultiParadigm_Ensemble,mb-dielectric-1933,1.8258525862365411,1.9062250740806288,0.08037248784408768
0,Grand_MultiParadigm_Ensemble,mb-dielectric-1939,2.4852001931434016,2.421429596716595,0.06377059642680649
0,Grand_MultiParadigm_Ensemble,mb-dielectric-1942,1.6025894670813194,1.550456047477593,0.052133419603726416
0,Grand_MultiParadigm_Ensemble,mb-dielectric-1943,2.0688966463633056,2.216655917523574,0.1477592711602682
0,Grand_MultiParadigm_Ensemble,mb-dielectric-1955,3.9095612712084895,2.9853276544698346,0.9242336167386549
0,Grand_MultiParadigm_Ensemble,mb-dielectric-1964,2.2036481116548527,2.099241627117385,0.10440648453746793
0,Grand_MultiParadigm_Ensemble,mb-dielectric-1966,1.3546603510351467,1.3455620274743572,0.009098323560789545
0,Grand_MultiParadigm_Ensemble,mb-dielectric-1967,1.4967566045731409,1.5268840262490098,0.030127421675868904
0,Grand_MultiParadigm_Ensemble,mb-dielectric-1968,3.6104080563467247,3.5713201000732595,0.039087956273465174
0,Grand_MultiParadigm_Ensemble,mb-dielectric-1971,2.259551725453523,2.1550273024528153,0.10452442300070786
0,Grand_MultiParadigm_Ensemble,mb-dielectric-1972,1.720021802187403,1.716722823545678,0.0032989786417250144
0,Grand_MultiParadigm_Ensemble,mb-dielectric-1976,2.6874921395233886,2.74584902480633,0.05835688528294147
0,Grand_MultiParadigm_Ensemble,mb-dielectric-1984,1.9297803847415729,1.9583485932462346,0.028568208504661685
0,Grand_MultiParadigm_Ensemble,mb-dielectric-1995,1.8534676510080608,1.894837574633414,0.0413699236253533
0,Grand_MultiParadigm_Ensemble,mb-dielectric-1998,1.6336671427599117,1.7343273151822793,0.10066017242236769
0,Grand_MultiParadigm_Ensemble,mb-dielectric-1999,2.305034489980573,2.354151047468144,0.04911655748757093
0,Grand_MultiParadigm_Ensemble,mb-dielectric-2001,2.461745925151497,2.6452187460035486,0.18347282085205174
0,Grand_MultiParadigm_Ensemble,mb-dielectric-2005,3.981080757784248,3.616759752239754,0.3643210055444941
0,Grand_MultiParadigm_Ensemble,mb-dielectric-2017,2.477512260312752,2.402096492293249,0.07541576801950312
0,Grand_MultiParadigm_Ensemble,mb-dielectric-2020,2.007511975887898,1.740270260080835,0.267241715807063
0,Grand_MultiParadigm_Ensemble,mb-dielectric-2022,4.816341488446737,3.426617208024856,1.389724280421881
0,Grand_MultiParadigm_Ensemble,mb-dielectric-2023,2.707734415829342,2.779864359390922,0.07212994356157987
0,Grand_MultiParadigm_Ensemble,mb-dielectric-2025,2.645106677117831,2.4338336041929547,0.21127307292487618
0,Grand_MultiParadigm_Ensemble,mb-dielectric-2039,1.5394822722807389,1.5718731246471909,0.032390852366452005
0,Grand_MultiParadigm_Ensemble,mb-dielectric-2046,1.833562743222422,1.6746652688900767,0.15889747433234525
0,Grand_MultiParadigm_Ensemble,mb-dielectric-2056,2.0094259545120505,1.92457538604455,0.0848505684675005
0,Grand_MultiParadigm_Ensemble,mb-dielectric-2062,2.4646699576211004,2.802376813020694,0.33770685539959366
0,Grand_MultiParadigm_Ensemble,mb-dielectric-2068,2.5075275339133034,2.65251350389594,0.14498596998263658
0,Grand_MultiParadigm_Ensemble,mb-dielectric-2071,2.4360816899275,2.364377620528129,0.07170406939937113
0,Grand_MultiParadigm_Ensemble,mb-dielectric-2072,1.4961527328451465,1.501234930642004,0.00508219779685759
0,Grand_MultiParadigm_Ensemble,mb-dielectric-2075,1.663445620792376,1.5526251828678292,0.11082043792454677
0,Grand_MultiParadigm_Ensemble,mb-dielectric-2076,1.4893163979938355,1.4488559225240087,0.040460475469826784
0,Grand_MultiParadigm_Ensemble,mb-dielectric-2085,1.7730898642388828,1.7995322063775903,0.026442342138707442
0,Grand_MultiParadigm_Ensemble,mb-dielectric-2094,2.263949351612501,2.210527516601198,0.05342183501130293
0,Grand_MultiParadigm_Ensemble,mb-dielectric-2095,1.7814735473758796,1.7934516650441648,0.01197811766828516
0,Grand_MultiParadigm_Ensemble,mb-dielectric-2100,2.749060445558324,2.5906806916271816,0.15837975393114245
0,Grand_MultiParadigm_Ensemble,mb-dielectric-2101,1.3936761938604438,1.40452960702262,0.01085341316217625
0,Grand_MultiParadigm_Ensemble,mb-dielectric-2106,1.6806596919067227,1.731354698504313,0.050695006597590186
0,Grand_MultiParadigm_Ensemble,mb-dielectric-2122,6.651138098100203,6.024733273954947,0.626404824145256
0,Grand_MultiParadigm_Ensemble,mb-dielectric-2128,1.71314749316378,1.7227971386853973,0.00964964552161729
0,Grand_MultiParadigm_Ensemble,mb-dielectric-2129,1.5368971989043378,1.5437596722228337,0.006862473318495876
0,Grand_MultiParadigm_Ensemble,mb-dielectric-2132,1.549020012782275,1.5040832138623963,0.044936798919878784
0,Grand_MultiParadigm_Ensemble,mb-dielectric-2135,2.2523335306595573,2.2160147267595205,0.03631880390003683
0,Grand_MultiParadigm_Ensemble,mb-dielectric-2137,1.556565449957052,1.5462213846205342,0.010344065336517883
0,Grand_MultiParadigm_Ensemble,mb-dielectric-2147,1.8336884504553477,1.8041985290526223,0.029489921402725328
0,Grand_MultiParadigm_Ensemble,mb-dielectric-2151,1.6813642278419838,1.7062476493171501,0.024883421475166312
0,Grand_MultiParadigm_Ensemble,mb-dielectric-2152,2.414480068254859,2.722110301189866,0.30763023293500735
0,Grand_MultiParadigm_Ensemble,mb-dielectric-2158,1.8505716233999991,1.8480954823550095,0.0024761410449896104
0,Grand_MultiParadigm_Ensemble,mb-dielectric-2164,2.4720574426982838,2.4148071781429854,0.05725026455529836
0,Grand_MultiParadigm_Ensemble,mb-dielectric-2167,3.5008293303158897,2.80251757072476,0.6983117595911299
0,Grand_MultiParadigm_Ensemble,mb-dielectric-2168,1.7667295586289753,1.8478140003896393,0.08108444176066398
0,Grand_MultiParadigm_Ensemble,mb-dielectric-2173,1.6098654188057666,1.586718075625733,0.02314734318003353
0,Grand_MultiParadigm_Ensemble,mb-dielectric-2174,2.394384332836592,2.3443117339432336,0.05007259889335858
0,Grand_MultiParadigm_Ensemble,mb-dielectric-2185,2.189687116157618,2.130861960600884,0.058825155556733844
0,Grand_MultiParadigm_Ensemble,mb-dielectric-2187,2.6641446407180776,2.619831635081332,0.04431300563674556
0,Grand_MultiParadigm_Ensemble,mb-dielectric-2189,2.158452840964256,2.09023105902151,0.06822178194274597
0,Grand_MultiParadigm_Ensemble,mb-dielectric-2190,2.387676695032352,2.349506132217078,0.03817056281527398
0,Grand_MultiParadigm_Ensemble,mb-dielectric-2196,1.5014443046613333,1.5196916257440396,0.018247321082706325
0,Grand_MultiParadigm_Ensemble,mb-dielectric-2197,2.3106846748673147,2.1244026578243504,0.1862820170429642
0,Grand_MultiParadigm_Ensemble,mb-dielectric-2203,1.508883914244786,1.5079815144049762,0.0009023998398098865
0,Grand_MultiParadigm_Ensemble,mb-dielectric-2204,2.334981941400541,2.5577505519290957,0.22276861052855468
0,Grand_MultiParadigm_Ensemble,mb-dielectric-2207,3.1003393900238185,3.120638960508141,0.020299570484322516
0,Grand_MultiParadigm_Ensemble,mb-dielectric-2216,1.3659219108963296,1.3853616630992138,0.019439752202884186
0,Grand_MultiParadigm_Ensemble,mb-dielectric-2221,1.19916637711048,1.2605889324358006,0.061422555325320705
0,Grand_MultiParadigm_Ensemble,mb-dielectric-2222,1.8022072331248984,1.8154972176219317,0.013289984497033336
0,Grand_MultiParadigm_Ensemble,mb-dielectric-2225,2.064252730005057,2.039111090525055,0.02514163948000192
0,Grand_MultiParadigm_Ensemble,mb-dielectric-2230,1.2848574499399723,1.468797446653572,0.18393999671359973
0,Grand_MultiParadigm_Ensemble,mb-dielectric-2236,1.4919473851312584,1.4667163433344903,0.02523104179676805
0,Grand_MultiParadigm_Ensemble,mb-dielectric-2237,1.7954044112678351,1.7605071073106622,0.03489730395717294
0,Grand_MultiParadigm_Ensemble,mb-dielectric-2240,1.920446290792176,1.9329147494096532,0.012468458617477252
0,Grand_MultiParadigm_Ensemble,mb-dielectric-2245,3.1991460839834533,3.257957667662231,0.0588115836787777
0,Grand_MultiParadigm_Ensemble,mb-dielectric-2248,1.6581864591575135,1.7139655783518797,0.05577911919436618
0,Grand_MultiParadigm_Ensemble,mb-dielectric-2261,3.571148648077629,3.205504714023043,0.36564393405458606
0,Grand_MultiParadigm_Ensemble,mb-dielectric-2268,1.7033314416166885,1.7088104078771504,0.005478966260461959
0,Grand_MultiParadigm_Ensemble,mb-dielectric-2273,1.902520696339464,2.00852069790354,0.10600000156407607
0,Grand_MultiParadigm_Ensemble,mb-dielectric-2280,1.8002451684886358,1.7001129787311604,0.1001321897574754
0,Grand_MultiParadigm_Ensemble,mb-dielectric-2283,2.0097676482618594,2.00716389148268,0.002603756779179456
0,Grand_MultiParadigm_Ensemble,mb-dielectric-2284,1.862301264564893,1.8513675843616202,0.0109336802032729
0,Grand_MultiParadigm_Ensemble,mb-dielectric-2301,2.1961818382517118,2.0023487651103147,0.19383307314139708
0,Grand_MultiParadigm_Ensemble,mb-dielectric-2302,1.4357344229812603,1.524196615255144,0.08846219227388374
0,Grand_MultiParadigm_Ensemble,mb-dielectric-2304,1.510739359758147,1.5615480596551738,0.05080869989702674
0,Grand_MultiParadigm_Ensemble,mb-dielectric-2313,2.0398441933964797,2.1326588686472085,0.09281467525072884
0,Grand_MultiParadigm_Ensemble,mb-dielectric-2319,1.7319377394506228,1.749730192857897,0.0177924534072742
0,Grand_MultiParadigm_Ensemble,mb-dielectric-2321,2.7818501637099966,2.844901827916334,0.06305166420633723
0,Grand_MultiParadigm_Ensemble,mb-dielectric-2322,2.3713515133779723,2.422170716875113,0.05081920349714064
0,Grand_MultiParadigm_Ensemble,mb-dielectric-2328,1.6939817000192174,1.6951104920654767,0.0011287920462592638
0,Grand_MultiParadigm_Ensemble,mb-dielectric-2344,2.375065262261228,2.2878807420887406,0.08718452017248746
0,Grand_MultiParadigm_Ensemble,mb-dielectric-2355,2.186512291298633,2.041299980994517,0.14521231030411563
0,Grand_MultiParadigm_Ensemble,mb-dielectric-2357,4.248686071400577,4.276589918569597,0.027903847169019613
0,Grand_MultiParadigm_Ensemble,mb-dielectric-2364,2.4223955085845974,2.424229028690374,0.0018335201057766426
0,Grand_MultiParadigm_Ensemble,mb-dielectric-2366,1.8762221794517289,2.001810037839113,0.12558785838738418
0,Grand_MultiParadigm_Ensemble,mb-dielectric-2368,2.8909354887302485,2.777051045689501,0.11388444304074774
0,Grand_MultiParadigm_Ensemble,mb-dielectric-2369,1.8050429102081444,1.8982411284726843,0.09319821826453989
0,Grand_MultiParadigm_Ensemble,mb-dielectric-2372,3.3076778359850363,2.86542564248122,0.4422521935038164
0,Grand_MultiParadigm_Ensemble,mb-dielectric-2373,1.43143284858215,1.4228077929003466,0.008625055681803273
0,Grand_MultiParadigm_Ensemble,mb-dielectric-2380,2.1630725061048386,2.0234405171053584,0.13963198899948015
0,Grand_MultiParadigm_Ensemble,mb-dielectric-2383,1.9800673389222567,1.9720537316916453,0.008013607230611397
0,Grand_MultiParadigm_Ensemble,mb-dielectric-2387,2.109023391683143,1.9035376326678546,0.20548575901528832
0,Grand_MultiParadigm_Ensemble,mb-dielectric-2389,1.5185317470065116,1.5405003347676962,0.0219685877611846
0,Grand_MultiParadigm_Ensemble,mb-dielectric-2392,2.6632711715732813,2.6562386545982215,0.007032516975059799
0,Grand_MultiParadigm_Ensemble,mb-dielectric-2395,2.5315358315984127,2.5164945499814637,0.015041281616948954
0,Grand_MultiParadigm_Ensemble,mb-dielectric-2397,1.6436277964713706,1.5656847315198732,0.07794306495149739
0,Grand_MultiParadigm_Ensemble,mb-dielectric-2401,2.8531029891447437,2.733119372796297,0.1199836163484469
0,Grand_MultiParadigm_Ensemble,mb-dielectric-2404,1.7970435906417697,1.8154278180057992,0.01838422736402956
0,Grand_MultiParadigm_Ensemble,mb-dielectric-2412,1.3890044396398005,1.401818661174572,0.01281422153477152
0,Grand_MultiParadigm_Ensemble,mb-dielectric-2415,1.607132332240672,1.5811716656087933,0.025960666631878793
0,Grand_MultiParadigm_Ensemble,mb-dielectric-2419,1.7441666587036162,1.8177642539980003,0.07359759529438414
0,Grand_MultiParadigm_Ensemble,mb-dielectric-2423,2.7660441066606336,2.4393483493633843,0.3266957572972493
0,Grand_MultiParadigm_Ensemble,mb-dielectric-2425,1.6143109985377662,1.595101050562952,0.019209947974814234
0,Grand_MultiParadigm_Ensemble,mb-dielectric-2434,1.8111023346753952,1.8359393599164615,0.024837025241066346
0,Grand_MultiParadigm_Ensemble,mb-dielectric-2435,1.684141720069121,1.7599484815347846,0.07580676146566345
0,Grand_MultiParadigm_Ensemble,mb-dielectric-2437,2.177000995256193,2.449817745717584,0.272816750461391
0,Grand_MultiParadigm_Ensemble,mb-dielectric-2439,2.0822415806049017,2.1516063782124806,0.06936479760757885
0,Grand_MultiParadigm_Ensemble,mb-dielectric-2449,4.89393645238677,4.123180430284037,0.7707560221027325
0,Grand_MultiParadigm_Ensemble,mb-dielectric-2450,1.7374124438370988,1.6469117446244632,0.0905006992126356
0,Grand_MultiParadigm_Ensemble,mb-dielectric-2454,1.3750826641817937,1.4528529109231194,0.07777024674132571
0,Grand_MultiParadigm_Ensemble,mb-dielectric-2455,1.788789721198846,2.307391624329686,0.5186019031308402
0,Grand_MultiParadigm_Ensemble,mb-dielectric-2466,3.067137644993021,3.0033768757093044,0.06376076928371655
0,Grand_MultiParadigm_Ensemble,mb-dielectric-2467,2.2201351310224338,2.1825855771135148,0.03754955390891901
0,Grand_MultiParadigm_Ensemble,mb-dielectric-2470,1.3766949553187156,1.413553068748976,0.03685811343026035
0,Grand_MultiParadigm_Ensemble,mb-dielectric-2471,2.735602919528587,2.8203476547106936,0.08474473518210646
0,Grand_MultiParadigm_Ensemble,mb-dielectric-2473,1.5781389883868489,1.729158249637975,0.15101926125112608
0,Grand_MultiParadigm_Ensemble,mb-dielectric-2474,2.977786817979644,2.0920989020640066,0.8856879159156374
0,Grand_MultiParadigm_Ensemble,mb-dielectric-2479,2.051411465308703,2.074947118976554,0.02353565366785082
0,Grand_MultiParadigm_Ensemble,mb-dielectric-2480,2.6837121678749383,2.3967879540331536,0.2869242138417847
0,Grand_MultiParadigm_Ensemble,mb-dielectric-2482,2.3648047135722026,2.60419513555052,0.2393904219783174
0,Grand_MultiParadigm_Ensemble,mb-dielectric-2485,1.9649097519563927,2.006542276909772,0.041632524953379324
0,Grand_MultiParadigm_Ensemble,mb-dielectric-2486,2.736645696224973,2.973478279515221,0.2368325832902478
0,Grand_MultiParadigm_Ensemble,mb-dielectric-2492,1.4034481346550245,1.4717409379647692,0.06829280330974474
0,Grand_MultiParadigm_Ensemble,mb-dielectric-2495,1.4834969947166503,1.5144795098802777,0.030982515163627378
0,Grand_MultiParadigm_Ensemble,mb-dielectric-2503,1.9166947244323145,1.8997165610995015,0.01697816333281299
0,Grand_MultiParadigm_Ensemble,mb-dielectric-2506,1.7870887871992749,1.7135815421789595,0.07350724502031536
0,Grand_MultiParadigm_Ensemble,mb-dielectric-2509,2.1583126125131487,2.0462463303987652,0.11206628211438341
0,Grand_MultiParadigm_Ensemble,mb-dielectric-2518,2.677750237294985,2.8047456381544826,0.12699540085949756
0,Grand_MultiParadigm_Ensemble,mb-dielectric-2524,2.6694080914075644,2.750650088563712,0.08124199715614777
0,Grand_MultiParadigm_Ensemble,mb-dielectric-2528,1.901043310044952,1.9187864115535747,0.017743101508622683
0,Grand_MultiParadigm_Ensemble,mb-dielectric-2531,2.0551391680370457,2.1289446970698767,0.073805529032831
0,Grand_MultiParadigm_Ensemble,mb-dielectric-2532,6.116742624414838,5.856346519297695,0.2603961051171435
0,Grand_MultiParadigm_Ensemble,mb-dielectric-2533,1.7127534362345718,1.7367226071437287,0.023969170909156956
0,Grand_MultiParadigm_Ensemble,mb-dielectric-2535,1.69429948198641,1.7393451541729423,0.04504567218653244
0,Grand_MultiParadigm_Ensemble,mb-dielectric-2537,3.2090245142929867,2.64133636908779,0.5676881452051967
0,Grand_MultiParadigm_Ensemble,mb-dielectric-2552,2.46400209686058,2.472364960118138,0.008362863257558306
0,Grand_MultiParadigm_Ensemble,mb-dielectric-2553,1.0935777673916625,1.6572539291330166,0.5636761617413542
0,Grand_MultiParadigm_Ensemble,mb-dielectric-2554,3.780173276451756,2.6797464583796624,1.1004268180720937
0,Grand_MultiParadigm_Ensemble,mb-dielectric-2555,2.244588603731205,1.8990068077656048,0.3455817959656
0,Grand_MultiParadigm_Ensemble,mb-dielectric-2556,1.6459040069215884,1.710292615065726,0.0643886081441376
0,Grand_MultiParadigm_Ensemble,mb-dielectric-2558,2.339127971417269,2.483129362510474,0.1440013910932052
0,Grand_MultiParadigm_Ensemble,mb-dielectric-2562,2.0591329081274226,1.7392194915757753,0.3199134165516473
0,Grand_MultiParadigm_Ensemble,mb-dielectric-2567,1.931680960545332,1.932075989016743,0.0003950284714109298
0,Grand_MultiParadigm_Ensemble,mb-dielectric-2571,2.4018590716359696,2.4147447412716985,0.012885669635728902
0,Grand_MultiParadigm_Ensemble,mb-dielectric-2584,1.5564967073527616,1.542385027236335,0.014111680116426495
0,Grand_MultiParadigm_Ensemble,mb-dielectric-2586,2.210097509161077,2.1510882261568254,0.05900928300425168
0,Grand_MultiParadigm_Ensemble,mb-dielectric-2591,2.514468068333075,2.483601215326254,0.030866853006821238
0,Grand_MultiParadigm_Ensemble,mb-dielectric-2592,2.486887076916307,2.5126690329692334,0.025781956052926436
0,Grand_MultiParadigm_Ensemble,mb-dielectric-2593,1.747608079633417,1.7355554010104122,0.012052678623004853
0,Grand_MultiParadigm_Ensemble,mb-dielectric-2595,2.561582648806528,2.65018629920365,0.08860365039712192
0,Grand_MultiParadigm_Ensemble,mb-dielectric-2601,3.551964808384231,3.5826597950942842,0.030694986710053218
0,Grand_MultiParadigm_Ensemble,mb-dielectric-2606,2.7405465999808625,2.7409839423570057,0.0004373423761432349
0,Grand_MultiParadigm_Ensemble,mb-dielectric-2608,1.930515820534329,1.91777114265548,0.01274467787884892
0,Grand_MultiParadigm_Ensemble,mb-dielectric-2624,1.3885482826799125,1.4294397913598897,0.04089150867997726
0,Grand_MultiParadigm_Ensemble,mb-dielectric-2630,2.0844823498093388,1.9546412525951715,0.12984109721416726
0,Grand_MultiParadigm_Ensemble,mb-dielectric-2637,1.631402157654574,2.608839061375212,0.9774369037206381
0,Grand_MultiParadigm_Ensemble,mb-dielectric-2640,1.4937014427254196,1.5123385975509474,0.018637154825527746
0,Grand_MultiParadigm_Ensemble,mb-dielectric-2641,1.6444857352173456,1.6195276093799211,0.024958125837424516
0,Grand_MultiParadigm_Ensemble,mb-dielectric-2644,2.3567075196836225,2.444658400802374,0.08795088111875149
0,Grand_MultiParadigm_Ensemble,mb-dielectric-2651,1.4879247292790048,1.495413172776173,0.007488443497168262
0,Grand_MultiParadigm_Ensemble,mb-dielectric-2655,1.5640851426099966,1.5640919030325393,6.76042254266207e-06
0,Grand_MultiParadigm_Ensemble,mb-dielectric-2658,1.8059603170243437,1.7680297663670665,0.03793055065727713
0,Grand_MultiParadigm_Ensemble,mb-dielectric-2680,4.152526058523801,2.255430401541381,1.8970956569824198
0,Grand_MultiParadigm_Ensemble,mb-dielectric-2681,1.6856027606368786,1.7021202624687999,0.016517501831921244
0,Grand_MultiParadigm_Ensemble,mb-dielectric-2686,1.7541647585104427,1.838561495853419,0.08439673734297637
0,Grand_MultiParadigm_Ensemble,mb-dielectric-2691,1.6992601331167632,1.7098500338660891,0.010589900749325976
0,Grand_MultiParadigm_Ensemble,mb-dielectric-2693,1.5985068032385723,1.5316863007232064,0.06682050251536586
0,Grand_MultiParadigm_Ensemble,mb-dielectric-2696,5.385629025471397,5.066577889675691,0.3190511357957062
0,Grand_MultiParadigm_Ensemble,mb-dielectric-2697,1.9196575215386693,2.0295634054618006,0.10990588392313128
0,Grand_MultiParadigm_Ensemble,mb-dielectric-2702,1.529521384834719,1.6662381652938638,0.1367167804591447
0,Grand_MultiParadigm_Ensemble,mb-dielectric-2712,1.9141577782503811,2.052075137621237,0.1379173593708558
0,Grand_MultiParadigm_Ensemble,mb-dielectric-2722,1.5310127367203712,1.6292907741043188,0.09827803738394758
0,Grand_MultiParadigm_Ensemble,mb-dielectric-2732,3.3376638536557315,3.420171438029142,0.08250758437341066
0,Grand_MultiParadigm_Ensemble,mb-dielectric-2733,1.7302215657732003,1.7421347098313085,0.011913144058108172
0,Grand_MultiParadigm_Ensemble,mb-dielectric-2736,3.254685238237332,3.3623639364984967,0.10767869826116483
0,Grand_MultiParadigm_Ensemble,mb-dielectric-2743,2.374989122782109,2.162211675685037,0.21277744709707225
0,Grand_MultiParadigm_Ensemble,mb-dielectric-2750,1.5192313846152603,1.5279624758661687,0.00873109125090843
0,Grand_MultiParadigm_Ensemble,mb-dielectric-2751,1.6787333518658245,1.8227667996698873,0.1440334478040628
0,Grand_MultiParadigm_Ensemble,mb-dielectric-2754,1.6687523283379515,1.6646800313368264,0.0040722970011251025
0,Grand_MultiParadigm_Ensemble,mb-dielectric-2755,3.122467507170144,3.046164134782606,0.07630337238753793
0,Grand_MultiParadigm_Ensemble,mb-dielectric-2756,2.4387617759838705,2.480767172989398,0.042005397005527634
0,Grand_MultiParadigm_Ensemble,mb-dielectric-2758,2.755680436238329,2.77103857411425,0.015358137875920885
0,Grand_MultiParadigm_Ensemble,mb-dielectric-2760,2.278493581294448,2.289414098051524,0.010920516757076282
0,Grand_MultiParadigm_Ensemble,mb-dielectric-2768,1.976578693938932,1.908214635840115,0.06836405809881696
0,Grand_MultiParadigm_Ensemble,mb-dielectric-2770,2.456691542162708,2.1094812879682445,0.3472102541944633
0,Grand_MultiParadigm_Ensemble,mb-dielectric-2776,2.8967144606720674,3.3308025055621187,0.43408804489005126
0,Grand_MultiParadigm_Ensemble,mb-dielectric-2779,3.343807261191948,3.1863570622855533,0.15745019890639478
0,Grand_MultiParadigm_Ensemble,mb-dielectric-2786,1.6839437836991675,1.7475753847600308,0.0636316010608633
0,Grand_MultiParadigm_Ensemble,mb-dielectric-2789,2.0033711588220493,2.091761813088696,0.0883906542666466
0,Grand_MultiParadigm_Ensemble,mb-dielectric-2794,1.7069465916268929,1.608220305241423,0.09872628638546987
0,Grand_MultiParadigm_Ensemble,mb-dielectric-2797,1.852380900355,1.8319781543504532,0.020402746004546835
0,Grand_MultiParadigm_Ensemble,mb-dielectric-2806,1.803073579567216,1.8883734324464463,0.08529985287923036
0,Grand_MultiParadigm_Ensemble,mb-dielectric-2817,1.668337795531828,1.6674034184370334,0.0009343770947944918
0,Grand_MultiParadigm_Ensemble,mb-dielectric-2818,1.7143023848395786,1.8179430275054187,0.10364064266584005
0,Grand_MultiParadigm_Ensemble,mb-dielectric-2820,2.36843935957837,2.0714129469715745,0.29702641260679563
0,Grand_MultiParadigm_Ensemble,mb-dielectric-2823,1.4913081505845944,1.5460952946579716,0.05478714407337715
0,Grand_MultiParadigm_Ensemble,mb-dielectric-2825,1.9752718800205709,2.041252066043297,0.06598018602272626
0,Grand_MultiParadigm_Ensemble,mb-dielectric-2826,1.6017262562622865,1.638234098113336,0.036507841851049605
0,Grand_MultiParadigm_Ensemble,mb-dielectric-2833,1.4699907029184458,1.461553128021149,0.008437574897296907
0,Grand_MultiParadigm_Ensemble,mb-dielectric-2834,1.7006019522510214,1.7101429843980172,0.009541032146995754
0,Grand_MultiParadigm_Ensemble,mb-dielectric-2836,3.063744713037734,3.036847290802597,0.026897422235137025
0,Grand_MultiParadigm_Ensemble,mb-dielectric-2839,3.137514940203472,3.569703845480926,0.4321889052774539
0,Grand_MultiParadigm_Ensemble,mb-dielectric-2842,1.7093367134651969,1.7167374122563512,0.007400698791154348
0,Grand_MultiParadigm_Ensemble,mb-dielectric-2844,1.231665539016173,1.513997536357327,0.282331997341154
0,Grand_MultiParadigm_Ensemble,mb-dielectric-2846,1.6185656201299554,1.6153461582177582,0.003219461912197241
0,Grand_MultiParadigm_Ensemble,mb-dielectric-2860,2.5947048001651365,2.637148117096648,0.04244331693151171
0,Grand_MultiParadigm_Ensemble,mb-dielectric-2879,2.1312737975210974,1.9990848342157446,0.1321889633053528
0,Grand_MultiParadigm_Ensemble,mb-dielectric-2882,3.1821376463000464,3.8774754027704064,0.69533775647036
0,Grand_MultiParadigm_Ensemble,mb-dielectric-2883,1.3979747255711927,1.402759576676341,0.004784851105148258
0,Grand_MultiParadigm_Ensemble,mb-dielectric-2885,2.416687126350177,2.55152607315465,0.13483894680447284
0,Grand_MultiParadigm_Ensemble,mb-dielectric-2886,1.88322073409713,1.8899501305171214,0.006729396419991263
0,Grand_MultiParadigm_Ensemble,mb-dielectric-2892,1.5481688107782905,1.522058926309295,0.026109884468995537
0,Grand_MultiParadigm_Ensemble,mb-dielectric-2893,1.5967675681409197,1.6944966738891842,0.09772910574826454
0,Grand_MultiParadigm_Ensemble,mb-dielectric-2894,8.311523927656108,3.8506734432812157,4.460850484374892
0,Grand_MultiParadigm_Ensemble,mb-dielectric-2901,1.8528301775032343,1.9169932391517812,0.0641630616485469
0,Grand_MultiParadigm_Ensemble,mb-dielectric-2902,2.7734176269241053,2.8795241868845403,0.10610655996043494
0,Grand_MultiParadigm_Ensemble,mb-dielectric-2909,1.5601148461998986,1.534571837373899,0.02554300882599958
0,Grand_MultiParadigm_Ensemble,mb-dielectric-2913,1.738546711097135,1.7682047955652667,0.029658084468131563
0,Grand_MultiParadigm_Ensemble,mb-dielectric-2914,1.5874507866387593,1.6558496514080943,0.06839886476933499
0,Grand_MultiParadigm_Ensemble,mb-dielectric-2922,1.4247806848775073,1.4218269328690107,0.0029537520084965685
0,Grand_MultiParadigm_Ensemble,mb-dielectric-2925,1.775751014829125,1.7491610826975474,0.026589932131577454
0,Grand_MultiParadigm_Ensemble,mb-dielectric-2927,1.9588597873933364,1.9918490005495635,0.03298921315622705
0,Grand_MultiParadigm_Ensemble,mb-dielectric-2930,1.592482338980321,1.6273660440730342,0.0348837050927131
0,Grand_MultiParadigm_Ensemble,mb-dielectric-2941,1.8057942850723612,1.839290825135929,0.03349654006356784
0,Grand_MultiParadigm_Ensemble,mb-dielectric-2942,3.082151088660862,3.358685679604163,0.27653459094330124
0,Grand_MultiParadigm_Ensemble,mb-dielectric-2952,2.44372434342883,2.097084560290922,0.346639783137908
0,Grand_MultiParadigm_Ensemble,mb-dielectric-2955,3.24661182362988,3.1156570203165224,0.13095480331335763
0,Grand_MultiParadigm_Ensemble,mb-dielectric-2958,7.2290382025089155,2.289036213882851,4.940001988626065
0,Grand_MultiParadigm_Ensemble,mb-dielectric-2961,1.7540196692169674,1.7475290101846284,0.00649065903233903
0,Grand_MultiParadigm_Ensemble,mb-dielectric-2968,1.4655102638102997,1.4818072064565886,0.016296942646288892
0,Grand_MultiParadigm_Ensemble,mb-dielectric-2971,1.277497553812326,1.3381482611173299,0.06065070730500377
0,Grand_MultiParadigm_Ensemble,mb-dielectric-2985,1.8777045383481843,1.9170026414707357,0.03929810312255144
0,Grand_MultiParadigm_Ensemble,mb-dielectric-2986,2.377429984948733,2.476958481915888,0.09952849696715482
0,Grand_MultiParadigm_Ensemble,mb-dielectric-2989,1.4761024128878502,1.4838510786415993,0.007748665753749107
0,Grand_MultiParadigm_Ensemble,mb-dielectric-2991,1.3600245095830688,1.3882352153375375,0.028210705754468712
0,Grand_MultiParadigm_Ensemble,mb-dielectric-3001,2.403672884011744,2.404120297792067,0.00044741378032275847
0,Grand_MultiParadigm_Ensemble,mb-dielectric-3007,1.4785640556521948,1.4734409937316497,0.0051230619205451244
0,Grand_MultiParadigm_Ensemble,mb-dielectric-3008,2.6670471811849703,2.555277692647825,0.11176948853714519
0,Grand_MultiParadigm_Ensemble,mb-dielectric-3038,2.0068245231376527,1.8957041914211534,0.11112033171649927
0,Grand_MultiParadigm_Ensemble,mb-dielectric-3039,2.6035718414004507,2.616880512325219,0.013308670924768062
0,Grand_MultiParadigm_Ensemble,mb-dielectric-3041,2.124146338336101,2.221063913882144,0.09691757554604319
0,Grand_MultiParadigm_Ensemble,mb-dielectric-3056,1.4213179329997387,1.401481483065495,0.019836449934243827
0,Grand_MultiParadigm_Ensemble,mb-dielectric-3060,1.827111198951321,1.7757758792745633,0.05133531967675764
0,Grand_MultiParadigm_Ensemble,mb-dielectric-3067,1.6468933379750696,1.6725176205091046,0.025624282534034926
0,Grand_MultiParadigm_Ensemble,mb-dielectric-3073,1.5172927645426024,1.4673404242683659,0.04995234027423656
0,Grand_MultiParadigm_Ensemble,mb-dielectric-3074,3.6395706706515134,3.752168466884858,0.11259779623334465
0,Grand_MultiParadigm_Ensemble,mb-dielectric-3077,4.310273773207448,4.257539210254657,0.05273456295279111
0,Grand_MultiParadigm_Ensemble,mb-dielectric-3079,1.5915665239002736,1.5688971790500517,0.022669344850221984
0,Grand_MultiParadigm_Ensemble,mb-dielectric-3092,1.5294461960679318,1.5139145406074381,0.01553165546049362
0,Grand_MultiParadigm_Ensemble,mb-dielectric-3095,3.1847553542880918,3.697252669661225,0.5124973153731331
0,Grand_MultiParadigm_Ensemble,mb-dielectric-3096,1.475662337167054,1.4757499906231102,8.765345605610264e-05
0,Grand_MultiParadigm_Ensemble,mb-dielectric-3099,1.6187865825982126,1.6228828646921147,0.004096282093902115
0,Grand_MultiParadigm_Ensemble,mb-dielectric-3104,2.2687309227848065,2.280457849952049,0.01172692716724244
0,Grand_MultiParadigm_Ensemble,mb-dielectric-3107,3.061154466315813,2.8444732639065995,0.2166812024092133
0,Grand_MultiParadigm_Ensemble,mb-dielectric-3108,2.463970779047512,2.62725925015989,0.1632884711123781
0,Grand_MultiParadigm_Ensemble,mb-dielectric-3115,2.6378652985574025,2.6879502265692023,0.05008492801179987
0,Grand_MultiParadigm_Ensemble,mb-dielectric-3122,3.0234766963436863,2.4960108103865206,0.5274658859571657
0,Grand_MultiParadigm_Ensemble,mb-dielectric-3126,1.4954375056595757,1.4486882512521944,0.04674925440738131
0,Grand_MultiParadigm_Ensemble,mb-dielectric-3128,2.067546210688731,2.0334532924449666,0.03409291824376437
0,Grand_MultiParadigm_Ensemble,mb-dielectric-3132,1.5067203898976524,1.5114211091961338,0.004700719298481371
0,Grand_MultiParadigm_Ensemble,mb-dielectric-3133,2.1468244766010387,2.2345234685208486,0.0876989919198099
0,Grand_MultiParadigm_Ensemble,mb-dielectric-3134,2.192259108773441,2.1965488607635595,0.0042897519901186065
0,Grand_MultiParadigm_Ensemble,mb-dielectric-3139,1.342681769196757,1.352214160247225,0.009532391050468103
0,Grand_MultiParadigm_Ensemble,mb-dielectric-3141,1.9964800691884377,1.9684214663723179,0.028058602816119826
0,Grand_MultiParadigm_Ensemble,mb-dielectric-3143,1.6730212192318716,1.605762561666592,0.0672586575652796
0,Grand_MultiParadigm_Ensemble,mb-dielectric-3146,2.7642188167123587,2.452958585145263,0.3112602315670956
0,Grand_MultiParadigm_Ensemble,mb-dielectric-3147,1.5019459599688163,1.5627469030639038,0.060800943095087545
0,Grand_MultiParadigm_Ensemble,mb-dielectric-3155,2.17084438256945,2.1008722959544577,0.06997208661499243
0,Grand_MultiParadigm_Ensemble,mb-dielectric-3157,1.8133127143435572,1.7705095354102736,0.04280317893328367
0,Grand_MultiParadigm_Ensemble,mb-dielectric-3163,1.5968588958744392,1.6330604335941517,0.03620153771971246
0,Grand_MultiParadigm_Ensemble,mb-dielectric-3166,1.3527975951092364,1.3609782275582716,0.008180632449035219
0,Grand_MultiParadigm_Ensemble,mb-dielectric-3176,2.4508482205146924,2.3136887370394357,0.13715948347525675
0,Grand_MultiParadigm_Ensemble,mb-dielectric-3178,2.47366111933978,2.3574420312331705,0.11621908810660964
0,Grand_MultiParadigm_Ensemble,mb-dielectric-3186,2.587051410389828,2.5849623819224505,0.002089028467377574
0,Grand_MultiParadigm_Ensemble,mb-dielectric-3187,2.4132170091800687,2.386211631718178,0.02700537746189058
0,Grand_MultiParadigm_Ensemble,mb-dielectric-3209,2.2123415950827607,2.301806646458516,0.08946505137575533
0,Grand_MultiParadigm_Ensemble,mb-dielectric-3210,2.478838437655829,2.452172070923653,0.026666366732175817
0,Grand_MultiParadigm_Ensemble,mb-dielectric-3213,2.214560227223456,2.235231598548208,0.02067137132475194
0,Grand_MultiParadigm_Ensemble,mb-dielectric-3221,6.177685084236644,6.48940877563587,0.3117236913992265
0,Grand_MultiParadigm_Ensemble,mb-dielectric-3230,2.7905614130493523,2.8783636181858427,0.0878022051364904
0,Grand_MultiParadigm_Ensemble,mb-dielectric-3232,1.6331024666770502,1.6900078272616983,0.056905360584648124
0,Grand_MultiParadigm_Ensemble,mb-dielectric-3242,1.186591757935309,1.3866642160203917,0.20007245808508278
0,Grand_MultiParadigm_Ensemble,mb-dielectric-3247,2.359020983374247,2.346908800652681,0.012112182721566
0,Grand_MultiParadigm_Ensemble,mb-dielectric-3254,2.587110614823675,2.4951253739348838,0.09198524088879134
0,Grand_MultiParadigm_Ensemble,mb-dielectric-3256,3.153000158579126,3.396493512051896,0.24349335347277012
0,Grand_MultiParadigm_Ensemble,mb-dielectric-3261,2.10475208357974,2.1703879016294643,0.06563581804972429
0,Grand_MultiParadigm_Ensemble,mb-dielectric-3264,1.585032386630212,1.6041040660680692,0.019071679437857147
0,Grand_MultiParadigm_Ensemble,mb-dielectric-3266,2.4117338161579944,2.4356497455306974,0.023915929372702927
0,Grand_MultiParadigm_Ensemble,mb-dielectric-3274,1.669442222220743,1.640308748276476,0.02913347394426702
0,Grand_MultiParadigm_Ensemble,mb-dielectric-3284,5.655393266608426,5.035155370715903,0.6202378958925232
0,Grand_MultiParadigm_Ensemble,mb-dielectric-3287,5.358011384833,4.735152183027569,0.6228592018054311
0,Grand_MultiParadigm_Ensemble,mb-dielectric-3288,2.732587845492491,3.169312849591647,0.43672500409915616
0,Grand_MultiParadigm_Ensemble,mb-dielectric-3294,4.440080517287953,3.8086991921041404,0.6313813251838125
0,Grand_MultiParadigm_Ensemble,mb-dielectric-3296,4.504394076898686,5.099928339376804,0.5955342624781181
0,Grand_MultiParadigm_Ensemble,mb-dielectric-3303,4.296431309819811,4.073932754426922,0.22249855539288887
0,Grand_MultiParadigm_Ensemble,mb-dielectric-3313,2.268475479259144,2.2744651842549644,0.005989704995820411
0,Grand_MultiParadigm_Ensemble,mb-dielectric-3317,2.807311881485937,2.4190603400947865,0.3882515413911505
0,Grand_MultiParadigm_Ensemble,mb-dielectric-3318,6.189917635424023,3.4336279062795603,2.756289729144463
0,Grand_MultiParadigm_Ensemble,mb-dielectric-3332,4.318537213764249,3.9333619045497663,0.38517530921448273
0,Grand_MultiParadigm_Ensemble,mb-dielectric-3333,2.3495830126499766,2.658844568265535,0.30926155561555824
0,Grand_MultiParadigm_Ensemble,mb-dielectric-3341,9.88090459758957,5.961779902870484,3.919124694719086
0,Grand_MultiParadigm_Ensemble,mb-dielectric-3347,3.3321664624285123,3.507330714188092,0.1751642517595795
0,Grand_MultiParadigm_Ensemble,mb-dielectric-3354,1.609237707736182,1.6035500787576091,0.0056876289785727785
0,Grand_MultiParadigm_Ensemble,mb-dielectric-3363,2.126213300682695,2.1010367234514886,0.025176577231206476
0,Grand_MultiParadigm_Ensemble,mb-dielectric-3370,1.5984367363145782,1.5873766235605105,0.011060112754067708
0,Grand_MultiParadigm_Ensemble,mb-dielectric-3375,2.1037839717993894,2.2320865402606165,0.12830256846122712
0,Grand_MultiParadigm_Ensemble,mb-dielectric-3380,3.1852499117023765,3.0467637888067314,0.1384861228956451
0,Grand_MultiParadigm_Ensemble,mb-dielectric-3389,1.82873070734868,1.8119688836509695,0.01676182369771051
0,Grand_MultiParadigm_Ensemble,mb-dielectric-3390,2.630848595668956,2.3454086986764944,0.2854398969924614
0,Grand_MultiParadigm_Ensemble,mb-dielectric-3404,1.849448025763362,1.8766007227939265,0.027152697030564443
0,Grand_MultiParadigm_Ensemble,mb-dielectric-3407,1.59258699396088,1.5434661291074183,0.04912086485346179
0,Grand_MultiParadigm_Ensemble,mb-dielectric-3416,5.866422845312128,4.069302287133666,1.7971205581784622
0,Grand_MultiParadigm_Ensemble,mb-dielectric-3417,1.7414433668655434,1.7568694701363767,0.01542610327083338
0,Grand_MultiParadigm_Ensemble,mb-dielectric-3418,2.5375495397463017,2.669264613455816,0.1317150737095143
0,Grand_MultiParadigm_Ensemble,mb-dielectric-3421,2.3976252139704126,2.4542030960716312,0.05657788210121861
0,Grand_MultiParadigm_Ensemble,mb-dielectric-3433,2.585373345057408,3.0104456246882116,0.4250722796308035
0,Grand_MultiParadigm_Ensemble,mb-dielectric-3439,1.5273525024259025,1.5168832203928995,0.010469282033003013
0,Grand_MultiParadigm_Ensemble,mb-dielectric-3440,2.095587745717177,1.955301965171617,0.14028578054555996
0,Grand_MultiParadigm_Ensemble,mb-dielectric-3442,1.620287320199723,1.6401164400316488,0.019829119831925812
0,Grand_MultiParadigm_Ensemble,mb-dielectric-3444,2.144167359761515,2.1305426853841873,0.013624674377327839
0,Grand_MultiParadigm_Ensemble,mb-dielectric-3450,2.602787352051642,2.5133311180982556,0.0894562339533862
0,Grand_MultiParadigm_Ensemble,mb-dielectric-3452,2.0896388045146304,2.194314686252245,0.10467588173761477
0,Grand_MultiParadigm_Ensemble,mb-dielectric-3454,2.8810191448949736,3.001958101213692,0.12093895631871865
0,Grand_MultiParadigm_Ensemble,mb-dielectric-3470,2.601524553026552,2.75230827870051,0.15078372567395792
0,Grand_MultiParadigm_Ensemble,mb-dielectric-3482,1.7005740207353517,1.7886452529029566,0.08807123216760493
0,Grand_MultiParadigm_Ensemble,mb-dielectric-3486,2.5527847539500854,2.536656058250828,0.016128695699257456
0,Grand_MultiParadigm_Ensemble,mb-dielectric-3492,1.7439709477702534,1.818351028453693,0.0743800806834396
0,Grand_MultiParadigm_Ensemble,mb-dielectric-3493,2.660511166423976,2.586192456398875,0.07431871002510082
0,Grand_MultiParadigm_Ensemble,mb-dielectric-3506,2.741312763379366,2.6798892961760874,0.06142346720327874
0,Grand_MultiParadigm_Ensemble,mb-dielectric-3507,3.154029803283412,3.181310004450192,0.02728020116677987
0,Grand_MultiParadigm_Ensemble,mb-dielectric-3508,3.1346892987982087,3.0505640771639007,0.08412522163430802
0,Grand_MultiParadigm_Ensemble,mb-dielectric-3509,2.3619163123757594,2.325031621513207,0.036884690862552194
0,Grand_MultiParadigm_Ensemble,mb-dielectric-3513,2.735005118825192,2.933242267893553,0.19823714906836098
0,Grand_MultiParadigm_Ensemble,mb-dielectric-3514,2.078184784854319,2.421697647891704,0.3435128630373847
0,Grand_MultiParadigm_Ensemble,mb-dielectric-3516,3.1808912273135026,3.3213642697355894,0.1404730424220868
0,Grand_MultiParadigm_Ensemble,mb-dielectric-3518,2.2525429291442296,2.2394487026199004,0.013094226524329233
0,Grand_MultiParadigm_Ensemble,mb-dielectric-3526,3.970222495864264,3.946098855305204,0.02412364055905991
0,Grand_MultiParadigm_Ensemble,mb-dielectric-3528,1.4919785521246616,1.5387539016259513,0.0467753495012897
0,Grand_MultiParadigm_Ensemble,mb-dielectric-3533,1.3953426102574262,1.4249620865920067,0.029619476334580508
0,Grand_MultiParadigm_Ensemble,mb-dielectric-3541,3.980610338461513,2.802670273362613,1.1779400650989
0,Grand_MultiParadigm_Ensemble,mb-dielectric-3543,3.1409128184865835,3.1309138084454635,0.009999010041120027
0,Grand_MultiParadigm_Ensemble,mb-dielectric-3545,2.584880848317771,2.599227795450196,0.014346947132424681
0,Grand_MultiParadigm_Ensemble,mb-dielectric-3552,2.271775883899354,2.2045550676924406,0.06722081620691345
0,Grand_MultiParadigm_Ensemble,mb-dielectric-3554,2.058079120604135,2.09192466294557,0.03384554234143522
0,Grand_MultiParadigm_Ensemble,mb-dielectric-3556,4.608000289351843,4.996955147533013,0.3889548581811706
0,Grand_MultiParadigm_Ensemble,mb-dielectric-3567,2.3087508166394515,2.3382447167646703,0.029493900125218797
0,Grand_MultiParadigm_Ensemble,mb-dielectric-3574,2.0320360068988186,2.0882420136662425,0.05620600676742393
0,Grand_MultiParadigm_Ensemble,mb-dielectric-3579,4.352930047680528,4.231018828893122,0.12191121878740585
0,Grand_MultiParadigm_Ensemble,mb-dielectric-3591,2.225234070084913,2.238054862699266,0.012820792614352872
0,Grand_MultiParadigm_Ensemble,mb-dielectric-3594,1.5663331382701973,1.5355762961616861,0.03075684210851115
0,Grand_MultiParadigm_Ensemble,mb-dielectric-3597,2.521507485612529,2.6346947251889734,0.11318723957644439
0,Grand_MultiParadigm_Ensemble,mb-dielectric-3611,4.347451360663317,3.8535324321698057,0.4939189284935117
0,Grand_MultiParadigm_Ensemble,mb-dielectric-3621,1.7791076414877207,1.887409039632752,0.10830139814503137
0,Grand_MultiParadigm_Ensemble,mb-dielectric-3636,2.4902422238275,2.373228817904331,0.11701340592316889
0,Grand_MultiParadigm_Ensemble,mb-dielectric-3647,2.424183711411518,2.2064675202128905,0.2177161911986274
0,Grand_MultiParadigm_Ensemble,mb-dielectric-3648,3.847250100179808,3.740379872413045,0.10687022776676303
0,Grand_MultiParadigm_Ensemble,mb-dielectric-3649,2.133307291509591,2.320243731677043,0.18693644016745203
0,Grand_MultiParadigm_Ensemble,mb-dielectric-3650,1.7256882684888368,1.7848836577008516,0.059195389212014726
0,Grand_MultiParadigm_Ensemble,mb-dielectric-3654,1.3479552415912452,1.3515659710724943,0.0036107294812490753
0,Grand_MultiParadigm_Ensemble,mb-dielectric-3656,1.6621271511784796,1.659066142897672,0.0030610082808075756
0,Grand_MultiParadigm_Ensemble,mb-dielectric-3662,3.5002380871401706,3.4399116336913025,0.06032645344886811
0,Grand_MultiParadigm_Ensemble,mb-dielectric-3664,2.2340546098965426,2.3333278449323913,0.09927323503584873
0,Grand_MultiParadigm_Ensemble,mb-dielectric-3671,2.504509466276113,2.474706005637956,0.029803460638156754
0,Grand_MultiParadigm_Ensemble,mb-dielectric-3673,4.1041848561356655,3.7228654911398897,0.3813193649957758
0,Grand_MultiParadigm_Ensemble,mb-dielectric-3680,2.752327560447702,2.769852484004484,0.01752492355678159
0,Grand_MultiParadigm_Ensemble,mb-dielectric-3684,2.637631450120861,2.638936467864533,0.0013050177436721988
0,Grand_MultiParadigm_Ensemble,mb-dielectric-3687,2.5476786819901123,2.7629452383643303,0.215266556374218
0,Grand_MultiParadigm_Ensemble,mb-dielectric-3688,4.422329704685323,4.650013373139702,0.22768366845437882
0,Grand_MultiParadigm_Ensemble,mb-dielectric-3690,4.794336937123492,4.305184985579052,0.48915195154444024
0,Grand_MultiParadigm_Ensemble,mb-dielectric-3694,1.7095182557278137,1.7054509848563346,0.004067270871479067
0,Grand_MultiParadigm_Ensemble,mb-dielectric-3696,1.5202533780042449,1.4870246367849254,0.03322874121931951
0,Grand_MultiParadigm_Ensemble,mb-dielectric-3697,4.258638280013929,3.2728477580506654,0.9857905219632634
0,Grand_MultiParadigm_Ensemble,mb-dielectric-3703,1.6710780951230255,1.6041871453619039,0.06689094976112164
0,Grand_MultiParadigm_Ensemble,mb-dielectric-3707,2.804893818548813,2.8201717291984347,0.015277910649621695
0,Grand_MultiParadigm_Ensemble,mb-dielectric-3711,2.9409602173439886,3.1596684390394953,0.21870822169550674
0,Grand_MultiParadigm_Ensemble,mb-dielectric-3716,1.6285671616485455,1.7394463806913947,0.11087921904284914
0,Grand_MultiParadigm_Ensemble,mb-dielectric-3719,2.5944727145735538,2.6169224983720047,0.022449783798450973
0,Grand_MultiParadigm_Ensemble,mb-dielectric-3720,1.629212488699167,1.609179150639563,0.020033338059604056
0,Grand_MultiParadigm_Ensemble,mb-dielectric-3725,1.846618531261939,1.8170742619572136,0.029544269304725423
0,Grand_MultiParadigm_Ensemble,mb-dielectric-3742,1.6997058569137626,1.7111795508371543,0.011473693923391703
0,Grand_MultiParadigm_Ensemble,mb-dielectric-3743,2.497343722170952,2.5408990563895566,0.0435553342186048
0,Grand_MultiParadigm_Ensemble,mb-dielectric-3745,5.532961834918678,5.687119358136735,0.15415752321805698
0,Grand_MultiParadigm_Ensemble,mb-dielectric-3750,4.027546482247804,3.6200440700521512,0.4075024121956532
0,Grand_MultiParadigm_Ensemble,mb-dielectric-3757,3.509569394289467,2.844384183692451,0.665185210597016
0,Grand_MultiParadigm_Ensemble,mb-dielectric-3767,5.098115534194965,4.992460236569854,0.10565529762511083
0,Grand_MultiParadigm_Ensemble,mb-dielectric-3771,4.316408692420126,3.7875042983845533,0.5289043940355724
0,Grand_MultiParadigm_Ensemble,mb-dielectric-3774,2.6512960981376685,2.314931401950729,0.3363646961869393
0,Grand_MultiParadigm_Ensemble,mb-dielectric-3775,1.88621190043254,1.8144148156698943,0.07179708476264568
0,Grand_MultiParadigm_Ensemble,mb-dielectric-3778,2.6230503871129365,2.5284865677454866,0.09456381936744984
0,Grand_MultiParadigm_Ensemble,mb-dielectric-3786,2.151277837317469,2.2293087498663846,0.07803091254891559
0,Grand_MultiParadigm_Ensemble,mb-dielectric-3790,2.139904203437536,2.3191521895971525,0.17924798615961635
0,Grand_MultiParadigm_Ensemble,mb-dielectric-3791,2.3178508723959506,2.3245790646255786,0.0067281922296280605
0,Grand_MultiParadigm_Ensemble,mb-dielectric-3793,2.4181152440140994,2.5632606392311623,0.14514539521706293
0,Grand_MultiParadigm_Ensemble,mb-dielectric-3795,1.479076288318715,1.458521832197434,0.02055445612128093
0,Grand_MultiParadigm_Ensemble,mb-dielectric-3797,3.189110272996738,3.15680948652647,0.032300786470267795
0,Grand_MultiParadigm_Ensemble,mb-dielectric-3799,1.9255006275425244,1.9874484540427328,0.06194782650020847
0,Grand_MultiParadigm_Ensemble,mb-dielectric-3806,1.4459618482749357,1.442463883801056,0.0034979644738797333
0,Grand_MultiParadigm_Ensemble,mb-dielectric-3807,1.441526968183391,1.4508102148824877,0.009283246699096637
0,Grand_MultiParadigm_Ensemble,mb-dielectric-3810,1.514664539317755,1.5347397695558136,0.020075230238058683
0,Grand_MultiParadigm_Ensemble,mb-dielectric-3812,1.9606156346073171,2.0460292166930483,0.08541358208573113
0,Grand_MultiParadigm_Ensemble,mb-dielectric-3818,1.8843059730309195,1.8993631880198443,0.01505721498892476
0,Grand_MultiParadigm_Ensemble,mb-dielectric-3820,1.7396359772463137,1.5931949200997813,0.14644105714653244
0,Grand_MultiParadigm_Ensemble,mb-dielectric-3821,1.934581177757432,1.992272143029694,0.05769096527226192
0,Grand_MultiParadigm_Ensemble,mb-dielectric-3831,1.6035181113206465,1.6499933637843935,0.04647525246374706
0,Grand_MultiParadigm_Ensemble,mb-dielectric-3848,2.161969395404721,2.14884654928659,0.013122846118131193
0,Grand_MultiParadigm_Ensemble,mb-dielectric-3852,1.4456248937166705,1.4257384240740465,0.019886469642623972
0,Grand_MultiParadigm_Ensemble,mb-dielectric-3855,1.7394457929658709,1.6526047747532764,0.08684101821259449
0,Grand_MultiParadigm_Ensemble,mb-dielectric-3863,3.5658098659389745,3.238628192451487,0.3271816734874875
0,Grand_MultiParadigm_Ensemble,mb-dielectric-3867,2.2993740452566693,2.305433891868071,0.006059846611401465
0,Grand_MultiParadigm_Ensemble,mb-dielectric-3868,1.667633053165166,1.690359787518733,0.02272673435356709
0,Grand_MultiParadigm_Ensemble,mb-dielectric-3869,1.879716290649558,1.762922720669811,0.11679356997974688
0,Grand_MultiParadigm_Ensemble,mb-dielectric-3870,2.031088624358868,2.002425869408495,0.02866275495037307
0,Grand_MultiParadigm_Ensemble,mb-dielectric-3871,1.7988743702660253,1.6968684773736746,0.10200589289235062
0,Grand_MultiParadigm_Ensemble,mb-dielectric-3876,1.9046755629240448,1.9299497870001532,0.025274224076108354
0,Grand_MultiParadigm_Ensemble,mb-dielectric-3879,1.7778799172047588,1.909953014162155,0.13207309695739622
0,Grand_MultiParadigm_Ensemble,mb-dielectric-3881,2.2987514002170832,2.2911419827694863,0.007609417447596911
0,Grand_MultiParadigm_Ensemble,mb-dielectric-3889,2.279162858010224,1.8967614282865355,0.3824014297236886
0,Grand_MultiParadigm_Ensemble,mb-dielectric-3897,2.26789182575654,1.9005342347310783,0.36735759102546184
0,Grand_MultiParadigm_Ensemble,mb-dielectric-3906,1.9339941399428664,1.9129430946628307,0.021051045280035652
0,Grand_MultiParadigm_Ensemble,mb-dielectric-3908,1.410200931309672,1.3847766875642749,0.02542424374539709
0,Grand_MultiParadigm_Ensemble,mb-dielectric-3915,1.479785795309578,1.4944943596873026,0.014708564377724498
0,Grand_MultiParadigm_Ensemble,mb-dielectric-3917,2.17554889625584,2.211849887636253,0.036300991380413095
0,Grand_MultiParadigm_Ensemble,mb-dielectric-3922,2.22151101471981,2.154945188431836,0.0665658262879738
0,Grand_MultiParadigm_Ensemble,mb-dielectric-3929,1.9243003923504256,1.947978447086636,0.02367805473621032
0,Grand_MultiParadigm_Ensemble,mb-dielectric-3930,1.7397379112958375,1.7387819451001796,0.0009559661956579646
0,Grand_MultiParadigm_Ensemble,mb-dielectric-3933,1.441892506395676,1.4850201644167729,0.04312765802109686
0,Grand_MultiParadigm_Ensemble,mb-dielectric-3934,2.7352635461078822,2.764884240086019,0.029620693978136714
0,Grand_MultiParadigm_Ensemble,mb-dielectric-3941,1.6918089923707895,1.720611650890183,0.028802658519393454
0,Grand_MultiParadigm_Ensemble,mb-dielectric-3944,1.7397317800933187,1.7688413388198996,0.02910955872658083
0,Grand_MultiParadigm_Ensemble,mb-dielectric-3963,3.98944093827694,2.7169671143664074,1.2724738239105324
0,Grand_MultiParadigm_Ensemble,mb-dielectric-3972,1.997745398990447,2.0265037130024104,0.028758314011963382
0,Grand_MultiParadigm_Ensemble,mb-dielectric-3982,2.0701969310510857,2.072976132761729,0.0027792017106431643
0,Grand_MultiParadigm_Ensemble,mb-dielectric-3983,2.4440600101743275,2.3662880449197963,0.07777196525453123
0,Grand_MultiParadigm_Ensemble,mb-dielectric-3985,2.4749990572388856,2.274136268338336,0.20086278890054965
0,Grand_MultiParadigm_Ensemble,mb-dielectric-3988,3.7896385051875368,3.0160539903090164,0.7735845148785203
0,Grand_MultiParadigm_Ensemble,mb-dielectric-3989,2.0722902788943443,2.090722126328307,0.018431847433962645
0,Grand_MultiParadigm_Ensemble,mb-dielectric-3995,1.4668178709937616,1.4665849590773117,0.00023291191644991827
0,Grand_MultiParadigm_Ensemble,mb-dielectric-4005,1.6274616226914072,1.6722268303516745,0.04476520766026737
0,Grand_MultiParadigm_Ensemble,mb-dielectric-4011,2.743659356890737,2.733854714503864,0.009804642386872953
0,Grand_MultiParadigm_Ensemble,mb-dielectric-4014,1.653159097001861,1.7295914191791586,0.07643232217729756
0,Grand_MultiParadigm_Ensemble,mb-dielectric-4017,2.9619894778116063,2.8107503203563353,0.15123915745527095
0,Grand_MultiParadigm_Ensemble,mb-dielectric-4026,3.5072602792873337,2.2931502470390845,1.2141100322482492
0,Grand_MultiParadigm_Ensemble,mb-dielectric-4041,1.4796395957574715,1.4985526856416018,0.01891308988413032
0,Grand_MultiParadigm_Ensemble,mb-dielectric-4042,2.5537948886575315,2.5310199043692863,0.022774984288245204
0,Grand_MultiParadigm_Ensemble,mb-dielectric-4060,2.175996936272353,2.1371539467886693,0.0388429894836837
0,Grand_MultiParadigm_Ensemble,mb-dielectric-4062,2.190469964794465,2.3627776680635657,0.17230770326910072
0,Grand_MultiParadigm_Ensemble,mb-dielectric-4063,3.1114061129977872,3.366293162101674,0.2548870491038868
0,Grand_MultiParadigm_Ensemble,mb-dielectric-4073,3.1761619530185965,3.2103679415842636,0.034205988565667145
0,Grand_MultiParadigm_Ensemble,mb-dielectric-4075,2.1150059889592114,2.17001712487781,0.05501113591859852
0,Grand_MultiParadigm_Ensemble,mb-dielectric-4076,1.9467922333931784,2.03049320448788,0.08370097109470143
0,Grand_MultiParadigm_Ensemble,mb-dielectric-4081,2.3792135255163624,2.4750809486697714,0.0958674231534089
0,Grand_MultiParadigm_Ensemble,mb-dielectric-4087,2.6151391295047035,2.534883966572298,0.08025516293240553
0,Grand_MultiParadigm_Ensemble,mb-dielectric-4091,1.7855760975102684,1.7625660301986248,0.023010067311643567
0,Grand_MultiParadigm_Ensemble,mb-dielectric-4101,1.4754660280738674,1.5660337725619407,0.09056774448807325
0,Grand_MultiParadigm_Ensemble,mb-dielectric-4106,3.041023511911737,2.889644643617223,0.15137886829451386
0,Grand_MultiParadigm_Ensemble,mb-dielectric-4109,2.3549079245977604,2.2840518530038683,0.07085607159389218
0,Grand_MultiParadigm_Ensemble,mb-dielectric-4114,1.919213033164037,1.9399738750770883,0.020760841913051387
0,Grand_MultiParadigm_Ensemble,mb-dielectric-4118,1.9757827984539813,1.8474372951902027,0.12834550326377858
0,Grand_MultiParadigm_Ensemble,mb-dielectric-4126,2.7197367519669977,2.540801403476391,0.17893534849060666
0,Grand_MultiParadigm_Ensemble,mb-dielectric-4133,2.22819164346337,2.1977536946372487,0.030437948826121275
0,Grand_MultiParadigm_Ensemble,mb-dielectric-4141,1.8467850443405711,1.9141926742777984,0.06740762993722726
0,Grand_MultiParadigm_Ensemble,mb-dielectric-4154,2.2993983995819414,2.180099965150421,0.11929843443152022
0,Grand_MultiParadigm_Ensemble,mb-dielectric-4157,2.1558879841030705,2.4227712233767313,0.26688323927366087
0,Grand_MultiParadigm_Ensemble,mb-dielectric-4161,2.345719221617688,2.643053361878302,0.297334140260614
0,Grand_MultiParadigm_Ensemble,mb-dielectric-4162,1.4252485163413922,1.461392224467413,0.036143708126020746
0,Grand_MultiParadigm_Ensemble,mb-dielectric-4163,1.910297795283936,1.927063341975962,0.016765546692026012
0,Grand_MultiParadigm_Ensemble,mb-dielectric-4188,1.917450129729586,1.9081977612215923,0.009252368507993713
0,Grand_MultiParadigm_Ensemble,mb-dielectric-4195,2.1506841547129345,2.1083866100884436,0.04229754462449087
0,Grand_MultiParadigm_Ensemble,mb-dielectric-4209,1.7178648569275363,1.4612357096653552,0.2566291472621811
0,Grand_MultiParadigm_Ensemble,mb-dielectric-4212,2.289972998385205,2.3376376504136362,0.0476646520284314
0,Grand_MultiParadigm_Ensemble,mb-dielectric-4217,2.287999271561647,2.2724869357731006,0.015512335788546494
0,Grand_MultiParadigm_Ensemble,mb-dielectric-4219,1.5636495771112642,1.535880699845427,0.0277688772658371
0,Grand_MultiParadigm_Ensemble,mb-dielectric-4221,1.6932299509123585,1.7198813878582822,0.026651436945923646
0,Grand_MultiParadigm_Ensemble,mb-dielectric-4228,1.5782796541382225,1.6702715081074593,0.09199185396923681
0,Grand_MultiParadigm_Ensemble,mb-dielectric-4229,3.537217409207413,3.7024630173572097,0.16524560814979683
0,Grand_MultiParadigm_Ensemble,mb-dielectric-4230,2.219020053987795,2.2125256657088253,0.006494388278969865
0,Grand_MultiParadigm_Ensemble,mb-dielectric-4235,2.069875680646868,1.8775861330748413,0.19228954757202654
0,Grand_MultiParadigm_Ensemble,mb-dielectric-4238,5.667688947004768,4.605265481342336,1.062423465662432
0,Grand_MultiParadigm_Ensemble,mb-dielectric-4240,4.848814288050233,4.394226702312384,0.4545875857378494
0,Grand_MultiParadigm_Ensemble,mb-dielectric-4246,2.294531469966508,2.1817425381333364,0.11278893183317162
0,Grand_MultiParadigm_Ensemble,mb-dielectric-4256,1.7939713858582833,1.8711614604997002,0.07719007464141692
0,Grand_MultiParadigm_Ensemble,mb-dielectric-4262,2.572084239159622,2.6320032703382155,0.05991903117859332
0,Grand_MultiParadigm_Ensemble,mb-dielectric-4267,2.1469278836541243,2.264036820386912,0.11710893673278777
0,Grand_MultiParadigm_Ensemble,mb-dielectric-4270,4.107878609047091,3.8329923719648193,0.274886237082272
0,Grand_MultiParadigm_Ensemble,mb-dielectric-4286,1.9356461453478528,1.7260755328939072,0.2095706124539456
0,Grand_MultiParadigm_Ensemble,mb-dielectric-4295,1.2316764997352183,1.2783419483477978,0.046665448612579485
0,Grand_MultiParadigm_Ensemble,mb-dielectric-4303,3.242959142511666,3.148364705103213,0.09459443740845286
0,Grand_MultiParadigm_Ensemble,mb-dielectric-4308,1.6760650345377506,1.7490483540044022,0.0729833194666516
0,Grand_MultiParadigm_Ensemble,mb-dielectric-4315,3.159491731275776,3.132565291694212,0.026926439581564043
0,Grand_MultiParadigm_Ensemble,mb-dielectric-4318,1.6528749700647858,1.6512930187196777,0.0015819513451080791
0,Grand_MultiParadigm_Ensemble,mb-dielectric-4319,1.5490857518773258,1.5271528954507767,0.021932856426549074
0,Grand_MultiParadigm_Ensemble,mb-dielectric-4324,1.766548801099666,1.8781106025203465,0.1115618014206805
0,Grand_MultiParadigm_Ensemble,mb-dielectric-4327,2.139908720794729,2.088753887210832,0.05115483358389694
0,Grand_MultiParadigm_Ensemble,mb-dielectric-4336,2.0708505498948977,1.9326866208912812,0.13816392900361651
0,Grand_MultiParadigm_Ensemble,mb-dielectric-4338,2.113555377399261,2.128560793408569,0.015005416009307826
0,Grand_MultiParadigm_Ensemble,mb-dielectric-4340,1.7782463271436797,1.6461874890764476,0.13205883806723206
0,Grand_MultiParadigm_Ensemble,mb-dielectric-4341,3.1522185837914174,2.4327495931886034,0.719468990602814
0,Grand_MultiParadigm_Ensemble,mb-dielectric-4343,1.9465471995304775,1.732814764924581,0.21373243460589642
0,Grand_MultiParadigm_Ensemble,mb-dielectric-4349,1.6762191583043868,1.6350168668376583,0.04120229146672849
0,Grand_MultiParadigm_Ensemble,mb-dielectric-4353,3.874928644504288,3.359139133989012,0.5157895105152757
0,Grand_MultiParadigm_Ensemble,mb-dielectric-4357,1.547578754054217,1.5304293380720124,0.01714941598220454
0,Grand_MultiParadigm_Ensemble,mb-dielectric-4358,3.829527908241432,4.023604735047212,0.1940768268057802
0,Grand_MultiParadigm_Ensemble,mb-dielectric-4360,1.969638968609899,1.7834923372692923,0.1861466313406066
0,Grand_MultiParadigm_Ensemble,mb-dielectric-4361,1.5014946997353382,1.5407238007904063,0.03922910105506805
0,Grand_MultiParadigm_Ensemble,mb-dielectric-4366,1.5819860934913428,1.578888055905977,0.003098037585365754
0,Grand_MultiParadigm_Ensemble,mb-dielectric-4367,4.435425571464367,4.085944699899647,0.34948087156471974
0,Grand_MultiParadigm_Ensemble,mb-dielectric-4368,2.003201021698356,2.013625250489844,0.01042422879148841
0,Grand_MultiParadigm_Ensemble,mb-dielectric-4372,1.5137517409844103,1.560127596365854,0.04637585538144373
0,Grand_MultiParadigm_Ensemble,mb-dielectric-4375,2.5786559160410008,2.443955434633181,0.13470048140781987
0,Grand_MultiParadigm_Ensemble,mb-dielectric-4376,1.6140193100868816,1.7201297791539112,0.10611046906702959
0,Grand_MultiParadigm_Ensemble,mb-dielectric-4377,4.069070327892273,3.6435183056016798,0.4255520222905935
0,Grand_MultiParadigm_Ensemble,mb-dielectric-4380,2.135908393790958,2.179000002583652,0.04309160879269358
0,Grand_MultiParadigm_Ensemble,mb-dielectric-4388,2.6186640359796702,2.548194777133528,0.07046925884614241
0,Grand_MultiParadigm_Ensemble,mb-dielectric-4390,1.4546020074233366,1.4537240017683672,0.000878005654969316
0,Grand_MultiParadigm_Ensemble,mb-dielectric-4403,1.6199503078798436,1.638619165065299,0.018668857185455412
0,Grand_MultiParadigm_Ensemble,mb-dielectric-4405,1.9646103939458328,1.8493111914892661,0.11529920245656666
0,Grand_MultiParadigm_Ensemble,mb-dielectric-4411,2.331510454619494,1.8984774485170828,0.433033006102411
0,Grand_MultiParadigm_Ensemble,mb-dielectric-4416,1.6830746665948406,1.6916293269682896,0.008554660373448986
0,Grand_MultiParadigm_Ensemble,mb-dielectric-4417,2.110819509100672,2.1581077578882164,0.04728824878754434
0,Grand_MultiParadigm_Ensemble,mb-dielectric-4424,2.4485209821441187,2.376332368328565,0.07218861381555364
0,Grand_MultiParadigm_Ensemble,mb-dielectric-4427,2.372367734282918,2.4439118193463476,0.07154408506342946
0,Grand_MultiParadigm_Ensemble,mb-dielectric-4433,1.5940514420837149,1.6209674021559195,0.026915960072204648
0,Grand_MultiParadigm_Ensemble,mb-dielectric-4434,2.472639480393372,2.5597667947513507,0.08712731435797894
0,Grand_MultiParadigm_Ensemble,mb-dielectric-4437,1.5561705133755963,1.5785270932969797,0.0223565799213834
0,Grand_MultiParadigm_Ensemble,mb-dielectric-4439,1.5692940026224107,1.5251920221845399,0.044101980437870836
0,Grand_MultiParadigm_Ensemble,mb-dielectric-4442,1.6628504643132125,1.7000900834351544,0.03723961912194196
0,Grand_MultiParadigm_Ensemble,mb-dielectric-4446,2.0428405060927624,2.0344783417348813,0.008362164357881063
0,Grand_MultiParadigm_Ensemble,mb-dielectric-4448,2.1496834650710794,2.4664671601208523,0.3167836950497729
0,Grand_MultiParadigm_Ensemble,mb-dielectric-4449,2.3756744305565105,2.540091764277329,0.16441733372081835
0,Grand_MultiParadigm_Ensemble,mb-dielectric-4450,1.530454507654507,1.5087043052777844,0.02175020237672265
0,Grand_MultiParadigm_Ensemble,mb-dielectric-4453,1.9605394665754627,1.956938306789978,0.0036011597854848088
0,Grand_MultiParadigm_Ensemble,mb-dielectric-4455,2.09495401699735,1.734526193372839,0.3604278236245111
0,Grand_MultiParadigm_Ensemble,mb-dielectric-4479,1.8230234959173364,1.9217883812099572,0.09876488529262084
0,Grand_MultiParadigm_Ensemble,mb-dielectric-4485,1.7298714788484528,1.7221652861990435,0.007706192649409305
0,Grand_MultiParadigm_Ensemble,mb-dielectric-4493,2.845874206636688,2.7435198006447363,0.10235440599195167
0,Grand_MultiParadigm_Ensemble,mb-dielectric-4509,1.8686001890952784,1.750412992039474,0.11818719705580438
0,Grand_MultiParadigm_Ensemble,mb-dielectric-4510,1.5328874714081269,1.4986241314240307,0.03426333998409614
0,Grand_MultiParadigm_Ensemble,mb-dielectric-4512,1.967951896431076,1.996153865816972,0.02820196938589592
0,Grand_MultiParadigm_Ensemble,mb-dielectric-4525,3.0429648371284097,3.2633554347389078,0.22039059761049806
0,Grand_MultiParadigm_Ensemble,mb-dielectric-4531,3.35394190906272,2.7986445839366505,0.5552973251260696
0,Grand_MultiParadigm_Ensemble,mb-dielectric-4532,1.3852797551398055,1.4904863972216968,0.10520664208189134
0,Grand_MultiParadigm_Ensemble,mb-dielectric-4540,1.4557910793333873,1.4479019103638961,0.0078891689694911
0,Grand_MultiParadigm_Ensemble,mb-dielectric-4541,1.7838161340227878,1.7446473148876094,0.039168819135178445
0,Grand_MultiParadigm_Ensemble,mb-dielectric-4549,2.822188925875327,2.7838381866580075,0.038350739217319685
0,Grand_MultiParadigm_Ensemble,mb-dielectric-4551,1.4365096588606696,1.4670119181610315,0.030502259300361878
0,Grand_MultiParadigm_Ensemble,mb-dielectric-4555,2.060744202142034,2.1629107395458353,0.10216653740380144
0,Grand_MultiParadigm_Ensemble,mb-dielectric-4556,1.5368852700619304,1.4705917707797598,0.06629349928217065
0,Grand_MultiParadigm_Ensemble,mb-dielectric-4565,2.5931195498858126,2.7264613732666136,0.13334182338080103
0,Grand_MultiParadigm_Ensemble,mb-dielectric-4566,1.3944573616046256,1.4472314295635103,0.05277406795888462
0,Grand_MultiParadigm_Ensemble,mb-dielectric-4570,1.7427499342514214,1.6983185523038837,0.04443138194753771
0,Grand_MultiParadigm_Ensemble,mb-dielectric-4577,1.7854971296533293,1.7162609066571584,0.06923622299617094
0,Grand_MultiParadigm_Ensemble,mb-dielectric-4578,1.6632627573537524,1.6577715373830209,0.005491219970731542
0,Grand_MultiParadigm_Ensemble,mb-dielectric-4590,1.8761663039071308,1.8146911797662686,0.0614751241408622
0,Grand_MultiParadigm_Ensemble,mb-dielectric-4591,2.2098023290179984,2.134982918122547,0.07481941089545163
0,Grand_MultiParadigm_Ensemble,mb-dielectric-4593,2.330222521563123,2.323788918570318,0.006433602992804932
0,Grand_MultiParadigm_Ensemble,mb-dielectric-4595,1.808867048601628,1.8052510099546182,0.003616038647009878
0,Grand_MultiParadigm_Ensemble,mb-dielectric-4596,1.7092905230475297,1.784672131717506,0.07538160866997634
0,Grand_MultiParadigm_Ensemble,mb-dielectric-4604,2.2120880043679096,2.3686745447443167,0.15658654037640707
0,Grand_MultiParadigm_Ensemble,mb-dielectric-4606,2.274293516677212,1.8694030776617132,0.4048904390154986
0,Grand_MultiParadigm_Ensemble,mb-dielectric-4607,1.75945067184785,1.760316600105168,0.000865928257318016
0,Grand_MultiParadigm_Ensemble,mb-dielectric-4609,2.398541223327252,2.352409816402725,0.046131406924526885
0,Grand_MultiParadigm_Ensemble,mb-dielectric-4610,1.860094352445596,1.775750422179281,0.08434393026631493
0,Grand_MultiParadigm_Ensemble,mb-dielectric-4616,2.7123699968846435,2.924616357292237,0.21224636040759348
0,Grand_MultiParadigm_Ensemble,mb-dielectric-4620,1.840225348519397,1.795063438575601,0.045161909943795875
0,Grand_MultiParadigm_Ensemble,mb-dielectric-4625,1.3164345787011331,1.4007723568995993,0.08433777819846622
0,Grand_MultiParadigm_Ensemble,mb-dielectric-4626,1.9169762648504547,1.7462514488445895,0.1707248160058652
0,Grand_MultiParadigm_Ensemble,mb-dielectric-4627,1.953545409420188,1.9240182263696077,0.02952718305058033
0,Grand_MultiParadigm_Ensemble,mb-dielectric-4632,2.815965790511899,2.7282306345061635,0.08773515600573534
0,Grand_MultiParadigm_Ensemble,mb-dielectric-4634,1.6655688717872543,1.703263505571364,0.037694633784109755
0,Grand_MultiParadigm_Ensemble,mb-dielectric-4635,1.6223439832538753,1.6984886099343037,0.07614462668042843
0,Grand_MultiParadigm_Ensemble,mb-dielectric-4638,1.752379049559008,1.8258089188116415,0.07342986925263362
0,Grand_MultiParadigm_Ensemble,mb-dielectric-4641,1.4875324086105377,1.447724165297944,0.039808243312593694
0,Grand_MultiParadigm_Ensemble,mb-dielectric-4643,1.653402350709994,1.7027993585007029,0.04939700779070888
0,Grand_MultiParadigm_Ensemble,mb-dielectric-4644,1.6914716472153275,1.7290344799297277,0.037562832714400196
0,Grand_MultiParadigm_Ensemble,mb-dielectric-4646,2.4886798374506376,2.463701233454438,0.024978603996199666
0,Grand_MultiParadigm_Ensemble,mb-dielectric-4652,2.406548150359764,2.3050629271195846,0.1014852232401795
0,Grand_MultiParadigm_Ensemble,mb-dielectric-4653,1.5883249588775017,1.5926239578120556,0.004298998934553877
0,Grand_MultiParadigm_Ensemble,mb-dielectric-4655,2.1160692332719173,1.9695486971591343,0.14652053611278304
0,Grand_MultiParadigm_Ensemble,mb-dielectric-4657,3.4020460020405365,2.5469281853066823,0.8551178167338542
0,Grand_MultiParadigm_Ensemble,mb-dielectric-4664,2.1162911510972457,2.0639948842140035,0.05229626688324229
0,Grand_MultiParadigm_Ensemble,mb-dielectric-4676,2.023648684925325,1.940818168800505,0.08283051612481995
0,Grand_MultiParadigm_Ensemble,mb-dielectric-4679,1.840923681199196,1.80998764147444,0.030936039724756004
0,Grand_MultiParadigm_Ensemble,mb-dielectric-4685,2.1743921756052487,2.2277324654845083,0.05334028987925965
0,Grand_MultiParadigm_Ensemble,mb-dielectric-4711,1.526895652405014,1.5400975476946857,0.01320189528967175
0,Grand_MultiParadigm_Ensemble,mb-dielectric-4713,1.9247618034447795,1.9337312176375483,0.008969414192768754
0,Grand_MultiParadigm_Ensemble,mb-dielectric-4725,1.8991837720452436,1.9194424620429662,0.020258689997722623
0,Grand_MultiParadigm_Ensemble,mb-dielectric-4726,1.6547591623500362,1.7717173392027206,0.11695817685268439
0,Grand_MultiParadigm_Ensemble,mb-dielectric-4729,4.461101956542428,3.692687897424187,0.7684140591182409
0,Grand_MultiParadigm_Ensemble,mb-dielectric-4741,2.129931376046343,2.2241989832674927,0.09426760722114969
0,Grand_MultiParadigm_Ensemble,mb-dielectric-4744,2.194524490504956,1.972959906466856,0.2215645840381002
0,Grand_MultiParadigm_Ensemble,mb-dielectric-4748,1.9922823595063024,1.7315642357304153,0.2607181237758871
0,Grand_MultiParadigm_Ensemble,mb-dielectric-4749,2.2858304107406275,2.4938679017567114,0.20803749101608382
0,Grand_MultiParadigm_Ensemble,mb-dielectric-4750,1.793441384601128,1.6785962632521756,0.1148451213489523
0,Grand_MultiParadigm_Ensemble,mb-dielectric-4753,2.045618899298044,2.097921026153188,0.05230212685514379
0,Grand_MultiParadigm_Ensemble,mb-dielectric-4757,2.134236865954667,2.1343166061726344,7.974021796730568e-05
0,Grand_MultiParadigm_Ensemble,mb-dielectric-4760,2.1368373178850875,2.1808064371705993,0.04396911928551184
0,Grand_MultiParadigm_Ensemble,mb-dielectric-4763,1.832887066897467,1.7813271617871353,0.051559905110331705
1,Grand_MultiParadigm_Ensemble,mb-dielectric-0003,1.867857596285113,1.8708390689435244,0.0029814726584114215
1,Grand_MultiParadigm_Ensemble,mb-dielectric-0014,2.275843946026764,2.2462499928004873,0.02959395322627678
1,Grand_MultiParadigm_Ensemble,mb-dielectric-0016,2.0692683892300336,2.0710181847651628,0.0017497955351291061
1,Grand_MultiParadigm_Ensemble,mb-dielectric-0023,1.9014183302647012,1.9531270777075513,0.051708747442850145
1,Grand_MultiParadigm_Ensemble,mb-dielectric-0030,2.4161255486142887,2.1740327134465747,0.24209283516771407
1,Grand_MultiParadigm_Ensemble,mb-dielectric-0045,7.057081313593224,3.9991773096435095,3.057904003949715
1,Grand_MultiParadigm_Ensemble,mb-dielectric-0046,3.032020338542082,3.0798733076561944,0.0478529691141123
1,Grand_MultiParadigm_Ensemble,mb-dielectric-0050,2.928568933796844,3.0603578070062127,0.1317888732093686
1,Grand_MultiParadigm_Ensemble,mb-dielectric-0054,3.013125840938831,3.0926271846473936,0.07950134370856254
1,Grand_MultiParadigm_Ensemble,mb-dielectric-0059,2.4532481869282337,2.5098381363507096,0.05658994942247597
1,Grand_MultiParadigm_Ensemble,mb-dielectric-0061,3.969718713796552,3.2777269308516197,0.6919917829449322
1,Grand_MultiParadigm_Ensemble,mb-dielectric-0064,1.4604641050632508,1.4410634852884683,0.019400619774782468
1,Grand_MultiParadigm_Ensemble,mb-dielectric-0066,3.968053763076638,4.0672800339976565,0.09922627092101832
1,Grand_MultiParadigm_Ensemble,mb-dielectric-0069,3.4746702481438385,3.657922994476295,0.1832527463324567
1,Grand_MultiParadigm_Ensemble,mb-dielectric-0072,3.930351977452741,3.291245918036151,0.6391060594165898
1,Grand_MultiParadigm_Ensemble,mb-dielectric-0075,1.9801239018472216,2.0722573124691737,0.09213341062195202
1,Grand_MultiParadigm_Ensemble,mb-dielectric-0084,2.951872740592451,2.9507225273074,0.0011502132850513824
1,Grand_MultiParadigm_Ensemble,mb-dielectric-0088,1.885771283409888,1.889667709450157,0.0038964260402689632
1,Grand_MultiParadigm_Ensemble,mb-dielectric-0090,1.886707891186833,1.9971102342875802,0.11040234310074726
1,Grand_MultiParadigm_Ensemble,mb-dielectric-0093,1.7483560850124324,1.7150054008435494,0.033350684168883094
1,Grand_MultiParadigm_Ensemble,mb-dielectric-0099,1.8294292370390648,1.7559129600546821,0.07351627698438268
1,Grand_MultiParadigm_Ensemble,mb-dielectric-0108,3.3035334618125787,3.009237455937531,0.2942960058750477
1,Grand_MultiParadigm_Ensemble,mb-dielectric-0111,2.6635447558970484,2.3581543729244325,0.3053903829726159
1,Grand_MultiParadigm_Ensemble,mb-dielectric-0112,1.5213994654045817,1.599374179912349,0.07797471450776738
1,Grand_MultiParadigm_Ensemble,mb-dielectric-0114,1.81589940984259,1.822752184061676,0.006852774219086033
1,Grand_MultiParadigm_Ensemble,mb-dielectric-0118,4.339277973734212,4.42426999731291,0.08499202357869784
1,Grand_MultiParadigm_Ensemble,mb-dielectric-0121,1.5332039438161322,1.5779975460163764,0.0447936022002442
1,Grand_MultiParadigm_Ensemble,mb-dielectric-0127,1.796831748754828,1.762950708782719,0.033881039972109006
1,Grand_MultiParadigm_Ensemble,mb-dielectric-0131,1.5685820560833763,1.627679759132113,0.05909770304873674
1,Grand_MultiParadigm_Ensemble,mb-dielectric-0132,2.596806821206896,2.5850492006625507,0.011757620544345482
1,Grand_MultiParadigm_Ensemble,mb-dielectric-0134,2.091086719068968,2.056413033435693,0.03467368563327522
1,Grand_MultiParadigm_Ensemble,mb-dielectric-0138,2.918650829864154,3.653877915110305,0.7352270852461511
1,Grand_MultiParadigm_Ensemble,mb-dielectric-0148,2.3034223812984687,2.1938445646590004,0.1095778166394683
1,Grand_MultiParadigm_Ensemble,mb-dielectric-0149,14.019079689242565,2.3716215804196414,11.647458108822924
1,Grand_MultiParadigm_Ensemble,mb-dielectric-0150,2.007593335314689,2.005250276163264,0.0023430591514248533
1,Grand_MultiParadigm_Ensemble,mb-dielectric-0152,3.054270234715106,3.0113444942069694,0.04292574050813647
1,Grand_MultiParadigm_Ensemble,mb-dielectric-0155,6.256365132140762,5.375697701272296,0.8806674308684661
1,Grand_MultiParadigm_Ensemble,mb-dielectric-0156,1.5889969582517507,1.5555113244808345,0.03348563377091618
1,Grand_MultiParadigm_Ensemble,mb-dielectric-0160,1.0000000000000049,5.023360082097647,4.023360082097643
1,Grand_MultiParadigm_Ensemble,mb-dielectric-0161,1.5855645682216792,1.6940884098186253,0.10852384159694606
1,Grand_MultiParadigm_Ensemble,mb-dielectric-0163,1.8426493607484489,1.8418193665700382,0.0008299941784106757
1,Grand_MultiParadigm_Ensemble,mb-dielectric-0169,2.7889780685166143,3.006536832779792,0.21755876426317755
1,Grand_MultiParadigm_Ensemble,mb-dielectric-0170,1.459316735096724,1.5273699059800099,0.06805317088328589
1,Grand_MultiParadigm_Ensemble,mb-dielectric-0174,2.4331128895580143,2.6240091542836232,0.19089626472560894
1,Grand_MultiParadigm_Ensemble,mb-dielectric-0178,2.825056577604538,2.8046559794130745,0.020400598191463448
1,Grand_MultiParadigm_Ensemble,mb-dielectric-0180,1.8927030934618352,1.9628465139209617,0.07014342045912647
1,Grand_MultiParadigm_Ensemble,mb-dielectric-0181,1.858458949416604,1.9483590971190061,0.08990014770240218
1,Grand_MultiParadigm_Ensemble,mb-dielectric-0183,2.4011490304990786,2.5085905956012855,0.10744156510220693
1,Grand_MultiParadigm_Ensemble,mb-dielectric-0186,1.849595361153356,1.8421521614458896,0.00744319970746643
1,Grand_MultiParadigm_Ensemble,mb-dielectric-0194,2.8195241915377616,2.3207764833496562,0.4987477081881053
1,Grand_MultiParadigm_Ensemble,mb-dielectric-0198,1.631620973142971,1.5941361487906511,0.03748482435231981
1,Grand_MultiParadigm_Ensemble,mb-dielectric-0213,1.507321575952966,1.502845641019853,0.004475934933112935
1,Grand_MultiParadigm_Ensemble,mb-dielectric-0217,2.417878339922559,2.4266130227995455,0.008734682876986533
1,Grand_MultiParadigm_Ensemble,mb-dielectric-0219,1.5793628462136242,1.5794566550558529,9.380884222864871e-05
1,Grand_MultiParadigm_Ensemble,mb-dielectric-0220,4.337868716316804,4.684925948839539,0.3470572325227348
1,Grand_MultiParadigm_Ensemble,mb-dielectric-0224,1.7303066202266,1.7817541093492995,0.051447489122699475
1,Grand_MultiParadigm_Ensemble,mb-dielectric-0227,1.929759311399838,1.9071117632131753,0.02264754818666259
1,Grand_MultiParadigm_Ensemble,mb-dielectric-0231,2.160555484129025,2.193621569384392,0.03306608525536703
1,Grand_MultiParadigm_Ensemble,mb-dielectric-0234,3.0773463676789232,2.9074900821728358,0.16985628550608745
1,Grand_MultiParadigm_Ensemble,mb-dielectric-0235,2.4093299206764245,2.1921079053645545,0.21722201531187002
1,Grand_MultiParadigm_Ensemble,mb-dielectric-0240,2.424527445366089,2.4080802976242337,0.016447147741855517
1,Grand_MultiParadigm_Ensemble,mb-dielectric-0244,1.977507353547221,1.9348667594905185,0.04264059405670251
1,Grand_MultiParadigm_Ensemble,mb-dielectric-0247,2.670568541216146,2.5803134386864555,0.09025510252969049
1,Grand_MultiParadigm_Ensemble,mb-dielectric-0248,1.387506756740305,1.3822806607526743,0.005226095987630686
1,Grand_MultiParadigm_Ensemble,mb-dielectric-0249,1.5823539427068771,1.5994475899178968,0.01709364721101969
1,Grand_MultiParadigm_Ensemble,mb-dielectric-0250,3.1279352081951277,2.631796111571885,0.4961390966232426
1,Grand_MultiParadigm_Ensemble,mb-dielectric-0270,1.4291231577439372,1.4386216317780225,0.009498474034085325
1,Grand_MultiParadigm_Ensemble,mb-dielectric-0277,2.369647723467211,2.411086228396295,0.04143850492908374
1,Grand_MultiParadigm_Ensemble,mb-dielectric-0280,1.6207319334177384,1.7437802793098254,0.12304834589208702
1,Grand_MultiParadigm_Ensemble,mb-dielectric-0284,1.975819492430082,1.9816605595877959,0.00584106715771382
1,Grand_MultiParadigm_Ensemble,mb-dielectric-0286,1.781126984056262,1.7168696850391847,0.06425729901707733
1,Grand_MultiParadigm_Ensemble,mb-dielectric-0287,1.6738875908096895,1.7453799656879336,0.07149237487824411
1,Grand_MultiParadigm_Ensemble,mb-dielectric-0289,1.826768640705951,1.7614414327971049,0.06532720790884605
1,Grand_MultiParadigm_Ensemble,mb-dielectric-0293,3.774034092762456,3.782120757910923,0.00808666514846701
1,Grand_MultiParadigm_Ensemble,mb-dielectric-0299,2.6815496763376707,2.759927972212963,0.0783782958752921
1,Grand_MultiParadigm_Ensemble,mb-dielectric-0301,2.177788021517858,2.194384397855382,0.016596376337523644
1,Grand_MultiParadigm_Ensemble,mb-dielectric-0302,3.104686242870069,3.1939525864470037,0.08926634357693475
1,Grand_MultiParadigm_Ensemble,mb-dielectric-0305,1.8758513622708315,1.9269891900861136,0.05113782781528209
1,Grand_MultiParadigm_Ensemble,mb-dielectric-0311,2.549667298557462,2.8964479435842136,0.34678064502675143
1,Grand_MultiParadigm_Ensemble,mb-dielectric-0316,2.5813615270498884,2.684372062764517,0.10301053571462848
1,Grand_MultiParadigm_Ensemble,mb-dielectric-0319,2.161935089990755,2.273466595924231,0.11153150593347583
1,Grand_MultiParadigm_Ensemble,mb-dielectric-0323,2.118220872965486,2.1759128159131897,0.057691942947703634
1,Grand_MultiParadigm_Ensemble,mb-dielectric-0338,2.395379023592439,2.263434685786332,0.13194433780610693
1,Grand_MultiParadigm_Ensemble,mb-dielectric-0342,1.8402106763447856,1.950424951284964,0.11021427494017844
1,Grand_MultiParadigm_Ensemble,mb-dielectric-0350,1.753947927767144,1.8167059253012354,0.0627579975340915
1,Grand_MultiParadigm_Ensemble,mb-dielectric-0352,2.944857724679433,3.1655116763511075,0.22065395167167434
1,Grand_MultiParadigm_Ensemble,mb-dielectric-0354,4.992550951167149,5.176262871256051,0.1837119200889017
1,Grand_MultiParadigm_Ensemble,mb-dielectric-0357,2.069078699969304,2.0499020173012603,0.019176682668043732
1,Grand_MultiParadigm_Ensemble,mb-dielectric-0362,2.459783188277644,2.538270366409801,0.078487178132157
1,Grand_MultiParadigm_Ensemble,mb-dielectric-0368,1.7765732933562484,1.869504318178945,0.09293102482269666
1,Grand_MultiParadigm_Ensemble,mb-dielectric-0369,3.742334194994291,3.0932219607283287,0.6491122342659623
1,Grand_MultiParadigm_Ensemble,mb-dielectric-0382,4.3744332966301664,4.669452363138252,0.2950190665080852
1,Grand_MultiParadigm_Ensemble,mb-dielectric-0387,3.113321216964291,3.2573646384964485,0.14404342153215755
1,Grand_MultiParadigm_Ensemble,mb-dielectric-0389,1.9944725284311808,1.8638531670018348,0.13061936142934605
1,Grand_MultiParadigm_Ensemble,mb-dielectric-0391,1.7502413166951216,1.8099369142039479,0.05969559750882625
1,Grand_MultiParadigm_Ensemble,mb-dielectric-0392,1.6542822209848804,1.7228106672979713,0.06852844631309085
1,Grand_MultiParadigm_Ensemble,mb-dielectric-0427,2.9986769304700585,3.0895124485038603,0.09083551803380185
1,Grand_MultiParadigm_Ensemble,mb-dielectric-0433,2.2598399648352685,2.228917572275601,0.030922392559667333
1,Grand_MultiParadigm_Ensemble,mb-dielectric-0443,1.8554555595145183,1.9455581014751964,0.09010254196067802
1,Grand_MultiParadigm_Ensemble,mb-dielectric-0449,4.355800997903064,3.215226149076851,1.1405748488262129
1,Grand_MultiParadigm_Ensemble,mb-dielectric-0453,2.8452885032394635,2.852659100784751,0.0073705975452873496
1,Grand_MultiParadigm_Ensemble,mb-dielectric-0455,2.542509652554604,2.5184186998303604,0.024090952724243664
1,Grand_MultiParadigm_Ensemble,mb-dielectric-0458,2.1287804803063497,2.212454440332529,0.0836739600261791
1,Grand_MultiParadigm_Ensemble,mb-dielectric-0459,2.622592419725185,2.4891838067320835,0.13340861299310136
1,Grand_MultiParadigm_Ensemble,mb-dielectric-0462,2.2818953379446074,2.2617781740557827,0.020117163888824674
1,Grand_MultiParadigm_Ensemble,mb-dielectric-0466,3.635748432808116,3.4423702420094138,0.19337819079870222
1,Grand_MultiParadigm_Ensemble,mb-dielectric-0467,1.459109317357682,1.4531272579946477,0.005982059363034198
1,Grand_MultiParadigm_Ensemble,mb-dielectric-0469,1.80583849407046,1.8244172630209263,0.018578768950466396
1,Grand_MultiParadigm_Ensemble,mb-dielectric-0472,1.334291322512941,1.353376963182988,0.019085640670047033
1,Grand_MultiParadigm_Ensemble,mb-dielectric-0474,2.4000912482653654,2.405282786981633,0.005191538716267541
1,Grand_MultiParadigm_Ensemble,mb-dielectric-0491,2.4457458984939606,2.519279023743933,0.07353312524997246
1,Grand_MultiParadigm_Ensemble,mb-dielectric-0492,2.314519388535018,2.3943076084523143,0.07978821991729612
1,Grand_MultiParadigm_Ensemble,mb-dielectric-0493,1.9785741499035785,1.5868425133204298,0.3917316365831487
1,Grand_MultiParadigm_Ensemble,mb-dielectric-0497,2.0031641636837123,1.950779708084993,0.052384455598719404
1,Grand_MultiParadigm_Ensemble,mb-dielectric-0502,2.7184501098971823,2.629618003873694,0.08883210602348823
1,Grand_MultiParadigm_Ensemble,mb-dielectric-0504,1.5443976171957798,1.537063296010619,0.007334321185160864
1,Grand_MultiParadigm_Ensemble,mb-dielectric-0507,2.333372380625661,2.3930863654505177,0.05971398482485668
1,Grand_MultiParadigm_Ensemble,mb-dielectric-0510,1.815580715193977,1.8827038525202013,0.06712313732622444
1,Grand_MultiParadigm_Ensemble,mb-dielectric-0540,1.5001562140879416,1.5162487237736992,0.016092509685757594
1,Grand_MultiParadigm_Ensemble,mb-dielectric-0543,1.4281689909344295,1.522617852002646,0.0944488610682166
1,Grand_MultiParadigm_Ensemble,mb-dielectric-0544,1.480138169226103,1.4646492462724476,0.015488922953655448
1,Grand_MultiParadigm_Ensemble,mb-dielectric-0546,1.533407208365312,1.471451753966649,0.06195545439866312
1,Grand_MultiParadigm_Ensemble,mb-dielectric-0553,1.8308711951782224,1.800346253822059,0.03052494135616346
1,Grand_MultiParadigm_Ensemble,mb-dielectric-0556,3.234553034551897,3.114576861717121,0.11997617283477613
1,Grand_MultiParadigm_Ensemble,mb-dielectric-0557,1.9365816963574352,1.933027208210254,0.0035544881471811784
1,Grand_MultiParadigm_Ensemble,mb-dielectric-0563,2.143739489770159,1.9979726541270295,0.14576683564312964
1,Grand_MultiParadigm_Ensemble,mb-dielectric-0564,1.536564674851008,1.5212859129301075,0.015278761920900497
1,Grand_MultiParadigm_Ensemble,mb-dielectric-0576,2.938240232973917,2.6847617663405803,0.25347846663333673
1,Grand_MultiParadigm_Ensemble,mb-dielectric-0579,1.9122249693311015,1.925139506608995,0.012914537277893379
1,Grand_MultiParadigm_Ensemble,mb-dielectric-0582,1.5708245181008178,1.6682593432981885,0.09743482519737068
1,Grand_MultiParadigm_Ensemble,mb-dielectric-0584,1.5011889732253347,1.5239295169037852,0.022740543678450464
1,Grand_MultiParadigm_Ensemble,mb-dielectric-0585,2.950923640715452,3.010799895088332,0.05987625437287969
1,Grand_MultiParadigm_Ensemble,mb-dielectric-0589,1.4823231766386171,1.5247127474481121,0.042389570809495014
1,Grand_MultiParadigm_Ensemble,mb-dielectric-0595,2.6978671205231737,2.5964708845708273,0.10139623595234637
1,Grand_MultiParadigm_Ensemble,mb-dielectric-0600,3.2523260394165083,2.6281970072654066,0.6241290321511017
1,Grand_MultiParadigm_Ensemble,mb-dielectric-0601,1.512175585042954,1.5257864795107485,0.01361089446779462
1,Grand_MultiParadigm_Ensemble,mb-dielectric-0605,2.2260923161450425,1.9243648980642647,0.30172741808077785
1,Grand_MultiParadigm_Ensemble,mb-dielectric-0606,1.572593823380129,1.5392783929409553,0.03331543043917384
1,Grand_MultiParadigm_Ensemble,mb-dielectric-0610,1.0,5.237269000269005,4.237269000269005
1,Grand_MultiParadigm_Ensemble,mb-dielectric-0611,1.5459902975115982,1.567688292674246,0.0216979951626477
1,Grand_MultiParadigm_Ensemble,mb-dielectric-0627,1.6824585185575176,2.4077198204662467,0.7252613019087291
1,Grand_MultiParadigm_Ensemble,mb-dielectric-0629,2.4116733471457805,2.2716055646191498,0.14006778252663077
1,Grand_MultiParadigm_Ensemble,mb-dielectric-0632,1.51624536272974,1.5616394370035565,0.045394074273816365
1,Grand_MultiParadigm_Ensemble,mb-dielectric-0634,1.6078812145180377,1.5942137056777361,0.013667508840301545
1,Grand_MultiParadigm_Ensemble,mb-dielectric-0635,1.6159223372427278,1.6640419285245316,0.048119591281803764
1,Grand_MultiParadigm_Ensemble,mb-dielectric-0637,4.144353588518561,4.1705969012346396,0.026243312716078826
1,Grand_MultiParadigm_Ensemble,mb-dielectric-0638,1.745257860603978,1.8462402894425505,0.10098242883857256
1,Grand_MultiParadigm_Ensemble,mb-dielectric-0639,1.5334464451033167,1.6196018353302097,0.086155390226893
1,Grand_MultiParadigm_Ensemble,mb-dielectric-0653,2.467450708727532,2.4794393407477235,0.011988632020191403
1,Grand_MultiParadigm_Ensemble,mb-dielectric-0655,2.1271267788576527,2.1821334711587346,0.055006692301081905
1,Grand_MultiParadigm_Ensemble,mb-dielectric-0663,7.758024039663723,4.885554974644241,2.872469065019482
1,Grand_MultiParadigm_Ensemble,mb-dielectric-0668,1.7824285866947565,1.7962505963350641,0.013822009640307664
1,Grand_MultiParadigm_Ensemble,mb-dielectric-0674,1.7894874498954538,1.9137063454347505,0.12421889553929666
1,Grand_MultiParadigm_Ensemble,mb-dielectric-0679,1.7686152775547814,1.7129604706856578,0.05565480686912361
1,Grand_MultiParadigm_Ensemble,mb-dielectric-0697,2.7361072103751103,2.4798942238025936,0.2562129865725167
1,Grand_MultiParadigm_Ensemble,mb-dielectric-0698,3.408127540649576,3.273904800433209,0.13422274021636715
1,Grand_MultiParadigm_Ensemble,mb-dielectric-0702,3.464969889239056,3.247457336043115,0.2175125531959412
1,Grand_MultiParadigm_Ensemble,mb-dielectric-0703,1.6362305257308205,1.596869673608752,0.039360852122068524
1,Grand_MultiParadigm_Ensemble,mb-dielectric-0714,3.180408778762758,3.031751536004355,0.1486572427584032
1,Grand_MultiParadigm_Ensemble,mb-dielectric-0717,1.824284700003447,1.7873479640571408,0.0369367359463062
1,Grand_MultiParadigm_Ensemble,mb-dielectric-0723,2.4137852017112045,2.27301740181559,0.1407677998956145
1,Grand_MultiParadigm_Ensemble,mb-dielectric-0732,2.1399259332977025,2.091220222166863,0.048705711130839546
1,Grand_MultiParadigm_Ensemble,mb-dielectric-0735,1.7660846525577418,1.7525426459873032,0.01354200657043858
1,Grand_MultiParadigm_Ensemble,mb-dielectric-0736,2.0090711784304705,2.1099065693521313,0.10083539092166083
1,Grand_MultiParadigm_Ensemble,mb-dielectric-0738,3.328011468329599,3.32718137504404,0.0008300932855589416
1,Grand_MultiParadigm_Ensemble,mb-dielectric-0742,1.5323355811744808,1.5579766250776363,0.02564104390315558
1,Grand_MultiParadigm_Ensemble,mb-dielectric-0745,2.0147716165031357,2.0538179379754355,0.039046321472299805
1,Grand_MultiParadigm_Ensemble,mb-dielectric-0749,1.3551129104248103,1.341104657223271,0.014008253201539311
1,Grand_MultiParadigm_Ensemble,mb-dielectric-0751,1.7084904643183303,1.7230002256336487,0.014509761315318448
1,Grand_MultiParadigm_Ensemble,mb-dielectric-0760,2.0675217048437484,2.084272158119114,0.01675045327536573
1,Grand_MultiParadigm_Ensemble,mb-dielectric-0765,7.531189392563879,3.3864718905887043,4.144717501975174
1,Grand_MultiParadigm_Ensemble,mb-dielectric-0768,2.8509445218500247,2.755167452605931,0.09577706924409357
1,Grand_MultiParadigm_Ensemble,mb-dielectric-0770,1.48144074018054,1.4860539563342738,0.004613216153733779
1,Grand_MultiParadigm_Ensemble,mb-dielectric-0772,2.3076683759442846,2.276701286692117,0.030967089252167845
1,Grand_MultiParadigm_Ensemble,mb-dielectric-0775,1.5686512253100326,1.5411041851434661,0.027547040166566505
1,Grand_MultiParadigm_Ensemble,mb-dielectric-0778,1.787570138484082,1.8389940038356336,0.05142386535155152
1,Grand_MultiParadigm_Ensemble,mb-dielectric-0779,1.7123831346985403,1.719548737671842,0.007165602973301599
1,Grand_MultiParadigm_Ensemble,mb-dielectric-0780,2.550713233587814,2.254334431922929,0.29637880166488495
1,Grand_MultiParadigm_Ensemble,mb-dielectric-0793,2.458868506718757,2.3744888300390534,0.08437967667970359
1,Grand_MultiParadigm_Ensemble,mb-dielectric-0802,7.238739531161485,2.7315344929419645,4.507205038219521
1,Grand_MultiParadigm_Ensemble,mb-dielectric-0817,2.4586686099052337,2.220334180616086,0.23833442928914783
1,Grand_MultiParadigm_Ensemble,mb-dielectric-0819,1.6490184959544876,1.7110087366937812,0.0619902407392936
1,Grand_MultiParadigm_Ensemble,mb-dielectric-0823,1.4722768082123685,1.5094171986357663,0.037140390423397784
1,Grand_MultiParadigm_Ensemble,mb-dielectric-0825,2.126598300886496,2.2360252865891517,0.10942698570265552
1,Grand_MultiParadigm_Ensemble,mb-dielectric-0836,1.9901777977524184,1.8925196102413806,0.09765818751103783
1,Grand_MultiParadigm_Ensemble,mb-dielectric-0842,2.040749127158947,2.057285745631341,0.01653661847239407
1,Grand_MultiParadigm_Ensemble,mb-dielectric-0852,2.634722502782157,2.6585619688333053,0.023839466051148506
1,Grand_MultiParadigm_Ensemble,mb-dielectric-0861,3.1170839471103973,2.896519258897657,0.2205646882127401
1,Grand_MultiParadigm_Ensemble,mb-dielectric-0862,1.533334492753185,1.6007093588375827,0.0673748660843978
1,Grand_MultiParadigm_Ensemble,mb-dielectric-0883,2.766558331212265,2.731174880025902,0.03538345118636288
1,Grand_MultiParadigm_Ensemble,mb-dielectric-0887,1.875361209651801,1.8726989183692624,0.002662291282538698
1,Grand_MultiParadigm_Ensemble,mb-dielectric-0888,1.8694682844773447,1.8808264241866581,0.01135813970931343
1,Grand_MultiParadigm_Ensemble,mb-dielectric-0889,2.6689549765154656,2.6559156518875318,0.01303932462793389
1,Grand_MultiParadigm_Ensemble,mb-dielectric-0897,1.774527636677812,1.8362953996279763,0.061767762950164284
1,Grand_MultiParadigm_Ensemble,mb-dielectric-0900,1.4438513312203118,1.4578331614689952,0.01398183024868338
1,Grand_MultiParadigm_Ensemble,mb-dielectric-0902,1.555350764297237,1.3853219783538586,0.17002878594337845
1,Grand_MultiParadigm_Ensemble,mb-dielectric-0903,1.618124531672393,1.6091611550443687,0.008963376628024156
1,Grand_MultiParadigm_Ensemble,mb-dielectric-0904,2.0603434988693805,2.02511934416406,0.035224154705320476
1,Grand_MultiParadigm_Ensemble,mb-dielectric-0940,1.6581097671746765,1.6596065174237182,0.0014967502490417228
1,Grand_MultiParadigm_Ensemble,mb-dielectric-0945,1.7542421915649695,1.7776644638899615,0.023422272324991944
1,Grand_MultiParadigm_Ensemble,mb-dielectric-0956,1.7139539083651,1.7999397028160544,0.08598579445095433
1,Grand_MultiParadigm_Ensemble,mb-dielectric-0963,2.09036695343186,1.9425332147001524,0.1478337387317077
1,Grand_MultiParadigm_Ensemble,mb-dielectric-0965,3.1239333646329057,3.253989739026803,0.1300563743938974
1,Grand_MultiParadigm_Ensemble,mb-dielectric-0975,1.9346109858745932,1.9970756731383894,0.06246468726379617
1,Grand_MultiParadigm_Ensemble,mb-dielectric-0985,3.8979812296452447,4.381776209854919,0.48379498020967393
1,Grand_MultiParadigm_Ensemble,mb-dielectric-0987,1.5341664373695223,1.5892771077367907,0.055110670367268355
1,Grand_MultiParadigm_Ensemble,mb-dielectric-0989,1.4562508941342034,1.484573081987606,0.02832218785340257
1,Grand_MultiParadigm_Ensemble,mb-dielectric-0992,1.8787723828784229,1.731005582604206,0.14776680027421696
1,Grand_MultiParadigm_Ensemble,mb-dielectric-0995,2.2885041693939168,2.224833335115478,0.06367083427843889
1,Grand_MultiParadigm_Ensemble,mb-dielectric-1005,2.3251537583566426,2.349027899093236,0.02387414073659322
1,Grand_MultiParadigm_Ensemble,mb-dielectric-1008,2.6422860682875853,2.6955433848800503,0.05325731659246502
1,Grand_MultiParadigm_Ensemble,mb-dielectric-1009,2.2081808500815043,1.9269063815620036,0.2812744685195008
1,Grand_MultiParadigm_Ensemble,mb-dielectric-1011,4.0358394418014205,4.423873941855137,0.38803450005371687
1,Grand_MultiParadigm_Ensemble,mb-dielectric-1016,2.0051600102426077,1.9044437368296336,0.10071627341297407
1,Grand_MultiParadigm_Ensemble,mb-dielectric-1022,1.739958045471212,1.8112049204839376,0.07124687501272553
1,Grand_MultiParadigm_Ensemble,mb-dielectric-1024,1.6647322106973774,1.8290348472503364,0.16430263655295896
1,Grand_MultiParadigm_Ensemble,mb-dielectric-1027,2.883574171059242,2.6850000883728673,0.1985740826863749
1,Grand_MultiParadigm_Ensemble,mb-dielectric-1030,1.577918143208534,1.699671555298685,0.12175341209015089
1,Grand_MultiParadigm_Ensemble,mb-dielectric-1031,1.9165942015286757,1.9774661082102027,0.06087190668152709
1,Grand_MultiParadigm_Ensemble,mb-dielectric-1036,1.607859446593521,1.6475068033254943,0.03964735673197328
1,Grand_MultiParadigm_Ensemble,mb-dielectric-1038,2.4040244036453635,2.287916753806974,0.11610764983838973
1,Grand_MultiParadigm_Ensemble,mb-dielectric-1042,1.4903019828209472,1.672361241276955,0.1820592584560079
1,Grand_MultiParadigm_Ensemble,mb-dielectric-1043,1.7822210861730932,1.6872930984302552,0.09492798774283795
1,Grand_MultiParadigm_Ensemble,mb-dielectric-1044,2.623760532772251,2.7713506128949095,0.1475900801226584
1,Grand_MultiParadigm_Ensemble,mb-dielectric-1045,2.1721831567956387,2.3087672854703465,0.13658412867470782
1,Grand_MultiParadigm_Ensemble,mb-dielectric-1049,2.497687330311784,2.377707879105023,0.11997945120676112
1,Grand_MultiParadigm_Ensemble,mb-dielectric-1052,2.0844681758606143,1.8996815430226115,0.18478663283800278
1,Grand_MultiParadigm_Ensemble,mb-dielectric-1053,2.048316625915045,2.0931640262303235,0.04484740031527856
1,Grand_MultiParadigm_Ensemble,mb-dielectric-1055,3.089380520428003,3.334745077274853,0.24536455684684988
1,Grand_MultiParadigm_Ensemble,mb-dielectric-1070,2.1889913963589094,2.2550712757065887,0.06607987934767934
1,Grand_MultiParadigm_Ensemble,mb-dielectric-1073,1.6824014582336366,1.67352818871449,0.008873269519146687
1,Grand_MultiParadigm_Ensemble,mb-dielectric-1076,3.370262106523269,3.5894255319710724,0.2191634254478032
1,Grand_MultiParadigm_Ensemble,mb-dielectric-1079,2.914581101976749,2.8252361287037098,0.08934497327303914
1,Grand_MultiParadigm_Ensemble,mb-dielectric-1084,1.978532368533134,1.9153255128104512,0.06320685572268281
1,Grand_MultiParadigm_Ensemble,mb-dielectric-1086,2.454556782802144,2.3547781748435197,0.09977860795862448
1,Grand_MultiParadigm_Ensemble,mb-dielectric-1089,1.697742029873797,1.7711887118677923,0.07344668199399518
1,Grand_MultiParadigm_Ensemble,mb-dielectric-1095,1.9762737664605077,1.9944670406481648,0.01819327418765715
1,Grand_MultiParadigm_Ensemble,mb-dielectric-1096,4.036871726143071,3.3739635689098035,0.6629081572332671
1,Grand_MultiParadigm_Ensemble,mb-dielectric-1099,3.259410478394316,3.5482550052330963,0.28884452683878026
1,Grand_MultiParadigm_Ensemble,mb-dielectric-1101,4.686844247465455,4.832426428849044,0.14558218138358914
1,Grand_MultiParadigm_Ensemble,mb-dielectric-1124,1.7714400921284352,1.8395363344709899,0.06809624234255462
1,Grand_MultiParadigm_Ensemble,mb-dielectric-1131,2.42466492530412,2.4089823073608594,0.015682617943260535
1,Grand_MultiParadigm_Ensemble,mb-dielectric-1136,3.127658442562636,3.2026016540843623,0.07494321152172612
1,Grand_MultiParadigm_Ensemble,mb-dielectric-1144,1.0000000000062306,2.661364945384966,1.6613649453787356
1,Grand_MultiParadigm_Ensemble,mb-dielectric-1146,2.293177489859868,2.3612444101477834,0.06806692028791561
1,Grand_MultiParadigm_Ensemble,mb-dielectric-1155,2.264317778051484,2.1629712935601733,0.10134648449131056
1,Grand_MultiParadigm_Ensemble,mb-dielectric-1164,1.4722997883130549,1.5478979234059993,0.07559813509294444
1,Grand_MultiParadigm_Ensemble,mb-dielectric-1167,2.021389868382644,2.134705011207683,0.11331514282503896
1,Grand_MultiParadigm_Ensemble,mb-dielectric-1173,1.6603231613152925,1.7480606773436762,0.08773751602838376
1,Grand_MultiParadigm_Ensemble,mb-dielectric-1180,1.9194414986309645,1.8941168402544768,0.025324658376487674
1,Grand_MultiParadigm_Ensemble,mb-dielectric-1184,4.637978618608183,4.0896579462633165,0.5483206723448664
1,Grand_MultiParadigm_Ensemble,mb-dielectric-1186,1.741646730348454,1.5559919910492377,0.18565473929921628
1,Grand_MultiParadigm_Ensemble,mb-dielectric-1193,1.4659467930317254,1.488603013909061,0.022656220877335542
1,Grand_MultiParadigm_Ensemble,mb-dielectric-1196,4.280809892220552,4.387707550811911,0.10689765859135925
1,Grand_MultiParadigm_Ensemble,mb-dielectric-1201,1.9610854137441356,1.814101844805165,0.1469835689389707
1,Grand_MultiParadigm_Ensemble,mb-dielectric-1212,3.4914101735545198,3.1163710303145944,0.3750391432399254
1,Grand_MultiParadigm_Ensemble,mb-dielectric-1222,1.8597763306376456,1.69525742183763,0.16451890880001563
1,Grand_MultiParadigm_Ensemble,mb-dielectric-1233,8.521518820022639,4.253523903972282,4.267994916050356
1,Grand_MultiParadigm_Ensemble,mb-dielectric-1237,2.036567373466112,1.990115400149227,0.04645197331688511
1,Grand_MultiParadigm_Ensemble,mb-dielectric-1246,1.725186559960014,1.8034997122996643,0.0783131523396503
1,Grand_MultiParadigm_Ensemble,mb-dielectric-1263,2.115017730422135,2.134495276932152,0.019477546510016985
1,Grand_MultiParadigm_Ensemble,mb-dielectric-1265,2.029840880463293,1.921135597922539,0.10870528254075396
1,Grand_MultiParadigm_Ensemble,mb-dielectric-1268,2.1933991884743644,2.2624988017144476,0.06909961324008318
1,Grand_MultiParadigm_Ensemble,mb-dielectric-1271,1.3243866504893247,1.3415258392077039,0.01713918871837916
1,Grand_MultiParadigm_Ensemble,mb-dielectric-1278,2.2909968718151204,2.2465770370468237,0.044419834768296695
1,Grand_MultiParadigm_Ensemble,mb-dielectric-1287,2.11046329826731,2.059082473177912,0.05138082508939812
1,Grand_MultiParadigm_Ensemble,mb-dielectric-1302,1.9240281529471788,1.9341186106518022,0.010090457704623468
1,Grand_MultiParadigm_Ensemble,mb-dielectric-1305,2.3630992361727,2.3588969878924617,0.004202248280238408
1,Grand_MultiParadigm_Ensemble,mb-dielectric-1307,1.526374680957027,1.5369502178622527,0.010575536905225613
1,Grand_MultiParadigm_Ensemble,mb-dielectric-1316,1.790884325317151,1.7731900070356523,0.01769431828149859
1,Grand_MultiParadigm_Ensemble,mb-dielectric-1334,1.4810002250731316,1.5321112703113502,0.05111104523821863
1,Grand_MultiParadigm_Ensemble,mb-dielectric-1336,2.227327471807113,2.2127672398837097,0.0145602319234035
1,Grand_MultiParadigm_Ensemble,mb-dielectric-1340,1.3335416503977675,1.375932001352659,0.04239035095489152
1,Grand_MultiParadigm_Ensemble,mb-dielectric-1344,4.609312819354603,2.6970103589645955,1.9123024603900074
1,Grand_MultiParadigm_Ensemble,mb-dielectric-1346,2.976920836479645,3.0313597407953514,0.05443890431570653
1,Grand_MultiParadigm_Ensemble,mb-dielectric-1351,2.530833261990999,1.935177847772776,0.5956554142182231
1,Grand_MultiParadigm_Ensemble,mb-dielectric-1360,1.3977362650610023,1.3981300782690405,0.0003938132080381074
1,Grand_MultiParadigm_Ensemble,mb-dielectric-1372,1.5597008260133314,1.5383627433404716,0.02133808267285975
1,Grand_MultiParadigm_Ensemble,mb-dielectric-1378,2.42850763501648,2.463601407989548,0.03509377297306804
1,Grand_MultiParadigm_Ensemble,mb-dielectric-1399,1.7304536977336318,1.7072930221766,0.023160675557031718
1,Grand_MultiParadigm_Ensemble,mb-dielectric-1403,2.4251146364656666,2.3292555873067764,0.09585904915889021
1,Grand_MultiParadigm_Ensemble,mb-dielectric-1415,1.73738558376276,1.7202689500413908,0.01711663372136929
1,Grand_MultiParadigm_Ensemble,mb-dielectric-1417,3.177078007645803,3.025116832623632,0.151961175022171
1,Grand_MultiParadigm_Ensemble,mb-dielectric-1418,2.2388924345160786,2.2711480720599533,0.03225563754387473
1,Grand_MultiParadigm_Ensemble,mb-dielectric-1424,2.45904300153966,2.323242805314365,0.13580019622529482
1,Grand_MultiParadigm_Ensemble,mb-dielectric-1440,2.4303062221319567,2.422274101814941,0.008032120317015501
1,Grand_MultiParadigm_Ensemble,mb-dielectric-1450,2.9842363623993773,2.5249226460899914,0.4593137163093859
1,Grand_MultiParadigm_Ensemble,mb-dielectric-1457,1.743191326274887,1.8113329214378247,0.06814159516293761
1,Grand_MultiParadigm_Ensemble,mb-dielectric-1458,2.132369573971553,2.0742078150800216,0.05816175889153152
1,Grand_MultiParadigm_Ensemble,mb-dielectric-1459,1.4717336715588183,1.459922370597034,0.011811300961784399
1,Grand_MultiParadigm_Ensemble,mb-dielectric-1460,1.7941571837495174,1.7665426127070183,0.027614571042499092
1,Grand_MultiParadigm_Ensemble,mb-dielectric-1461,5.384298159153769,5.607782050075434,0.2234838909216652
1,Grand_MultiParadigm_Ensemble,mb-dielectric-1475,1.9054022327872544,2.020626097580351,0.11522386479309654
1,Grand_MultiParadigm_Ensemble,mb-dielectric-1476,2.108717461713005,2.185869095496252,0.07715163378324696
1,Grand_MultiParadigm_Ensemble,mb-dielectric-1489,1.988708039574102,2.0661263040442837,0.07741826447018174
1,Grand_MultiParadigm_Ensemble,mb-dielectric-1502,4.133848811942693,3.559103839083737,0.574744972858956
1,Grand_MultiParadigm_Ensemble,mb-dielectric-1506,2.332243340648655,1.9229924712613102,0.4092508693873449
1,Grand_MultiParadigm_Ensemble,mb-dielectric-1508,1.5056560032092374,1.5007207473975113,0.004935255811726158
1,Grand_MultiParadigm_Ensemble,mb-dielectric-1512,4.353772310690276,4.433718045931309,0.07994573524103288
1,Grand_MultiParadigm_Ensemble,mb-dielectric-1516,3.4427291360356844,3.290174692667422,0.1525544433682624
1,Grand_MultiParadigm_Ensemble,mb-dielectric-1520,2.204676393487261,2.3073399629303606,0.10266356944309951
1,Grand_MultiParadigm_Ensemble,mb-dielectric-1521,1.631461512461313,1.5606370183762581,0.07082449408505487
1,Grand_MultiParadigm_Ensemble,mb-dielectric-1525,2.8539446385660674,2.986645574565541,0.13270093599947375
1,Grand_MultiParadigm_Ensemble,mb-dielectric-1528,1.7483757223968386,1.698533984662418,0.04984173773442069
1,Grand_MultiParadigm_Ensemble,mb-dielectric-1536,3.078094594604482,3.2100318607768434,0.13193726617236123
1,Grand_MultiParadigm_Ensemble,mb-dielectric-1549,1.903898106517258,1.931553464099639,0.027655357582381024
1,Grand_MultiParadigm_Ensemble,mb-dielectric-1554,3.138998407135626,3.223320158807222,0.08432175167159572
1,Grand_MultiParadigm_Ensemble,mb-dielectric-1556,1.790391484191841,1.72026726502747,0.07012421916437095
1,Grand_MultiParadigm_Ensemble,mb-dielectric-1560,1.746158163893905,1.692683792927563,0.05347437096634189
1,Grand_MultiParadigm_Ensemble,mb-dielectric-1571,1.6674758369063902,1.6739681589508624,0.006492322044472143
1,Grand_MultiParadigm_Ensemble,mb-dielectric-1572,1.5123728596700794,1.5509983848242677,0.03862552515418827
1,Grand_MultiParadigm_Ensemble,mb-dielectric-1575,3.4071138323611474,3.46784620885409,0.060732376492942386
1,Grand_MultiParadigm_Ensemble,mb-dielectric-1576,1.426835192538601,1.4385615301426853,0.01172633760408437
1,Grand_MultiParadigm_Ensemble,mb-dielectric-1580,1.6594175685058743,1.6692604092356131,0.009842840729738844
1,Grand_MultiParadigm_Ensemble,mb-dielectric-1582,1.6891586663188236,1.7028126075252952,0.013653941206471565
1,Grand_MultiParadigm_Ensemble,mb-dielectric-1583,1.6533348118273044,1.7324049585480488,0.07907014672074442
1,Grand_MultiParadigm_Ensemble,mb-dielectric-1586,2.642863724573529,2.079017718375527,0.563846006198002
1,Grand_MultiParadigm_Ensemble,mb-dielectric-1587,1.9062658010174849,1.8673399687101502,0.03892583230733471
1,Grand_MultiParadigm_Ensemble,mb-dielectric-1588,2.2048431539081776,2.198346823500203,0.006496330407974593
1,Grand_MultiParadigm_Ensemble,mb-dielectric-1596,3.139212799413256,3.1934966200955346,0.05428382068227844
1,Grand_MultiParadigm_Ensemble,mb-dielectric-1597,3.3643555103466687,3.429745595866879,0.0653900855202103
1,Grand_MultiParadigm_Ensemble,mb-dielectric-1606,4.854688455503607,4.477107888731779,0.3775805667718277
1,Grand_MultiParadigm_Ensemble,mb-dielectric-1612,1.7699448202321637,1.7386601250480909,0.03128469518407284
1,Grand_MultiParadigm_Ensemble,mb-dielectric-1619,2.077923643127116,2.1402161516938607,0.06229250856674451
1,Grand_MultiParadigm_Ensemble,mb-dielectric-1624,1.6502434163884208,1.6337379627670665,0.01650545362135425
1,Grand_MultiParadigm_Ensemble,mb-dielectric-1625,2.9673174754313023,2.885907358490196,0.08141011694110611
1,Grand_MultiParadigm_Ensemble,mb-dielectric-1630,2.457614968487402,2.5586580016077938,0.10104303312039198
1,Grand_MultiParadigm_Ensemble,mb-dielectric-1635,2.6273773361789265,2.7310396880088175,0.10366235182989092
1,Grand_MultiParadigm_Ensemble,mb-dielectric-1637,1.4073615976969538,1.468302726708347,0.06094112901139326
1,Grand_MultiParadigm_Ensemble,mb-dielectric-1642,2.625547434980624,2.527585272889743,0.09796216209088104
1,Grand_MultiParadigm_Ensemble,mb-dielectric-1643,1.563772788269861,1.5386928053342952,0.025079982935565903
1,Grand_MultiParadigm_Ensemble,mb-dielectric-1645,2.7826196889501897,2.7736401471337793,0.008979541816410475
1,Grand_MultiParadigm_Ensemble,mb-dielectric-1646,2.4602496485790484,2.5267663655313792,0.06651671695233086
1,Grand_MultiParadigm_Ensemble,mb-dielectric-1647,22.78068624222428,2.834804683238983,19.9458815589853
1,Grand_MultiParadigm_Ensemble,mb-dielectric-1650,2.426106689052785,2.357185686306316,0.06892100274646884
1,Grand_MultiParadigm_Ensemble,mb-dielectric-1654,2.3048464157075617,2.1970296541296173,0.1078167615779444
1,Grand_MultiParadigm_Ensemble,mb-dielectric-1655,2.6801008644977,2.760737032630279,0.08063616813257912
1,Grand_MultiParadigm_Ensemble,mb-dielectric-1656,1.7817507307888685,1.8373403978445175,0.05558966705564905
1,Grand_MultiParadigm_Ensemble,mb-dielectric-1672,2.240461262032144,2.465162531500711,0.22470126946856706
1,Grand_MultiParadigm_Ensemble,mb-dielectric-1673,1.5515458957654673,1.5504038544581356,0.0011420413073317537
1,Grand_MultiParadigm_Ensemble,mb-dielectric-1674,1.686976289104266,1.6373706930436485,0.04960559606061743
1,Grand_MultiParadigm_Ensemble,mb-dielectric-1675,1.3915219485632746,1.3836229105052105,0.007899038058064134
1,Grand_MultiParadigm_Ensemble,mb-dielectric-1677,1.663295924763032,1.6444930013745538,0.01880292338847811
1,Grand_MultiParadigm_Ensemble,mb-dielectric-1688,1.8449619688943903,1.963035632654952,0.11807366376056172
1,Grand_MultiParadigm_Ensemble,mb-dielectric-1690,2.3563664118015826,2.3844587048865162,0.02809229308493366
1,Grand_MultiParadigm_Ensemble,mb-dielectric-1708,1.711168703936971,1.8523967837120292,0.14122807977505825
1,Grand_MultiParadigm_Ensemble,mb-dielectric-1717,2.4514909748967053,2.789732372703475,0.33824139780676976
1,Grand_MultiParadigm_Ensemble,mb-dielectric-1719,1.7065727838761129,1.7660030017760804,0.0594302178999675
1,Grand_MultiParadigm_Ensemble,mb-dielectric-1727,2.3793570560132413,2.5041260400365823,0.12476898402334102
1,Grand_MultiParadigm_Ensemble,mb-dielectric-1728,1.9012928057859373,1.936445879555945,0.03515307377000765
1,Grand_MultiParadigm_Ensemble,mb-dielectric-1733,2.2600982279538213,2.3816559980667407,0.12155777011291935
1,Grand_MultiParadigm_Ensemble,mb-dielectric-1744,1.7590717248973484,1.7287761430861077,0.0302955818112407
1,Grand_MultiParadigm_Ensemble,mb-dielectric-1746,1.832668455194956,1.9314385108731777,0.09877005567822184
1,Grand_MultiParadigm_Ensemble,mb-dielectric-1753,4.091578901846914,4.091955238101493,0.00037633625457900166
1,Grand_MultiParadigm_Ensemble,mb-dielectric-1762,2.338007128589076,2.183926690535229,0.15408043805384697
1,Grand_MultiParadigm_Ensemble,mb-dielectric-1768,1.50628782110193,1.506365959473828,7.813837189796224e-05
1,Grand_MultiParadigm_Ensemble,mb-dielectric-1771,2.795451662969689,2.6058347084986697,0.18961695447101912
1,Grand_MultiParadigm_Ensemble,mb-dielectric-1785,2.34192428001704,2.426211199402926,0.08428691938588617
1,Grand_MultiParadigm_Ensemble,mb-dielectric-1792,1.9397551391863872,1.9101922869452763,0.029562852241110882
1,Grand_MultiParadigm_Ensemble,mb-dielectric-1794,2.079663434308561,2.2307500415881605,0.15108660727959933
1,Grand_MultiParadigm_Ensemble,mb-dielectric-1802,1.5142383123757854,1.490268691303551,0.023969621072234437
1,Grand_MultiParadigm_Ensemble,mb-dielectric-1808,1.776708004522221,1.8351130442611272,0.058405039738906206
1,Grand_MultiParadigm_Ensemble,mb-dielectric-1811,1.8362399080730163,1.885129299167268,0.04888939109425161
1,Grand_MultiParadigm_Ensemble,mb-dielectric-1812,2.0774182702664863,2.173758289503369,0.09634001923688285
1,Grand_MultiParadigm_Ensemble,mb-dielectric-1819,1.484587639826923,1.5532021258610536,0.06861448603413045
1,Grand_MultiParadigm_Ensemble,mb-dielectric-1820,1.8278899492766696,1.7480926868152,0.07979726246146956
1,Grand_MultiParadigm_Ensemble,mb-dielectric-1821,4.679173716230961,4.904223189340365,0.2250494731094035
1,Grand_MultiParadigm_Ensemble,mb-dielectric-1822,2.448498575176863,2.418630035916932,0.029868539259930937
1,Grand_MultiParadigm_Ensemble,mb-dielectric-1824,1.4448813100043916,1.444082720295718,0.000798589708673525
1,Grand_MultiParadigm_Ensemble,mb-dielectric-1831,1.6059334772441023,1.7318298777295058,0.12589640048540351
1,Grand_MultiParadigm_Ensemble,mb-dielectric-1833,1.946895220601252,1.8971739153221006,0.04972130527915142
1,Grand_MultiParadigm_Ensemble,mb-dielectric-1836,2.420043801256498,2.33546454018945,0.08457926106704816
1,Grand_MultiParadigm_Ensemble,mb-dielectric-1842,1.3192199715488442,1.3319074079714572,0.012687436422613052
1,Grand_MultiParadigm_Ensemble,mb-dielectric-1849,2.1111606602372395,2.474302815167228,0.3631421549299887
1,Grand_MultiParadigm_Ensemble,mb-dielectric-1853,1.5620517490360768,1.5464192327551989,0.015632516280877917
1,Grand_MultiParadigm_Ensemble,mb-dielectric-1856,2.266100615594992,2.380832674040482,0.11473205844548984
1,Grand_MultiParadigm_Ensemble,mb-dielectric-1858,1.6438588747213063,1.4443205355859794,0.19953833913532693
1,Grand_MultiParadigm_Ensemble,mb-dielectric-1863,1.8653128423940035,1.930534328136846,0.06522148574284237
1,Grand_MultiParadigm_Ensemble,mb-dielectric-1870,1.5471830316202,1.5473787044273952,0.00019567280719523517
1,Grand_MultiParadigm_Ensemble,mb-dielectric-1872,2.2540868069649256,2.310471340270976,0.05638453330605042
1,Grand_MultiParadigm_Ensemble,mb-dielectric-1873,1.8811733040844485,1.7471090580914361,0.13406424599301237
1,Grand_MultiParadigm_Ensemble,mb-dielectric-1876,2.150406473204543,2.1644419997308786,0.014035526526335662
1,Grand_MultiParadigm_Ensemble,mb-dielectric-1879,2.1639846008535226,2.3181571248627275,0.1541725240092049
1,Grand_MultiParadigm_Ensemble,mb-dielectric-1882,3.0511132394586764,3.046729301812571,0.004383937646105451
1,Grand_MultiParadigm_Ensemble,mb-dielectric-1887,2.545845308209698,2.5370870609791987,0.00875824723049945
1,Grand_MultiParadigm_Ensemble,mb-dielectric-1889,1.9912297707698132,2.145461828060422,0.15423205729060885
1,Grand_MultiParadigm_Ensemble,mb-dielectric-1896,1.7403484325463725,1.7251851255632942,0.015163306983078328
1,Grand_MultiParadigm_Ensemble,mb-dielectric-1901,1.5877524996043937,1.6054935937985377,0.017741094194144047
1,Grand_MultiParadigm_Ensemble,mb-dielectric-1902,1.6,1.5921297885132724,0.00787021148672773
1,Grand_MultiParadigm_Ensemble,mb-dielectric-1906,2.5966399442356183,2.72461423733773,0.1279742931021115
1,Grand_MultiParadigm_Ensemble,mb-dielectric-1908,1.638534100957316,1.5752137455872028,0.06332035537011316
1,Grand_MultiParadigm_Ensemble,mb-dielectric-1912,1.5267993756002518,1.5340114521489798,0.007212076548728019
1,Grand_MultiParadigm_Ensemble,mb-dielectric-1916,2.243255966967063,2.3214942217400556,0.07823825477299273
1,Grand_MultiParadigm_Ensemble,mb-dielectric-1925,1.4968638325957822,1.518825780075148,0.02196194747936575
1,Grand_MultiParadigm_Ensemble,mb-dielectric-1934,1.711241557076808,1.7350614230063521,0.023819865929544104
1,Grand_MultiParadigm_Ensemble,mb-dielectric-1948,4.523425029775555,5.858774860802759,1.3353498310272043
1,Grand_MultiParadigm_Ensemble,mb-dielectric-1951,1.7348813429327563,1.8032374623717835,0.0683561194390272
1,Grand_MultiParadigm_Ensemble,mb-dielectric-1952,1.5280765687621758,1.5409982327887113,0.012921664026535495
1,Grand_MultiParadigm_Ensemble,mb-dielectric-1953,1.472168921467008,1.5071055343894488,0.03493661292244088
1,Grand_MultiParadigm_Ensemble,mb-dielectric-1954,2.637788657189958,2.720933285005281,0.08314462781532317
1,Grand_MultiParadigm_Ensemble,mb-dielectric-1961,1.7615493180720203,1.9955714910507898,0.23402217297876948
1,Grand_MultiParadigm_Ensemble,mb-dielectric-1962,1.694224699776669,1.9066449399184702,0.21242024014180116
1,Grand_MultiParadigm_Ensemble,mb-dielectric-1969,2.6247349707478405,2.616115878875322,0.008619091872518414
1,Grand_MultiParadigm_Ensemble,mb-dielectric-1973,1.6729481960499155,1.6784298312900816,0.005481635240166094
1,Grand_MultiParadigm_Ensemble,mb-dielectric-1977,1.6381519058581435,1.615591244799821,0.02256066105832244
1,Grand_MultiParadigm_Ensemble,mb-dielectric-1985,2.5230272821931656,2.6295823845386703,0.1065551023455047
1,Grand_MultiParadigm_Ensemble,mb-dielectric-1986,1.872524499172174,1.9016644240299496,0.029139924857775723
1,Grand_MultiParadigm_Ensemble,mb-dielectric-1989,1.9123022773609817,1.8407690443970968,0.07153323296388492
1,Grand_MultiParadigm_Ensemble,mb-dielectric-1992,3.1997597305631134,3.297447083576776,0.09768735301366283
1,Grand_MultiParadigm_Ensemble,mb-dielectric-1993,4.555184335823668,3.2667480903421238,1.2884362454815443
1,Grand_MultiParadigm_Ensemble,mb-dielectric-2004,2.3428628498769046,2.3438876286068777,0.001024778729973086
1,Grand_MultiParadigm_Ensemble,mb-dielectric-2007,1.6589982921429829,1.7427448085994939,0.08374651645651099
1,Grand_MultiParadigm_Ensemble,mb-dielectric-2019,1.9364470041805943,1.8290934140077582,0.10735359017283619
1,Grand_MultiParadigm_Ensemble,mb-dielectric-2026,2.556293410389348,2.785434350648152,0.22914094025880383
1,Grand_MultiParadigm_Ensemble,mb-dielectric-2034,2.357555584357097,2.2967809464894784,0.06077463786761861
1,Grand_MultiParadigm_Ensemble,mb-dielectric-2041,1.6785668490312402,1.903796105744712,0.22522925671347171
1,Grand_MultiParadigm_Ensemble,mb-dielectric-2042,1.5319547425865208,1.493952128076067,0.038002614510453725
1,Grand_MultiParadigm_Ensemble,mb-dielectric-2043,1.9845826597381453,1.9623551372092485,0.022227522528896815
1,Grand_MultiParadigm_Ensemble,mb-dielectric-2052,1.849484432664058,1.8832090047406378,0.03372457207657975
1,Grand_MultiParadigm_Ensemble,mb-dielectric-2055,2.8945350805287013,2.9491030016817894,0.05456792115308806
1,Grand_MultiParadigm_Ensemble,mb-dielectric-2058,4.223403011790372,4.2928606210661355,0.06945760927576394
1,Grand_MultiParadigm_Ensemble,mb-dielectric-2065,3.073688283913427,3.1080598338513004,0.03437154993787317
1,Grand_MultiParadigm_Ensemble,mb-dielectric-2069,1.783903865122782,1.8591832030141162,0.07527933789133412
1,Grand_MultiParadigm_Ensemble,mb-dielectric-2073,15.012489567023849,6.548251293255227,8.464238273768622
1,Grand_MultiParadigm_Ensemble,mb-dielectric-2074,1.621344503799239,1.7127582097489167,0.09141370594967779
1,Grand_MultiParadigm_Ensemble,mb-dielectric-2077,2.389686729817668,2.408332192260148,0.01864546244248011
1,Grand_MultiParadigm_Ensemble,mb-dielectric-2078,2.517424411311424,2.723959462444248,0.2065350511328239
1,Grand_MultiParadigm_Ensemble,mb-dielectric-2079,1.6316658175236003,1.6394734027975637,0.007807585273963413
1,Grand_MultiParadigm_Ensemble,mb-dielectric-2088,3.2484830818911976,2.7468590764532568,0.5016240054379408
1,Grand_MultiParadigm_Ensemble,mb-dielectric-2091,2.767568969330306,2.5624120436051596,0.20515692572514643
1,Grand_MultiParadigm_Ensemble,mb-dielectric-2097,2.9475860745136293,3.01006131670291,0.06247524218928069
1,Grand_MultiParadigm_Ensemble,mb-dielectric-2099,2.323392203940896,2.3242571866607014,0.0008649827198055071
1,Grand_MultiParadigm_Ensemble,mb-dielectric-2114,1.789214539027298,1.7747331671268298,0.014481371900468165
1,Grand_MultiParadigm_Ensemble,mb-dielectric-2118,1.7663866130229435,1.8096992773804654,0.0433126643575219
1,Grand_MultiParadigm_Ensemble,mb-dielectric-2119,2.6113283337540425,2.2053733000217415,0.405955033732301
1,Grand_MultiParadigm_Ensemble,mb-dielectric-2121,2.148057029038113,2.146940917936507,0.00111611110160581
1,Grand_MultiParadigm_Ensemble,mb-dielectric-2139,1.479583725241664,1.463328184296256,0.01625554094540793
1,Grand_MultiParadigm_Ensemble,mb-dielectric-2142,2.5579743287739745,2.6485477113715725,0.09057338259759806
1,Grand_MultiParadigm_Ensemble,mb-dielectric-2143,1.5726208485624669,1.5145308693120472,0.0580899792504197
1,Grand_MultiParadigm_Ensemble,mb-dielectric-2144,2.0802180975400955,2.0975370570494842,0.017318959509388776
1,Grand_MultiParadigm_Ensemble,mb-dielectric-2145,2.1576426951652583,2.1584733396802385,0.0008306445149801611
1,Grand_MultiParadigm_Ensemble,mb-dielectric-2153,1.5040595068015097,1.4026961483132188,0.10136335848829092
1,Grand_MultiParadigm_Ensemble,mb-dielectric-2156,1.5280083987552775,1.6831571650055566,0.15514876625027907
1,Grand_MultiParadigm_Ensemble,mb-dielectric-2161,1.8970404142593624,1.9193067047768821,0.022266290517519716
1,Grand_MultiParadigm_Ensemble,mb-dielectric-2163,1.4886706597946142,1.4641360464279791,0.024534613366635094
1,Grand_MultiParadigm_Ensemble,mb-dielectric-2165,5.264978632435273,5.692503950896159,0.4275253184608854
1,Grand_MultiParadigm_Ensemble,mb-dielectric-2169,2.271398908162104,2.2973771445356332,0.02597823637352903
1,Grand_MultiParadigm_Ensemble,mb-dielectric-2176,2.45304450292556,2.455608245418956,0.0025637424933959707
1,Grand_MultiParadigm_Ensemble,mb-dielectric-2177,1.464126588334037,1.4645979168713228,0.000471328537285709
1,Grand_MultiParadigm_Ensemble,mb-dielectric-2180,1.5714164523342202,1.6259629892318084,0.05454653689758815
1,Grand_MultiParadigm_Ensemble,mb-dielectric-2182,2.3432169482714733,2.3440541967438304,0.0008372484723571105
1,Grand_MultiParadigm_Ensemble,mb-dielectric-2194,1.6063737630659518,1.627673119696609,0.021299356630657185
1,Grand_MultiParadigm_Ensemble,mb-dielectric-2199,1.4865415119217715,1.5149667838490806,0.028425271927309037
1,Grand_MultiParadigm_Ensemble,mb-dielectric-2200,1.9548769782265043,1.8640176622348363,0.09085931599166797
1,Grand_MultiParadigm_Ensemble,mb-dielectric-2201,1.7459537030898995,1.6653207548884565,0.08063294820144296
1,Grand_MultiParadigm_Ensemble,mb-dielectric-2208,5.8884588815750405,4.958339277236215,0.9301196043388256
1,Grand_MultiParadigm_Ensemble,mb-dielectric-2213,1.879504189939464,1.9106966212870204,0.03119243134755645
1,Grand_MultiParadigm_Ensemble,mb-dielectric-2232,1.9996798077025628,1.969651320376343,0.030028487326219766
1,Grand_MultiParadigm_Ensemble,mb-dielectric-2241,2.459932316142052,2.4014530807305983,0.05847923541145361
1,Grand_MultiParadigm_Ensemble,mb-dielectric-2244,1.5506987672174266,1.5517725895466032,0.0010738223291766325
1,Grand_MultiParadigm_Ensemble,mb-dielectric-2253,3.230638017481996,3.2407814890147635,0.01014347153276729
1,Grand_MultiParadigm_Ensemble,mb-dielectric-2256,1.8489262649801173,1.813902469387609,0.035023795592508344
1,Grand_MultiParadigm_Ensemble,mb-dielectric-2257,4.206304791619361,4.368109892911027,0.16180510129166592
1,Grand_MultiParadigm_Ensemble,mb-dielectric-2262,1.6336593892583329,1.6371336085329837,0.0034742192746508582
1,Grand_MultiParadigm_Ensemble,mb-dielectric-2264,5.016710475999188,4.961858074652964,0.054852401346224156
1,Grand_MultiParadigm_Ensemble,mb-dielectric-2265,1.0000000000000144,4.518546568781849,3.5185465687818347
1,Grand_MultiParadigm_Ensemble,mb-dielectric-2269,3.575811143409748,3.7290806802141825,0.15326953680443456
1,Grand_MultiParadigm_Ensemble,mb-dielectric-2270,2.1615367218717334,2.1582596208037965,0.003277101067936883
1,Grand_MultiParadigm_Ensemble,mb-dielectric-2274,1.5908069231263369,1.5966174173050753,0.005810494178738468
1,Grand_MultiParadigm_Ensemble,mb-dielectric-2278,1.669331203406522,1.6443451142436842,0.024986089162837732
1,Grand_MultiParadigm_Ensemble,mb-dielectric-2279,1.6789643633303593,1.6937518206932545,0.014787457362895218
1,Grand_MultiParadigm_Ensemble,mb-dielectric-2281,2.14114673536202,2.3324535231321795,0.1913067877701593
1,Grand_MultiParadigm_Ensemble,mb-dielectric-2285,2.748108197772909,2.8990671085648003,0.1509589107918914
1,Grand_MultiParadigm_Ensemble,mb-dielectric-2286,2.1602005308149828,2.205441350862552,0.04524082004756913
1,Grand_MultiParadigm_Ensemble,mb-dielectric-2288,1.532795920314682,1.5767895143777353,0.043993594063053365
1,Grand_MultiParadigm_Ensemble,mb-dielectric-2291,3.0917826573030647,3.242326771642117,0.15054411433905246
1,Grand_MultiParadigm_Ensemble,mb-dielectric-2293,2.4706043794990715,2.3539383431288767,0.11666603637019479
1,Grand_MultiParadigm_Ensemble,mb-dielectric-2310,2.4372058454987617,1.8503718918022964,0.5868339536964653
1,Grand_MultiParadigm_Ensemble,mb-dielectric-2312,2.4049255012901587,2.1266441347569747,0.278281366533184
1,Grand_MultiParadigm_Ensemble,mb-dielectric-2314,1.524518284573852,1.5012571437873259,0.02326114078652619
1,Grand_MultiParadigm_Ensemble,mb-dielectric-2316,1.7905949662984462,1.7887897949253513,0.0018051713730948826
1,Grand_MultiParadigm_Ensemble,mb-dielectric-2318,1.818061421771369,1.7803431559016283,0.03771826586974081
1,Grand_MultiParadigm_Ensemble,mb-dielectric-2330,1.4873154787513418,1.4953170645992535,0.008001585847911663
1,Grand_MultiParadigm_Ensemble,mb-dielectric-2332,2.035381946138529,1.9403615453166458,0.09502040082188312
1,Grand_MultiParadigm_Ensemble,mb-dielectric-2333,1.892008016191616,1.8922284877927082,0.00022047160109228692
1,Grand_MultiParadigm_Ensemble,mb-dielectric-2335,2.3308237456601724,2.693085136311,0.36226139065082785
1,Grand_MultiParadigm_Ensemble,mb-dielectric-2338,1.6462668880429645,1.5937372865738884,0.05252960146907615
1,Grand_MultiParadigm_Ensemble,mb-dielectric-2345,1.642660443705544,1.7030420742888062,0.06038163058326207
1,Grand_MultiParadigm_Ensemble,mb-dielectric-2351,1.727618399222853,1.698238786774252,0.02937961244860099
1,Grand_MultiParadigm_Ensemble,mb-dielectric-2354,2.278064512554959,2.29742315935371,0.01935864679875099
1,Grand_MultiParadigm_Ensemble,mb-dielectric-2359,1.9963722097845384,1.9746820618895875,0.02169014789495094
1,Grand_MultiParadigm_Ensemble,mb-dielectric-2378,2.618785787344967,2.6670794987695823,0.04829371142461536
1,Grand_MultiParadigm_Ensemble,mb-dielectric-2381,2.3146300640347137,2.3047361043195433,0.009893959715170375
1,Grand_MultiParadigm_Ensemble,mb-dielectric-2403,1.000000048724702,3.980923906714324,2.980923857989622
1,Grand_MultiParadigm_Ensemble,mb-dielectric-2405,2.6862674848197767,2.6614125766791394,0.02485490814063729
1,Grand_MultiParadigm_Ensemble,mb-dielectric-2416,2.6719374368923137,2.8833567443285406,0.21141930743622694
1,Grand_MultiParadigm_Ensemble,mb-dielectric-2418,2.8148240323923157,2.864352199549047,0.04952816715673114
1,Grand_MultiParadigm_Ensemble,mb-dielectric-2421,1.4940828848047998,1.5022126560623568,0.008129771257556984
1,Grand_MultiParadigm_Ensemble,mb-dielectric-2428,2.042872650623789,2.110756015408488,0.06788336478469903
1,Grand_MultiParadigm_Ensemble,mb-dielectric-2432,2.048992028616347,1.9386382955330386,0.11035373308330865
1,Grand_MultiParadigm_Ensemble,mb-dielectric-2446,3.084207083406258,3.5188789567050733,0.4346718732988153
1,Grand_MultiParadigm_Ensemble,mb-dielectric-2457,1.901352676385946,1.8618850886057057,0.0394675877802404
1,Grand_MultiParadigm_Ensemble,mb-dielectric-2461,1.801705488326732,1.8767264897466387,0.07502100141990664
1,Grand_MultiParadigm_Ensemble,mb-dielectric-2462,2.6225830778070693,2.548160000507337,0.0744230772997323
1,Grand_MultiParadigm_Ensemble,mb-dielectric-2469,1.7715873296754714,1.7473126887811659,0.024274640894305533
1,Grand_MultiParadigm_Ensemble,mb-dielectric-2475,2.095580826405892,2.08218834160708,0.013392484798812276
1,Grand_MultiParadigm_Ensemble,mb-dielectric-2478,1.786325931439538,1.7787331934181896,0.007592738021348522
1,Grand_MultiParadigm_Ensemble,mb-dielectric-2499,1.7961996919422218,1.7125320652655431,0.08366762667667871
1,Grand_MultiParadigm_Ensemble,mb-dielectric-2502,2.533982109907908,2.399568849040675,0.13441326086723304
1,Grand_MultiParadigm_Ensemble,mb-dielectric-2504,1.629952146536824,1.6306337491465919,0.0006816026097677952
1,Grand_MultiParadigm_Ensemble,mb-dielectric-2505,1.7947444572046152,1.9715427457741774,0.17679828856956226
1,Grand_MultiParadigm_Ensemble,mb-dielectric-2507,2.3803216869434536,2.4407719259855147,0.06045023904206115
1,Grand_MultiParadigm_Ensemble,mb-dielectric-2508,2.3370922104404004,2.810810150815791,0.4737179403753906
1,Grand_MultiParadigm_Ensemble,mb-dielectric-2511,2.9062683404439142,3.1709646343064977,0.2646962938625834
1,Grand_MultiParadigm_Ensemble,mb-dielectric-2519,1.6440255472467575,1.61322253648516,0.030803010761597527
1,Grand_MultiParadigm_Ensemble,mb-dielectric-2527,1.4877192835567692,1.5227866881619372,0.035067404605167996
1,Grand_MultiParadigm_Ensemble,mb-dielectric-2547,2.609320792850124,2.4195955076753357,0.18972528517478837
1,Grand_MultiParadigm_Ensemble,mb-dielectric-2548,2.519586010968204,2.6694330539966282,0.14984704302842422
1,Grand_MultiParadigm_Ensemble,mb-dielectric-2550,1.9639809062208315,2.021810855412424,0.057829949191592345
1,Grand_MultiParadigm_Ensemble,mb-dielectric-2559,1.7992043611922874,1.8426579909058938,0.043453629713606334
1,Grand_MultiParadigm_Ensemble,mb-dielectric-2563,2.2850382199575274,2.2702443590842227,0.014793860873304698
1,Grand_MultiParadigm_Ensemble,mb-dielectric-2565,2.3805522468536595,2.4544688339992673,0.07391658714560778
1,Grand_MultiParadigm_Ensemble,mb-dielectric-2569,2.71173228767148,2.766319164127927,0.054586876456447
1,Grand_MultiParadigm_Ensemble,mb-dielectric-2576,1.7440919318277546,1.6713704221905707,0.07272150963718382
1,Grand_MultiParadigm_Ensemble,mb-dielectric-2578,1.9822964796753624,2.0691358282378767,0.0868393485625143
1,Grand_MultiParadigm_Ensemble,mb-dielectric-2579,1.6169001206011449,1.5817121313676101,0.03518798923353472
1,Grand_MultiParadigm_Ensemble,mb-dielectric-2585,7.194759342743855,4.203125724606546,2.9916336181373087
1,Grand_MultiParadigm_Ensemble,mb-dielectric-2596,1.7609112224451668,1.75858461723194,0.0023266052132269177
1,Grand_MultiParadigm_Ensemble,mb-dielectric-2597,2.0647140237815016,1.917186421332391,0.14752760244911056
1,Grand_MultiParadigm_Ensemble,mb-dielectric-2599,1.6549249731231663,1.6837458126940454,0.02882083957087911
1,Grand_MultiParadigm_Ensemble,mb-dielectric-2609,1.6701297354796876,1.678111929924325,0.007982194444637436
1,Grand_MultiParadigm_Ensemble,mb-dielectric-2628,1.484587484791651,1.491088100225935,0.0065006154342841516
1,Grand_MultiParadigm_Ensemble,mb-dielectric-2636,3.3200032630506056,3.3318780647193416,0.011874801668736001
1,Grand_MultiParadigm_Ensemble,mb-dielectric-2638,2.159644106482987,2.1242528702021763,0.035391236280810645
1,Grand_MultiParadigm_Ensemble,mb-dielectric-2648,3.220673221548555,3.273412843926201,0.052739622377645734
1,Grand_MultiParadigm_Ensemble,mb-dielectric-2656,1.8145353858954272,1.9679365223950813,0.15340113649965414
1,Grand_MultiParadigm_Ensemble,mb-dielectric-2666,1.543241717943105,1.5567004457734066,0.013458727830301553
1,Grand_MultiParadigm_Ensemble,mb-dielectric-2669,4.555610716468206,4.781903013885765,0.22629229741755896
1,Grand_MultiParadigm_Ensemble,mb-dielectric-2671,1.513545506418621,1.5109619872422506,0.0025835191763703413
1,Grand_MultiParadigm_Ensemble,mb-dielectric-2675,1.913373983308036,1.9581042482244224,0.04473026491638632
1,Grand_MultiParadigm_Ensemble,mb-dielectric-2678,1.2372011423639515,1.3130711335705265,0.075869991206575
1,Grand_MultiParadigm_Ensemble,mb-dielectric-2689,2.0203207666110843,1.9938622508616148,0.026458515749469447
1,Grand_MultiParadigm_Ensemble,mb-dielectric-2694,2.066945975749406,2.040106807900804,0.026839167848602408
1,Grand_MultiParadigm_Ensemble,mb-dielectric-2705,2.510409661124388,2.49768073566149,0.012728925462897944
1,Grand_MultiParadigm_Ensemble,mb-dielectric-2709,2.790858768670794,2.879845392025113,0.08898662335431862
1,Grand_MultiParadigm_Ensemble,mb-dielectric-2710,2.45068908676723,2.815577853888305,0.3648887671210752
1,Grand_MultiParadigm_Ensemble,mb-dielectric-2726,1.528494139122998,1.4437527585634677,0.08474138055953029
1,Grand_MultiParadigm_Ensemble,mb-dielectric-2737,2.056050339850646,2.1029272134395876,0.04687687358894177
1,Grand_MultiParadigm_Ensemble,mb-dielectric-2740,2.440832713098817,2.3283946757649194,0.11243803733389779
1,Grand_MultiParadigm_Ensemble,mb-dielectric-2741,2.85570233095384,2.1213032889738748,0.7343990419799651
1,Grand_MultiParadigm_Ensemble,mb-dielectric-2752,1.586347073940933,1.6825618299716425,0.09621475603070939
1,Grand_MultiParadigm_Ensemble,mb-dielectric-2764,2.744951972864613,2.780250026443045,0.03529805357843241
1,Grand_MultiParadigm_Ensemble,mb-dielectric-2765,1.6892300021015467,1.7028023095952576,0.013572307493710856
1,Grand_MultiParadigm_Ensemble,mb-dielectric-2777,2.1231693287021005,2.1960507957711357,0.0728814670690352
1,Grand_MultiParadigm_Ensemble,mb-dielectric-2782,2.684340887443319,2.659193407555949,0.025147479887369872
1,Grand_MultiParadigm_Ensemble,mb-dielectric-2785,3.2464339410098786,3.576352216163002,0.32991827515312355
1,Grand_MultiParadigm_Ensemble,mb-dielectric-2795,2.4079838731464407,2.424102656264832,0.0161187831183911
1,Grand_MultiParadigm_Ensemble,mb-dielectric-2796,1.8098550586534088,1.898760332921847,0.0889052742684382
1,Grand_MultiParadigm_Ensemble,mb-dielectric-2798,1.5544136086211573,1.6205248438982593,0.06611123527710205
1,Grand_MultiParadigm_Ensemble,mb-dielectric-2799,2.712665233062617,2.9006832736393373,0.18801804057672022
1,Grand_MultiParadigm_Ensemble,mb-dielectric-2803,3.3971934495011222,3.1951162885810627,0.20207716092005956
1,Grand_MultiParadigm_Ensemble,mb-dielectric-2804,6.746011151496956,6.151059196680412,0.5949519548165441
1,Grand_MultiParadigm_Ensemble,mb-dielectric-2812,1.5435888917236544,1.5495435425019548,0.005954650778300374
1,Grand_MultiParadigm_Ensemble,mb-dielectric-2822,2.158016424187343,2.175443014715401,0.01742659052805795
1,Grand_MultiParadigm_Ensemble,mb-dielectric-2830,1.9227758579720104,1.8998574725100223,0.0229183854619881
1,Grand_MultiParadigm_Ensemble,mb-dielectric-2835,1.1168407824454485,1.1808517420390796,0.06401095959363112
1,Grand_MultiParadigm_Ensemble,mb-dielectric-2837,2.589092183243643,2.4846671801623934,0.10442500308124947
1,Grand_MultiParadigm_Ensemble,mb-dielectric-2840,2.0480071614459527,1.97662467876237,0.07138248268358272
1,Grand_MultiParadigm_Ensemble,mb-dielectric-2841,1.8777201601942703,1.8191609733872256,0.05855918680704475
1,Grand_MultiParadigm_Ensemble,mb-dielectric-2845,1.8343044094878769,1.9096999213717651,0.07539551188388827
1,Grand_MultiParadigm_Ensemble,mb-dielectric-2850,1.674135896514975,1.651484616900241,0.02265127961473401
1,Grand_MultiParadigm_Ensemble,mb-dielectric-2855,1.6521690793216908,1.7079315294448816,0.05576245012319081
1,Grand_MultiParadigm_Ensemble,mb-dielectric-2859,2.261636575579728,2.335939913574196,0.07430333799446798
1,Grand_MultiParadigm_Ensemble,mb-dielectric-2871,2.332223974378676,2.143503825449085,0.18872014892959088
1,Grand_MultiParadigm_Ensemble,mb-dielectric-2875,1.5010812769467214,1.5109953503453994,0.009914073398678003
1,Grand_MultiParadigm_Ensemble,mb-dielectric-2878,1.3418140705775896,1.3126694068448665,0.029144663732723064
1,Grand_MultiParadigm_Ensemble,mb-dielectric-2888,8.777528467626865,5.873464694188797,2.904063773438068
1,Grand_MultiParadigm_Ensemble,mb-dielectric-2889,2.527449307111276,2.566395313328891,0.038946006217615015
1,Grand_MultiParadigm_Ensemble,mb-dielectric-2890,3.02230574231,3.2622428793768536,0.2399371370668537
1,Grand_MultiParadigm_Ensemble,mb-dielectric-2891,1.570018683674978,1.5379280925290655,0.03209059114591262
1,Grand_MultiParadigm_Ensemble,mb-dielectric-2911,1.774423286592005,1.7842839267367654,0.009860640144760291
1,Grand_MultiParadigm_Ensemble,mb-dielectric-2926,1.837250663355439,1.831659968687331,0.0055906946681081315
1,Grand_MultiParadigm_Ensemble,mb-dielectric-2932,4.390339622398249,4.882699853334335,0.49236023093608594
1,Grand_MultiParadigm_Ensemble,mb-dielectric-2933,2.948787038766957,3.019948881593033,0.07116184282607607
1,Grand_MultiParadigm_Ensemble,mb-dielectric-2938,2.308032351015326,2.335187759695817,0.027155408680490822
1,Grand_MultiParadigm_Ensemble,mb-dielectric-2944,2.1437722204873717,2.1934005941502717,0.04962837366289996
1,Grand_MultiParadigm_Ensemble,mb-dielectric-2948,1.6715633401100898,1.6679160626055278,0.003647277504561952
1,Grand_MultiParadigm_Ensemble,mb-dielectric-2956,1.3300375934536588,1.3648731915643488,0.034835598110690036
1,Grand_MultiParadigm_Ensemble,mb-dielectric-2964,1.540739432869816,1.5463307983424766,0.005591365472660481
1,Grand_MultiParadigm_Ensemble,mb-dielectric-2966,1.5021117357462723,1.4962738112294773,0.00583792451679499
1,Grand_MultiParadigm_Ensemble,mb-dielectric-2970,2.6580694748884035,2.637730236021808,0.02033923886659572
1,Grand_MultiParadigm_Ensemble,mb-dielectric-2977,2.316412096324832,2.1986728944790785,0.11773920184575326
1,Grand_MultiParadigm_Ensemble,mb-dielectric-2978,2.071703485862138,1.9568313465171634,0.11487213934497453
1,Grand_MultiParadigm_Ensemble,mb-dielectric-2979,2.324507116214819,2.4016050724259963,0.0770979562111771
1,Grand_MultiParadigm_Ensemble,mb-dielectric-2990,1.939628572691174,1.8536080969710924,0.08602047572008154
1,Grand_MultiParadigm_Ensemble,mb-dielectric-2992,3.486784860966711,3.179726223758123,0.3070586372085877
1,Grand_MultiParadigm_Ensemble,mb-dielectric-2997,1.4190372323045883,1.4175992708437597,0.0014379614608286406
1,Grand_MultiParadigm_Ensemble,mb-dielectric-3005,3.31154545995275,2.527778534758332,0.7837669251944179
1,Grand_MultiParadigm_Ensemble,mb-dielectric-3006,1.73877351409933,1.7363558710572824,0.0024176430420475015
1,Grand_MultiParadigm_Ensemble,mb-dielectric-3010,1.8852640840653243,1.8925963632948055,0.007332279229481209
1,Grand_MultiParadigm_Ensemble,mb-dielectric-3013,2.615372503742695,2.5412980403177916,0.07407446342490331
1,Grand_MultiParadigm_Ensemble,mb-dielectric-3022,2.428373941550193,2.5344575623250534,0.10608362077486033
1,Grand_MultiParadigm_Ensemble,mb-dielectric-3025,1.8084062965311007,1.8053638131192549,0.0030424834118458755
1,Grand_MultiParadigm_Ensemble,mb-dielectric-3027,1.805569346955876,1.6973287222454505,0.1082406247104255
1,Grand_MultiParadigm_Ensemble,mb-dielectric-3030,6.670649893376208,4.117837947719503,2.552811945656705
1,Grand_MultiParadigm_Ensemble,mb-dielectric-3032,1.6756634506964696,1.7716644025204507,0.09600095182398105
1,Grand_MultiParadigm_Ensemble,mb-dielectric-3033,1.664784170195444,1.7327433539331156,0.06795918373767162
1,Grand_MultiParadigm_Ensemble,mb-dielectric-3034,1.984660424354756,1.887498312998138,0.09716211135661812
1,Grand_MultiParadigm_Ensemble,mb-dielectric-3035,2.754764781247212,2.695824200858482,0.05894058038873018
1,Grand_MultiParadigm_Ensemble,mb-dielectric-3045,2.257542838279401,2.237768857041311,0.019773981238090155
1,Grand_MultiParadigm_Ensemble,mb-dielectric-3046,2.7922883088964863,3.0755937490894705,0.2833054401929842
1,Grand_MultiParadigm_Ensemble,mb-dielectric-3049,1.353021310499826,1.3509604219279052,0.0020608885719208825
1,Grand_MultiParadigm_Ensemble,mb-dielectric-3054,8.96991856150323,6.150085618127851,2.8198329433753786
1,Grand_MultiParadigm_Ensemble,mb-dielectric-3063,2.058974906759834,2.100693279923322,0.04171837316348803
1,Grand_MultiParadigm_Ensemble,mb-dielectric-3071,3.460322094834528,3.432349515061239,0.02797257977328904
1,Grand_MultiParadigm_Ensemble,mb-dielectric-3082,2.068588488156437,1.9596692944743903,0.10891919368204683
1,Grand_MultiParadigm_Ensemble,mb-dielectric-3090,2.6411773889687917,2.7973419861294424,0.15616459716065068
1,Grand_MultiParadigm_Ensemble,mb-dielectric-3101,3.5739334073258906,3.869545354804947,0.2956119474790566
1,Grand_MultiParadigm_Ensemble,mb-dielectric-3114,2.437271767092596,2.116727297956039,0.3205444691365571
1,Grand_MultiParadigm_Ensemble,mb-dielectric-3117,2.422153243156455,2.3799831184516385,0.042170124704816736
1,Grand_MultiParadigm_Ensemble,mb-dielectric-3118,2.098891215221345,2.0538385584971657,0.04505265672417913
1,Grand_MultiParadigm_Ensemble,mb-dielectric-3124,2.24782116726398,2.322120682426757,0.07429951516277677
1,Grand_MultiParadigm_Ensemble,mb-dielectric-3140,5.692490608980687,4.498316991517894,1.1941736174627922
1,Grand_MultiParadigm_Ensemble,mb-dielectric-3145,1.6474016915535,1.7187494556027167,0.07134776404921683
1,Grand_MultiParadigm_Ensemble,mb-dielectric-3148,1.6800945409906705,1.6941867418429166,0.014092200852246162
1,Grand_MultiParadigm_Ensemble,mb-dielectric-3149,1.4647685824047432,1.4476163619089593,0.01715222049578391
1,Grand_MultiParadigm_Ensemble,mb-dielectric-3154,1.9178609612447628,1.924333730596402,0.006472769351639096
1,Grand_MultiParadigm_Ensemble,mb-dielectric-3162,1.6434984027981283,1.706059139164271,0.06256073636614268
1,Grand_MultiParadigm_Ensemble,mb-dielectric-3167,2.395170070509958,2.637915633147151,0.24274556263719305
1,Grand_MultiParadigm_Ensemble,mb-dielectric-3168,1.6438822950564314,1.7051682728274595,0.06128597777102818
1,Grand_MultiParadigm_Ensemble,mb-dielectric-3171,1.8174840668719308,1.8153425383425792,0.0021415285293515662
1,Grand_MultiParadigm_Ensemble,mb-dielectric-3181,1.9695945437238265,1.9351547568033005,0.03443978692052596
1,Grand_MultiParadigm_Ensemble,mb-dielectric-3182,2.3106997497181583,2.3528628143657775,0.04216306464761921
1,Grand_MultiParadigm_Ensemble,mb-dielectric-3188,1.6476879761249297,1.7461979558689833,0.09850997974405362
1,Grand_MultiParadigm_Ensemble,mb-dielectric-3190,1.5083184897980488,1.5159390875709668,0.007620597772918014
1,Grand_MultiParadigm_Ensemble,mb-dielectric-3200,1.7711612711616294,1.711150885945545,0.06001038521608426
1,Grand_MultiParadigm_Ensemble,mb-dielectric-3202,1.7677669529660431,1.7640374270573076,0.0037295259087355426
1,Grand_MultiParadigm_Ensemble,mb-dielectric-3204,2.885796250603982,2.618201018872493,0.26759523173148914
1,Grand_MultiParadigm_Ensemble,mb-dielectric-3215,1.000000000019242,2.6904456151857783,1.6904456151665364
1,Grand_MultiParadigm_Ensemble,mb-dielectric-3227,4.1636922717151466,4.47927324573425,0.31558097401910334
1,Grand_MultiParadigm_Ensemble,mb-dielectric-3233,3.463443710143628,2.9428560881395223,0.5205876220041059
1,Grand_MultiParadigm_Ensemble,mb-dielectric-3237,2.7541333133526957,2.7401748565641837,0.013958456788512041
1,Grand_MultiParadigm_Ensemble,mb-dielectric-3238,2.667708129962365,2.6124060582261253,0.0553020717362398
1,Grand_MultiParadigm_Ensemble,mb-dielectric-3259,2.570573674208477,2.640039740240944,0.06946606603246686
1,Grand_MultiParadigm_Ensemble,mb-dielectric-3271,1.820717807166549,1.7837260133067112,0.03699179385983786
1,Grand_MultiParadigm_Ensemble,mb-dielectric-3272,2.912058378535703,2.8480462671273665,0.06401211140833629
1,Grand_MultiParadigm_Ensemble,mb-dielectric-3278,5.108779893477499,4.606514070175698,0.5022658233018014
1,Grand_MultiParadigm_Ensemble,mb-dielectric-3282,2.150479791426398,2.1363111805622688,0.014168610864129239
1,Grand_MultiParadigm_Ensemble,mb-dielectric-3295,2.7222201723348323,2.8417701333499927,0.11954996101516047
1,Grand_MultiParadigm_Ensemble,mb-dielectric-3306,1.5043270920913447,1.4751193655549595,0.02920772653638526
1,Grand_MultiParadigm_Ensemble,mb-dielectric-3310,2.154994818245905,2.0773577014858664,0.0776371167600387
1,Grand_MultiParadigm_Ensemble,mb-dielectric-3319,4.773150636634051,4.635411140089618,0.13773949654443296
1,Grand_MultiParadigm_Ensemble,mb-dielectric-3324,4.342058843452027,4.616154137014311,0.2740952935622838
1,Grand_MultiParadigm_Ensemble,mb-dielectric-3325,2.4476126463692465,2.393648888841621,0.0539637575276255
1,Grand_MultiParadigm_Ensemble,mb-dielectric-3327,1.9188598177042533,1.9608304466068311,0.041970628902577856
1,Grand_MultiParadigm_Ensemble,mb-dielectric-3331,2.5714812851739755,2.5147323473522882,0.05674893782168722
1,Grand_MultiParadigm_Ensemble,mb-dielectric-3342,3.513732867858151,3.693433079146108,0.17970021128795688
1,Grand_MultiParadigm_Ensemble,mb-dielectric-3343,3.794732709076272,3.7778223372134354,0.016910371862836726
1,Grand_MultiParadigm_Ensemble,mb-dielectric-3353,1.5502596556706234,1.6216680352279684,0.07140837955734503
1,Grand_MultiParadigm_Ensemble,mb-dielectric-3355,3.334490965649778,3.3077506412325506,0.026740324417227512
1,Grand_MultiParadigm_Ensemble,mb-dielectric-3357,1.8689850186665515,1.9842078537093601,0.11522283504280861
1,Grand_MultiParadigm_Ensemble,mb-dielectric-3364,2.027313493271373,1.955638548510241,0.07167494476113201
1,Grand_MultiParadigm_Ensemble,mb-dielectric-3366,1.7003084033982383,1.7245899594399474,0.024281556041709118
1,Grand_MultiParadigm_Ensemble,mb-dielectric-3369,3.0448651311128168,3.1386429388176422,0.09377780770482547
1,Grand_MultiParadigm_Ensemble,mb-dielectric-3376,2.120077828760067,2.1939112437167037,0.07383341495663664
1,Grand_MultiParadigm_Ensemble,mb-dielectric-3377,5.150436874672989,4.141537186119544,1.008899688553445
1,Grand_MultiParadigm_Ensemble,mb-dielectric-3387,1.9454997644135896,1.8844598595009099,0.06103990491267974
1,Grand_MultiParadigm_Ensemble,mb-dielectric-3400,1.7504500373713423,1.7827539530013845,0.0323039156300422
1,Grand_MultiParadigm_Ensemble,mb-dielectric-3402,1.4354800590743155,1.4549427733594356,0.01946271428512003
1,Grand_MultiParadigm_Ensemble,mb-dielectric-3413,2.1217206853557955,1.908158372051712,0.2135623133040836
1,Grand_MultiParadigm_Ensemble,mb-dielectric-3419,1.7260694269543932,1.6423861041709142,0.08368332278347901
1,Grand_MultiParadigm_Ensemble,mb-dielectric-3422,1.966265495806708,1.878096323219652,0.08816917258705614
1,Grand_MultiParadigm_Ensemble,mb-dielectric-3424,4.2906363164453865,4.72058567173017,0.4299493552847835
1,Grand_MultiParadigm_Ensemble,mb-dielectric-3429,3.1911443088647684,3.2036454406419983,0.01250113177722989
1,Grand_MultiParadigm_Ensemble,mb-dielectric-3431,1.47951230703454,1.5212831639845763,0.04177085695003635
1,Grand_MultiParadigm_Ensemble,mb-dielectric-3443,1.8034139846413504,1.7686389031221776,0.034775081519172746
1,Grand_MultiParadigm_Ensemble,mb-dielectric-3449,1.4528851755501304,1.511577847960818,0.05869267241068754
1,Grand_MultiParadigm_Ensemble,mb-dielectric-3453,1.7876678475973475,1.813769552623518,0.026101705026170485
1,Grand_MultiParadigm_Ensemble,mb-dielectric-3455,1.801859317482916,1.7378603416793261,0.06399897580358993
1,Grand_MultiParadigm_Ensemble,mb-dielectric-3458,2.1324206902016307,2.156310595605114,0.023889905403483347
1,Grand_MultiParadigm_Ensemble,mb-dielectric-3459,1.5403067876238163,1.5140401323301216,0.026266655293694763
1,Grand_MultiParadigm_Ensemble,mb-dielectric-3464,2.3394733737887825,2.2881763364986645,0.05129703729011803
1,Grand_MultiParadigm_Ensemble,mb-dielectric-3465,1.9593698817051703,2.0169842125817743,0.05761433087660395
1,Grand_MultiParadigm_Ensemble,mb-dielectric-3473,2.244494449387954,2.272590708841457,0.028096259453503247
1,Grand_MultiParadigm_Ensemble,mb-dielectric-3477,1.9581514241753608,1.9266162765126473,0.03153514766271348
1,Grand_MultiParadigm_Ensemble,mb-dielectric-3478,2.969049455072556,3.124442009977124,0.15539255490456805
1,Grand_MultiParadigm_Ensemble,mb-dielectric-3479,2.8442755961169914,2.8131223279135247,0.031153268203466755
1,Grand_MultiParadigm_Ensemble,mb-dielectric-3480,2.398402245935657,2.228061050387827,0.17034119554783
1,Grand_MultiParadigm_Ensemble,mb-dielectric-3485,1.8325555016606363,1.755915768817895,0.07663973284274128
1,Grand_MultiParadigm_Ensemble,mb-dielectric-3490,2.255709718322225,2.2807566367562133,0.025046918433988097
1,Grand_MultiParadigm_Ensemble,mb-dielectric-3500,1.814903486873797,1.8442347521294835,0.029331265255686523
1,Grand_MultiParadigm_Ensemble,mb-dielectric-3503,1.5132854985097823,1.5067708313565302,0.006514667153252107
1,Grand_MultiParadigm_Ensemble,mb-dielectric-3520,4.084972460127486,3.7505853292278295,0.33438713089965644
1,Grand_MultiParadigm_Ensemble,mb-dielectric-3521,1.7048998015523766,1.6777730592994273,0.02712674225294931
1,Grand_MultiParadigm_Ensemble,mb-dielectric-3522,4.327769286826647,4.589666873317997,0.26189758649135
1,Grand_MultiParadigm_Ensemble,mb-dielectric-3523,1.6114516230198577,1.628359252020419,0.01690762900056142
1,Grand_MultiParadigm_Ensemble,mb-dielectric-3530,2.272443618661672,2.3533746392309958,0.08093102056932366
1,Grand_MultiParadigm_Ensemble,mb-dielectric-3534,2.984360791414693,2.7819649957378294,0.2023957956768636
1,Grand_MultiParadigm_Ensemble,mb-dielectric-3536,2.836488439367737,2.839991752710105,0.003503313342367864
1,Grand_MultiParadigm_Ensemble,mb-dielectric-3542,1.5507703462043152,1.5372024608045738,0.013567885399741408
1,Grand_MultiParadigm_Ensemble,mb-dielectric-3546,1.45582130313672,1.4731156704679274,0.017294367331207372
1,Grand_MultiParadigm_Ensemble,mb-dielectric-3547,1.4682811946853602,1.466157119370156,0.00212407531520431
1,Grand_MultiParadigm_Ensemble,mb-dielectric-3549,3.280294702207918,3.190533854232286,0.089760847975632
1,Grand_MultiParadigm_Ensemble,mb-dielectric-3550,2.705365040063911,2.8342258443717525,0.12886080430784164
1,Grand_MultiParadigm_Ensemble,mb-dielectric-3557,2.018855781542265,1.8071898440952296,0.21166593744703532
1,Grand_MultiParadigm_Ensemble,mb-dielectric-3561,1.820030311102904,1.778568992441365,0.041461318661538904
1,Grand_MultiParadigm_Ensemble,mb-dielectric-3568,1.648929753911106,1.625843338888572,0.023086415022534057
1,Grand_MultiParadigm_Ensemble,mb-dielectric-3570,1.862598274812179,1.8692151339847058,0.006616859172526857
1,Grand_MultiParadigm_Ensemble,mb-dielectric-3576,2.190977027112176,2.1325073690651175,0.05846965804705828
1,Grand_MultiParadigm_Ensemble,mb-dielectric-3580,1.8819705984242512,1.7698310333171612,0.11213956510709
1,Grand_MultiParadigm_Ensemble,mb-dielectric-3581,2.788638257883826,3.0738726467437116,0.2852343888598856
1,Grand_MultiParadigm_Ensemble,mb-dielectric-3582,2.810603553212961,2.89972505771345,0.08912150450048895
1,Grand_MultiParadigm_Ensemble,mb-dielectric-3583,3.231463290832813,4.073736053785884,0.8422727629530713
1,Grand_MultiParadigm_Ensemble,mb-dielectric-3590,1.942225527584271,2.0942239868842303,0.15199845929995925
1,Grand_MultiParadigm_Ensemble,mb-dielectric-3603,1.6779875843799763,1.6155069948564684,0.06248058952350788
1,Grand_MultiParadigm_Ensemble,mb-dielectric-3610,11.214826495908737,3.957808301203431,7.257018194705306
1,Grand_MultiParadigm_Ensemble,mb-dielectric-3614,1.3655279809167833,1.4660802131465693,0.10055223222978604
1,Grand_MultiParadigm_Ensemble,mb-dielectric-3615,5.0640892567167,4.732994515661998,0.33109474105470227
1,Grand_MultiParadigm_Ensemble,mb-dielectric-3619,1.5703952793272584,1.5481974958491824,0.022197783478075994
1,Grand_MultiParadigm_Ensemble,mb-dielectric-3620,2.645562322078273,2.5951570148725396,0.05040530720573333
1,Grand_MultiParadigm_Ensemble,mb-dielectric-3626,1.307040550250833,1.3204816627867484,0.01344111253591529
1,Grand_MultiParadigm_Ensemble,mb-dielectric-3627,2.2109909543008057,2.298084529686668,0.08709357538586238
1,Grand_MultiParadigm_Ensemble,mb-dielectric-3638,1.6222412479786978,1.5406917331859742,0.08154951479272365
1,Grand_MultiParadigm_Ensemble,mb-dielectric-3644,3.5069930139652348,3.3050574690816332,0.20193554488360155
1,Grand_MultiParadigm_Ensemble,mb-dielectric-3659,2.476466501556872,2.3122475694374094,0.16421893211946248
1,Grand_MultiParadigm_Ensemble,mb-dielectric-3663,4.618982571952399,3.620290769041236,0.9986918029111633
1,Grand_MultiParadigm_Ensemble,mb-dielectric-3666,2.124082233185251,2.2258555341321533,0.10177330094690218
1,Grand_MultiParadigm_Ensemble,mb-dielectric-3667,1.5060122855917153,1.5235508139787273,0.017538528387011976
1,Grand_MultiParadigm_Ensemble,mb-dielectric-3674,3.312081822660787,2.208771544718485,1.103310277942302
1,Grand_MultiParadigm_Ensemble,mb-dielectric-3676,5.731113911506791,4.981358423901241,0.7497554876055492
1,Grand_MultiParadigm_Ensemble,mb-dielectric-3677,2.119404082912616,2.085963575333411,0.033440507579205025
1,Grand_MultiParadigm_Ensemble,mb-dielectric-3681,1.7990296458554167,1.7898315614731999,0.009198084382216809
1,Grand_MultiParadigm_Ensemble,mb-dielectric-3683,2.937345740630476,3.240632151631977,0.3032864110015008
1,Grand_MultiParadigm_Ensemble,mb-dielectric-3692,4.255114569550389,4.032910475107233,0.22220409444315603
1,Grand_MultiParadigm_Ensemble,mb-dielectric-3698,2.55636460624299,2.5968410567449913,0.04047645050200144
1,Grand_MultiParadigm_Ensemble,mb-dielectric-3705,5.275260688661113,4.996048437052832,0.2792122516082811
1,Grand_MultiParadigm_Ensemble,mb-dielectric-3706,2.2281809045327368,1.9575262806111844,0.2706546239215524
1,Grand_MultiParadigm_Ensemble,mb-dielectric-3710,2.626915618489993,2.8784214927084206,0.25150587421842774
1,Grand_MultiParadigm_Ensemble,mb-dielectric-3717,2.470641482152628,2.4793798393380753,0.008738357185447132
1,Grand_MultiParadigm_Ensemble,mb-dielectric-3718,1.7893143938391598,1.792781731658349,0.0034673378191891757
1,Grand_MultiParadigm_Ensemble,mb-dielectric-3721,3.663058831086391,3.962603840896739,0.2995450098103478
1,Grand_MultiParadigm_Ensemble,mb-dielectric-3724,2.606266422809973,2.6829836823810993,0.0767172595711263
1,Grand_MultiParadigm_Ensemble,mb-dielectric-3728,4.604454365068679,4.340075190033988,0.26437917503469066
1,Grand_MultiParadigm_Ensemble,mb-dielectric-3741,4.131343607108951,3.768060201203409,0.3632834059055421
1,Grand_MultiParadigm_Ensemble,mb-dielectric-3753,1.6471186963907611,1.6589952813737896,0.01187658498302846
1,Grand_MultiParadigm_Ensemble,mb-dielectric-3762,1.6915436736898044,1.6882931307351783,0.0032505429546261233
1,Grand_MultiParadigm_Ensemble,mb-dielectric-3764,2.7628197552496183,2.6571580936011534,0.10566166164846491
1,Grand_MultiParadigm_Ensemble,mb-dielectric-3768,2.653944156950049,1.9779291124823715,0.6760150444676776
1,Grand_MultiParadigm_Ensemble,mb-dielectric-3776,1.63631598415465,1.535501893671483,0.10081409048316692
1,Grand_MultiParadigm_Ensemble,mb-dielectric-3781,1.9479904175071936,1.9998254892687313,0.05183507176153768
1,Grand_MultiParadigm_Ensemble,mb-dielectric-3788,1.5012843390466266,1.5244791388273613,0.023194799780734687
1,Grand_MultiParadigm_Ensemble,mb-dielectric-3796,1.434039399737678,1.4483955153425125,0.01435611560483463
1,Grand_MultiParadigm_Ensemble,mb-dielectric-3805,2.9494858874047862,3.1097544581488097,0.16026857074402345
1,Grand_MultiParadigm_Ensemble,mb-dielectric-3811,1.4963708319352749,1.5475187989735288,0.05114796703825397
1,Grand_MultiParadigm_Ensemble,mb-dielectric-3822,2.132934520013839,2.1437336201787196,0.010799100164880393
1,Grand_MultiParadigm_Ensemble,mb-dielectric-3824,2.1634380816962,1.9061065611679893,0.25733152052821096
1,Grand_MultiParadigm_Ensemble,mb-dielectric-3832,2.6395075298244555,2.4872610462740115,0.152246483550444
1,Grand_MultiParadigm_Ensemble,mb-dielectric-3833,1.8223460154427324,1.8403677237598586,0.01802170831712613
1,Grand_MultiParadigm_Ensemble,mb-dielectric-3841,1.7572754479591408,1.7815924832346108,0.024317035275470023
1,Grand_MultiParadigm_Ensemble,mb-dielectric-3844,4.808984646818217,4.610347135298641,0.19863751151957665
1,Grand_MultiParadigm_Ensemble,mb-dielectric-3845,1.6446884203398526,1.6045165633035967,0.04017185703625592
1,Grand_MultiParadigm_Ensemble,mb-dielectric-3853,1.8455588132956795,1.7788035874736454,0.06675522582203408
1,Grand_MultiParadigm_Ensemble,mb-dielectric-3856,1.4297126750971094,1.4480067794732023,0.018294104376092912
1,Grand_MultiParadigm_Ensemble,mb-dielectric-3858,2.263151227960182,2.391525395995232,0.12837416803504986
1,Grand_MultiParadigm_Ensemble,mb-dielectric-3861,2.2630136985886766,2.384965158146198,0.12195145955752151
1,Grand_MultiParadigm_Ensemble,mb-dielectric-3862,1.5410249835742442,1.504475442357456,0.03654954121678822
1,Grand_MultiParadigm_Ensemble,mb-dielectric-3874,2.548589348378173,2.62671548086142,0.07812613248324674
1,Grand_MultiParadigm_Ensemble,mb-dielectric-3877,1.8588387952339132,1.895637514116381,0.036798718882467885
1,Grand_MultiParadigm_Ensemble,mb-dielectric-3893,2.03412552873639,1.5501515894666213,0.48397393926976884
1,Grand_MultiParadigm_Ensemble,mb-dielectric-3896,2.682908869119486,2.544460158427759,0.13844871069172715
1,Grand_MultiParadigm_Ensemble,mb-dielectric-3911,1.6068206703508223,1.6605679945777687,0.05374732422694639
1,Grand_MultiParadigm_Ensemble,mb-dielectric-3918,2.190738079582617,2.405143256065677,0.2144051764830599
1,Grand_MultiParadigm_Ensemble,mb-dielectric-3919,1.6940623758685314,1.6458172213521678,0.048245154516363575
1,Grand_MultiParadigm_Ensemble,mb-dielectric-3936,1.9103228348458103,1.9559784121416186,0.04565557729580827
1,Grand_MultiParadigm_Ensemble,mb-dielectric-3947,1.419986737027264,1.4205826947446805,0.0005959577174163844
1,Grand_MultiParadigm_Ensemble,mb-dielectric-3953,2.085608544286292,2.245833050800928,0.16022450651463593
1,Grand_MultiParadigm_Ensemble,mb-dielectric-3954,2.291975883779326,2.3765758646404587,0.08459998086113263
1,Grand_MultiParadigm_Ensemble,mb-dielectric-3961,2.3609515031020862,2.379597499947553,0.01864599684546686
1,Grand_MultiParadigm_Ensemble,mb-dielectric-3967,1.7231148152884863,1.790713034821692,0.06759821953320566
1,Grand_MultiParadigm_Ensemble,mb-dielectric-3971,1.872383685751049,2.026160517792965,0.15377683204191595
1,Grand_MultiParadigm_Ensemble,mb-dielectric-3980,1.782072482626151,1.823944873604844,0.04187239097869311
1,Grand_MultiParadigm_Ensemble,mb-dielectric-3981,6.203542939321042,4.7071066673748465,1.4964362719461954
1,Grand_MultiParadigm_Ensemble,mb-dielectric-3987,2.822298590392826,2.2639645459071116,0.5583340444857146
1,Grand_MultiParadigm_Ensemble,mb-dielectric-3990,3.579838124831904,2.682889678874475,0.8969484459574288
1,Grand_MultiParadigm_Ensemble,mb-dielectric-3999,6.777898273063713,5.637808675550053,1.1400895975136605
1,Grand_MultiParadigm_Ensemble,mb-dielectric-4001,4.238488055899174,4.659238848983999,0.42075079308482444
1,Grand_MultiParadigm_Ensemble,mb-dielectric-4003,1.8330449167073528,1.8214110974065183,0.011633819300834514
1,Grand_MultiParadigm_Ensemble,mb-dielectric-4007,2.1330729007701543,2.1340920279146736,0.0010191271445192385
1,Grand_MultiParadigm_Ensemble,mb-dielectric-4010,14.27643746398694,3.347274002559152,10.929163461427787
1,Grand_MultiParadigm_Ensemble,mb-dielectric-4019,1.53687995627505,1.539273145286404,0.002393189011353991
1,Grand_MultiParadigm_Ensemble,mb-dielectric-4024,2.3170021579618783,2.203049675612692,0.1139524823491862
1,Grand_MultiParadigm_Ensemble,mb-dielectric-4030,1.783068516163452,1.842814613116602,0.05974609695315003
1,Grand_MultiParadigm_Ensemble,mb-dielectric-4037,4.082142207224045,3.6531020950255844,0.42904011219846083
1,Grand_MultiParadigm_Ensemble,mb-dielectric-4047,2.2893958446260463,2.329030715456587,0.039634870830540514
1,Grand_MultiParadigm_Ensemble,mb-dielectric-4049,1.749045168084575,1.6992967622949071,0.04974840578966799
1,Grand_MultiParadigm_Ensemble,mb-dielectric-4051,1.341019512659429,1.3432605951670848,0.002241082507655756
1,Grand_MultiParadigm_Ensemble,mb-dielectric-4054,1.5178054557775114,1.5362435401210017,0.01843808434349037
1,Grand_MultiParadigm_Ensemble,mb-dielectric-4055,2.273788175417108,2.339683470217177,0.06589529480006906
1,Grand_MultiParadigm_Ensemble,mb-dielectric-4059,2.2496600483924976,2.1613719803859697,0.08828806800652789
1,Grand_MultiParadigm_Ensemble,mb-dielectric-4070,1.9681865595855828,1.9887713823100626,0.020584822724479812
1,Grand_MultiParadigm_Ensemble,mb-dielectric-4095,2.5695894613731585,2.6689804185572163,0.09939095718405788
1,Grand_MultiParadigm_Ensemble,mb-dielectric-4102,2.338302161825969,2.272876542019668,0.06542561980630124
1,Grand_MultiParadigm_Ensemble,mb-dielectric-4107,2.569205194867341,2.6718602735276495,0.10265507866030843
1,Grand_MultiParadigm_Ensemble,mb-dielectric-4108,3.122499159327357,3.1519481241461595,0.029448964818802548
1,Grand_MultiParadigm_Ensemble,mb-dielectric-4113,1.6459040069214357,1.6811201549734105,0.035216148051974816
1,Grand_MultiParadigm_Ensemble,mb-dielectric-4115,5.724275791166367,4.671495701902025,1.052780089264342
1,Grand_MultiParadigm_Ensemble,mb-dielectric-4121,1.8169035013817787,1.9181385513949543,0.10123505001317556
1,Grand_MultiParadigm_Ensemble,mb-dielectric-4127,2.999563412676362,2.132747510640025,0.8668159020363371
1,Grand_MultiParadigm_Ensemble,mb-dielectric-4132,2.6311660279554165,2.59664485375296,0.034521174202456706
1,Grand_MultiParadigm_Ensemble,mb-dielectric-4137,3.0075291076452366,1.9973013437533342,1.0102277638919024
1,Grand_MultiParadigm_Ensemble,mb-dielectric-4143,2.6218314207384465,2.9686678623283065,0.34683644158985993
1,Grand_MultiParadigm_Ensemble,mb-dielectric-4146,1.776607253540673,1.7206671121845012,0.05594014135617176
1,Grand_MultiParadigm_Ensemble,mb-dielectric-4147,3.0768597628101286,3.1256964765742756,0.048836713764147
1,Grand_MultiParadigm_Ensemble,mb-dielectric-4149,2.1681984072804203,2.2280493171052407,0.05985090982482033
1,Grand_MultiParadigm_Ensemble,mb-dielectric-4152,2.577353034930729,2.7082400970123643,0.13088706208163536
1,Grand_MultiParadigm_Ensemble,mb-dielectric-4158,2.8641860973058355,2.8470114333395133,0.017174663966322168
1,Grand_MultiParadigm_Ensemble,mb-dielectric-4159,1.5343340574985618,1.5370620723700579,0.0027280148714960983
1,Grand_MultiParadigm_Ensemble,mb-dielectric-4160,3.139232868074619,3.5153206518550943,0.37608778378047525
1,Grand_MultiParadigm_Ensemble,mb-dielectric-4167,4.4643775228654965,3.8885559123071567,0.5758216105583398
1,Grand_MultiParadigm_Ensemble,mb-dielectric-4169,3.1305475027008707,3.532858313385456,0.4023108106845852
1,Grand_MultiParadigm_Ensemble,mb-dielectric-4171,2.343714999738737,2.3785830505997323,0.034868050860995314
1,Grand_MultiParadigm_Ensemble,mb-dielectric-4173,1.917949165124041,1.9191381271027432,0.0011889619787022188
1,Grand_MultiParadigm_Ensemble,mb-dielectric-4176,2.107210039002479,2.2741514322133924,0.1669413932109136
1,Grand_MultiParadigm_Ensemble,mb-dielectric-4180,3.165069772796126,3.237005916566178,0.07193614377005186
1,Grand_MultiParadigm_Ensemble,mb-dielectric-4189,2.2703011547663303,2.401326408423268,0.13102525365693785
1,Grand_MultiParadigm_Ensemble,mb-dielectric-4193,2.392524886669593,2.476704597100106,0.08417971043051287
1,Grand_MultiParadigm_Ensemble,mb-dielectric-4197,2.3948529530362994,2.3970559850985516,0.0022030320622521415
1,Grand_MultiParadigm_Ensemble,mb-dielectric-4199,2.399369083738473,2.5066498170432596,0.10728073330478649
1,Grand_MultiParadigm_Ensemble,mb-dielectric-4200,1.4864672885738148,1.4585100066132755,0.02795728196053937
1,Grand_MultiParadigm_Ensemble,mb-dielectric-4206,3.1302289586120264,3.501992238548321,0.37176327993629465
1,Grand_MultiParadigm_Ensemble,mb-dielectric-4216,3.0341742425567086,2.9963095048914803,0.037864737665228354
1,Grand_MultiParadigm_Ensemble,mb-dielectric-4222,6.144398967081048,5.851653843032846,0.29274512404820197
1,Grand_MultiParadigm_Ensemble,mb-dielectric-4247,1.5728954192792264,1.596774567766213,0.02387914848698669
1,Grand_MultiParadigm_Ensemble,mb-dielectric-4252,3.5701540583005658,3.40873381605536,0.1614202422452058
1,Grand_MultiParadigm_Ensemble,mb-dielectric-4254,2.007652028287969,2.023566920133756,0.015914891845786983
1,Grand_MultiParadigm_Ensemble,mb-dielectric-4263,2.3733267790171664,2.4834284662033355,0.11010168718616908
1,Grand_MultiParadigm_Ensemble,mb-dielectric-4269,2.886527209872329,3.2648496409603505,0.37832243108802155
1,Grand_MultiParadigm_Ensemble,mb-dielectric-4271,3.417455193561432,4.217742919345212,0.8002877257837797
1,Grand_MultiParadigm_Ensemble,mb-dielectric-4278,3.2071794461800853,3.147675801064672,0.059503645115413395
1,Grand_MultiParadigm_Ensemble,mb-dielectric-4280,2.587695113416571,2.318895425525686,0.2687996878908847
1,Grand_MultiParadigm_Ensemble,mb-dielectric-4282,1.3695498043761192,1.3446105833448885,0.024939221031230696
1,Grand_MultiParadigm_Ensemble,mb-dielectric-4284,1.5790309264440223,1.5365877608496832,0.04244316559433914
1,Grand_MultiParadigm_Ensemble,mb-dielectric-4289,2.171828338827296,2.1500076303965114,0.021820708430784652
1,Grand_MultiParadigm_Ensemble,mb-dielectric-4296,2.146192520100034,2.1857305048824567,0.039537984782422875
1,Grand_MultiParadigm_Ensemble,mb-dielectric-4301,1.878194079428428,1.7929202872142251,0.08527379221420284
1,Grand_MultiParadigm_Ensemble,mb-dielectric-4306,1.7601323813849912,1.5382923318150281,0.22184004956996306
1,Grand_MultiParadigm_Ensemble,mb-dielectric-4310,2.9848566688089626,3.0338244180457017,0.04896774923673908
1,Grand_MultiParadigm_Ensemble,mb-dielectric-4313,1.6257622827461586,1.6177929974741876,0.00796928527197105
1,Grand_MultiParadigm_Ensemble,mb-dielectric-4316,1.501001110370453,1.4883442967097964,0.01265681366065663
1,Grand_MultiParadigm_Ensemble,mb-dielectric-4317,2.198704542831225,2.295358948812158,0.09665440598093289
1,Grand_MultiParadigm_Ensemble,mb-dielectric-4320,1.822288030654503,1.7051969652679482,0.1170910653865549
1,Grand_MultiParadigm_Ensemble,mb-dielectric-4321,3.0083417913085166,3.0315550916495204,0.023213300341003773
1,Grand_MultiParadigm_Ensemble,mb-dielectric-4326,1.7011434389844966,1.7232158755823803,0.022072436597883716
1,Grand_MultiParadigm_Ensemble,mb-dielectric-4329,1.606364217728968,1.577051378570386,0.029312839158582182
1,Grand_MultiParadigm_Ensemble,mb-dielectric-4330,1.9443680207203569,2.1787060216948175,0.23433800097446067
1,Grand_MultiParadigm_Ensemble,mb-dielectric-4333,5.898406338438657,2.6924685543629496,3.2059377840757075
1,Grand_MultiParadigm_Ensemble,mb-dielectric-4334,2.3184599054832358,2.3237496140163616,0.005289708533125825
1,Grand_MultiParadigm_Ensemble,mb-dielectric-4335,1.865402458809712,1.8616108598551364,0.0037915989545755924
1,Grand_MultiParadigm_Ensemble,mb-dielectric-4337,2.051903181601576,1.9501998909342606,0.1017032906673152
1,Grand_MultiParadigm_Ensemble,mb-dielectric-4348,3.982172983016517,3.4355213583934785,0.5466516246230384
1,Grand_MultiParadigm_Ensemble,mb-dielectric-4352,2.171032396503255,1.9631394172130807,0.20789297929017425
1,Grand_MultiParadigm_Ensemble,mb-dielectric-4359,1.8871088998783387,1.874350439214313,0.01275846066402564
1,Grand_MultiParadigm_Ensemble,mb-dielectric-4364,1.981789595290074,1.9384789774692017,0.0433106178208722
1,Grand_MultiParadigm_Ensemble,mb-dielectric-4371,3.93916234750486,3.8362753181832496,0.10288702932161042
1,Grand_MultiParadigm_Ensemble,mb-dielectric-4378,2.180963548526201,1.9986026202128173,0.1823609283133838
1,Grand_MultiParadigm_Ensemble,mb-dielectric-4379,2.1431715594728606,2.1606765620299178,0.017505002557057114
1,Grand_MultiParadigm_Ensemble,mb-dielectric-4387,1.885424001827352,1.759746512912272,0.12567748891508002
1,Grand_MultiParadigm_Ensemble,mb-dielectric-4392,2.4945010189080565,2.7067815821378476,0.21228056322979105
1,Grand_MultiParadigm_Ensemble,mb-dielectric-4407,3.51326059380741,3.9575983188469133,0.4443377250395031
1,Grand_MultiParadigm_Ensemble,mb-dielectric-4409,1.6287375479186323,1.718420407327446,0.08968285940881371
1,Grand_MultiParadigm_Ensemble,mb-dielectric-4412,1.5826400938516207,1.606180017676015,0.023539923824394293
1,Grand_MultiParadigm_Ensemble,mb-dielectric-4415,2.12694977216984,2.2831247268504486,0.15617495468060882
1,Grand_MultiParadigm_Ensemble,mb-dielectric-4418,2.128335030017596,2.0618022982154622,0.0665327318021336
1,Grand_MultiParadigm_Ensemble,mb-dielectric-4420,2.2375581929117883,2.212043767813734,0.02551442509805435
1,Grand_MultiParadigm_Ensemble,mb-dielectric-4421,2.0991275965664093,2.109980121448289,0.0108525248818796
1,Grand_MultiParadigm_Ensemble,mb-dielectric-4422,1.5894405724446992,1.686929641976176,0.09748906953147674
1,Grand_MultiParadigm_Ensemble,mb-dielectric-4430,1.5703598313762364,1.5711752895593372,0.0008154581831008034
1,Grand_MultiParadigm_Ensemble,mb-dielectric-4436,3.183453418328384,2.7123557221210595,0.47109769620732456
1,Grand_MultiParadigm_Ensemble,mb-dielectric-4438,2.098171743844308,2.1809833506567324,0.08281160681242428
1,Grand_MultiParadigm_Ensemble,mb-dielectric-4443,2.101834040387902,2.1525184035935547,0.050684363205652616
1,Grand_MultiParadigm_Ensemble,mb-dielectric-4444,2.2403193224776388,2.2637646923323826,0.02344536985474388
1,Grand_MultiParadigm_Ensemble,mb-dielectric-4452,2.5769265931855103,2.534800214957555,0.042126378227955286
1,Grand_MultiParadigm_Ensemble,mb-dielectric-4456,1.641002335972337,1.6315246051016434,0.00947773087069348
1,Grand_MultiParadigm_Ensemble,mb-dielectric-4458,3.030498858823962,2.5917815874324233,0.4387172713915386
1,Grand_MultiParadigm_Ensemble,mb-dielectric-4461,1.3694719176870087,1.5060932921885501,0.13662137450154144
1,Grand_MultiParadigm_Ensemble,mb-dielectric-4464,3.7399197852360415,3.5231989157128587,0.2167208695231828
1,Grand_MultiParadigm_Ensemble,mb-dielectric-4466,1.4688212961419098,1.515930691660623,0.04710939551871318
1,Grand_MultiParadigm_Ensemble,mb-dielectric-4467,3.0611080782400784,3.0808634225020004,0.019755344261922048
1,Grand_MultiParadigm_Ensemble,mb-dielectric-4472,3.5877492015654235,3.0263524899237604,0.5613967116416632
1,Grand_MultiParadigm_Ensemble,mb-dielectric-4473,2.7463078244557177,2.7543086992182184,0.008000874762500665
1,Grand_MultiParadigm_Ensemble,mb-dielectric-4478,2.392039576038268,2.3650321777241925,0.02700739831407528
1,Grand_MultiParadigm_Ensemble,mb-dielectric-4482,1.699391852006672,1.7175847639002604,0.018192911893588404
1,Grand_MultiParadigm_Ensemble,mb-dielectric-4483,1.5238110119040351,1.521934332148208,0.0018766797558271708
1,Grand_MultiParadigm_Ensemble,mb-dielectric-4489,2.615849129175877,2.381273959529058,0.2345751696468188
1,Grand_MultiParadigm_Ensemble,mb-dielectric-4494,2.4863365285763925,2.4647962863674424,0.021540242208950122
1,Grand_MultiParadigm_Ensemble,mb-dielectric-4496,3.7143415746715376,2.5623224104814093,1.1520191641901283
1,Grand_MultiParadigm_Ensemble,mb-dielectric-4497,2.40984715974548,2.374034127345243,0.03581303240023681
1,Grand_MultiParadigm_Ensemble,mb-dielectric-4499,2.768536316058241,2.796842170912776,0.028305854854535184
1,Grand_MultiParadigm_Ensemble,mb-dielectric-4502,2.807886809209611,2.4922609320925515,0.3156258771170597
1,Grand_MultiParadigm_Ensemble,mb-dielectric-4503,1.4470659971128883,1.428165310559145,0.01890068655374333
1,Grand_MultiParadigm_Ensemble,mb-dielectric-4513,1.6806744677630077,1.74726512598614,0.06659065822313237
1,Grand_MultiParadigm_Ensemble,mb-dielectric-4515,2.567489045741018,2.8564463048200373,0.28895725907901904
1,Grand_MultiParadigm_Ensemble,mb-dielectric-4518,5.1203638542588,4.54052633085187,0.5798375234069297
1,Grand_MultiParadigm_Ensemble,mb-dielectric-4521,2.9624314335644395,2.972797459508045,0.010366025943605361
1,Grand_MultiParadigm_Ensemble,mb-dielectric-4522,1.9595917942265595,1.8646833385456152,0.0949084556809443
1,Grand_MultiParadigm_Ensemble,mb-dielectric-4527,1.861182419861101,1.9069413376148625,0.04575891775376162
1,Grand_MultiParadigm_Ensemble,mb-dielectric-4529,1.9227584351655236,1.8684220757119132,0.05433635945361037
1,Grand_MultiParadigm_Ensemble,mb-dielectric-4548,1.8873430177544996,1.8741803810826123,0.013162636671887329
1,Grand_MultiParadigm_Ensemble,mb-dielectric-4552,9.775962765886543,6.22047348455876,3.555489281327783
1,Grand_MultiParadigm_Ensemble,mb-dielectric-4564,1.3860802045095737,1.4106269783120127,0.02454677380243897
1,Grand_MultiParadigm_Ensemble,mb-dielectric-4573,2.0956333966925924,2.1315754702139857,0.035942073521393336
1,Grand_MultiParadigm_Ensemble,mb-dielectric-4585,1.6595180023127352,1.6690038500134405,0.009485847700705374
1,Grand_MultiParadigm_Ensemble,mb-dielectric-4586,2.417480506643229,2.3652050770937754,0.052275429549453634
1,Grand_MultiParadigm_Ensemble,mb-dielectric-4587,1.6734196524884617,1.8145353296952849,0.14111567720682316
1,Grand_MultiParadigm_Ensemble,mb-dielectric-4592,1.8535591888760032,1.8129520257786005,0.040607163097402754
1,Grand_MultiParadigm_Ensemble,mb-dielectric-4598,1.510297983842931,1.582572461479881,0.07227447763695016
1,Grand_MultiParadigm_Ensemble,mb-dielectric-4612,6.7268082327356415,4.965721597024883,1.7610866357107584
1,Grand_MultiParadigm_Ensemble,mb-dielectric-4614,2.555010893649305,2.6608688562462146,0.1058579625969096
1,Grand_MultiParadigm_Ensemble,mb-dielectric-4617,3.073866457736902,2.9619798919659828,0.11188656577091916
1,Grand_MultiParadigm_Ensemble,mb-dielectric-4618,2.2013402735606324,2.1216361905858205,0.07970408297481191
1,Grand_MultiParadigm_Ensemble,mb-dielectric-4619,1.7793327401023116,1.789362812961129,0.010030072858817407
1,Grand_MultiParadigm_Ensemble,mb-dielectric-4629,1.3091982279242818,1.321064255815783,0.011866027891501263
1,Grand_MultiParadigm_Ensemble,mb-dielectric-4631,2.3238617285261154,2.4213551939292883,0.09749346540317294
1,Grand_MultiParadigm_Ensemble,mb-dielectric-4639,1.0,5.907229168128718,4.907229168128718
1,Grand_MultiParadigm_Ensemble,mb-dielectric-4658,2.132404198707803,2.1952913561045646,0.06288715739676176
1,Grand_MultiParadigm_Ensemble,mb-dielectric-4665,2.1846424573981587,2.1476920366943277,0.03695042070383092
1,Grand_MultiParadigm_Ensemble,mb-dielectric-4666,1.9079382414882653,2.0109308599159212,0.10299261842765595
1,Grand_MultiParadigm_Ensemble,mb-dielectric-4671,3.641049024663085,2.2995910060573843,1.3414580186057008
1,Grand_MultiParadigm_Ensemble,mb-dielectric-4672,1.5378396101891414,1.543713343623539,0.005873733434397677
1,Grand_MultiParadigm_Ensemble,mb-dielectric-4673,2.5738881742090767,2.568894805791312,0.004993368417764543
1,Grand_MultiParadigm_Ensemble,mb-dielectric-4678,1.630251821038701,1.6429428628914582,0.012691041852757268
1,Grand_MultiParadigm_Ensemble,mb-dielectric-4680,2.1334810328648874,2.1588598064301148,0.02537877356522733
1,Grand_MultiParadigm_Ensemble,mb-dielectric-4681,1.8716966456488973,1.8411302643278191,0.03056638132107814
1,Grand_MultiParadigm_Ensemble,mb-dielectric-4688,1.5646068728810656,1.5259304307378199,0.038676442143245726
1,Grand_MultiParadigm_Ensemble,mb-dielectric-4694,1.8294736948095207,1.710479293500973,0.11899440130854777
1,Grand_MultiParadigm_Ensemble,mb-dielectric-4699,2.17780455198961,2.274346049772151,0.09654149778254073
1,Grand_MultiParadigm_Ensemble,mb-dielectric-4702,2.271005284009705,2.1382612477820713,0.13274403622763353
1,Grand_MultiParadigm_Ensemble,mb-dielectric-4703,2.0910606559032825,2.105126550180586,0.014065894277303315
1,Grand_MultiParadigm_Ensemble,mb-dielectric-4705,2.3464232354799086,2.1661552574983016,0.18026797798160699
1,Grand_MultiParadigm_Ensemble,mb-dielectric-4706,4.056564104427945,4.17652346445734,0.11995936002939445
1,Grand_MultiParadigm_Ensemble,mb-dielectric-4709,3.7516148078749594,3.815763162248504,0.0641483543735446
1,Grand_MultiParadigm_Ensemble,mb-dielectric-4716,2.520581053986461,2.6415255131284043,0.1209444591419433
1,Grand_MultiParadigm_Ensemble,mb-dielectric-4722,2.181369447541307,2.1368389537581503,0.044530493783156544
1,Grand_MultiParadigm_Ensemble,mb-dielectric-4724,2.9420776672277027,2.3337824294261145,0.6082952378015882
1,Grand_MultiParadigm_Ensemble,mb-dielectric-4730,1.9877158582990009,2.03126394911867,0.04354809081966904
1,Grand_MultiParadigm_Ensemble,mb-dielectric-4731,2.9276512201194094,2.4793442207808702,0.4483069993385391
1,Grand_MultiParadigm_Ensemble,mb-dielectric-4735,2.244229192098414,2.21301442109901,0.03121477099940373
1,Grand_MultiParadigm_Ensemble,mb-dielectric-4739,2.0966540010216206,2.1979056580195033,0.10125165699788274
1,Grand_MultiParadigm_Ensemble,mb-dielectric-4747,1.5475493530094575,1.6445903335995478,0.09704098059009025
1,Grand_MultiParadigm_Ensemble,mb-dielectric-4752,2.1149584708294715,2.214376805607088,0.0994183347776163
1,Grand_MultiParadigm_Ensemble,mb-dielectric-4756,1.446835627614047,1.4449051004748033,0.0019305271392437984
1,Grand_MultiParadigm_Ensemble,mb-dielectric-4762,2.8114940274997324,2.893923371670742,0.08242934417100978
1,Grand_MultiParadigm_Ensemble,mb-dielectric-4764,2.559278804663532,2.0734186094814486,0.48586019518208357
2,Grand_MultiParadigm_Ensemble,mb-dielectric-0006,1.6774943616398088,1.7174752235412598,0.039980861901451004
2,Grand_MultiParadigm_Ensemble,mb-dielectric-0007,5.083371584555542,3.6549636840820314,1.4284079004735108
2,Grand_MultiParadigm_Ensemble,mb-dielectric-0012,1.8904877677467269,1.8579450368881225,0.032542730858604374
2,Grand_MultiParadigm_Ensemble,mb-dielectric-0018,4.248906133739992,3.5741404056549073,0.674765728085085
2,Grand_MultiParadigm_Ensemble,mb-dielectric-0024,2.207225030062263,2.298777770996094,0.09155274093383081
2,Grand_MultiParadigm_Ensemble,mb-dielectric-0026,2.162603215263184,2.1741293907165526,0.011526175453368648
2,Grand_MultiParadigm_Ensemble,mb-dielectric-0028,1.4138462905610778,1.455485200881958,0.041638910320880296
2,Grand_MultiParadigm_Ensemble,mb-dielectric-0029,2.3173647389509777,2.2346164703369142,0.08274826861406348
2,Grand_MultiParadigm_Ensemble,mb-dielectric-0044,4.168143991434717,3.4533785343170167,0.7147654571177005
2,Grand_MultiParadigm_Ensemble,mb-dielectric-0053,2.686948330975744,2.846899652481079,0.1599513215053352
2,Grand_MultiParadigm_Ensemble,mb-dielectric-0057,1.507309413049181,1.5327065467834473,0.02539713373426622
2,Grand_MultiParadigm_Ensemble,mb-dielectric-0067,1.8668244873760005,1.820836567878723,0.04598791949727743
2,Grand_MultiParadigm_Ensemble,mb-dielectric-0070,2.714283883458028,2.7559589385986327,0.041675055140604655
2,Grand_MultiParadigm_Ensemble,mb-dielectric-0073,1.350185172485611,1.3755599975585937,0.02537482507298261
2,Grand_MultiParadigm_Ensemble,mb-dielectric-0074,1.8586097851171808,1.8659880876541137,0.007378302536932946
2,Grand_MultiParadigm_Ensemble,mb-dielectric-0082,11.709114967978296,5.089698314666748,6.619416653311548
2,Grand_MultiParadigm_Ensemble,mb-dielectric-0092,2.6416650683486123,2.861429214477539,0.2197641461289268
2,Grand_MultiParadigm_Ensemble,mb-dielectric-0094,1.5010968003219318,1.5059141159057616,0.0048173155838298065
2,Grand_MultiParadigm_Ensemble,mb-dielectric-0096,2.451418976837701,2.532928228378296,0.08150925154059507
2,Grand_MultiParadigm_Ensemble,mb-dielectric-0103,2.6771061490597114,2.778180551528931,0.1010744024692194
2,Grand_MultiParadigm_Ensemble,mb-dielectric-0115,2.314658002095917,2.3888498306274415,0.07419182853152462
2,Grand_MultiParadigm_Ensemble,mb-dielectric-0124,2.2661178257098635,2.3893743991851806,0.12325657347531704
2,Grand_MultiParadigm_Ensemble,mb-dielectric-0128,4.4490205289104585,2.6971591472625733,1.7518613816478852
2,Grand_MultiParadigm_Ensemble,mb-dielectric-0136,1.9960270539248668,1.9473677158355713,0.048659338089295456
2,Grand_MultiParadigm_Ensemble,mb-dielectric-0139,2.259266178799361,2.234192228317261,0.025073950482100038
2,Grand_MultiParadigm_Ensemble,mb-dielectric-0140,1.738807062327503,1.7206095457077026,0.01819751661980029
2,Grand_MultiParadigm_Ensemble,mb-dielectric-0142,1.420801182431946,1.444181752204895,0.023380569772949
2,Grand_MultiParadigm_Ensemble,mb-dielectric-0151,1.5591555406693711,1.5495701789855958,0.009585361683775329
2,Grand_MultiParadigm_Ensemble,mb-dielectric-0179,1.856166210230112,1.9190009832382202,0.06283477300810825
2,Grand_MultiParadigm_Ensemble,mb-dielectric-0184,1.6488897274630965,1.641667866706848,0.007221860756248422
2,Grand_MultiParadigm_Ensemble,mb-dielectric-0187,2.4755692274707246,2.4315505027770996,0.044018724693625
2,Grand_MultiParadigm_Ensemble,mb-dielectric-0189,1.6105499060879795,1.554761290550232,0.05578861553774761
2,Grand_MultiParadigm_Ensemble,mb-dielectric-0195,2.5211395571579667,2.4321276187896728,0.08901193836829391
2,Grand_MultiParadigm_Ensemble,mb-dielectric-0206,1.8947872351973103,1.937026357650757,0.04223912245344663
2,Grand_MultiParadigm_Ensemble,mb-dielectric-0208,1.9404639479602124,1.9478947162628173,0.007430768302604918
2,Grand_MultiParadigm_Ensemble,mb-dielectric-0212,2.062161972299945,2.1468803882598877,0.08471841595994256
2,Grand_MultiParadigm_Ensemble,mb-dielectric-0214,2.266571346034946,2.4998586177825928,0.23328727174764685
2,Grand_MultiParadigm_Ensemble,mb-dielectric-0221,2.122921257764088,2.067142391204834,0.05577886655925424
2,Grand_MultiParadigm_Ensemble,mb-dielectric-0230,3.6371991971845543,3.2027575016021728,0.43444169558238155
2,Grand_MultiParadigm_Ensemble,mb-dielectric-0242,2.0860419458869948,2.0757635593414308,0.010278386545564011
2,Grand_MultiParadigm_Ensemble,mb-dielectric-0243,2.0207690365033013,2.168412923812866,0.1476438873095649
2,Grand_MultiParadigm_Ensemble,mb-dielectric-0254,1.5511993209556705,1.550854468345642,0.0003448526100284788
2,Grand_MultiParadigm_Ensemble,mb-dielectric-0256,6.252679425654279,5.070567798614502,1.1821116270397765
2,Grand_MultiParadigm_Ensemble,mb-dielectric-0257,3.5602727423611795,3.2851223945617676,0.27515034779941194
2,Grand_MultiParadigm_Ensemble,mb-dielectric-0259,1.73889744761827,1.7461445569992065,0.007247109380936534
2,Grand_MultiParadigm_Ensemble,mb-dielectric-0266,3.288211266529773,3.13089861869812,0.15731264783165289
2,Grand_MultiParadigm_Ensemble,mb-dielectric-0271,3.745352675998197,4.31190185546875,0.5665491794705528
2,Grand_MultiParadigm_Ensemble,mb-dielectric-0273,1.6144476867750572,1.6259378671646119,0.011490180389554627
2,Grand_MultiParadigm_Ensemble,mb-dielectric-0282,3.724065878400471,3.4325761795043945,0.29148969889607645
2,Grand_MultiParadigm_Ensemble,mb-dielectric-0291,2.1611725212640165,2.3683016777038572,0.20712915643984076
2,Grand_MultiParadigm_Ensemble,mb-dielectric-0292,2.460595550669691,2.3443575382232664,0.1162380124464244
2,Grand_MultiParadigm_Ensemble,mb-dielectric-0294,1.7100249510850225,1.6432060956954957,0.06681885538952681
2,Grand_MultiParadigm_Ensemble,mb-dielectric-0297,1.7594908354407504,1.7677096366882323,0.008218801247481977
2,Grand_MultiParadigm_Ensemble,mb-dielectric-0298,2.331677865114876,2.4135122776031492,0.08183441248827306
2,Grand_MultiParadigm_Ensemble,mb-dielectric-0310,1.666487523705673,1.7165202379226685,0.0500327142169954
2,Grand_MultiParadigm_Ensemble,mb-dielectric-0312,2.5949080908579334,2.7446585655212403,0.14975047466330693
2,Grand_MultiParadigm_Ensemble,mb-dielectric-0314,1.9900096478100004,1.9670435190200806,0.022966128789919882
2,Grand_MultiParadigm_Ensemble,mb-dielectric-0317,2.7963538164307224,2.8485854148864744,0.05223159845575198
2,Grand_MultiParadigm_Ensemble,mb-dielectric-0321,2.1707563198111357,2.243338680267334,0.07258236045619837
2,Grand_MultiParadigm_Ensemble,mb-dielectric-0332,3.669377785583454,3.5728753566741944,0.09650242890925975
2,Grand_MultiParadigm_Ensemble,mb-dielectric-0339,1.5507784066934536,1.5637237548828125,0.012945348189358885
2,Grand_MultiParadigm_Ensemble,mb-dielectric-0343,3.584953509693908,3.3083568096160887,0.27659670007781934
2,Grand_MultiParadigm_Ensemble,mb-dielectric-0346,1.6660274107388908,1.614782977104187,0.05124443363470377
2,Grand_MultiParadigm_Ensemble,mb-dielectric-0358,2.0585636578287563,2.1413676738739014,0.08280401604514509
2,Grand_MultiParadigm_Ensemble,mb-dielectric-0360,2.662319477448185,2.7639225482940675,0.10160307084588238
2,Grand_MultiParadigm_Ensemble,mb-dielectric-0361,2.4242329371026448,2.6018426418304443,0.17760970472779958
2,Grand_MultiParadigm_Ensemble,mb-dielectric-0365,5.932677866416368,4.560942554473877,1.3717353119424907
2,Grand_MultiParadigm_Ensemble,mb-dielectric-0366,1.897450394608513,1.910741353034973,0.013290958426459998
2,Grand_MultiParadigm_Ensemble,mb-dielectric-0367,1.634634005927117,1.6494165897369384,0.014782583809821448
2,Grand_MultiParadigm_Ensemble,mb-dielectric-0371,1.7162899910368643,1.718602681159973,0.0023126901231087515
2,Grand_MultiParadigm_Ensemble,mb-dielectric-0374,1.5877462013810648,1.6252863168716432,0.03754011549057834
2,Grand_MultiParadigm_Ensemble,mb-dielectric-0395,1.7968305429282974,1.8370734453201294,0.040242902391832036
2,Grand_MultiParadigm_Ensemble,mb-dielectric-0396,2.876571222827621,2.8931211948394777,0.016549972011856706
2,Grand_MultiParadigm_Ensemble,mb-dielectric-0406,2.814122953959193,2.8551199436187744,0.04099698965958121
2,Grand_MultiParadigm_Ensemble,mb-dielectric-0413,3.4453350103226854,3.985788631439209,0.5404536211165234
2,Grand_MultiParadigm_Ensemble,mb-dielectric-0415,1.6193309317945688,1.6477126359939576,0.02838170419938879
2,Grand_MultiParadigm_Ensemble,mb-dielectric-0417,1.7520559351801528,1.821724820137024,0.06966888495687118
2,Grand_MultiParadigm_Ensemble,mb-dielectric-0419,2.023342284439289,2.063560390472412,0.040218106033123036
2,Grand_MultiParadigm_Ensemble,mb-dielectric-0420,1.6238117707008712,1.6304598331451416,0.006648062444270408
2,Grand_MultiParadigm_Ensemble,mb-dielectric-0425,2.629345736110031,2.565724563598633,0.06362117251139798
2,Grand_MultiParadigm_Ensemble,mb-dielectric-0435,1.478829700298634,1.4573546409606934,0.021475059337940472
2,Grand_MultiParadigm_Ensemble,mb-dielectric-0436,1.8308372401718287,1.824820375442505,0.006016864729323723
2,Grand_MultiParadigm_Ensemble,mb-dielectric-0444,1.5270887335056853,1.5053372144699098,0.021751519035775546
2,Grand_MultiParadigm_Ensemble,mb-dielectric-0446,1.0,5.994736003875732,4.994736003875732
2,Grand_MultiParadigm_Ensemble,mb-dielectric-0448,3.0739387573118586,3.177012062072754,0.10307330476089538
2,Grand_MultiParadigm_Ensemble,mb-dielectric-0450,1.5310127367203703,1.4798749208450317,0.05113781587533861
2,Grand_MultiParadigm_Ensemble,mb-dielectric-0451,2.5075953953272982,2.603021240234375,0.09542584490707684
2,Grand_MultiParadigm_Ensemble,mb-dielectric-0452,1.3426342266852485,1.3624271869659423,0.019792960280693883
2,Grand_MultiParadigm_Ensemble,mb-dielectric-0454,1.4449913494550757,1.5198328495025635,0.0748415000474878
2,Grand_MultiParadigm_Ensemble,mb-dielectric-0463,1.3263986328911457,1.3559997797012329,0.029601146810087187
2,Grand_MultiParadigm_Ensemble,mb-dielectric-0470,1.3879241093566077,1.3871036052703858,0.0008205040862219182
2,Grand_MultiParadigm_Ensemble,mb-dielectric-0473,1.5419268248958315,1.5117080688476563,0.030218756048175255
2,Grand_MultiParadigm_Ensemble,mb-dielectric-0477,2.478949239765376,2.2470946311950684,0.2318546085703077
2,Grand_MultiParadigm_Ensemble,mb-dielectric-0479,1.7014699527173551,1.7358224391937256,0.03435248647637046
2,Grand_MultiParadigm_Ensemble,mb-dielectric-0483,2.4374430591639813,2.1722085952758787,0.26523446388810257
2,Grand_MultiParadigm_Ensemble,mb-dielectric-0484,1.6828874987156277,1.7318873643875121,0.04899986567188441
2,Grand_MultiParadigm_Ensemble,mb-dielectric-0489,2.585792270594579,2.3534350872039793,0.23235718339059952
2,Grand_MultiParadigm_Ensemble,mb-dielectric-0490,2.5941644126770416,2.688790035247803,0.09462562257076135
2,Grand_MultiParadigm_Ensemble,mb-dielectric-0499,1.5063297558414412,1.5474958658218383,0.04116610998039705
2,Grand_MultiParadigm_Ensemble,mb-dielectric-0501,3.4788408031567326,3.209624671936035,0.26921613122069754
2,Grand_MultiParadigm_Ensemble,mb-dielectric-0505,2.7395852484150387,2.775566911697388,0.035981663282349086
2,Grand_MultiParadigm_Ensemble,mb-dielectric-0506,2.571078632273492,2.8053646087646484,0.23428597649115623
2,Grand_MultiParadigm_Ensemble,mb-dielectric-0508,2.517154875383449,1.9351017475128174,0.5820531278706316
2,Grand_MultiParadigm_Ensemble,mb-dielectric-0509,3.2797004333964472,3.1985475063323974,0.08115292706404986
2,Grand_MultiParadigm_Ensemble,mb-dielectric-0511,2.638719765340761,2.7021748542785646,0.0634550889378036
2,Grand_MultiParadigm_Ensemble,mb-dielectric-0512,1.8698023959766443,1.847603702545166,0.0221986934314784
2,Grand_MultiParadigm_Ensemble,mb-dielectric-0515,1.485373129329238,1.4899850606918335,0.004611931362595412
2,Grand_MultiParadigm_Ensemble,mb-dielectric-0516,2.124490448711565,2.07837119102478,0.04611925768678482
2,Grand_MultiParadigm_Ensemble,mb-dielectric-0522,2.1686893891626497,1.979695725440979,0.1889936637216707
2,Grand_MultiParadigm_Ensemble,mb-dielectric-0524,2.644064106635843,2.535178565979004,0.1088855406568392
2,Grand_MultiParadigm_Ensemble,mb-dielectric-0525,2.7182301227085244,2.6344110488891603,0.08381907381936404
2,Grand_MultiParadigm_Ensemble,mb-dielectric-0532,2.9222677968142743,2.925417184829712,0.0031493880154376264
2,Grand_MultiParadigm_Ensemble,mb-dielectric-0541,1.64379875086135,1.6783304452896117,0.03453169442826165
2,Grand_MultiParadigm_Ensemble,mb-dielectric-0550,2.228962838033276,2.2745158195495607,0.04555298151628451
2,Grand_MultiParadigm_Ensemble,mb-dielectric-0555,1.8610882121311,1.7832018613815308,0.07788635074956929
2,Grand_MultiParadigm_Ensemble,mb-dielectric-0558,1.3263986328846589,1.3608688592910767,0.034470226406417837
2,Grand_MultiParadigm_Ensemble,mb-dielectric-0560,1.8410779451180224,1.927456307411194,0.08637836229317153
2,Grand_MultiParadigm_Ensemble,mb-dielectric-0562,2.4154613775978007,2.6740851402282715,0.2586237626304708
2,Grand_MultiParadigm_Ensemble,mb-dielectric-0565,1.4999332207357323,1.5184748888015747,0.018541668065842343
2,Grand_MultiParadigm_Ensemble,mb-dielectric-0571,1.5248754047462372,1.544192123413086,0.01931671866684881
2,Grand_MultiParadigm_Ensemble,mb-dielectric-0575,2.577056719075719,2.6795392990112306,0.10248257993551135
2,Grand_MultiParadigm_Ensemble,mb-dielectric-0581,2.7624740722764938,2.739753007888794,0.02272106438769983
2,Grand_MultiParadigm_Ensemble,mb-dielectric-0591,2.494546184512659,2.624026727676392,0.1294805431637327
2,Grand_MultiParadigm_Ensemble,mb-dielectric-0593,2.084862665341133,2.0916143894195556,0.006751724078422505
2,Grand_MultiParadigm_Ensemble,mb-dielectric-0597,2.5112413928851183,2.016515016555786,0.49472637632933214
2,Grand_MultiParadigm_Ensemble,mb-dielectric-0602,2.131031596825037,2.1698537349700926,0.03882213814505553
2,Grand_MultiParadigm_Ensemble,mb-dielectric-0607,1.6065551136930638,1.6232244729995728,0.016669359306509035
2,Grand_MultiParadigm_Ensemble,mb-dielectric-0608,2.287379723613898,2.300852060317993,0.013472336704094978
2,Grand_MultiParadigm_Ensemble,mb-dielectric-0613,1.7048949136725895,1.7396114110946654,0.03471649742207594
2,Grand_MultiParadigm_Ensemble,mb-dielectric-0616,2.5721376323983907,2.526192283630371,0.04594534876801948
2,Grand_MultiParadigm_Ensemble,mb-dielectric-0620,4.74940680506524,4.582381248474121,0.16702555659111873
2,Grand_MultiParadigm_Ensemble,mb-dielectric-0633,1.783482081023898,1.7661858320236206,0.017296249000277486
2,Grand_MultiParadigm_Ensemble,mb-dielectric-0641,1.737312004218016,1.7197319984436035,0.017580005774412433
2,Grand_MultiParadigm_Ensemble,mb-dielectric-0642,2.266044277296151,2.137499189376831,0.12854508791931973
2,Grand_MultiParadigm_Ensemble,mb-dielectric-0651,2.2866911320362733,2.3902721405029297,0.10358100846665641
2,Grand_MultiParadigm_Ensemble,mb-dielectric-0654,2.031307953019433,2.0434290409088134,0.012121087889380266
2,Grand_MultiParadigm_Ensemble,mb-dielectric-0656,2.358350200175255,2.646005725860596,0.2876555256853406
2,Grand_MultiParadigm_Ensemble,mb-dielectric-0660,1.4181368058124717,1.437021803855896,0.01888499804342425
2,Grand_MultiParadigm_Ensemble,mb-dielectric-0662,2.2686490840733096,2.110019874572754,0.15862920950055548
2,Grand_MultiParadigm_Ensemble,mb-dielectric-0664,1.504659429904322,1.5537793636322021,0.04911993372788004
2,Grand_MultiParadigm_Ensemble,mb-dielectric-0667,2.255754788683084,2.0820202350616457,0.17373455362143853
2,Grand_MultiParadigm_Ensemble,mb-dielectric-0673,1.5814582932639525,1.4786439895629884,0.10281430370096412
2,Grand_MultiParadigm_Ensemble,mb-dielectric-0680,2.560060611261642,2.6310469627380373,0.0709863514763951
2,Grand_MultiParadigm_Ensemble,mb-dielectric-0681,1.848816648561993,1.7793171405792236,0.06949950798276938
2,Grand_MultiParadigm_Ensemble,mb-dielectric-0685,1.5618365258033038,1.5202190160751343,0.041617509728169466
2,Grand_MultiParadigm_Ensemble,mb-dielectric-0689,1.9148087807054448,1.9243643283843994,0.009555547678954612
2,Grand_MultiParadigm_Ensemble,mb-dielectric-0706,1.5972285371855837,1.607834243774414,0.01060570658883031
2,Grand_MultiParadigm_Ensemble,mb-dielectric-0715,1.0,3.874408149719238,2.874408149719238
2,Grand_MultiParadigm_Ensemble,mb-dielectric-0721,2.3016443397420607,2.383931875228882,0.0822875354868211
2,Grand_MultiParadigm_Ensemble,mb-dielectric-0739,2.168356059322362,2.2686439514160157,0.10028789209365385
2,Grand_MultiParadigm_Ensemble,mb-dielectric-0747,1.920796970010105,2.0656069993972777,0.14481002938717258
2,Grand_MultiParadigm_Ensemble,mb-dielectric-0748,2.4183468182486423,2.1294111728668215,0.2889356453818208
2,Grand_MultiParadigm_Ensemble,mb-dielectric-0750,1.418684836976369,1.4242460012435914,0.005561164267222418
2,Grand_MultiParadigm_Ensemble,mb-dielectric-0756,2.215851980616033,2.185504341125488,0.030347639490544864
2,Grand_MultiParadigm_Ensemble,mb-dielectric-0761,1.5198253189100384,1.5801953315734862,0.06037001266344788
2,Grand_MultiParadigm_Ensemble,mb-dielectric-0771,3.904350949048168,3.1466953277587892,0.7576556212893788
2,Grand_MultiParadigm_Ensemble,mb-dielectric-0774,2.0128384601518987,1.9646712779998778,0.04816718215202087
2,Grand_MultiParadigm_Ensemble,mb-dielectric-0777,1.5468760993262087,1.545255184173584,0.0016209151526247467
2,Grand_MultiParadigm_Ensemble,mb-dielectric-0784,3.970222495864264,3.758027172088623,0.21219532377564088
2,Grand_MultiParadigm_Ensemble,mb-dielectric-0792,2.592334147700356,2.438804531097412,0.15352961660294406
2,Grand_MultiParadigm_Ensemble,mb-dielectric-0796,1.5337752986231936,1.5619966983795166,0.028221399756322985
2,Grand_MultiParadigm_Ensemble,mb-dielectric-0806,2.5537376529314844,2.6309741497039796,0.07723649677249522
2,Grand_MultiParadigm_Ensemble,mb-dielectric-0807,2.3742796802398827,2.360539436340332,0.013740243899550642
2,Grand_MultiParadigm_Ensemble,mb-dielectric-0811,1.8311113201186504,1.7732230424880981,0.057888277630552265
2,Grand_MultiParadigm_Ensemble,mb-dielectric-0814,2.415749987064059,2.4335973262786865,0.017847339214627667
2,Grand_MultiParadigm_Ensemble,mb-dielectric-0820,3.4640852087287515,2.516297149658203,0.9477880590705485
2,Grand_MultiParadigm_Ensemble,mb-dielectric-0821,1.64869190572405,1.6600080013275147,0.011316095603464582
2,Grand_MultiParadigm_Ensemble,mb-dielectric-0829,1.915645409081058,1.9308292627334596,0.015183853652401602
2,Grand_MultiParadigm_Ensemble,mb-dielectric-0848,1.7944085376524488,1.8306954145431518,0.03628687689070298
2,Grand_MultiParadigm_Ensemble,mb-dielectric-0856,1.4318625399574267,1.4390640020370484,0.00720146207962169
2,Grand_MultiParadigm_Ensemble,mb-dielectric-0858,3.606463641851944,3.860171604156494,0.25370796230455017
2,Grand_MultiParadigm_Ensemble,mb-dielectric-0867,2.5660291632533463,2.6284182548522947,0.062389091598948454
2,Grand_MultiParadigm_Ensemble,mb-dielectric-0868,2.2562196929214826,2.29186749458313,0.03564780166164727
2,Grand_MultiParadigm_Ensemble,mb-dielectric-0869,2.32673397705883,2.319022703170776,0.007711273888053594
2,Grand_MultiParadigm_Ensemble,mb-dielectric-0878,1.409515046626567,1.4334224462509155,0.023907399624348624
2,Grand_MultiParadigm_Ensemble,mb-dielectric-0892,1.6634666613230735,1.6140327453613281,0.0494339159617454
2,Grand_MultiParadigm_Ensemble,mb-dielectric-0901,1.961179067126032,1.9309147596359253,0.03026430749010678
2,Grand_MultiParadigm_Ensemble,mb-dielectric-0906,1.3661381091724707,1.38843674659729,0.0222986374248193
2,Grand_MultiParadigm_Ensemble,mb-dielectric-0909,1.9080003494059827,1.979266619682312,0.07126627027632937
2,Grand_MultiParadigm_Ensemble,mb-dielectric-0913,2.3668797321931287,2.261024761199951,0.10585497099317775
2,Grand_MultiParadigm_Ensemble,mb-dielectric-0921,3.3504765830152183,3.4106924533843994,0.06021587036918108
2,Grand_MultiParadigm_Ensemble,mb-dielectric-0929,1.965479924428976,1.947068691253662,0.0184112331753139
2,Grand_MultiParadigm_Ensemble,mb-dielectric-0941,1.8265534028145287,1.6988114833831787,0.12774191943135005
2,Grand_MultiParadigm_Ensemble,mb-dielectric-0967,1.8211511926983623,1.8688677549362183,0.04771656223785592
2,Grand_MultiParadigm_Ensemble,mb-dielectric-0974,1.7561899100040366,1.8237491369247436,0.06755922692070704
2,Grand_MultiParadigm_Ensemble,mb-dielectric-0976,4.844981940110819,5.19588451385498,0.3509025737441611
2,Grand_MultiParadigm_Ensemble,mb-dielectric-0978,2.2918422720597507,2.6917577266693113,0.3999154546095607
2,Grand_MultiParadigm_Ensemble,mb-dielectric-0982,1.4093733833583275,1.4189919471740722,0.009618563815744663
2,Grand_MultiParadigm_Ensemble,mb-dielectric-0983,1.578370784490556,1.5855713129043578,0.007200528413801921
2,Grand_MultiParadigm_Ensemble,mb-dielectric-0986,1.8111690515612653,1.7557513236999511,0.05541772786131416
2,Grand_MultiParadigm_Ensemble,mb-dielectric-0993,1.844403607312312,1.8332126140594482,0.011190993252863768
2,Grand_MultiParadigm_Ensemble,mb-dielectric-1006,2.5907225504351845,2.4973769187927246,0.0933456316424599
2,Grand_MultiParadigm_Ensemble,mb-dielectric-1007,2.113990381561216,2.261189603805542,0.1471992222443257
2,Grand_MultiParadigm_Ensemble,mb-dielectric-1017,2.317397966118755,2.210822582244873,0.10657538387388188
2,Grand_MultiParadigm_Ensemble,mb-dielectric-1019,1.5304803167633356,1.5129353284835816,0.017544988279754037
2,Grand_MultiParadigm_Ensemble,mb-dielectric-1026,2.4799270822613577,2.5630709648132326,0.08314388255187488
2,Grand_MultiParadigm_Ensemble,mb-dielectric-1035,2.1318487282168967,2.3554518699645994,0.22360314174770268
2,Grand_MultiParadigm_Ensemble,mb-dielectric-1037,2.819181205007346,2.853586769104004,0.03440556409665785
2,Grand_MultiParadigm_Ensemble,mb-dielectric-1039,1.0000000000274398,2.418659210205078,1.4186592101776383
2,Grand_MultiParadigm_Ensemble,mb-dielectric-1040,1.6557978942693057,1.6476040363311768,0.008193857938128879
2,Grand_MultiParadigm_Ensemble,mb-dielectric-1054,2.013362279041374,1.9696122884750367,0.043749990566337216
2,Grand_MultiParadigm_Ensemble,mb-dielectric-1062,2.1009521650861567,2.1554428577423095,0.054490692656152806
2,Grand_MultiParadigm_Ensemble,mb-dielectric-1063,2.5747491787227226,2.723371982574463,0.14862280385174031
2,Grand_MultiParadigm_Ensemble,mb-dielectric-1069,1.8199857142296476,1.835513424873352,0.015527710643704395
2,Grand_MultiParadigm_Ensemble,mb-dielectric-1071,1.864304159733599,1.854058814048767,0.01024534568483193
2,Grand_MultiParadigm_Ensemble,mb-dielectric-1077,1.869773087359501,1.6981175184249877,0.1716555689345134
2,Grand_MultiParadigm_Ensemble,mb-dielectric-1087,1.730238230225339,1.7712884426116944,0.04105021238635542
2,Grand_MultiParadigm_Ensemble,mb-dielectric-1088,2.2782106282489907,2.182605743408203,0.09560488484078755
2,Grand_MultiParadigm_Ensemble,mb-dielectric-1094,1.4916417130128814,1.5136126279830933,0.021970914970211863
2,Grand_MultiParadigm_Ensemble,mb-dielectric-1114,1.7561791859982072,1.782952070236206,0.02677288423799884
2,Grand_MultiParadigm_Ensemble,mb-dielectric-1118,1.6664197150378055,1.7054643869400024,0.03904467190219685
2,Grand_MultiParadigm_Ensemble,mb-dielectric-1134,3.1419739017499264,3.0942038536071776,0.04777004814274877
2,Grand_MultiParadigm_Ensemble,mb-dielectric-1135,53.79349929746778,1.3990465641021728,52.39445273336561
2,Grand_MultiParadigm_Ensemble,mb-dielectric-1142,4.441396176879518,4.471435260772705,0.03003908389318699
2,Grand_MultiParadigm_Ensemble,mb-dielectric-1151,2.530437445713027,2.4813324928283693,0.04910495288465766
2,Grand_MultiParadigm_Ensemble,mb-dielectric-1152,1.6562727231145609,1.714409875869751,0.05813715275519016
2,Grand_MultiParadigm_Ensemble,mb-dielectric-1156,2.1753906928794806,2.133826160430908,0.0415645324485725
2,Grand_MultiParadigm_Ensemble,mb-dielectric-1158,2.50520697747711,2.5413461685180665,0.03613919104095631
2,Grand_MultiParadigm_Ensemble,mb-dielectric-1159,2.039985784264191,2.0424475193023683,0.0024617350381772596
2,Grand_MultiParadigm_Ensemble,mb-dielectric-1166,1.4119107620526208,1.4562301635742188,0.04431940152159797
2,Grand_MultiParadigm_Ensemble,mb-dielectric-1169,2.707346486876033,3.074703741073608,0.36735725419757514
2,Grand_MultiParadigm_Ensemble,mb-dielectric-1174,1.7393777623046696,1.7377660751342774,0.0016116871703921731
2,Grand_MultiParadigm_Ensemble,mb-dielectric-1176,1.7842934175745917,1.8138556718826293,0.029562254308037605
2,Grand_MultiParadigm_Ensemble,mb-dielectric-1189,2.1195911555375093,1.9303194999694824,0.18927165556802694
2,Grand_MultiParadigm_Ensemble,mb-dielectric-1199,1.7692414570468704,1.7829829692840575,0.013741512237187115
2,Grand_MultiParadigm_Ensemble,mb-dielectric-1203,2.1679759377508474,2.281837797164917,0.11386185941406968
2,Grand_MultiParadigm_Ensemble,mb-dielectric-1204,3.803105047194989,3.7537370204925535,0.049368026702435674
2,Grand_MultiParadigm_Ensemble,mb-dielectric-1205,2.1651668911810624,2.2447453498840333,0.07957845870297087
2,Grand_MultiParadigm_Ensemble,mb-dielectric-1206,2.1389273791630545,1.9940053939819335,0.14492198518112098
2,Grand_MultiParadigm_Ensemble,mb-dielectric-1208,2.3700902233178103,2.5116766452789308,0.14158642196112048
2,Grand_MultiParadigm_Ensemble,mb-dielectric-1211,6.274542798749032,5.628842163085937,0.6457006356630943
2,Grand_MultiParadigm_Ensemble,mb-dielectric-1221,2.1969107856260344,2.0815508365631104,0.11535994906292402
2,Grand_MultiParadigm_Ensemble,mb-dielectric-1224,1.6795158032401285,1.6667410850524902,0.012774718187638312
2,Grand_MultiParadigm_Ensemble,mb-dielectric-1226,2.1040287545563627,2.1979644298553467,0.09393567529898394
2,Grand_MultiParadigm_Ensemble,mb-dielectric-1228,1.6274776524953398,1.647729229927063,0.020251577431723122
2,Grand_MultiParadigm_Ensemble,mb-dielectric-1234,1.5593802187650836,1.4637437343597413,0.09563648440534234
2,Grand_MultiParadigm_Ensemble,mb-dielectric-1236,2.273992524174167,2.3273516654968263,0.05335914132265929
2,Grand_MultiParadigm_Ensemble,mb-dielectric-1239,1.4234933555634648,1.445218300819397,0.02172494525593227
2,Grand_MultiParadigm_Ensemble,mb-dielectric-1243,1.681987911173363,1.7420283794403075,0.060040468266944425
2,Grand_MultiParadigm_Ensemble,mb-dielectric-1247,2.432617931365302,2.348890542984009,0.08372738838129301
2,Grand_MultiParadigm_Ensemble,mb-dielectric-1251,2.109298303543937,2.1067275524139406,0.0025707511299963848
2,Grand_MultiParadigm_Ensemble,mb-dielectric-1253,1.7631987976402437,1.7792985439300537,0.016099746289810035
2,Grand_MultiParadigm_Ensemble,mb-dielectric-1255,1.8813882285872463,1.9334903001785277,0.05210207159128144
2,Grand_MultiParadigm_Ensemble,mb-dielectric-1273,1.889790993734492,1.852761721611023,0.03702927212346907
2,Grand_MultiParadigm_Ensemble,mb-dielectric-1281,1.5933306834008645,1.5932538747787475,7.680862211700834e-05
2,Grand_MultiParadigm_Ensemble,mb-dielectric-1286,2.2318902302756745,2.206335115432739,0.025555114842935378
2,Grand_MultiParadigm_Ensemble,mb-dielectric-1290,1.9775178886675084,2.0386861324310304,0.06116824376352192
2,Grand_MultiParadigm_Ensemble,mb-dielectric-1297,2.979498727414845,2.2294783115386965,0.7500204158761483
2,Grand_MultiParadigm_Ensemble,mb-dielectric-1310,1.8732453122856063,1.846227216720581,0.027018095565025213
2,Grand_MultiParadigm_Ensemble,mb-dielectric-1311,1.820841563673235,1.7668095111846924,0.05403205248854248
2,Grand_MultiParadigm_Ensemble,mb-dielectric-1324,1.1814080582085091,1.2983683109283448,0.11696025271983568
2,Grand_MultiParadigm_Ensemble,mb-dielectric-1327,2.653584996440352,2.57570743560791,0.0778775608324418
2,Grand_MultiParadigm_Ensemble,mb-dielectric-1330,1.5717294084330675,1.5602357149124146,0.011493693520652881
2,Grand_MultiParadigm_Ensemble,mb-dielectric-1333,1.5303805626923854,1.5393632888793944,0.008982726187009016
2,Grand_MultiParadigm_Ensemble,mb-dielectric-1341,1.5451816505943026,1.5514134168624878,0.006231766268185224
2,Grand_MultiParadigm_Ensemble,mb-dielectric-1343,2.4927569743826474,2.539539432525635,0.046782458142987426
2,Grand_MultiParadigm_Ensemble,mb-dielectric-1347,2.5269928769191257,2.4819880962371825,0.045004780681943135
2,Grand_MultiParadigm_Ensemble,mb-dielectric-1349,1.620936971836557,1.6232688188552857,0.0023318470187287943
2,Grand_MultiParadigm_Ensemble,mb-dielectric-1353,1.615343100807625,1.5780991554260253,0.03724394538159981
2,Grand_MultiParadigm_Ensemble,mb-dielectric-1356,2.1090906413270467,2.1193782806396486,0.010287639312601904
2,Grand_MultiParadigm_Ensemble,mb-dielectric-1359,3.106381925434583,3.0523306846618654,0.05405124077271761
2,Grand_MultiParadigm_Ensemble,mb-dielectric-1361,2.3006520814760334,2.421196126937866,0.12054404546183273
2,Grand_MultiParadigm_Ensemble,mb-dielectric-1364,1.6442475482724614,1.724481201171875,0.08023365289941364
2,Grand_MultiParadigm_Ensemble,mb-dielectric-1366,1.6453976216502404,1.6855405807495116,0.040142959099271236
2,Grand_MultiParadigm_Ensemble,mb-dielectric-1367,1.93109882364074,1.954090666770935,0.022991843130194978
2,Grand_MultiParadigm_Ensemble,mb-dielectric-1368,1.7863446849175926,1.8149577856063843,0.02861310068879175
2,Grand_MultiParadigm_Ensemble,mb-dielectric-1371,2.084470516302243,2.0293327808380126,0.055137735464230175
2,Grand_MultiParadigm_Ensemble,mb-dielectric-1392,1.797799117439617,1.8750518321990968,0.0772527147594797
2,Grand_MultiParadigm_Ensemble,mb-dielectric-1396,4.443108521444562,3.0507137298583986,1.3923947915861632
2,Grand_MultiParadigm_Ensemble,mb-dielectric-1405,3.966106403010389,4.001017332077026,0.0349109290666374
2,Grand_MultiParadigm_Ensemble,mb-dielectric-1411,3.1293641526674394,3.002144956588745,0.12721919607869436
2,Grand_MultiParadigm_Ensemble,mb-dielectric-1412,4.521283003750153,4.80629529953003,0.2850122957798771
2,Grand_MultiParadigm_Ensemble,mb-dielectric-1413,1.6937288252058926,1.7260558128356933,0.032326987629800685
2,Grand_MultiParadigm_Ensemble,mb-dielectric-1416,2.6882451525112145,2.751597261428833,0.06335210891761855
2,Grand_MultiParadigm_Ensemble,mb-dielectric-1420,1.589339485446709,1.6118192672729492,0.02247978182624011
2,Grand_MultiParadigm_Ensemble,mb-dielectric-1425,4.307759162255941,4.415920543670654,0.1081613814147131
2,Grand_MultiParadigm_Ensemble,mb-dielectric-1427,1.0000000000000018,4.826858806610107,3.8268588066101055
2,Grand_MultiParadigm_Ensemble,mb-dielectric-1429,4.121486139731639,3.598280668258667,0.5232054714729717
2,Grand_MultiParadigm_Ensemble,mb-dielectric-1432,2.8523700671546828,2.75189151763916,0.10047854951552271
2,Grand_MultiParadigm_Ensemble,mb-dielectric-1441,1.47975223151265,1.5176015377044678,0.03784930619181792
2,Grand_MultiParadigm_Ensemble,mb-dielectric-1442,2.9335940982578577,2.82844762802124,0.1051464702366176
2,Grand_MultiParadigm_Ensemble,mb-dielectric-1444,3.407100429006068,3.4772008419036866,0.07010041289761881
2,Grand_MultiParadigm_Ensemble,mb-dielectric-1446,11.357103822133508,2.212194299697876,9.144909522435633
2,Grand_MultiParadigm_Ensemble,mb-dielectric-1448,1.4514554764098004,1.502650499343872,0.05119502293407163
2,Grand_MultiParadigm_Ensemble,mb-dielectric-1449,1.3758633653434522,1.3785280466079712,0.00266468126451902
2,Grand_MultiParadigm_Ensemble,mb-dielectric-1453,1.4550130583606462,1.5169633388519288,0.061950280491282594
2,Grand_MultiParadigm_Ensemble,mb-dielectric-1456,1.5125926968839516,1.5951972246170043,0.08260452773305271
2,Grand_MultiParadigm_Ensemble,mb-dielectric-1462,2.0100429514482308,1.9540125131607056,0.056030438287525186
2,Grand_MultiParadigm_Ensemble,mb-dielectric-1465,1.7287985230596803,1.8076677322387695,0.07886920917908924
2,Grand_MultiParadigm_Ensemble,mb-dielectric-1466,1.7365171080834954,1.7673091411590576,0.03079203307556222
2,Grand_MultiParadigm_Ensemble,mb-dielectric-1474,4.255467071897043,4.655921268463135,0.40045419656609127
2,Grand_MultiParadigm_Ensemble,mb-dielectric-1479,2.7057512819917515,2.720690631866455,0.014939349874703467
2,Grand_MultiParadigm_Ensemble,mb-dielectric-1481,1.5185519418182571,1.4704680442810059,0.048083897537251286
2,Grand_MultiParadigm_Ensemble,mb-dielectric-1486,2.5561038059200243,1.9439587354660035,0.6121450704540208
2,Grand_MultiParadigm_Ensemble,mb-dielectric-1487,2.8554042329122744,3.045530891418457,0.1901266585061827
2,Grand_MultiParadigm_Ensemble,mb-dielectric-1490,1.6415439886477827,1.7047609329223632,0.06321694427458047
2,Grand_MultiParadigm_Ensemble,mb-dielectric-1492,1.983003866192229,1.9655261993408204,0.017477666851408502
2,Grand_MultiParadigm_Ensemble,mb-dielectric-1493,1.472299788313055,1.4962023973464966,0.023902609033441546
2,Grand_MultiParadigm_Ensemble,mb-dielectric-1496,2.321874027590644,2.2912217140197755,0.030652313570868728
2,Grand_MultiParadigm_Ensemble,mb-dielectric-1501,1.615600404390475,1.6427699327468872,0.027169528356412176
2,Grand_MultiParadigm_Ensemble,mb-dielectric-1513,1.570562531913663,1.5791961908340455,0.008633658920382592
2,Grand_MultiParadigm_Ensemble,mb-dielectric-1514,1.6516897408411786,1.629756999015808,0.021932741825370528
2,Grand_MultiParadigm_Ensemble,mb-dielectric-1515,2.023872772681129,1.9773443698883058,0.04652840279282344
2,Grand_MultiParadigm_Ensemble,mb-dielectric-1518,1.6097258565772412,1.5841431140899658,0.025582742487275434
2,Grand_MultiParadigm_Ensemble,mb-dielectric-1542,2.86916509596502,2.889556550979614,0.02039145501459405
2,Grand_MultiParadigm_Ensemble,mb-dielectric-1548,1.7558718632064272,1.7153569221496583,0.040514941056768894
2,Grand_MultiParadigm_Ensemble,mb-dielectric-1552,1.876660775597616,2.0351891040802004,0.15852832848258447
2,Grand_MultiParadigm_Ensemble,mb-dielectric-1555,2.157275133125121,2.0582650661468507,0.0990100669782703
2,Grand_MultiParadigm_Ensemble,mb-dielectric-1558,2.9840115616398,2.99597806930542,0.011966507665619908
2,Grand_MultiParadigm_Ensemble,mb-dielectric-1561,1.918886395803566,1.7913453340530396,0.12754106175052637
2,Grand_MultiParadigm_Ensemble,mb-dielectric-1563,1.5813944268693163,1.5920014381408691,0.010607011271552835
2,Grand_MultiParadigm_Ensemble,mb-dielectric-1564,1.8630840918577305,1.8994146823883056,0.03633059053057508
2,Grand_MultiParadigm_Ensemble,mb-dielectric-1566,4.411198703300496,4.478966140747071,0.06776743744657487
2,Grand_MultiParadigm_Ensemble,mb-dielectric-1573,1.649506592893766,1.6380353689193725,0.011471223974393485
2,Grand_MultiParadigm_Ensemble,mb-dielectric-1577,2.3332276642739678,2.1672928810119627,0.16593478326200506
2,Grand_MultiParadigm_Ensemble,mb-dielectric-1589,2.0953317955238817,2.0579935789108275,0.037338216613054254
2,Grand_MultiParadigm_Ensemble,mb-dielectric-1590,1.6107941105761054,1.602576494216919,0.008217616359186497
2,Grand_MultiParadigm_Ensemble,mb-dielectric-1593,1.9898938832678157,1.9504387140274049,0.039455169240410815
2,Grand_MultiParadigm_Ensemble,mb-dielectric-1594,3.4164796696864603,3.587250232696533,0.17077056301007287
2,Grand_MultiParadigm_Ensemble,mb-dielectric-1595,1.6236860328688345,1.6743916749954224,0.0507056421265879
2,Grand_MultiParadigm_Ensemble,mb-dielectric-1601,3.064483806450933,2.769915771484375,0.29456803496655803
2,Grand_MultiParadigm_Ensemble,mb-dielectric-1603,2.968363915245793,3.1444320678710938,0.17606815262530073
2,Grand_MultiParadigm_Ensemble,mb-dielectric-1604,1.5992804632083768,1.6206904172897338,0.02140995408135704
2,Grand_MultiParadigm_Ensemble,mb-dielectric-1605,2.9595749131702456,3.198938417434692,0.23936350426444664
2,Grand_MultiParadigm_Ensemble,mb-dielectric-1609,1.793234228984044,1.89677255153656,0.10353832255251616
2,Grand_MultiParadigm_Ensemble,mb-dielectric-1615,1.4487609648707869,1.4739727258682251,0.02521176099743827
2,Grand_MultiParadigm_Ensemble,mb-dielectric-1618,2.145332142116927,2.1365548610687255,0.008777281048201413
2,Grand_MultiParadigm_Ensemble,mb-dielectric-1622,1.6348819529250422,1.6137810707092286,0.021100882215813632
2,Grand_MultiParadigm_Ensemble,mb-dielectric-1631,2.034639607727456,2.0798884868621825,0.04524887913472675
2,Grand_MultiParadigm_Ensemble,mb-dielectric-1640,2.5990382836735604,2.67725510597229,0.07821682229872984
2,Grand_MultiParadigm_Ensemble,mb-dielectric-1653,1.5903109758786174,1.7449297666549684,0.154618790776351
2,Grand_MultiParadigm_Ensemble,mb-dielectric-1668,1.7622453480337852,1.7985133409500123,0.036267992916227065
2,Grand_MultiParadigm_Ensemble,mb-dielectric-1670,1.6384614734561012,1.6554260969161987,0.016964623460097528
2,Grand_MultiParadigm_Ensemble,mb-dielectric-1685,2.937404806968219,2.7347156047821044,0.20268920218611441
2,Grand_MultiParadigm_Ensemble,mb-dielectric-1689,3.664287106655263,4.224261236190796,0.5599741295355329
2,Grand_MultiParadigm_Ensemble,mb-dielectric-1692,2.286368663769399,2.278563976287842,0.00780468748155716
2,Grand_MultiParadigm_Ensemble,mb-dielectric-1698,1.6522054956935592,1.6694923162460327,0.017286820552473436
2,Grand_MultiParadigm_Ensemble,mb-dielectric-1702,1.7306192533310152,1.745570135116577,0.01495088178556192
2,Grand_MultiParadigm_Ensemble,mb-dielectric-1706,2.2602366395284093,2.336631917953491,0.07639527842508187
2,Grand_MultiParadigm_Ensemble,mb-dielectric-1709,1.642120275741092,1.6783830165863036,0.03626274084521164
2,Grand_MultiParadigm_Ensemble,mb-dielectric-1713,2.5281028460092365,2.6874524116516114,0.1593495656423749
2,Grand_MultiParadigm_Ensemble,mb-dielectric-1715,1.7149613212353605,1.7029141187667847,0.012047202468575824
2,Grand_MultiParadigm_Ensemble,mb-dielectric-1720,1.740599705082528,1.8592410326004027,0.11864132751787482
2,Grand_MultiParadigm_Ensemble,mb-dielectric-1725,1.4506344063790486,1.4520591735839843,0.001424767204935673
2,Grand_MultiParadigm_Ensemble,mb-dielectric-1731,1.7732908202924114,1.7325312852859498,0.04075953500646157
2,Grand_MultiParadigm_Ensemble,mb-dielectric-1736,1.7362721630897655,1.796289086341858,0.0600169232520924
2,Grand_MultiParadigm_Ensemble,mb-dielectric-1743,2.6088740866511744,2.633503293991089,0.024629207339914583
2,Grand_MultiParadigm_Ensemble,mb-dielectric-1749,2.271347690982896,2.4739799022674562,0.20263221128456044
2,Grand_MultiParadigm_Ensemble,mb-dielectric-1751,2.968741764900859,3.1453834533691407,0.17664168846828154
2,Grand_MultiParadigm_Ensemble,mb-dielectric-1757,2.279260186990507,2.2481116771698,0.031148509820706938
2,Grand_MultiParadigm_Ensemble,mb-dielectric-1759,1.5274773320740316,1.540192198753357,0.01271486667932531
2,Grand_MultiParadigm_Ensemble,mb-dielectric-1761,2.8586002985144088,2.935288190841675,0.07668789232726603
2,Grand_MultiParadigm_Ensemble,mb-dielectric-1765,3.909134601590684,3.655218982696533,0.2539156188941507
2,Grand_MultiParadigm_Ensemble,mb-dielectric-1766,3.1103054512378905,2.71262674331665,0.39767870792124027
2,Grand_MultiParadigm_Ensemble,mb-dielectric-1767,3.2425822014766768,2.6655874252319336,0.5769947762447432
2,Grand_MultiParadigm_Ensemble,mb-dielectric-1769,1.9743602339323325,2.083760404586792,0.1094001706544594
2,Grand_MultiParadigm_Ensemble,mb-dielectric-1776,2.512070062717201,2.537497901916504,0.025427839199303026
2,Grand_MultiParadigm_Ensemble,mb-dielectric-1779,1.6811203605532432,1.712674355506897,0.03155399495365385
2,Grand_MultiParadigm_Ensemble,mb-dielectric-1780,2.0884277180054216,2.4692930221557616,0.38086530415034003
2,Grand_MultiParadigm_Ensemble,mb-dielectric-1784,3.945262179712099,3.1304881095886232,0.8147740701234758
2,Grand_MultiParadigm_Ensemble,mb-dielectric-1788,9.805193878756295,7.777841854095459,2.0273520246608365
2,Grand_MultiParadigm_Ensemble,mb-dielectric-1793,1.6038802947851187,1.619935393333435,0.016055098548316327
2,Grand_MultiParadigm_Ensemble,mb-dielectric-1795,1.4740558560199362,1.4734609127044678,0.0005949433154683881
2,Grand_MultiParadigm_Ensemble,mb-dielectric-1798,5.3136282331378855,3.4813297271728514,1.832298505965034
2,Grand_MultiParadigm_Ensemble,mb-dielectric-1799,2.269638150307959,2.3648885250091554,0.09525037470119635
2,Grand_MultiParadigm_Ensemble,mb-dielectric-1800,1.5593747678690544,1.553743267059326,0.005631500809728296
2,Grand_MultiParadigm_Ensemble,mb-dielectric-1801,1.45899659880992,1.4946836948394775,0.03568709602955744
2,Grand_MultiParadigm_Ensemble,mb-dielectric-1806,1.905946484033589,1.87965669631958,0.026289787714008916
2,Grand_MultiParadigm_Ensemble,mb-dielectric-1813,1.80792044441489,1.8504150390625,0.04249459464761007
2,Grand_MultiParadigm_Ensemble,mb-dielectric-1815,2.2735801430050064,1.9919779539108275,0.2816021890941789
2,Grand_MultiParadigm_Ensemble,mb-dielectric-1817,2.142333696385013,2.1471975326538084,0.004863836268795385
2,Grand_MultiParadigm_Ensemble,mb-dielectric-1835,1.8599254465345347,1.9289535760879517,0.06902812955341697
2,Grand_MultiParadigm_Ensemble,mb-dielectric-1839,3.0541305363938407,2.8422851085662844,0.21184542782755633
2,Grand_MultiParadigm_Ensemble,mb-dielectric-1840,1.5606059720506007,1.5306217193603515,0.02998425269024918
2,Grand_MultiParadigm_Ensemble,mb-dielectric-1841,1.5965164160341938,1.6081846475601196,0.011668231525925776
2,Grand_MultiParadigm_Ensemble,mb-dielectric-1843,2.5469589710083667,2.432365131378174,0.11459383963019265
2,Grand_MultiParadigm_Ensemble,mb-dielectric-1845,2.073978141961324,1.904628372192383,0.169349769768941
2,Grand_MultiParadigm_Ensemble,mb-dielectric-1850,2.1290401593206267,1.9644051790237427,0.16463498029688406
2,Grand_MultiParadigm_Ensemble,mb-dielectric-1855,1.6489747319673116,1.7196069955825806,0.07063226361526898
2,Grand_MultiParadigm_Ensemble,mb-dielectric-1866,2.006910835683369,2.0614734172821043,0.05456258159873517
2,Grand_MultiParadigm_Ensemble,mb-dielectric-1868,2.3502024735470486,2.386952829360962,0.036750355813913504
2,Grand_MultiParadigm_Ensemble,mb-dielectric-1869,2.7361603875991385,2.840905714035034,0.10474532643589551
2,Grand_MultiParadigm_Ensemble,mb-dielectric-1874,1.405753653146003,1.3907142877578735,0.015039365388129555
2,Grand_MultiParadigm_Ensemble,mb-dielectric-1881,1.790323341373467,1.9038594007492062,0.1135360593757393
2,Grand_MultiParadigm_Ensemble,mb-dielectric-1890,4.322703899181622,3.3100484371185304,1.0126554620630919
2,Grand_MultiParadigm_Ensemble,mb-dielectric-1898,1.70212377144946,1.7010091543197632,0.0011146171296967378
2,Grand_MultiParadigm_Ensemble,mb-dielectric-1907,1.5068853086195158,1.5193228483200074,0.012437539700491662
2,Grand_MultiParadigm_Ensemble,mb-dielectric-1913,1.607729869515813,1.6873804330825806,0.07965056356676747
2,Grand_MultiParadigm_Ensemble,mb-dielectric-1920,2.728125119320393,2.886032724380493,0.15790760506010004
2,Grand_MultiParadigm_Ensemble,mb-dielectric-1921,1.9443071775290148,2.0088280916213987,0.06452091409238392
2,Grand_MultiParadigm_Ensemble,mb-dielectric-1926,2.261624342517269,1.7258735179901123,0.5357508245271567
2,Grand_MultiParadigm_Ensemble,mb-dielectric-1928,1.9730725615986184,1.9190557241439818,0.05401683745463659
2,Grand_MultiParadigm_Ensemble,mb-dielectric-1929,1.6106889320821056,1.6032020568847656,0.007486875197340037
2,Grand_MultiParadigm_Ensemble,mb-dielectric-1931,2.4940140336413488,2.464814281463623,0.029199752177725635
2,Grand_MultiParadigm_Ensemble,mb-dielectric-1940,1.595412590314284,1.546929693222046,0.048482897092237964
2,Grand_MultiParadigm_Ensemble,mb-dielectric-1944,2.337362120012613,2.3740585327148436,0.036696412702230674
2,Grand_MultiParadigm_Ensemble,mb-dielectric-1945,2.418396782994883,2.4054215431213377,0.01297523987354543
2,Grand_MultiParadigm_Ensemble,mb-dielectric-1946,2.606900458398824,2.629239082336426,0.022338623937601998
2,Grand_MultiParadigm_Ensemble,mb-dielectric-1949,4.048456495999471,4.135741901397705,0.0872854053982346
2,Grand_MultiParadigm_Ensemble,mb-dielectric-1956,1.5337135760412908,1.5066789388656616,0.02703463717562915
2,Grand_MultiParadigm_Ensemble,mb-dielectric-1957,1.820348592989816,1.730822467803955,0.089526125185861
2,Grand_MultiParadigm_Ensemble,mb-dielectric-1963,12.604126506823071,2.820654535293579,9.783471971529492
2,Grand_MultiParadigm_Ensemble,mb-dielectric-1975,2.095743702523442,1.9027064085006713,0.19303729402277092
2,Grand_MultiParadigm_Ensemble,mb-dielectric-1978,1.900834728919552,1.8909827709197997,0.009851957999752248
2,Grand_MultiParadigm_Ensemble,mb-dielectric-1979,2.1831225343530307,2.2376201629638675,0.054497628610836735
2,Grand_MultiParadigm_Ensemble,mb-dielectric-1980,1.3290347374441849,1.3689831018447876,0.039948364400602676
2,Grand_MultiParadigm_Ensemble,mb-dielectric-1983,1.9117063930774865,1.8345027923583985,0.07720360071908794
2,Grand_MultiParadigm_Ensemble,mb-dielectric-1987,1.4375905768565216,1.4691352367401123,0.031544659883590676
2,Grand_MultiParadigm_Ensemble,mb-dielectric-2000,2.7640116376986064,2.825147104263306,0.06113546656469948
2,Grand_MultiParadigm_Ensemble,mb-dielectric-2009,2.4498979570586266,2.240469741821289,0.20942821523733768
2,Grand_MultiParadigm_Ensemble,mb-dielectric-2011,2.2489861419463364,2.0742642879486084,0.174721853997728
2,Grand_MultiParadigm_Ensemble,mb-dielectric-2012,1.7296873513248958,1.7597800731658935,0.03009272184099765
2,Grand_MultiParadigm_Ensemble,mb-dielectric-2016,2.2019876626962893,1.9453240871429442,0.25666357555334507
2,Grand_MultiParadigm_Ensemble,mb-dielectric-2021,3.30170915335275,3.4229575634002685,0.12124841004751863
2,Grand_MultiParadigm_Ensemble,mb-dielectric-2027,1.6769019053003666,1.7211185455322267,0.044216640231860005
2,Grand_MultiParadigm_Ensemble,mb-dielectric-2029,2.607615897297277,2.510515737533569,0.09710015976370778
2,Grand_MultiParadigm_Ensemble,mb-dielectric-2038,1.8763229999123283,1.8798059940338134,0.0034829941214851168
2,Grand_MultiParadigm_Ensemble,mb-dielectric-2048,1.6014103159402964,1.6027311325073241,0.0013208165670277605
2,Grand_MultiParadigm_Ensemble,mb-dielectric-2050,1.7057058167613,1.6610466957092285,0.04465912105207148
2,Grand_MultiParadigm_Ensemble,mb-dielectric-2053,1.7195458702808717,1.7862451076507568,0.06669923736988514
2,Grand_MultiParadigm_Ensemble,mb-dielectric-2059,2.157176163413642,2.0839555263519287,0.07322063706171322
2,Grand_MultiParadigm_Ensemble,mb-dielectric-2060,2.197949878106111,2.224961853027344,0.027011974921232973
2,Grand_MultiParadigm_Ensemble,mb-dielectric-2066,2.812105735328362,2.5032180309295655,0.30888770439879654
2,Grand_MultiParadigm_Ensemble,mb-dielectric-2080,1.535035830200723,1.5441460609436035,0.009110230742880532
2,Grand_MultiParadigm_Ensemble,mb-dielectric-2081,2.112907869895577,2.1660300731658935,0.05312220327031625
2,Grand_MultiParadigm_Ensemble,mb-dielectric-2082,4.869992710466812,3.9653088092803954,0.904683901186417
2,Grand_MultiParadigm_Ensemble,mb-dielectric-2087,2.01479237970897,2.0451995611190794,0.030407181410109452
2,Grand_MultiParadigm_Ensemble,mb-dielectric-2092,1.5414279094398151,1.6464091062545776,0.10498119681476248
2,Grand_MultiParadigm_Ensemble,mb-dielectric-2096,1.9752876583762005,1.93771071434021,0.037576944035990545
2,Grand_MultiParadigm_Ensemble,mb-dielectric-2098,1.4586852527761658,1.48167245388031,0.022987201104144317
2,Grand_MultiParadigm_Ensemble,mb-dielectric-2102,2.6552197649158917,2.4812517166137695,0.1739680483021222
2,Grand_MultiParadigm_Ensemble,mb-dielectric-2103,1.3584304668746698,1.3874566316604615,0.029026164785791675
2,Grand_MultiParadigm_Ensemble,mb-dielectric-2105,6.120909327869512,6.311770820617676,0.190861492748164
2,Grand_MultiParadigm_Ensemble,mb-dielectric-2107,2.389184519175249,2.483335781097412,0.09415126192216272
2,Grand_MultiParadigm_Ensemble,mb-dielectric-2108,2.6378369926892757,2.619665765762329,0.018171226926946726
2,Grand_MultiParadigm_Ensemble,mb-dielectric-2110,1.8604572914564104,1.906392240524292,0.045934949067881536
2,Grand_MultiParadigm_Ensemble,mb-dielectric-2116,3.1568697576343987,3.152797222137451,0.004072535496947527
2,Grand_MultiParadigm_Ensemble,mb-dielectric-2124,2.11148739044305,2.1452349185943604,0.03374752815131066
2,Grand_MultiParadigm_Ensemble,mb-dielectric-2125,1.914056686725866,1.9773947477340699,0.06333806100820394
2,Grand_MultiParadigm_Ensemble,mb-dielectric-2133,1.674380581986461,1.6922087669372559,0.017828184950794856
2,Grand_MultiParadigm_Ensemble,mb-dielectric-2134,1.510642578507571,1.5456016778945922,0.03495909938702124
2,Grand_MultiParadigm_Ensemble,mb-dielectric-2136,1.558757945716182,1.5505920886993407,0.00816585701684125
2,Grand_MultiParadigm_Ensemble,mb-dielectric-2141,2.8197085546796026,2.311809206008911,0.5078993486706915
2,Grand_MultiParadigm_Ensemble,mb-dielectric-2146,2.2964271524841946,2.5143066883087157,0.21787953582452113
2,Grand_MultiParadigm_Ensemble,mb-dielectric-2157,2.429963991502756,2.105819821357727,0.32414417014502916
2,Grand_MultiParadigm_Ensemble,mb-dielectric-2160,3.0173113859858747,2.876182460784912,0.14112892520096265
2,Grand_MultiParadigm_Ensemble,mb-dielectric-2172,2.6162497332377623,2.6188929080963135,0.002643174858551145
2,Grand_MultiParadigm_Ensemble,mb-dielectric-2179,2.0995258194808413,2.106233263015747,0.0067074435349057104
2,Grand_MultiParadigm_Ensemble,mb-dielectric-2184,1.4936250087176055,1.4845722913742065,0.009052717343398964
2,Grand_MultiParadigm_Ensemble,mb-dielectric-2186,1.937782237507188,1.973109745979309,0.03532750847212096
2,Grand_MultiParadigm_Ensemble,mb-dielectric-2192,1.691026217025232,1.721360683441162,0.030334466415930184
2,Grand_MultiParadigm_Ensemble,mb-dielectric-2195,2.6671020477914458,2.7381443977355957,0.07104234994414993
2,Grand_MultiParadigm_Ensemble,mb-dielectric-2205,2.213538343919075,2.179442358016968,0.03409598590210683
2,Grand_MultiParadigm_Ensemble,mb-dielectric-2206,2.020501835353452,2.1523383140563963,0.13183647870294424
2,Grand_MultiParadigm_Ensemble,mb-dielectric-2209,1.5486993467638148,1.597110342979431,0.048410996215616287
2,Grand_MultiParadigm_Ensemble,mb-dielectric-2218,1.4276461980009847,1.4197399377822877,0.007906260218697003
2,Grand_MultiParadigm_Ensemble,mb-dielectric-2220,2.40313212287631,2.3620426654815674,0.04108945739474246
2,Grand_MultiParadigm_Ensemble,mb-dielectric-2224,1.6816676247106717,1.6958093643188477,0.014141739608175996
2,Grand_MultiParadigm_Ensemble,mb-dielectric-2231,2.016830599397646,1.9999727249145507,0.01685787448309517
2,Grand_MultiParadigm_Ensemble,mb-dielectric-2233,1.596561826759824,1.609905481338501,0.013343654578676922
2,Grand_MultiParadigm_Ensemble,mb-dielectric-2234,2.0044949488583645,2.1247252941131594,0.12023034525479481
2,Grand_MultiParadigm_Ensemble,mb-dielectric-2238,3.469678179252988,2.9687546253204347,0.5009235539325534
2,Grand_MultiParadigm_Ensemble,mb-dielectric-2239,1.8296621728249784,1.8406437158584594,0.010981543033480978
2,Grand_MultiParadigm_Ensemble,mb-dielectric-2242,3.097692044087017,3.1961371898651123,0.09844514577809527
2,Grand_MultiParadigm_Ensemble,mb-dielectric-2247,3.051720826025871,3.3253331184387207,0.2736122924128499
2,Grand_MultiParadigm_Ensemble,mb-dielectric-2251,1.5102979838429236,1.5893649816513062,0.07906699780838267
2,Grand_MultiParadigm_Ensemble,mb-dielectric-2252,1.8180473041150496,1.8513865232467652,0.03333921913171567
2,Grand_MultiParadigm_Ensemble,mb-dielectric-2258,3.6182629810449103,3.763363981246948,0.14510100020203787
2,Grand_MultiParadigm_Ensemble,mb-dielectric-2266,1.9074375481257584,1.8895503520965575,0.017887196029200858
2,Grand_MultiParadigm_Ensemble,mb-dielectric-2271,13.348394884779225,4.206372404098511,9.142022480680714
2,Grand_MultiParadigm_Ensemble,mb-dielectric-2275,2.492974194277456,2.4071198463439942,0.08585434793346192
2,Grand_MultiParadigm_Ensemble,mb-dielectric-2277,2.096699469801648,2.1637493133544923,0.06704984355284438
2,Grand_MultiParadigm_Ensemble,mb-dielectric-2287,1.574671500133705,1.5866363763809204,0.011964876247215317
2,Grand_MultiParadigm_Ensemble,mb-dielectric-2294,1.5037163961332594,1.5368032693862914,0.033086873253032056
2,Grand_MultiParadigm_Ensemble,mb-dielectric-2297,1.7892322375812462,1.777271580696106,0.011960656885140253
2,Grand_MultiParadigm_Ensemble,mb-dielectric-2300,1.7640212583753063,1.767839503288269,0.003818244912962676
2,Grand_MultiParadigm_Ensemble,mb-dielectric-2320,5.001766358493747,5.103662776947021,0.10189641845327468
2,Grand_MultiParadigm_Ensemble,mb-dielectric-2324,1.6217804002597482,1.6148412227630615,0.00693917749668671
2,Grand_MultiParadigm_Ensemble,mb-dielectric-2326,1.5847894707710128,1.6322187900543212,0.0474293192833084
2,Grand_MultiParadigm_Ensemble,mb-dielectric-2327,1.749952380310495,1.7188008546829223,0.03115152562757273
2,Grand_MultiParadigm_Ensemble,mb-dielectric-2334,1.7140525042948356,1.7760329723358155,0.0619804680409799
2,Grand_MultiParadigm_Ensemble,mb-dielectric-2336,2.083934979791834,2.1509222984313965,0.06698731863956242
2,Grand_MultiParadigm_Ensemble,mb-dielectric-2337,1.6987809354553831,1.6793930530548096,0.01938788240057354
2,Grand_MultiParadigm_Ensemble,mb-dielectric-2340,1.4143314085932397,1.4052424430847168,0.009088965508522895
2,Grand_MultiParadigm_Ensemble,mb-dielectric-2342,3.7214056484076,3.3811312198638914,0.3402744285437085
2,Grand_MultiParadigm_Ensemble,mb-dielectric-2346,1.724855646133902,1.7202842950820922,0.0045713510518097245
2,Grand_MultiParadigm_Ensemble,mb-dielectric-2348,1.745217369460511,1.802374243736267,0.057156874275756
2,Grand_MultiParadigm_Ensemble,mb-dielectric-2349,2.9506319097214866,3.072662687301636,0.12203077758014924
2,Grand_MultiParadigm_Ensemble,mb-dielectric-2350,2.434216437925491,2.3879552841186524,0.046261153806838706
2,Grand_MultiParadigm_Ensemble,mb-dielectric-2365,1.8435956715071933,1.831142044067383,0.012453627439810377
2,Grand_MultiParadigm_Ensemble,mb-dielectric-2385,1.6102794788483148,1.5599174976348877,0.050361981213427054
2,Grand_MultiParadigm_Ensemble,mb-dielectric-2393,1.726083717552541,1.6631813287734984,0.06290238877904253
2,Grand_MultiParadigm_Ensemble,mb-dielectric-2396,3.0020956014091222,2.891309213638306,0.1107863877708164
2,Grand_MultiParadigm_Ensemble,mb-dielectric-2400,1.895588826899844,1.749659824371338,0.14592900252850605
2,Grand_MultiParadigm_Ensemble,mb-dielectric-2408,1.9055308971517624,1.9759567260742188,0.07042582892245641
2,Grand_MultiParadigm_Ensemble,mb-dielectric-2410,2.554288485403845,2.3833232879638673,0.1709651974399775
2,Grand_MultiParadigm_Ensemble,mb-dielectric-2417,1.5586231103124315,1.6006462574005127,0.04202314708808119
2,Grand_MultiParadigm_Ensemble,mb-dielectric-2424,1.5728086342591074,1.6207525491714478,0.0479439149123404
2,Grand_MultiParadigm_Ensemble,mb-dielectric-2436,1.980755159023952,1.834986925125122,0.14576823389882998
2,Grand_MultiParadigm_Ensemble,mb-dielectric-2438,1.6036385710834802,1.5938302278518677,0.009808343231612504
2,Grand_MultiParadigm_Ensemble,mb-dielectric-2441,2.183727699915078,2.2320870876312258,0.04835938771614767
2,Grand_MultiParadigm_Ensemble,mb-dielectric-2443,1.4688906244736744,1.505633807182312,0.036743182708637745
2,Grand_MultiParadigm_Ensemble,mb-dielectric-2447,2.427138232564806,2.4580423831939697,0.03090415062916385
2,Grand_MultiParadigm_Ensemble,mb-dielectric-2451,1.4615943349643907,1.4785435438156127,0.016949208851221975
2,Grand_MultiParadigm_Ensemble,mb-dielectric-2468,1.7254279662352396,1.6446633100509644,0.0807646561842752
2,Grand_MultiParadigm_Ensemble,mb-dielectric-2477,1.6456675443924471,1.697232222557068,0.05156467816462085
2,Grand_MultiParadigm_Ensemble,mb-dielectric-2481,1.7620916548238914,1.65174560546875,0.11034604935514136
2,Grand_MultiParadigm_Ensemble,mb-dielectric-2483,4.561286368266449,4.206181812286377,0.3551045559800725
2,Grand_MultiParadigm_Ensemble,mb-dielectric-2500,1.4881220828054744,1.5989071369171142,0.11078505411163975
2,Grand_MultiParadigm_Ensemble,mb-dielectric-2514,1.3531444860028825,1.3599563837051392,0.006811897702256653
2,Grand_MultiParadigm_Ensemble,mb-dielectric-2522,2.884475977827978,2.896977663040161,0.012501685212183311
2,Grand_MultiParadigm_Ensemble,mb-dielectric-2529,2.684756289374016,2.29923677444458,0.3855195149294359
2,Grand_MultiParadigm_Ensemble,mb-dielectric-2536,2.2810123404977705,2.1346059799194337,0.14640636057833678
2,Grand_MultiParadigm_Ensemble,mb-dielectric-2541,2.7291634861807963,2.660070466995239,0.06909301918555721
2,Grand_MultiParadigm_Ensemble,mb-dielectric-2544,3.384514736265747,2.685246467590332,0.6992682686754148
2,Grand_MultiParadigm_Ensemble,mb-dielectric-2557,1.5271128532844802,1.5176033973693848,0.009509455915095444
2,Grand_MultiParadigm_Ensemble,mb-dielectric-2560,1.8630241544327903,1.8247581720352173,0.03826598239757306
2,Grand_MultiParadigm_Ensemble,mb-dielectric-2561,4.290720491168511,3.9660758495330812,0.3246446416354294
2,Grand_MultiParadigm_Ensemble,mb-dielectric-2570,2.429732495564068,2.4458361148834227,0.016103619319354667
2,Grand_MultiParadigm_Ensemble,mb-dielectric-2574,1.591704118233034,1.5994526386260985,0.007748520393064506
2,Grand_MultiParadigm_Ensemble,mb-dielectric-2577,2.8242769576182383,2.659740161895752,0.16453679572248614
2,Grand_MultiParadigm_Ensemble,mb-dielectric-2580,2.409165623198206,2.0683462142944338,0.3408194089037724
2,Grand_MultiParadigm_Ensemble,mb-dielectric-2583,3.185856242833309,3.144447898864746,0.04140834396856263
2,Grand_MultiParadigm_Ensemble,mb-dielectric-2588,2.2083930809527543,1.8821749210357666,0.32621815991698777
2,Grand_MultiParadigm_Ensemble,mb-dielectric-2590,1.9206211668797848,1.9135847568511963,0.007036410028588458
2,Grand_MultiParadigm_Ensemble,mb-dielectric-2600,1.7877329218873828,1.8056684732437134,0.017935551356330626
2,Grand_MultiParadigm_Ensemble,mb-dielectric-2603,1.6504383256173698,1.682827854156494,0.032389528539124246
2,Grand_MultiParadigm_Ensemble,mb-dielectric-2605,2.989166215965025,2.9443825244903565,0.04478369147466843
2,Grand_MultiParadigm_Ensemble,mb-dielectric-2607,2.306482632861149,2.3089197635650636,0.002437130703914381
2,Grand_MultiParadigm_Ensemble,mb-dielectric-2611,1.5224979474534606,1.5127989530563355,0.009698994397125071
2,Grand_MultiParadigm_Ensemble,mb-dielectric-2616,4.310363751084898,3.2519388675689695,1.0584248835159284
2,Grand_MultiParadigm_Ensemble,mb-dielectric-2617,1.6722026264816852,1.6282610893249512,0.04394153715673399
2,Grand_MultiParadigm_Ensemble,mb-dielectric-2619,2.423150414500907,2.5548022270202635,0.13165181251935643
2,Grand_MultiParadigm_Ensemble,mb-dielectric-2621,2.475659306124337,2.7250077724456787,0.2493484663213419
2,Grand_MultiParadigm_Ensemble,mb-dielectric-2627,1.52367352146055,1.5571423530578614,0.03346883159731151
2,Grand_MultiParadigm_Ensemble,mb-dielectric-2629,1.646856500528608,1.7029229402542114,0.056066439725603434
2,Grand_MultiParadigm_Ensemble,mb-dielectric-2631,2.4450583496786606,2.2893826961517334,0.15567565352692725
2,Grand_MultiParadigm_Ensemble,mb-dielectric-2632,1.8643476070733165,1.7773988723754883,0.08694873469782816
2,Grand_MultiParadigm_Ensemble,mb-dielectric-2634,2.08124121619767,2.1149240016937254,0.03368278549605552
2,Grand_MultiParadigm_Ensemble,mb-dielectric-2639,1.6730807910359062,1.578372550010681,0.09470824102522513
2,Grand_MultiParadigm_Ensemble,mb-dielectric-2646,2.2657596224371788,1.7180641412734985,0.5476954811636803
2,Grand_MultiParadigm_Ensemble,mb-dielectric-2649,1.406176849949299,1.438248300552368,0.03207145060306904
2,Grand_MultiParadigm_Ensemble,mb-dielectric-2650,24.14193576883732,2.033229947090149,22.108705821747172
2,Grand_MultiParadigm_Ensemble,mb-dielectric-2652,1.712124995436959,1.7654208660125732,0.053295870575614135
2,Grand_MultiParadigm_Ensemble,mb-dielectric-2653,1.7810971337914168,1.7831502437591553,0.0020531099677385534
2,Grand_MultiParadigm_Ensemble,mb-dielectric-2654,1.9805116342332687,1.8813117504119874,0.09919988382128131
2,Grand_MultiParadigm_Ensemble,mb-dielectric-2659,1.5191342929445046,1.5417462587356567,0.0226119657911521
2,Grand_MultiParadigm_Ensemble,mb-dielectric-2660,2.4960528172830534,2.394761896133423,0.10129092114963045
2,Grand_MultiParadigm_Ensemble,mb-dielectric-2662,2.2268532356968054,2.244658660888672,0.017805425191866675
2,Grand_MultiParadigm_Ensemble,mb-dielectric-2665,4.919906198292809,4.975374984741211,0.05546878644840181
2,Grand_MultiParadigm_Ensemble,mb-dielectric-2674,1.7687171433932938,1.8141929864883424,0.045475843095048596
2,Grand_MultiParadigm_Ensemble,mb-dielectric-2676,1.8388402141929931,1.7603806734085083,0.0784595407844848
2,Grand_MultiParadigm_Ensemble,mb-dielectric-2682,11.215872309663064,1.8651683568954467,9.350703952767617
2,Grand_MultiParadigm_Ensemble,mb-dielectric-2684,1.6518777194453589,1.5952933073043822,0.05658441214097665
2,Grand_MultiParadigm_Ensemble,mb-dielectric-2701,3.2223231784950848,3.255216455459595,0.032893276964510054
2,Grand_MultiParadigm_Ensemble,mb-dielectric-2703,3.1487949546876925,3.2611281871795654,0.11233323249187288
2,Grand_MultiParadigm_Ensemble,mb-dielectric-2707,2.026401654822328,2.0427151679992677,0.016313513176939853
2,Grand_MultiParadigm_Ensemble,mb-dielectric-2711,2.535842003490495,2.180341053009033,0.35550095048146213
2,Grand_MultiParadigm_Ensemble,mb-dielectric-2716,2.131116061284943,1.5961639881134033,0.5349520731715396
2,Grand_MultiParadigm_Ensemble,mb-dielectric-2721,2.715373209462498,2.388796091079712,0.32657711838278614
2,Grand_MultiParadigm_Ensemble,mb-dielectric-2723,2.424944054337472,2.4512518405914308,0.02630778625395891
2,Grand_MultiParadigm_Ensemble,mb-dielectric-2728,2.090215299915298,2.232000637054443,0.1417853371391451
2,Grand_MultiParadigm_Ensemble,mb-dielectric-2729,2.754390434681813,3.038870429992676,0.28447999531086277
2,Grand_MultiParadigm_Ensemble,mb-dielectric-2730,1.919894528353051,1.911438250541687,0.008456277811364155
2,Grand_MultiParadigm_Ensemble,mb-dielectric-2738,2.0858503461817834,2.0784934043884276,0.007356941793355887
2,Grand_MultiParadigm_Ensemble,mb-dielectric-2746,2.088413752109481,2.105764102935791,0.0173503508263102
2,Grand_MultiParadigm_Ensemble,mb-dielectric-2757,2.0608125420167,2.104620265960693,0.04380772394399335
2,Grand_MultiParadigm_Ensemble,mb-dielectric-2761,1.6337831353436518,1.6679814100265502,0.03419827468289838
2,Grand_MultiParadigm_Ensemble,mb-dielectric-2763,1.7739635471639958,1.8098945140838623,0.035930966919866414
2,Grand_MultiParadigm_Ensemble,mb-dielectric-2766,1.5243742978678114,1.5747852087020875,0.05041091083427607
2,Grand_MultiParadigm_Ensemble,mb-dielectric-2771,2.9722312045554826,2.624943733215332,0.3472874713401506
2,Grand_MultiParadigm_Ensemble,mb-dielectric-2774,2.364817258619927,2.1738391399383543,0.19097811868157288
2,Grand_MultiParadigm_Ensemble,mb-dielectric-2775,9.470181272461804,5.079246234893799,4.390935037568005
2,Grand_MultiParadigm_Ensemble,mb-dielectric-2778,1.8596346415358045,1.8726039409637452,0.012969299427940673
2,Grand_MultiParadigm_Ensemble,mb-dielectric-2783,2.55371402732047,2.5528685092926025,0.0008455180278676977
2,Grand_MultiParadigm_Ensemble,mb-dielectric-2784,1.4234598694729683,1.4524996280670166,0.02903975859404828
2,Grand_MultiParadigm_Ensemble,mb-dielectric-2788,1.944932475263173,2.018265438079834,0.07333296281666124
2,Grand_MultiParadigm_Ensemble,mb-dielectric-2790,1.3899778175688031,1.45899817943573,0.06902036186692695
2,Grand_MultiParadigm_Ensemble,mb-dielectric-2791,1.919820824973,1.8894688844680787,0.030351940504921293
2,Grand_MultiParadigm_Ensemble,mb-dielectric-2802,1.8063857100113845,1.8485832214355469,0.04219751142416239
2,Grand_MultiParadigm_Ensemble,mb-dielectric-2807,2.2878643607813234,2.325285482406616,0.03742112162529265
2,Grand_MultiParadigm_Ensemble,mb-dielectric-2808,2.5424510483652054,2.690235900878906,0.14778485251370066
2,Grand_MultiParadigm_Ensemble,mb-dielectric-2813,1.6401246903818014,1.648829746246338,0.008705055864536515
2,Grand_MultiParadigm_Ensemble,mb-dielectric-2816,1.6497358374398408,1.6377405881881715,0.011995249251669282
2,Grand_MultiParadigm_Ensemble,mb-dielectric-2821,2.315668009988929,2.226896142959595,0.08877186702933404
2,Grand_MultiParadigm_Ensemble,mb-dielectric-2824,1.8442197989032287,1.7960730075836182,0.04814679131961053
2,Grand_MultiParadigm_Ensemble,mb-dielectric-2832,3.108139314766956,3.171524000167847,0.06338468540089082
2,Grand_MultiParadigm_Ensemble,mb-dielectric-2854,2.1356813120563327,2.1826401233673094,0.04695881131097668
2,Grand_MultiParadigm_Ensemble,mb-dielectric-2856,2.373114207531723,2.3850733757019045,0.011959168170181389
2,Grand_MultiParadigm_Ensemble,mb-dielectric-2864,2.4158654293662205,2.3226171016693113,0.09324832769690916
2,Grand_MultiParadigm_Ensemble,mb-dielectric-2866,1.6765868105568924,1.69648015499115,0.0198933444342575
2,Grand_MultiParadigm_Ensemble,mb-dielectric-2872,1.9201200912364176,1.9297735691070557,0.009653477870638083
2,Grand_MultiParadigm_Ensemble,mb-dielectric-2884,2.393994987463424,2.2168652057647704,0.17712978169865368
2,Grand_MultiParadigm_Ensemble,mb-dielectric-2897,2.948162365497079,2.944566488265991,0.003595877231088007
2,Grand_MultiParadigm_Ensemble,mb-dielectric-2904,2.118794232576632,2.144662952423096,0.025868719846463772
2,Grand_MultiParadigm_Ensemble,mb-dielectric-2905,2.016695233957443,2.2675186157226563,0.25082338176521324
2,Grand_MultiParadigm_Ensemble,mb-dielectric-2912,2.4002476955514407,2.373710870742798,0.026536824808642834
2,Grand_MultiParadigm_Ensemble,mb-dielectric-2916,1.848150967859497,1.8497167825698853,0.0015658147103883024
2,Grand_MultiParadigm_Ensemble,mb-dielectric-2917,2.5044626835577595,2.2587373733520506,0.24572531020570887
2,Grand_MultiParadigm_Ensemble,mb-dielectric-2924,1.422811887308598,1.445318913459778,0.022507026151179943
2,Grand_MultiParadigm_Ensemble,mb-dielectric-2929,1.4180763966256074,1.434314775466919,0.01623837884131163
2,Grand_MultiParadigm_Ensemble,mb-dielectric-2937,25.19229307413942,4.505385494232177,20.686907579907242
2,Grand_MultiParadigm_Ensemble,mb-dielectric-2939,1.6535997097242126,1.6739158391952516,0.020316129471039
2,Grand_MultiParadigm_Ensemble,mb-dielectric-2947,1.6148271321311114,1.6104175567626953,0.00440957536841613
2,Grand_MultiParadigm_Ensemble,mb-dielectric-2950,2.311257666293397,2.3182275772094725,0.006969910916075683
2,Grand_MultiParadigm_Ensemble,mb-dielectric-2951,1.4968875486599884,1.478155755996704,0.018731792663284397
2,Grand_MultiParadigm_Ensemble,mb-dielectric-2953,4.345560569899661,4.221562385559082,0.12399818434057863
2,Grand_MultiParadigm_Ensemble,mb-dielectric-2965,1.5214028581859798,1.5244978189468383,0.0030949607608585783
2,Grand_MultiParadigm_Ensemble,mb-dielectric-2980,2.025709587609568,2.013313579559326,0.012396008050242102
2,Grand_MultiParadigm_Ensemble,mb-dielectric-2981,2.055087751573318,2.000971817970276,0.05411593360304234
2,Grand_MultiParadigm_Ensemble,mb-dielectric-2982,1.828664904604819,1.8475257396697997,0.01886083506498082
2,Grand_MultiParadigm_Ensemble,mb-dielectric-2987,2.294342316801633,2.2665085792541504,0.027833737547482418
2,Grand_MultiParadigm_Ensemble,mb-dielectric-2988,1.4782844787117262,1.4770194053649903,0.0012650733467358677
2,Grand_MultiParadigm_Ensemble,mb-dielectric-2993,2.521041451464057,2.54275860786438,0.02171715640032268
2,Grand_MultiParadigm_Ensemble,mb-dielectric-2998,2.122263100246213,2.3882690906524657,0.26600599040625283
2,Grand_MultiParadigm_Ensemble,mb-dielectric-2999,1.884785045215148,1.8889944076538085,0.004209362438660547
2,Grand_MultiParadigm_Ensemble,mb-dielectric-3015,2.5854359400302305,2.677103281021118,0.09166734099088769
2,Grand_MultiParadigm_Ensemble,mb-dielectric-3018,2.051190629853793,2.058728551864624,0.007537922010830922
2,Grand_MultiParadigm_Ensemble,mb-dielectric-3019,1.5430320800294155,1.491435742378235,0.051596337651180546
2,Grand_MultiParadigm_Ensemble,mb-dielectric-3023,1.7982669434764125,2.02637300491333,0.2281060614369177
2,Grand_MultiParadigm_Ensemble,mb-dielectric-3037,1.657709262808168,1.644676971435547,0.013032291372621074
2,Grand_MultiParadigm_Ensemble,mb-dielectric-3040,1.673222190782033,1.651912474632263,0.021309716149769953
2,Grand_MultiParadigm_Ensemble,mb-dielectric-3042,1.7466739821729782,1.7414204835891725,0.005253498583805749
2,Grand_MultiParadigm_Ensemble,mb-dielectric-3050,1.627711071822433,1.6260582447052,0.0016528271172329134
2,Grand_MultiParadigm_Ensemble,mb-dielectric-3052,2.096413852443576,2.1368896484375,0.04047579599392437
2,Grand_MultiParadigm_Ensemble,mb-dielectric-3053,1.8300144808170236,1.6663960933685302,0.16361838744849333
2,Grand_MultiParadigm_Ensemble,mb-dielectric-3055,2.1882834977823813,2.1578293800354005,0.030454117746980813
2,Grand_MultiParadigm_Ensemble,mb-dielectric-3057,1.822361105818493,1.8156984329223633,0.006662672896129651
2,Grand_MultiParadigm_Ensemble,mb-dielectric-3059,1.8884687074448607,1.8186697244644165,0.06979898298044418
2,Grand_MultiParadigm_Ensemble,mb-dielectric-3062,1.0,3.1850335597991943,2.1850335597991943
2,Grand_MultiParadigm_Ensemble,mb-dielectric-3091,1.7716782062966927,1.8081681251525878,0.03648991885589514
2,Grand_MultiParadigm_Ensemble,mb-dielectric-3093,1.6673617883750766,1.6751009464263915,0.007739158051314865
2,Grand_MultiParadigm_Ensemble,mb-dielectric-3094,2.1347628283566613,2.208318996429443,0.07355616807278187
2,Grand_MultiParadigm_Ensemble,mb-dielectric-3098,8.476518192434124,2.7275225639343263,5.748995628499798
2,Grand_MultiParadigm_Ensemble,mb-dielectric-3103,2.433111793568064,2.458486223220825,0.025374429652761155
2,Grand_MultiParadigm_Ensemble,mb-dielectric-3106,6.189693130079839,6.636902904510498,0.4472097744306591
2,Grand_MultiParadigm_Ensemble,mb-dielectric-3111,1.9511669306711652,1.9489995241165161,0.0021674065546490873
2,Grand_MultiParadigm_Ensemble,mb-dielectric-3121,2.841754446347068,2.547907590866089,0.2938468554809792
2,Grand_MultiParadigm_Ensemble,mb-dielectric-3125,2.264938189002085,2.4630825519561768,0.19814436295409177
2,Grand_MultiParadigm_Ensemble,mb-dielectric-3129,2.322321611376569,2.265555572509766,0.0567660388668032
2,Grand_MultiParadigm_Ensemble,mb-dielectric-3130,1.6498484778912363,1.6430042266845704,0.0068442512066659855
2,Grand_MultiParadigm_Ensemble,mb-dielectric-3131,1.7000415681192576,1.7291245937347413,0.029083025615483704
2,Grand_MultiParadigm_Ensemble,mb-dielectric-3150,2.041549117963783,1.9372233152389526,0.10432580272483039
2,Grand_MultiParadigm_Ensemble,mb-dielectric-3158,2.73046943460888,2.7984617710113526,0.06799233640247282
2,Grand_MultiParadigm_Ensemble,mb-dielectric-3161,1.659987951763506,1.652460527420044,0.007527424343462208
2,Grand_MultiParadigm_Ensemble,mb-dielectric-3170,2.072265427014607,2.1640128612518312,0.0917474342372242
2,Grand_MultiParadigm_Ensemble,mb-dielectric-3174,2.021210940665675,2.1896467208862305,0.1684357802205554
2,Grand_MultiParadigm_Ensemble,mb-dielectric-3189,3.137276525905869,3.0744476318359375,0.06282889406993153
2,Grand_MultiParadigm_Ensemble,mb-dielectric-3195,1.5922730084209689,1.5873872995376588,0.00488570888331008
2,Grand_MultiParadigm_Ensemble,mb-dielectric-3196,2.8818649054619705,3.052489709854126,0.17062480439215566
2,Grand_MultiParadigm_Ensemble,mb-dielectric-3198,1.4428962771684826,1.3944167852401734,0.04847949192830914
2,Grand_MultiParadigm_Ensemble,mb-dielectric-3201,2.202044504545719,2.1080153465270994,0.09402915801861944
2,Grand_MultiParadigm_Ensemble,mb-dielectric-3208,1.9332332157985124,1.8506877422332764,0.082545473565236
2,Grand_MultiParadigm_Ensemble,mb-dielectric-3218,1.9529229375477155,1.9948593139648438,0.04193637641712833
2,Grand_MultiParadigm_Ensemble,mb-dielectric-3220,1.5441687083994415,1.5493495464324951,0.005180838033053581
2,Grand_MultiParadigm_Ensemble,mb-dielectric-3224,2.601218432453017,2.5183732986450194,0.08284513380799785
2,Grand_MultiParadigm_Ensemble,mb-dielectric-3226,1.725191969994451,1.7275859832763671,0.0023940132819162407
2,Grand_MultiParadigm_Ensemble,mb-dielectric-3228,2.812057372578236,2.458154582977295,0.35390278960094124
2,Grand_MultiParadigm_Ensemble,mb-dielectric-3229,2.7667448382530764,2.964249277114868,0.1975044388617917
2,Grand_MultiParadigm_Ensemble,mb-dielectric-3241,2.784899758574007,2.6638441562652586,0.12105560230874834
2,Grand_MultiParadigm_Ensemble,mb-dielectric-3248,1.483548111791458,1.5047670364379884,0.021218924646530413
2,Grand_MultiParadigm_Ensemble,mb-dielectric-3250,2.0935711913697537,2.123823881149292,0.030252689779538322
2,Grand_MultiParadigm_Ensemble,mb-dielectric-3251,2.258808166563361,2.416683721542358,0.1578755549789972
2,Grand_MultiParadigm_Ensemble,mb-dielectric-3252,1.7430943749550682,1.7242286205291748,0.018865754425893444
2,Grand_MultiParadigm_Ensemble,mb-dielectric-3253,2.5911242733608897,2.5963633060455322,0.005239032684642542
2,Grand_MultiParadigm_Ensemble,mb-dielectric-3258,1.5036621961065677,1.5189335107803346,0.015271314673766856
2,Grand_MultiParadigm_Ensemble,mb-dielectric-3262,1.5673260669050375,1.580991005897522,0.013664938992484554
2,Grand_MultiParadigm_Ensemble,mb-dielectric-3263,2.438222029813254,2.462936592102051,0.02471456228879676
2,Grand_MultiParadigm_Ensemble,mb-dielectric-3267,1.559354674216233,1.5441592931747437,0.01519538104148932
2,Grand_MultiParadigm_Ensemble,mb-dielectric-3270,2.1489383425310256,2.1591987133026125,0.010260370771586924
2,Grand_MultiParadigm_Ensemble,mb-dielectric-3273,1.512177568938272,1.5162813663482666,0.0041037974099946695
2,Grand_MultiParadigm_Ensemble,mb-dielectric-3277,4.180550203023596,5.249094676971436,1.0685444739478394
2,Grand_MultiParadigm_Ensemble,mb-dielectric-3290,25.85995803038616,4.995169544219971,20.86478848616619
2,Grand_MultiParadigm_Ensemble,mb-dielectric-3291,5.227237798302273,4.741682815551758,0.48555498275051523
2,Grand_MultiParadigm_Ensemble,mb-dielectric-3298,1.527720742369713,1.5149250030517578,0.01279573931795519
2,Grand_MultiParadigm_Ensemble,mb-dielectric-3301,3.0397916595334946,3.200931262969971,0.16113960343647626
2,Grand_MultiParadigm_Ensemble,mb-dielectric-3304,4.319236622367433,4.267348670959473,0.05188795140796021
2,Grand_MultiParadigm_Ensemble,mb-dielectric-3312,3.2463879414923085,3.1497700691223143,0.0966178723699942
2,Grand_MultiParadigm_Ensemble,mb-dielectric-3322,2.69224064055698,2.7484583854675293,0.05621774491054943
2,Grand_MultiParadigm_Ensemble,mb-dielectric-3323,2.1153294463668475,2.1090384006500242,0.0062910457168232625
2,Grand_MultiParadigm_Ensemble,mb-dielectric-3330,3.1480152477400165,2.2234139442443848,0.9246013034956317
2,Grand_MultiParadigm_Ensemble,mb-dielectric-3335,3.4721751107915457,3.745064210891724,0.2728891001001781
2,Grand_MultiParadigm_Ensemble,mb-dielectric-3336,1.584861192660107,1.6008914232254028,0.016030230565295733
2,Grand_MultiParadigm_Ensemble,mb-dielectric-3337,1.4342245291445832,1.4729457378387452,0.03872120869416196
2,Grand_MultiParadigm_Ensemble,mb-dielectric-3339,1.8206226040962044,1.8504367351531983,0.02981413105699393
2,Grand_MultiParadigm_Ensemble,mb-dielectric-3344,1.534049868811311,1.4662948846817017,0.06775498412960923
2,Grand_MultiParadigm_Ensemble,mb-dielectric-3345,3.4685731936922064,3.824411916732788,0.3558387230405815
2,Grand_MultiParadigm_Ensemble,mb-dielectric-3348,2.365161798552763,2.2930782318115233,0.07208356674123984
2,Grand_MultiParadigm_Ensemble,mb-dielectric-3349,3.5981476716036367,4.464575386047363,0.8664277144437262
2,Grand_MultiParadigm_Ensemble,mb-dielectric-3350,5.74714085437272,5.509720706939698,0.23742014743302242
2,Grand_MultiParadigm_Ensemble,mb-dielectric-3351,1.703894656368168,1.7218993186950684,0.018004662326900345
2,Grand_MultiParadigm_Ensemble,mb-dielectric-3356,3.0764397171622484,3.269951820373535,0.19351210321128676
2,Grand_MultiParadigm_Ensemble,mb-dielectric-3358,6.284874117010353,4.509801006317138,1.7750731106932145
2,Grand_MultiParadigm_Ensemble,mb-dielectric-3359,2.1612176351924086,2.0343038558959963,0.12691377929641234
2,Grand_MultiParadigm_Ensemble,mb-dielectric-3365,3.243791197554699,3.123844575881958,0.11994662167274095
2,Grand_MultiParadigm_Ensemble,mb-dielectric-3371,1.8452946467524665,1.8395708799362183,0.005723766816248199
2,Grand_MultiParadigm_Ensemble,mb-dielectric-3372,1.4019034679083056,1.455870223045349,0.05396675513704352
2,Grand_MultiParadigm_Ensemble,mb-dielectric-3373,4.267630099559551,4.107996606826783,0.15963349273276872
2,Grand_MultiParadigm_Ensemble,mb-dielectric-3374,2.2823964014459306,2.3001983642578123,0.017801962811881733
2,Grand_MultiParadigm_Ensemble,mb-dielectric-3381,2.3527289119994874,2.474261236190796,0.12153232419130866
2,Grand_MultiParadigm_Ensemble,mb-dielectric-3388,2.059728865651992,2.020816421508789,0.03891244414320294
2,Grand_MultiParadigm_Ensemble,mb-dielectric-3392,2.0290080499265315,1.884490442276001,0.14451760765053057
2,Grand_MultiParadigm_Ensemble,mb-dielectric-3394,1.6157391497392146,1.6010264158248901,0.014712733914324483
2,Grand_MultiParadigm_Ensemble,mb-dielectric-3395,2.172652909847008,2.177866315841675,0.005213405994666687
2,Grand_MultiParadigm_Ensemble,mb-dielectric-3405,1.4955278889631805,1.5298602819442748,0.03433239298109436
2,Grand_MultiParadigm_Ensemble,mb-dielectric-3409,1.753806146642211,1.9125820875167847,0.1587759408745737
2,Grand_MultiParadigm_Ensemble,mb-dielectric-3414,2.1071180159956238,2.072755479812622,0.03436253618300178
2,Grand_MultiParadigm_Ensemble,mb-dielectric-3427,2.506545630943112,2.4323388576507567,0.07420677329235525
2,Grand_MultiParadigm_Ensemble,mb-dielectric-3434,2.105547593066157,2.1073325634002686,0.001784970334111513
2,Grand_MultiParadigm_Ensemble,mb-dielectric-3435,2.108317970958524,1.9894293546676636,0.11888861629086023
2,Grand_MultiParadigm_Ensemble,mb-dielectric-3436,2.410878124957004,2.3020630836486817,0.10881504130832242
2,Grand_MultiParadigm_Ensemble,mb-dielectric-3445,2.4543939509921118,2.303655481338501,0.1507384696536107
2,Grand_MultiParadigm_Ensemble,mb-dielectric-3446,1.4658907417221334,1.5035876274108886,0.03769688568875518
2,Grand_MultiParadigm_Ensemble,mb-dielectric-3448,2.2106717681887256,2.191530132293701,0.01914163589502449
2,Grand_MultiParadigm_Ensemble,mb-dielectric-3457,2.05284371868229,2.071678352355957,0.018834633673667334
2,Grand_MultiParadigm_Ensemble,mb-dielectric-3463,2.689960966259548,2.5592023849487306,0.1307585813108174
2,Grand_MultiParadigm_Ensemble,mb-dielectric-3466,2.361968599847734,2.280884313583374,0.08108428626436037
2,Grand_MultiParadigm_Ensemble,mb-dielectric-3468,3.0315365191049017,3.001440906524658,0.030095612580243625
2,Grand_MultiParadigm_Ensemble,mb-dielectric-3472,2.8953254278808336,2.4408151626586916,0.454510265222142
2,Grand_MultiParadigm_Ensemble,mb-dielectric-3489,2.972148493375299,3.1764506816864015,0.20430218831110247
2,Grand_MultiParadigm_Ensemble,mb-dielectric-3494,1.000000000125591,3.7863277912139894,2.7863277910883983
2,Grand_MultiParadigm_Ensemble,mb-dielectric-3496,4.707228483938293,4.552001476287842,0.15522700765045094
2,Grand_MultiParadigm_Ensemble,mb-dielectric-3504,4.094427106853086,4.677002811431885,0.5825757045787991
2,Grand_MultiParadigm_Ensemble,mb-dielectric-3510,2.67949000124116,2.598515510559082,0.08097449068207796
2,Grand_MultiParadigm_Ensemble,mb-dielectric-3511,3.301565285335629,3.3083358287811278,0.006770543445498767
2,Grand_MultiParadigm_Ensemble,mb-dielectric-3512,2.164706831574812,2.149523401260376,0.01518343031443603
2,Grand_MultiParadigm_Ensemble,mb-dielectric-3515,1.7152073732739528,1.7293359994888307,0.01412862621487787
2,Grand_MultiParadigm_Ensemble,mb-dielectric-3517,2.4731426700994508,2.4105310440063477,0.06261162609310311
2,Grand_MultiParadigm_Ensemble,mb-dielectric-3525,1.8509174301770817,1.8180140018463136,0.03290342833076809
2,Grand_MultiParadigm_Ensemble,mb-dielectric-3538,1.5251111434908544,1.59876868724823,0.07365754375737565
2,Grand_MultiParadigm_Ensemble,mb-dielectric-3539,2.961708966120742,2.804749584197998,0.15695938192274372
2,Grand_MultiParadigm_Ensemble,mb-dielectric-3540,1.5026975743641915,1.6089381217956542,0.10624054743146272
2,Grand_MultiParadigm_Ensemble,mb-dielectric-3544,1.5635079149144082,1.5677739381790161,0.004266023264607899
2,Grand_MultiParadigm_Ensemble,mb-dielectric-3548,2.1691804904156773,2.4543325424194338,0.2851520520037565
2,Grand_MultiParadigm_Ensemble,mb-dielectric-3551,2.303624463029222,2.3550768375396727,0.05145237451045048
2,Grand_MultiParadigm_Ensemble,mb-dielectric-3559,1.4777394898966458,1.5133805751800538,0.035641085283407925
2,Grand_MultiParadigm_Ensemble,mb-dielectric-3564,1.514468223502889,1.5263957500457763,0.011927526542887312
2,Grand_MultiParadigm_Ensemble,mb-dielectric-3569,1.9073389840298445,1.8679799556732177,0.039359028356626746
2,Grand_MultiParadigm_Ensemble,mb-dielectric-3571,3.248785465370098,3.4338606357574464,0.18507517038734855
2,Grand_MultiParadigm_Ensemble,mb-dielectric-3578,2.5308054053996334,2.24432692527771,0.28647848012192334
2,Grand_MultiParadigm_Ensemble,mb-dielectric-3584,3.5386438080145903,3.634629487991333,0.09598567997674268
2,Grand_MultiParadigm_Ensemble,mb-dielectric-3585,2.291572095018324,2.2445871829986572,0.04698491201966659
2,Grand_MultiParadigm_Ensemble,mb-dielectric-3588,1.5543979541931985,1.559176254272461,0.0047783000792624986
2,Grand_MultiParadigm_Ensemble,mb-dielectric-3593,3.074789965718779,3.043724250793457,0.031065714925321952
2,Grand_MultiParadigm_Ensemble,mb-dielectric-3598,2.6870316336061246,2.730227756500244,0.04319612289411934
2,Grand_MultiParadigm_Ensemble,mb-dielectric-3604,1.0,6.229964351654052,5.229964351654052
2,Grand_MultiParadigm_Ensemble,mb-dielectric-3605,5.253353310029704,5.277193546295166,0.023840236265462167
2,Grand_MultiParadigm_Ensemble,mb-dielectric-3618,4.183857868841468,4.797860527038575,0.6140026581971068
2,Grand_MultiParadigm_Ensemble,mb-dielectric-3623,2.4971394300946352,2.564533758163452,0.06739432806881673
2,Grand_MultiParadigm_Ensemble,mb-dielectric-3635,1.428985654235115,1.421288514137268,0.007697140097846944
2,Grand_MultiParadigm_Ensemble,mb-dielectric-3639,7.004025509186367,5.152742576599121,1.851282932587246
2,Grand_MultiParadigm_Ensemble,mb-dielectric-3640,2.5632821407978748,3.1626604557037354,0.5993783149058607
2,Grand_MultiParadigm_Ensemble,mb-dielectric-3645,1.971209442618076,1.7300832986831665,0.2411261439349095
2,Grand_MultiParadigm_Ensemble,mb-dielectric-3653,2.0226844373979764,2.0296995639801025,0.007015126582126108
2,Grand_MultiParadigm_Ensemble,mb-dielectric-3658,1.7564168070250297,1.7315164089202881,0.02490039810474154
2,Grand_MultiParadigm_Ensemble,mb-dielectric-3660,2.417435624789213,2.3877304077148436,0.02970521707436946
2,Grand_MultiParadigm_Ensemble,mb-dielectric-3665,2.209580729459777,2.134012460708618,0.07556826875115874
2,Grand_MultiParadigm_Ensemble,mb-dielectric-3669,2.4790242704203878,2.475374174118042,0.0036500963023455846
2,Grand_MultiParadigm_Ensemble,mb-dielectric-3675,2.261559565137891,2.16035943031311,0.10120013482478063
2,Grand_MultiParadigm_Ensemble,mb-dielectric-3678,2.3260766682692697,2.4150925636291505,0.08901589535988075
2,Grand_MultiParadigm_Ensemble,mb-dielectric-3682,3.415747843932825,3.621441125869751,0.20569328193692593
2,Grand_MultiParadigm_Ensemble,mb-dielectric-3686,2.661512852996708,2.6438364028930663,0.017676450103641717
2,Grand_MultiParadigm_Ensemble,mb-dielectric-3691,1.897175362594375,1.8583641529083252,0.038811209686049786
2,Grand_MultiParadigm_Ensemble,mb-dielectric-3693,2.58543316809131,2.6395519256591795,0.05411875756786966
2,Grand_MultiParadigm_Ensemble,mb-dielectric-3708,2.5052611307569976,2.2166038513183595,0.28865727943863817
2,Grand_MultiParadigm_Ensemble,mb-dielectric-3712,3.138743697723655,3.4138715744018553,0.27512787667820016
2,Grand_MultiParadigm_Ensemble,mb-dielectric-3714,2.121054297591962,2.0925556659698485,0.028498631622113635
2,Grand_MultiParadigm_Ensemble,mb-dielectric-3722,4.574705127109284,5.506119441986084,0.9314143148768004
2,Grand_MultiParadigm_Ensemble,mb-dielectric-3726,1.875188879375444,1.8732347011566162,0.001954178218827929
2,Grand_MultiParadigm_Ensemble,mb-dielectric-3729,2.8576213885023467,2.9087778091430665,0.05115642064071979
2,Grand_MultiParadigm_Ensemble,mb-dielectric-3734,5.543284225078126,5.112257957458496,0.4310262676196297
2,Grand_MultiParadigm_Ensemble,mb-dielectric-3749,2.4256436259269414,2.6259334087371826,0.20028978281024123
2,Grand_MultiParadigm_Ensemble,mb-dielectric-3752,1.743414274730287,1.735461664199829,0.007952610530457926
2,Grand_MultiParadigm_Ensemble,mb-dielectric-3754,1.793692652974119,1.7578128099441528,0.035879843029966274
2,Grand_MultiParadigm_Ensemble,mb-dielectric-3758,2.0348863195110765,2.025601696968079,0.009284622542997667
2,Grand_MultiParadigm_Ensemble,mb-dielectric-3759,1.579829737661624,1.7013759374618531,0.12154619980022918
2,Grand_MultiParadigm_Ensemble,mb-dielectric-3766,2.1380931535677608,2.0550729751586916,0.08302017840906917
2,Grand_MultiParadigm_Ensemble,mb-dielectric-3772,3.42994845509064,3.5205939292907713,0.09064547420013147
2,Grand_MultiParadigm_Ensemble,mb-dielectric-3779,2.299453630756663,2.444226551055908,0.14477292029924493
2,Grand_MultiParadigm_Ensemble,mb-dielectric-3780,1.5511286213592992,1.5134181261062623,0.037710495253036935
2,Grand_MultiParadigm_Ensemble,mb-dielectric-3782,2.281686949021126,2.2751717567443848,0.006515192276741022
2,Grand_MultiParadigm_Ensemble,mb-dielectric-3787,1.6058227382456218,1.583251404762268,0.022571333483353717
2,Grand_MultiParadigm_Ensemble,mb-dielectric-3789,2.352900833722776,2.5970598220825196,0.24415898835974348
2,Grand_MultiParadigm_Ensemble,mb-dielectric-3792,1.4313129171032686,1.4484858512878418,0.01717293418457322
2,Grand_MultiParadigm_Ensemble,mb-dielectric-3794,2.31480488738612,2.289863395690918,0.02494149169520199
2,Grand_MultiParadigm_Ensemble,mb-dielectric-3804,1.929542432806288,2.1172627449035644,0.18772031209727635
2,Grand_MultiParadigm_Ensemble,mb-dielectric-3808,1.339153961773378,1.3581821203231812,0.01902815854980311
2,Grand_MultiParadigm_Ensemble,mb-dielectric-3817,2.105636483346542,2.190419912338257,0.08478342899171487
2,Grand_MultiParadigm_Ensemble,mb-dielectric-3819,2.477448889482889,2.634934663772583,0.157485774289694
2,Grand_MultiParadigm_Ensemble,mb-dielectric-3825,1.719562638192245,1.7813406944274903,0.06177805623524524
2,Grand_MultiParadigm_Ensemble,mb-dielectric-3826,1.5475408449106172,1.5369362831115723,0.010604561799044898
2,Grand_MultiParadigm_Ensemble,mb-dielectric-3835,2.276305779107895,2.2603339672088625,0.015971811899032407
2,Grand_MultiParadigm_Ensemble,mb-dielectric-3842,1.931752227038102,1.8471483945846559,0.08460383245344616
2,Grand_MultiParadigm_Ensemble,mb-dielectric-3849,2.3212165632127726,2.285959577560425,0.035256985652347694
2,Grand_MultiParadigm_Ensemble,mb-dielectric-3873,1.619124969440794,1.609699010848999,0.00942595859179507
2,Grand_MultiParadigm_Ensemble,mb-dielectric-3878,2.864542779106874,2.998706102371216,0.134163323264342
2,Grand_MultiParadigm_Ensemble,mb-dielectric-3884,3.5301295538077166,4.02465786933899,0.49452831553127297
2,Grand_MultiParadigm_Ensemble,mb-dielectric-3886,1.5859356859595544,1.6283408880233765,0.042405202063822145
2,Grand_MultiParadigm_Ensemble,mb-dielectric-3888,2.37817535097814,2.2841664791107177,0.09400887186742235
2,Grand_MultiParadigm_Ensemble,mb-dielectric-3891,1.612195397586781,1.6792124271392823,0.06701702955250122
2,Grand_MultiParadigm_Ensemble,mb-dielectric-3892,1.3634515026229144,1.3696532487869262,0.006201746164011812
2,Grand_MultiParadigm_Ensemble,mb-dielectric-3895,2.833313725423047,2.8797659873962402,0.0464522619731933
2,Grand_MultiParadigm_Ensemble,mb-dielectric-3903,1.677664646664126,1.7205050945281983,0.04284044786407226
2,Grand_MultiParadigm_Ensemble,mb-dielectric-3905,2.119719635549318,2.1416247844696046,0.02190514892028661
2,Grand_MultiParadigm_Ensemble,mb-dielectric-3907,2.1059439688719395,2.1032362461090086,0.002707722762930853
2,Grand_MultiParadigm_Ensemble,mb-dielectric-3912,1.9822546086043875,2.054858160018921,0.07260355141453356
2,Grand_MultiParadigm_Ensemble,mb-dielectric-3914,1.927802894488975,1.9672383308410644,0.03943543635208946
2,Grand_MultiParadigm_Ensemble,mb-dielectric-3921,1.5251557297535223,1.4946747541427612,0.03048097561076113
2,Grand_MultiParadigm_Ensemble,mb-dielectric-3925,1.5598994625722946,1.5923571825027465,0.03245771993045188
2,Grand_MultiParadigm_Ensemble,mb-dielectric-3931,1.8455127562098648,1.837817120552063,0.007695635657801736
2,Grand_MultiParadigm_Ensemble,mb-dielectric-3932,3.139504791098963,3.4381309032440184,0.2986261121450555
2,Grand_MultiParadigm_Ensemble,mb-dielectric-3945,4.561659602966155,1.4724299907684326,3.0892296121977223
2,Grand_MultiParadigm_Ensemble,mb-dielectric-3946,4.963399372741335,5.912698268890381,0.9492988961490463
2,Grand_MultiParadigm_Ensemble,mb-dielectric-3959,1.82848862907776,1.9068998098373413,0.07841118075958131
2,Grand_MultiParadigm_Ensemble,mb-dielectric-3966,1.5193000581408094,1.5781241655349731,0.05882410739416377
2,Grand_MultiParadigm_Ensemble,mb-dielectric-3969,2.226612973404522,2.270922088623047,0.04430911521852465
2,Grand_MultiParadigm_Ensemble,mb-dielectric-3970,2.864909771703116,2.9355627059936524,0.07065293429053643
2,Grand_MultiParadigm_Ensemble,mb-dielectric-3973,1.6875030864228973,1.677435827255249,0.01006725916764828
2,Grand_MultiParadigm_Ensemble,mb-dielectric-3975,4.139243087004307,4.319478225708008,0.18023513870370067
2,Grand_MultiParadigm_Ensemble,mb-dielectric-3976,1.8941885685784592,1.9066408634185792,0.012452294840120004
2,Grand_MultiParadigm_Ensemble,mb-dielectric-3979,1.8864450694361592,1.8487301349639893,0.03771493447216989
2,Grand_MultiParadigm_Ensemble,mb-dielectric-3994,1.9666690112980372,2.004605507850647,0.03793649655260989
2,Grand_MultiParadigm_Ensemble,mb-dielectric-3997,2.4452491352280106,1.9545057773590089,0.4907433578690017
2,Grand_MultiParadigm_Ensemble,mb-dielectric-4012,2.2316733631963244,2.154573678970337,0.07709968422598745
2,Grand_MultiParadigm_Ensemble,mb-dielectric-4013,4.174805384685614,4.324671840667724,0.14986645598211012
2,Grand_MultiParadigm_Ensemble,mb-dielectric-4016,1.497380824417534,1.494248867034912,0.0031319573826218416
2,Grand_MultiParadigm_Ensemble,mb-dielectric-4020,2.930803359717832,2.206148862838745,0.7246544968790869
2,Grand_MultiParadigm_Ensemble,mb-dielectric-4022,2.9065866005792205,2.8304912090301513,0.07609539154906919
2,Grand_MultiParadigm_Ensemble,mb-dielectric-4025,5.008193287004806,4.470134639739991,0.5380586472648154
2,Grand_MultiParadigm_Ensemble,mb-dielectric-4027,4.335512272692428,4.4536844253540036,0.11817215266157532
2,Grand_MultiParadigm_Ensemble,mb-dielectric-4034,1.4538454755119838,1.4657159328460694,0.011870457334085538
2,Grand_MultiParadigm_Ensemble,mb-dielectric-4036,1.5104470640619396,1.5096538543701172,0.0007932096918223941
2,Grand_MultiParadigm_Ensemble,mb-dielectric-4039,2.083091772662293,2.101655960083008,0.018564187420714973
2,Grand_MultiParadigm_Ensemble,mb-dielectric-4044,1.623963053766926,1.6703965187072753,0.04643346494034928
2,Grand_MultiParadigm_Ensemble,mb-dielectric-4053,1.7574025340446786,1.6774760007858276,0.07992653325885102
2,Grand_MultiParadigm_Ensemble,mb-dielectric-4057,2.299867315013341,2.356817388534546,0.056950073521204736
2,Grand_MultiParadigm_Ensemble,mb-dielectric-4058,2.3622319248258976,2.330021858215332,0.03221006661056558
2,Grand_MultiParadigm_Ensemble,mb-dielectric-4069,2.0086245708610324,2.050147294998169,0.041522724137136535
2,Grand_MultiParadigm_Ensemble,mb-dielectric-4074,2.1633139701239235,2.3798352241516114,0.21652125402768796
2,Grand_MultiParadigm_Ensemble,mb-dielectric-4077,2.1539875425204658,2.3922900199890136,0.23830247746854782
2,Grand_MultiParadigm_Ensemble,mb-dielectric-4082,1.9611221277707864,2.0120478868484497,0.05092575907766328
2,Grand_MultiParadigm_Ensemble,mb-dielectric-4084,4.800867977078034,5.2483573913574215,0.4474894142793877
2,Grand_MultiParadigm_Ensemble,mb-dielectric-4085,5.167268782119493,5.170571327209473,0.003302545089979958
2,Grand_MultiParadigm_Ensemble,mb-dielectric-4086,1.4801549468439732,1.4957738399505616,0.015618893106588372
2,Grand_MultiParadigm_Ensemble,mb-dielectric-4096,2.126782703208462,2.1591188430786135,0.03233613987015138
2,Grand_MultiParadigm_Ensemble,mb-dielectric-4098,1.8834365753476632,1.7553144216537475,0.12812215369391566
2,Grand_MultiParadigm_Ensemble,mb-dielectric-4099,1.857809821626889,2.055825209617615,0.19801538799072582
2,Grand_MultiParadigm_Ensemble,mb-dielectric-4100,1.8338217834166255,1.8138037204742432,0.020018062942382286
2,Grand_MultiParadigm_Ensemble,mb-dielectric-4103,1.4996078376251127,1.4735814571380614,0.026026380487051304
2,Grand_MultiParadigm_Ensemble,mb-dielectric-4111,2.444471040259357,2.359688091278076,0.0847829489812808
2,Grand_MultiParadigm_Ensemble,mb-dielectric-4120,1.4830710254963009,1.5523265838623046,0.06925555836600372
2,Grand_MultiParadigm_Ensemble,mb-dielectric-4123,1.7216260724481764,1.7149856805801391,0.006640391868037332
2,Grand_MultiParadigm_Ensemble,mb-dielectric-4124,2.4126993181911445,2.4487611293792724,0.0360618111881279
2,Grand_MultiParadigm_Ensemble,mb-dielectric-4138,6.949286917854712,4.262259387969971,2.687027529884741
2,Grand_MultiParadigm_Ensemble,mb-dielectric-4140,2.082898381262674,2.14436993598938,0.06147155472670596
2,Grand_MultiParadigm_Ensemble,mb-dielectric-4145,4.216764755117364,4.119838714599609,0.09692604051775433
2,Grand_MultiParadigm_Ensemble,mb-dielectric-4153,2.310309286654056,2.3494096755981446,0.039100388944088404
2,Grand_MultiParadigm_Ensemble,mb-dielectric-4172,3.0899838187278585,3.1460121631622315,0.05602834443437299
2,Grand_MultiParadigm_Ensemble,mb-dielectric-4192,1.8589838622215085,1.8703977823257447,0.011413920104236253
2,Grand_MultiParadigm_Ensemble,mb-dielectric-4196,2.75382418949842,2.8022321224212647,0.04840793292284484
2,Grand_MultiParadigm_Ensemble,mb-dielectric-4202,62.06299756430305,3.0079911231994627,59.05500644110359
2,Grand_MultiParadigm_Ensemble,mb-dielectric-4223,1.3888561240579744,1.4175078630447389,0.02865173898676443
2,Grand_MultiParadigm_Ensemble,mb-dielectric-4224,3.179403765909381,2.6488152027130125,0.5305885631963685
2,Grand_MultiParadigm_Ensemble,mb-dielectric-4226,2.375244127803851,2.429141807556152,0.0538976797523012
2,Grand_MultiParadigm_Ensemble,mb-dielectric-4232,1.6742162345408136,1.7332306861877442,0.059014451646930643
2,Grand_MultiParadigm_Ensemble,mb-dielectric-4243,1.371504648187535,1.3922698974609375,0.02076524927340251
2,Grand_MultiParadigm_Ensemble,mb-dielectric-4245,3.1726727428673382,3.354972696304322,0.18229995343698358
2,Grand_MultiParadigm_Ensemble,mb-dielectric-4253,2.2855283123747703,2.322951555252075,0.03742324287730492
2,Grand_MultiParadigm_Ensemble,mb-dielectric-4264,2.456832920652115,2.434241533279419,0.022591387372695948
2,Grand_MultiParadigm_Ensemble,mb-dielectric-4265,1.619471615245376,1.6342411518096924,0.014769536564316343
2,Grand_MultiParadigm_Ensemble,mb-dielectric-4268,2.3813898602846755,2.420116090774536,0.03872623048986057
2,Grand_MultiParadigm_Ensemble,mb-dielectric-4274,2.225588461508551,2.207001543045044,0.01858691846350702
2,Grand_MultiParadigm_Ensemble,mb-dielectric-4277,2.033263463431697,1.969151258468628,0.06411220496306891
2,Grand_MultiParadigm_Ensemble,mb-dielectric-4287,3.210822220761114,3.4626112461090086,0.2517890253478945
2,Grand_MultiParadigm_Ensemble,mb-dielectric-4288,1.64653312548923,1.7245543241500854,0.07802119866085544
2,Grand_MultiParadigm_Ensemble,mb-dielectric-4293,1.910223808876855,1.8284201860427856,0.0818036228340695
2,Grand_MultiParadigm_Ensemble,mb-dielectric-4298,1.0000000000485465,2.4607633113861085,1.460763311337562
2,Grand_MultiParadigm_Ensemble,mb-dielectric-4299,2.0653237073166624,2.0443515300750734,0.020972177241588952
2,Grand_MultiParadigm_Ensemble,mb-dielectric-4312,1.8067505823069956,1.9186413288116455,0.11189074650464992
2,Grand_MultiParadigm_Ensemble,mb-dielectric-4323,2.2339099655064474,1.9232173442840577,0.3106926212223897
2,Grand_MultiParadigm_Ensemble,mb-dielectric-4332,2.2967627217455444,2.094117832183838,0.20264488956170634
2,Grand_MultiParadigm_Ensemble,mb-dielectric-4344,2.2155525270234526,2.277517032623291,0.06196450559983857
2,Grand_MultiParadigm_Ensemble,mb-dielectric-4347,4.432316098835913,4.396077823638916,0.03623827519699674
2,Grand_MultiParadigm_Ensemble,mb-dielectric-4362,4.592049651299512,4.676165199279785,0.08411554798027243
2,Grand_MultiParadigm_Ensemble,mb-dielectric-4365,2.73236033494852,2.804240083694458,0.07187974874593817
2,Grand_MultiParadigm_Ensemble,mb-dielectric-4370,3.725440287178595,3.489617109298706,0.23582317787988893
2,Grand_MultiParadigm_Ensemble,mb-dielectric-4382,3.448526255276786,3.520343542098999,0.07181728682221289
2,Grand_MultiParadigm_Ensemble,mb-dielectric-4385,4.036087214122113,4.052511692047119,0.01642447792500601
2,Grand_MultiParadigm_Ensemble,mb-dielectric-4393,1.7360875553957524,1.7545867919921876,0.018499236596435154
2,Grand_MultiParadigm_Ensemble,mb-dielectric-4394,2.432542771121061,2.4599746227264405,0.02743185160537953
2,Grand_MultiParadigm_Ensemble,mb-dielectric-4397,1.435652232726761,1.531132984161377,0.0954807514346161
2,Grand_MultiParadigm_Ensemble,mb-dielectric-4398,1.3935566009315876,1.4123677015304565,0.018811100598868924
2,Grand_MultiParadigm_Ensemble,mb-dielectric-4399,2.40906572485407,2.3721479415893554,0.03691778326471473
2,Grand_MultiParadigm_Ensemble,mb-dielectric-4410,1.950583246108712,1.7904758214950562,0.1601074246136558
2,Grand_MultiParadigm_Ensemble,mb-dielectric-4419,1.9422149726536453,1.9203798055648804,0.021835167088764873
2,Grand_MultiParadigm_Ensemble,mb-dielectric-4423,1.3957077057894325,1.4163172721862793,0.020609566396846857
2,Grand_MultiParadigm_Ensemble,mb-dielectric-4425,10.881819700769668,4.259353494644165,6.6224662061255035
2,Grand_MultiParadigm_Ensemble,mb-dielectric-4428,1.8669311717361192,1.850369358062744,0.01656181367337517
2,Grand_MultiParadigm_Ensemble,mb-dielectric-4429,1.8712185869107116,1.8671354293823241,0.004083157528387504
2,Grand_MultiParadigm_Ensemble,mb-dielectric-4431,2.9279896402366816,3.0579490661621094,0.12995942592542775
2,Grand_MultiParadigm_Ensemble,mb-dielectric-4451,3.7223200650592463,3.775872230529785,0.05355216547053887
2,Grand_MultiParadigm_Ensemble,mb-dielectric-4462,2.4951655255714003,2.655355978012085,0.16019045244068453
2,Grand_MultiParadigm_Ensemble,mb-dielectric-4463,2.314664770544538,2.342241954803467,0.027577184258928966
2,Grand_MultiParadigm_Ensemble,mb-dielectric-4465,1.9121541081547624,1.9154427766799926,0.0032886685252302428
2,Grand_MultiParadigm_Ensemble,mb-dielectric-4486,2.46331030661317,2.420845460891724,0.04246484572144604
2,Grand_MultiParadigm_Ensemble,mb-dielectric-4487,1.8368417641883763,1.8222928524017334,0.01454891178664286
2,Grand_MultiParadigm_Ensemble,mb-dielectric-4500,1.7428649785147827,1.627555251121521,0.11530972739326173
2,Grand_MultiParadigm_Ensemble,mb-dielectric-4505,2.228751518957051,2.443723678588867,0.21497215963181615
2,Grand_MultiParadigm_Ensemble,mb-dielectric-4514,1.6896101128169578,1.7524303674697876,0.06282025465282981
2,Grand_MultiParadigm_Ensemble,mb-dielectric-4516,1.8044788721400988,1.8931386709213256,0.08865979878122676
2,Grand_MultiParadigm_Ensemble,mb-dielectric-4517,5.530526647616844,5.612277221679688,0.08175057406284392
2,Grand_MultiParadigm_Ensemble,mb-dielectric-4528,1.6777932927906638,1.6524654865264892,0.025327806264174635
2,Grand_MultiParadigm_Ensemble,mb-dielectric-4535,1.4853846864252596,1.4922304630279541,0.0068457766026945865
2,Grand_MultiParadigm_Ensemble,mb-dielectric-4538,1.7241165853851064,1.903841781616211,0.1797251962311046
2,Grand_MultiParadigm_Ensemble,mb-dielectric-4539,3.2924825992959583,3.0850165843963624,0.20746601489959593
2,Grand_MultiParadigm_Ensemble,mb-dielectric-4544,1.4920604321988211,1.4835590362548827,0.008501395943938395
2,Grand_MultiParadigm_Ensemble,mb-dielectric-4545,2.14876297746711,2.112508773803711,0.03625420366339904
2,Grand_MultiParadigm_Ensemble,mb-dielectric-4550,2.312417638172943,1.9589380741119384,0.35347956406100445
2,Grand_MultiParadigm_Ensemble,mb-dielectric-4554,1.758407992095877,1.797416615486145,0.039008623390268005
2,Grand_MultiParadigm_Ensemble,mb-dielectric-4558,2.440632773141705,2.4503525733947753,0.00971980025307051
2,Grand_MultiParadigm_Ensemble,mb-dielectric-4561,2.9993037525399124,2.9688560009002685,0.030447751639643972
2,Grand_MultiParadigm_Ensemble,mb-dielectric-4569,2.064945519862451,2.195918846130371,0.1309733262679198
2,Grand_MultiParadigm_Ensemble,mb-dielectric-4575,2.2333830840230333,2.288278102874756,0.054895018851722543
2,Grand_MultiParadigm_Ensemble,mb-dielectric-4576,3.927849284277742,3.062700796127319,0.8651484881504228
2,Grand_MultiParadigm_Ensemble,mb-dielectric-4579,1.122942563090385,1.2091591358184814,0.08621657272809635
2,Grand_MultiParadigm_Ensemble,mb-dielectric-4582,2.079102370414536,2.1744997978210447,0.09539742740650858
2,Grand_MultiParadigm_Ensemble,mb-dielectric-4594,1.6263500033305665,1.6284539937973022,0.0021039904667357057
2,Grand_MultiParadigm_Ensemble,mb-dielectric-4599,1.536229149573748,1.5424164295196534,0.0061872799459055106
2,Grand_MultiParadigm_Ensemble,mb-dielectric-4601,3.711693234452241,4.87247896194458,1.160785727492339
2,Grand_MultiParadigm_Ensemble,mb-dielectric-4605,1.5662056059151577,1.6771296501159667,0.11092404420080904
2,Grand_MultiParadigm_Ensemble,mb-dielectric-4622,1.827504309160446,1.8622450590133668,0.03474074985292086
2,Grand_MultiParadigm_Ensemble,mb-dielectric-4637,8.319696148297727,6.446650695800781,1.873045452496945
2,Grand_MultiParadigm_Ensemble,mb-dielectric-4642,1.7960557712201892,1.7433756351470948,0.05268013607309441
2,Grand_MultiParadigm_Ensemble,mb-dielectric-4650,2.137215634105896,2.275126028060913,0.1379103939550168
2,Grand_MultiParadigm_Ensemble,mb-dielectric-4656,1.5693660078728182,1.5855064392089844,0.01614043133616616
2,Grand_MultiParadigm_Ensemble,mb-dielectric-4663,1.94300488934022,1.9649706602096557,0.02196577086943563
2,Grand_MultiParadigm_Ensemble,mb-dielectric-4683,1.5454990564000135,1.5287516593933106,0.016747397006702913
2,Grand_MultiParadigm_Ensemble,mb-dielectric-4684,2.255897677939612,2.3602179527282714,0.10432027478865935
2,Grand_MultiParadigm_Ensemble,mb-dielectric-4690,1.7991919482552898,1.8156381607055665,0.016446212450276665
2,Grand_MultiParadigm_Ensemble,mb-dielectric-4691,2.4488498660936067,2.4224579334259033,0.026391932667703344
2,Grand_MultiParadigm_Ensemble,mb-dielectric-4692,2.1768326378785607,2.262862491607666,0.0860298537291051
2,Grand_MultiParadigm_Ensemble,mb-dielectric-4698,3.4158839753910466,2.6031335830688476,0.812750392322199
2,Grand_MultiParadigm_Ensemble,mb-dielectric-4700,1.612166864812697,1.635180449485779,0.0230135846730819
2,Grand_MultiParadigm_Ensemble,mb-dielectric-4701,1.535095081766288,1.5874093294143676,0.05231424764807957
2,Grand_MultiParadigm_Ensemble,mb-dielectric-4714,1.7696952656695824,1.8213290452957154,0.051633779626133025
2,Grand_MultiParadigm_Ensemble,mb-dielectric-4717,4.783777691323036,5.974105453491211,1.1903277621681747
2,Grand_MultiParadigm_Ensemble,mb-dielectric-4719,1.58598087420163,1.663521909713745,0.07754103551211511
2,Grand_MultiParadigm_Ensemble,mb-dielectric-4727,2.575548535620604,2.6228636741638183,0.04731513854321445
2,Grand_MultiParadigm_Ensemble,mb-dielectric-4728,2.263811461525304,2.2473332405090334,0.016478221016270833
2,Grand_MultiParadigm_Ensemble,mb-dielectric-4734,2.2470000741729703,2.126447916030884,0.12055215814208653
2,Grand_MultiParadigm_Ensemble,mb-dielectric-4736,1.585442735221511,1.6298392057418822,0.04439647052037121
2,Grand_MultiParadigm_Ensemble,mb-dielectric-4737,1.5967435611268328,1.6372791051864624,0.04053554405962956
2,Grand_MultiParadigm_Ensemble,mb-dielectric-4761,2.6906188879004733,2.605803680419922,0.08481520748055127
3,Grand_MultiParadigm_Ensemble,mb-dielectric-0001,1.752063640396657,1.8680912096471776,0.1160275692505206
3,Grand_MultiParadigm_Ensemble,mb-dielectric-0002,1.6528587356456086,1.7279465267379255,0.07508779109231689
3,Grand_MultiParadigm_Ensemble,mb-dielectric-0004,2.67688749607948,2.896974394645061,0.22008689856558084
3,Grand_MultiParadigm_Ensemble,mb-dielectric-0009,3.3691739838376957,3.1160516441568538,0.25312233968084197
3,Grand_MultiParadigm_Ensemble,mb-dielectric-0011,1.9084626448182505,1.8104806389226584,0.09798200589559203
3,Grand_MultiParadigm_Ensemble,mb-dielectric-0017,2.3237190736690407,2.252336998084645,0.07138207558439591
3,Grand_MultiParadigm_Ensemble,mb-dielectric-0021,1.3754999091239513,1.399718699482052,0.024218790358100817
3,Grand_MultiParadigm_Ensemble,mb-dielectric-0022,1.556806453395326,1.6670771648843175,0.11027071148899137
3,Grand_MultiParadigm_Ensemble,mb-dielectric-0027,1.610746203886054,1.702452894804578,0.09170669091852401
3,Grand_MultiParadigm_Ensemble,mb-dielectric-0032,1.893252140277852,1.842688523845469,0.05056361643238283
3,Grand_MultiParadigm_Ensemble,mb-dielectric-0035,1.980909471261454,1.9419230155554907,0.03898645570596315
3,Grand_MultiParadigm_Ensemble,mb-dielectric-0043,1.465016950982716,1.472504185506303,0.007487234523587016
3,Grand_MultiParadigm_Ensemble,mb-dielectric-0047,2.878486292017612,2.829293997905273,0.04919229411233905
3,Grand_MultiParadigm_Ensemble,mb-dielectric-0048,2.868607153306287,3.1560455971892254,0.28743844388293827
3,Grand_MultiParadigm_Ensemble,mb-dielectric-0049,1.8209356569265849,1.7973255754471236,0.02361008147946131
3,Grand_MultiParadigm_Ensemble,mb-dielectric-0052,3.2598568475727294,3.6480470192179366,0.3881901716452072
3,Grand_MultiParadigm_Ensemble,mb-dielectric-0068,2.6600899107611577,2.5470315605022615,0.11305835025889621
3,Grand_MultiParadigm_Ensemble,mb-dielectric-0078,1.4094877320028891,1.4228172884955523,0.013329556492663208
3,Grand_MultiParadigm_Ensemble,mb-dielectric-0080,1.9889645547369617,1.9339741499536438,0.05499040478331785
3,Grand_MultiParadigm_Ensemble,mb-dielectric-0081,1.664890687102305,1.6235437418456278,0.04134694525667726
3,Grand_MultiParadigm_Ensemble,mb-dielectric-0083,1.5146782936760312,1.5494235298213508,0.03474523614531955
3,Grand_MultiParadigm_Ensemble,mb-dielectric-0089,3.480852386030394,3.030699289644766,0.4501530963856277
3,Grand_MultiParadigm_Ensemble,mb-dielectric-0095,2.0392252613840065,2.1554344370623,0.1162091756782937
3,Grand_MultiParadigm_Ensemble,mb-dielectric-0102,2.0405490274270157,1.9901123363461117,0.050436691080903984
3,Grand_MultiParadigm_Ensemble,mb-dielectric-0105,2.385480734219694,2.395422662092448,0.00994192787275372
3,Grand_MultiParadigm_Ensemble,mb-dielectric-0106,2.158277476754708,2.2555751089377774,0.0972976321830692
3,Grand_MultiParadigm_Ensemble,mb-dielectric-0109,5.113721280372387,4.337190348477317,0.7765309318950697
3,Grand_MultiParadigm_Ensemble,mb-dielectric-0110,1.7614708815835325,1.741033473068292,0.020437408515240563
3,Grand_MultiParadigm_Ensemble,mb-dielectric-0123,2.9011306991125627,2.8082100337556057,0.09292066535695698
3,Grand_MultiParadigm_Ensemble,mb-dielectric-0130,1.809548562487351,1.8924695770320619,0.08292101454471079
3,Grand_MultiParadigm_Ensemble,mb-dielectric-0133,3.078148794323722,2.8131897272610606,0.26495906706266137
3,Grand_MultiParadigm_Ensemble,mb-dielectric-0141,2.9955796879179664,3.060305826674542,0.06472613875657585
3,Grand_MultiParadigm_Ensemble,mb-dielectric-0144,6.781759604507768,2.6169351954731077,4.164824409034661
3,Grand_MultiParadigm_Ensemble,mb-dielectric-0145,3.0726867179500523,2.415006575997194,0.6576801419528584
3,Grand_MultiParadigm_Ensemble,mb-dielectric-0162,2.0568615250748734,2.1016875816037484,0.04482605652887495
3,Grand_MultiParadigm_Ensemble,mb-dielectric-0164,3.404275257820544,3.41500090881006,0.010725650989515945
3,Grand_MultiParadigm_Ensemble,mb-dielectric-0165,2.0240219037022964,2.0176389402841055,0.00638296341819089
3,Grand_MultiParadigm_Ensemble,mb-dielectric-0166,3.57042649179805,3.330576794514296,0.23984969728375427
3,Grand_MultiParadigm_Ensemble,mb-dielectric-0167,3.120332460919296,3.0862515263673496,0.034080934551946385
3,Grand_MultiParadigm_Ensemble,mb-dielectric-0175,2.866867396073055,2.9116202386725516,0.044752842599496745
3,Grand_MultiParadigm_Ensemble,mb-dielectric-0177,1.36906293987124,1.3495593121113825,0.019503627759857478
3,Grand_MultiParadigm_Ensemble,mb-dielectric-0182,3.2536674691799714,3.0052362923898293,0.24843117679014215
3,Grand_MultiParadigm_Ensemble,mb-dielectric-0188,1.8472982072926576,1.8065938907027181,0.04070431658993945
3,Grand_MultiParadigm_Ensemble,mb-dielectric-0193,1.6119180086675284,1.5524893936854254,0.059428614982103056
3,Grand_MultiParadigm_Ensemble,mb-dielectric-0207,3.613125332266605,2.8166790811610953,0.7964462511055097
3,Grand_MultiParadigm_Ensemble,mb-dielectric-0215,1.7716690812150369,1.8168002989639214,0.04513121774888451
3,Grand_MultiParadigm_Ensemble,mb-dielectric-0222,1.9263904069528588,1.920140829132753,0.006249577820105712
3,Grand_MultiParadigm_Ensemble,mb-dielectric-0226,2.968035433301518,2.966822879763825,0.0012125535376932284
3,Grand_MultiParadigm_Ensemble,mb-dielectric-0228,3.105358755441954,3.178745773699576,0.07338701825762195
3,Grand_MultiParadigm_Ensemble,mb-dielectric-0232,1.7582118757419418,1.7739772479346694,0.015765372192727556
3,Grand_MultiParadigm_Ensemble,mb-dielectric-0237,2.3274064249001865,2.3700177577051442,0.04261133280495777
3,Grand_MultiParadigm_Ensemble,mb-dielectric-0239,1.5863028294328505,1.5613456849431295,0.024957144489720973
3,Grand_MultiParadigm_Ensemble,mb-dielectric-0245,1.9472533647850416,1.8853025017473013,0.061950863037740334
3,Grand_MultiParadigm_Ensemble,mb-dielectric-0252,2.580605161585166,2.666208524505295,0.08560336292012893
3,Grand_MultiParadigm_Ensemble,mb-dielectric-0255,2.4289229437487614,2.4170774996795026,0.011845444069258804
3,Grand_MultiParadigm_Ensemble,mb-dielectric-0258,2.265628757468144,2.3599114104521086,0.09428265298396443
3,Grand_MultiParadigm_Ensemble,mb-dielectric-0260,2.369584773752566,2.2263728737622936,0.1432118999902725
3,Grand_MultiParadigm_Ensemble,mb-dielectric-0261,1.8608056498911076,1.9809595434137441,0.1201538935226365
3,Grand_MultiParadigm_Ensemble,mb-dielectric-0264,2.147400676787326,2.0643879445604254,0.08301273222690053
3,Grand_MultiParadigm_Ensemble,mb-dielectric-0275,2.8917565019666984,3.3651382864087376,0.47338178444203916
3,Grand_MultiParadigm_Ensemble,mb-dielectric-0278,1.558594024540494,1.6524390140584173,0.09384498951792342
3,Grand_MultiParadigm_Ensemble,mb-dielectric-0283,1.5603069142533037,1.5960524172862989,0.035745503032995174
3,Grand_MultiParadigm_Ensemble,mb-dielectric-0285,1.850960291308271,1.8905613636301684,0.03960107232189736
3,Grand_MultiParadigm_Ensemble,mb-dielectric-0290,1.8766975426708128,1.7544034969869213,0.12229404568389146
3,Grand_MultiParadigm_Ensemble,mb-dielectric-0303,1.6074217451144135,1.569317483598152,0.03810426151626145
3,Grand_MultiParadigm_Ensemble,mb-dielectric-0304,1.788507571505733,1.8545523314241028,0.06604475991836978
3,Grand_MultiParadigm_Ensemble,mb-dielectric-0315,3.909219871022862,3.937622425223826,0.028402554200964047
3,Grand_MultiParadigm_Ensemble,mb-dielectric-0320,4.699785456096197,1.9841078063319775,2.715677649764219
3,Grand_MultiParadigm_Ensemble,mb-dielectric-0328,3.371943060009892,3.2709367545824635,0.10100630542742861
3,Grand_MultiParadigm_Ensemble,mb-dielectric-0329,2.842358175881428,2.9002044920986925,0.05784631621726444
3,Grand_MultiParadigm_Ensemble,mb-dielectric-0334,1.5472029601833115,1.6238736502507052,0.07667069006739369
3,Grand_MultiParadigm_Ensemble,mb-dielectric-0336,1.684915527061619,1.6933727509881833,0.008457223926564339
3,Grand_MultiParadigm_Ensemble,mb-dielectric-0349,1.7341352311743166,1.7069713024141535,0.027163928760163047
3,Grand_MultiParadigm_Ensemble,mb-dielectric-0355,2.08579856809487,2.274364536652652,0.18856596855778207
3,Grand_MultiParadigm_Ensemble,mb-dielectric-0372,2.470693087644302,2.474121813893719,0.0034287262494170356
3,Grand_MultiParadigm_Ensemble,mb-dielectric-0378,1.4492012742657088,1.4628141238313241,0.01361284956561537
3,Grand_MultiParadigm_Ensemble,mb-dielectric-0379,1.6779550053562222,1.6900847894672686,0.012129784111046371
3,Grand_MultiParadigm_Ensemble,mb-dielectric-0384,4.729838792178862,2.3814144818301397,2.3484243103487223
3,Grand_MultiParadigm_Ensemble,mb-dielectric-0386,2.226257172924996,2.112738430768781,0.11351874215621516
3,Grand_MultiParadigm_Ensemble,mb-dielectric-0390,2.532808980822149,2.6342026630172057,0.10139368219505673
3,Grand_MultiParadigm_Ensemble,mb-dielectric-0393,1.6465161199737262,1.6752384822282516,0.028722362254525402
3,Grand_MultiParadigm_Ensemble,mb-dielectric-0398,1.5980884414407943,1.6838764296809423,0.085787988240148
3,Grand_MultiParadigm_Ensemble,mb-dielectric-0403,2.663080922538144,1.991595978429937,0.6714849441082069
3,Grand_MultiParadigm_Ensemble,mb-dielectric-0404,2.1122009847550007,2.005989752315041,0.10621123243995978
3,Grand_MultiParadigm_Ensemble,mb-dielectric-0405,2.919793999582847,3.001634469147966,0.08184046956511892
3,Grand_MultiParadigm_Ensemble,mb-dielectric-0407,1.5394804318330149,1.5711892369728113,0.03170880513979646
3,Grand_MultiParadigm_Ensemble,mb-dielectric-0410,2.341882184768923,2.4347772414045297,0.09289505663560682
3,Grand_MultiParadigm_Ensemble,mb-dielectric-0421,1.912151754786568,1.9006037329355745,0.011548021850993573
3,Grand_MultiParadigm_Ensemble,mb-dielectric-0423,1.944040637435328,2.0408949187396836,0.09685428130435558
3,Grand_MultiParadigm_Ensemble,mb-dielectric-0424,1.841679849123258,1.8668797002474158,0.02519985112415779
3,Grand_MultiParadigm_Ensemble,mb-dielectric-0428,4.764238659009433,3.852890398725134,0.9113482602842993
3,Grand_MultiParadigm_Ensemble,mb-dielectric-0434,1.6426119444348397,1.7047908836397696,0.062178939204929895
3,Grand_MultiParadigm_Ensemble,mb-dielectric-0437,1.4939879517586478,1.5494440455364284,0.0554560937777806
3,Grand_MultiParadigm_Ensemble,mb-dielectric-0439,2.017576929553534,2.0221219912132984,0.004545061659764205
3,Grand_MultiParadigm_Ensemble,mb-dielectric-0441,1.7817616750471053,1.7233763883588615,0.05838528668824372
3,Grand_MultiParadigm_Ensemble,mb-dielectric-0445,2.1841239281078657,2.019441644407963,0.16468228369990268
3,Grand_MultiParadigm_Ensemble,mb-dielectric-0447,2.6705722857345267,2.928168405111341,0.25759611937681415
3,Grand_MultiParadigm_Ensemble,mb-dielectric-0461,2.770198548849521,2.9366930354280676,0.16649448657854649
3,Grand_MultiParadigm_Ensemble,mb-dielectric-0465,1.95348159278078,1.933092384460973,0.02038920831980695
3,Grand_MultiParadigm_Ensemble,mb-dielectric-0475,1.539747923092175,1.5533706303601855,0.013622707268010625
3,Grand_MultiParadigm_Ensemble,mb-dielectric-0476,2.383538126399492,1.9462113095755953,0.4373268168238966
3,Grand_MultiParadigm_Ensemble,mb-dielectric-0480,3.3483423759625697,3.4074235369125367,0.05908116094996707
3,Grand_MultiParadigm_Ensemble,mb-dielectric-0485,2.435326535258328,2.467888019879397,0.03256148462106889
3,Grand_MultiParadigm_Ensemble,mb-dielectric-0486,2.67711019571478,2.531406530580429,0.14570366513435085
3,Grand_MultiParadigm_Ensemble,mb-dielectric-0496,1.6163091701251775,1.7295595296018587,0.11325035947668116
3,Grand_MultiParadigm_Ensemble,mb-dielectric-0498,2.208544015107389,2.1724594343535744,0.0360845807538146
3,Grand_MultiParadigm_Ensemble,mb-dielectric-0503,1.0000000000000044,4.960809166295722,3.960809166295718
3,Grand_MultiParadigm_Ensemble,mb-dielectric-0514,1.923092821472744,1.9506887248505098,0.02759590337776574
3,Grand_MultiParadigm_Ensemble,mb-dielectric-0519,1.78403961092049,1.7606689051454776,0.023370705775012324
3,Grand_MultiParadigm_Ensemble,mb-dielectric-0520,1.554197756614861,1.5097803822125866,0.044417374402274445
3,Grand_MultiParadigm_Ensemble,mb-dielectric-0527,2.1350035909415466,2.0980748970013496,0.03692869394019693
3,Grand_MultiParadigm_Ensemble,mb-dielectric-0533,2.3780759729944148,2.3050179151461476,0.07305805784826713
3,Grand_MultiParadigm_Ensemble,mb-dielectric-0545,1.5291192454045766,1.543267151033474,0.01414790562889734
3,Grand_MultiParadigm_Ensemble,mb-dielectric-0548,2.422857816711496,2.3139401460673583,0.10891767064413749
3,Grand_MultiParadigm_Ensemble,mb-dielectric-0551,2.146858169506898,1.8036199162686084,0.3432382532382894
3,Grand_MultiParadigm_Ensemble,mb-dielectric-0554,1.5696456075602971,1.57013954967843,0.0004939421181329173
3,Grand_MultiParadigm_Ensemble,mb-dielectric-0566,2.9661422757514724,2.2837569646075897,0.6823853111438827
3,Grand_MultiParadigm_Ensemble,mb-dielectric-0574,1.99949435274688,2.0836013647164293,0.08410701196954928
3,Grand_MultiParadigm_Ensemble,mb-dielectric-0578,2.0181096765702966,2.189405569329717,0.17129589275942037
3,Grand_MultiParadigm_Ensemble,mb-dielectric-0599,1.74683981330096,1.7979236783398171,0.0510838650388572
3,Grand_MultiParadigm_Ensemble,mb-dielectric-0603,1.6129929737396047,1.6289242469659904,0.015931273226385656
3,Grand_MultiParadigm_Ensemble,mb-dielectric-0615,2.293787333937768,2.1724431444496894,0.12134418948807868
3,Grand_MultiParadigm_Ensemble,mb-dielectric-0618,1.843488088741919,1.805382602646161,0.03810548609575792
3,Grand_MultiParadigm_Ensemble,mb-dielectric-0619,1.5703166347375084,1.5101205805326887,0.06019605420481966
3,Grand_MultiParadigm_Ensemble,mb-dielectric-0622,1.4869639089993631,1.5093579161541704,0.022394007154807216
3,Grand_MultiParadigm_Ensemble,mb-dielectric-0623,1.9761350324982008,1.9052633265736205,0.07087170592458025
3,Grand_MultiParadigm_Ensemble,mb-dielectric-0624,1.5390773209946278,1.5226789427463001,0.016398378248327683
3,Grand_MultiParadigm_Ensemble,mb-dielectric-0630,1.6679188629346853,1.694696551979834,0.026777689045148767
3,Grand_MultiParadigm_Ensemble,mb-dielectric-0631,2.845845392849021,3.717014045962615,0.8711686531135938
3,Grand_MultiParadigm_Ensemble,mb-dielectric-0636,1.6701481970172587,1.6828851274806944,0.012736930463435714
3,Grand_MultiParadigm_Ensemble,mb-dielectric-0640,2.5920913692743675,2.5027530292241615,0.08933834005020591
3,Grand_MultiParadigm_Ensemble,mb-dielectric-0650,2.2082471932885186,2.243153399635946,0.03490620634742747
3,Grand_MultiParadigm_Ensemble,mb-dielectric-0657,1.386602562620835,1.4288314450144073,0.042228882393572365
3,Grand_MultiParadigm_Ensemble,mb-dielectric-0658,1.7427019251725178,1.7937145821031137,0.05101265693059598
3,Grand_MultiParadigm_Ensemble,mb-dielectric-0665,1.9153554935485595,1.970004255523861,0.05464876197530155
3,Grand_MultiParadigm_Ensemble,mb-dielectric-0666,5.1661916340762986,5.179112650349509,0.01292101627321074
3,Grand_MultiParadigm_Ensemble,mb-dielectric-0671,2.976178982073042,3.175782228095552,0.19960324602251012
3,Grand_MultiParadigm_Ensemble,mb-dielectric-0675,1.808266020252551,1.816846227693579,0.008580207441028165
3,Grand_MultiParadigm_Ensemble,mb-dielectric-0676,2.113688324548663,2.2449841799242485,0.13129585537558564
3,Grand_MultiParadigm_Ensemble,mb-dielectric-0678,1.4520716235778452,1.4127792362891012,0.03929238728874407
3,Grand_MultiParadigm_Ensemble,mb-dielectric-0688,1.6197923735261053,1.7127549821767354,0.09296260865063011
3,Grand_MultiParadigm_Ensemble,mb-dielectric-0695,1.4388408529090329,1.4526583284822652,0.013817475573232318
3,Grand_MultiParadigm_Ensemble,mb-dielectric-0699,2.299494074791234,2.306159393645361,0.0066653188541270225
3,Grand_MultiParadigm_Ensemble,mb-dielectric-0704,1.7550803400414552,1.7542327396899844,0.0008476003514708008
3,Grand_MultiParadigm_Ensemble,mb-dielectric-0707,1.4936059275011822,1.5241729424474526,0.030567014946270454
3,Grand_MultiParadigm_Ensemble,mb-dielectric-0722,2.219064217187056,2.468456740690786,0.24939252350372998
3,Grand_MultiParadigm_Ensemble,mb-dielectric-0726,1.6623926531759377,1.6769351559642156,0.014542502788277956
3,Grand_MultiParadigm_Ensemble,mb-dielectric-0728,1.8520958398527867,1.8650551267895588,0.012959286936772063
3,Grand_MultiParadigm_Ensemble,mb-dielectric-0729,2.3862456565352472,2.2105261291036573,0.17571952743158992
3,Grand_MultiParadigm_Ensemble,mb-dielectric-0730,1.780223487842655,2.003334608104055,0.2231111202613998
3,Grand_MultiParadigm_Ensemble,mb-dielectric-0734,1.934959947905899,1.9671230282529177,0.03216308034701876
3,Grand_MultiParadigm_Ensemble,mb-dielectric-0737,3.332205875992658,3.2790074344595106,0.053198441533147456
3,Grand_MultiParadigm_Ensemble,mb-dielectric-0740,1.7731887472385262,1.754589241417176,0.01859950582135017
3,Grand_MultiParadigm_Ensemble,mb-dielectric-0741,1.4842224676015834,1.5028955709821799,0.018673103380596467
3,Grand_MultiParadigm_Ensemble,mb-dielectric-0744,1.5562477309220404,1.475476033352023,0.08077169757001745
3,Grand_MultiParadigm_Ensemble,mb-dielectric-0746,1.4312166153311665,1.4420873535486145,0.010870738217447995
3,Grand_MultiParadigm_Ensemble,mb-dielectric-0753,1.4610606877653416,1.5066198760143714,0.045559188249029825
3,Grand_MultiParadigm_Ensemble,mb-dielectric-0757,1.5608172004861218,1.6099973333168265,0.04918013283070466
3,Grand_MultiParadigm_Ensemble,mb-dielectric-0764,1.630539864928738,1.655543854189256,0.025003989260518056
3,Grand_MultiParadigm_Ensemble,mb-dielectric-0776,1.5941164742054872,1.579483802771193,0.014632671434294142
3,Grand_MultiParadigm_Ensemble,mb-dielectric-0781,4.427489882658496,3.456409707198385,0.971080175460111
3,Grand_MultiParadigm_Ensemble,mb-dielectric-0783,1.754135874630773,1.8384946859092928,0.08435881127851985
3,Grand_MultiParadigm_Ensemble,mb-dielectric-0785,3.0107447583612954,3.127833108959704,0.11708835059840839
3,Grand_MultiParadigm_Ensemble,mb-dielectric-0786,3.1181781005367006,3.10552541112834,0.012652689408360729
3,Grand_MultiParadigm_Ensemble,mb-dielectric-0788,1.8479715906907208,1.8872287340547906,0.039257143364069824
3,Grand_MultiParadigm_Ensemble,mb-dielectric-0789,2.345894427860441,2.4941588988708014,0.14826447101036067
3,Grand_MultiParadigm_Ensemble,mb-dielectric-0790,2.046925662222902,1.9992399139798072,0.047685748243095016
3,Grand_MultiParadigm_Ensemble,mb-dielectric-0795,2.29216237063026,2.362629030951009,0.07046666032074889
3,Grand_MultiParadigm_Ensemble,mb-dielectric-0805,2.1301826995197697,2.108441082834949,0.021741616684820553
3,Grand_MultiParadigm_Ensemble,mb-dielectric-0813,1.387117514848688,1.3873165699100327,0.00019905506134465512
3,Grand_MultiParadigm_Ensemble,mb-dielectric-0824,1.611856383180586,1.6026578991095541,0.009198484071031965
3,Grand_MultiParadigm_Ensemble,mb-dielectric-0828,3.011976095522672,3.2397951805261025,0.2278190850034303
3,Grand_MultiParadigm_Ensemble,mb-dielectric-0831,2.693994370199512,2.6684990059750744,0.025495364224437544
3,Grand_MultiParadigm_Ensemble,mb-dielectric-0838,1.5063801196833335,1.4958904338869676,0.010489685796365888
3,Grand_MultiParadigm_Ensemble,mb-dielectric-0839,2.360328790656081,2.4843143086020354,0.12398551794595436
3,Grand_MultiParadigm_Ensemble,mb-dielectric-0840,1.5595544235453918,1.5748353760812035,0.015280952535811743
3,Grand_MultiParadigm_Ensemble,mb-dielectric-0841,2.755385756417182,2.279994437933784,0.475391318483398
3,Grand_MultiParadigm_Ensemble,mb-dielectric-0847,2.41061852367119,2.379846484626091,0.030772039045098953
3,Grand_MultiParadigm_Ensemble,mb-dielectric-0853,4.159647420954114,4.011280141168124,0.1483672797859903
3,Grand_MultiParadigm_Ensemble,mb-dielectric-0854,2.5536145624062634,2.39879360616573,0.15482095624053338
3,Grand_MultiParadigm_Ensemble,mb-dielectric-0857,1.526548503432935,1.4106666099846032,0.11588189344833166
3,Grand_MultiParadigm_Ensemble,mb-dielectric-0864,1.6339023838650826,1.6470990363988007,0.013196652533718156
3,Grand_MultiParadigm_Ensemble,mb-dielectric-0870,2.032719606832187,2.0395415336459477,0.006821926813760815
3,Grand_MultiParadigm_Ensemble,mb-dielectric-0875,2.3628252157110565,2.259647901723247,0.1031773139878096
3,Grand_MultiParadigm_Ensemble,mb-dielectric-0877,1.589888780177196,1.5958217642595516,0.005932984082355652
3,Grand_MultiParadigm_Ensemble,mb-dielectric-0886,1.961364066153961,1.4893108749982822,0.4720531911556789
3,Grand_MultiParadigm_Ensemble,mb-dielectric-0893,2.051232718797813,2.0513952521096184,0.00016253331180537955
3,Grand_MultiParadigm_Ensemble,mb-dielectric-0894,1.2880051759730375,1.3097455633241517,0.021740387351114165
3,Grand_MultiParadigm_Ensemble,mb-dielectric-0907,1.6295844050963832,1.684709018991461,0.055124613895077834
3,Grand_MultiParadigm_Ensemble,mb-dielectric-0910,1.7756186715245663,1.7936995678007697,0.01808089627620335
3,Grand_MultiParadigm_Ensemble,mb-dielectric-0911,2.929372003234368,2.8747063902239742,0.054665613010393965
3,Grand_MultiParadigm_Ensemble,mb-dielectric-0912,1.5508062419270825,1.5760325736281202,0.02522633170103772
3,Grand_MultiParadigm_Ensemble,mb-dielectric-0920,1.8798945005859595,1.8708175454130498,0.00907695517290974
3,Grand_MultiParadigm_Ensemble,mb-dielectric-0923,1.837552176129973,1.9016387700551132,0.06408659392514027
3,Grand_MultiParadigm_Ensemble,mb-dielectric-0924,1.7688498146158924,1.781795964188627,0.012946149572734544
3,Grand_MultiParadigm_Ensemble,mb-dielectric-0926,1.830238788313536,1.7682499362242776,0.06198885208925842
3,Grand_MultiParadigm_Ensemble,mb-dielectric-0927,1.5528885987088707,1.6185080388718938,0.06561944016302301
3,Grand_MultiParadigm_Ensemble,mb-dielectric-0930,1.590861820942766,1.6180534985393003,0.02719167759653418
3,Grand_MultiParadigm_Ensemble,mb-dielectric-0931,2.2119945750385552,2.21293085195043,0.0009362769118745895
3,Grand_MultiParadigm_Ensemble,mb-dielectric-0935,2.115553670634081,2.1406717829058497,0.025118112271768744
3,Grand_MultiParadigm_Ensemble,mb-dielectric-0937,1.60665283554975,1.6196084541769273,0.012955618627177312
3,Grand_MultiParadigm_Ensemble,mb-dielectric-0939,1.861729482676435,2.037710569276564,0.1759810866001288
3,Grand_MultiParadigm_Ensemble,mb-dielectric-0952,1.6066897647025702,1.6839467618300472,0.07725699712747702
3,Grand_MultiParadigm_Ensemble,mb-dielectric-0953,3.470229963561495,3.2756273949462615,0.19460256861523328
3,Grand_MultiParadigm_Ensemble,mb-dielectric-0954,1.3527749258468682,1.3884587484765156,0.03568382262964742
3,Grand_MultiParadigm_Ensemble,mb-dielectric-0959,2.094149071420976,2.0680875640805736,0.026061507340402468
3,Grand_MultiParadigm_Ensemble,mb-dielectric-0968,2.802965037241815,2.9513423915900336,0.14837735434821875
3,Grand_MultiParadigm_Ensemble,mb-dielectric-0973,2.7813445789162228,2.815334133710766,0.03398955479454324
3,Grand_MultiParadigm_Ensemble,mb-dielectric-0980,1.8633570958532524,1.8628840956551596,0.0004730001980928211
3,Grand_MultiParadigm_Ensemble,mb-dielectric-0988,32.973170912121944,2.088202348128531,30.884968563993414
3,Grand_MultiParadigm_Ensemble,mb-dielectric-0990,1.865799381855756,1.864799599296758,0.0009997825589977971
3,Grand_MultiParadigm_Ensemble,mb-dielectric-0997,1.6046952981796887,1.6183804822367656,0.01368518405707686
3,Grand_MultiParadigm_Ensemble,mb-dielectric-1004,1.944408993327621,1.9004922540479865,0.043916739279634465
3,Grand_MultiParadigm_Ensemble,mb-dielectric-1028,1.6827534974954983,1.6966457824625487,0.013892284967050417
3,Grand_MultiParadigm_Ensemble,mb-dielectric-1050,1.8816659285501949,1.8662987750226236,0.015367153527571231
3,Grand_MultiParadigm_Ensemble,mb-dielectric-1064,2.090972182183844,2.0943260862586177,0.0033539040747738724
3,Grand_MultiParadigm_Ensemble,mb-dielectric-1067,1.5188811671822433,1.50951807323569,0.009363093946553214
3,Grand_MultiParadigm_Ensemble,mb-dielectric-1068,1.7008704634196377,1.5265439224773236,0.17432654094231403
3,Grand_MultiParadigm_Ensemble,mb-dielectric-1072,2.9015513092137453,2.7508347619129503,0.15071654730079498
3,Grand_MultiParadigm_Ensemble,mb-dielectric-1074,2.3650933737734343,2.2612172134718724,0.10387616030156188
3,Grand_MultiParadigm_Ensemble,mb-dielectric-1075,1.670146001601856,1.604394425734726,0.06575157586712987
3,Grand_MultiParadigm_Ensemble,mb-dielectric-1080,1.8241449138340595,1.8562238155776256,0.03207890174356609
3,Grand_MultiParadigm_Ensemble,mb-dielectric-1085,3.0028711261058145,3.101291513019472,0.09842038691365751
3,Grand_MultiParadigm_Ensemble,mb-dielectric-1093,4.638823774024403,4.530624554603461,0.1081992194209418
3,Grand_MultiParadigm_Ensemble,mb-dielectric-1098,1.8639991952787964,1.89723680774418,0.03323761246538348
3,Grand_MultiParadigm_Ensemble,mb-dielectric-1100,1.848414726191068,1.9547142105566782,0.10629948436561021
3,Grand_MultiParadigm_Ensemble,mb-dielectric-1102,1.648274243624506,1.808211990634128,0.15993774700962216
3,Grand_MultiParadigm_Ensemble,mb-dielectric-1107,1.9351345345134705,1.9127142753658841,0.022420259147586385
3,Grand_MultiParadigm_Ensemble,mb-dielectric-1110,1.8937842186127367,2.012411378114171,0.1186271595014341
3,Grand_MultiParadigm_Ensemble,mb-dielectric-1111,1.9217466014019624,1.9988097187670317,0.07706311736506932
3,Grand_MultiParadigm_Ensemble,mb-dielectric-1113,3.898136135813285,4.098274321869797,0.20013818605651146
3,Grand_MultiParadigm_Ensemble,mb-dielectric-1120,2.297963736296405,2.162730845480062,0.13523289081634315
3,Grand_MultiParadigm_Ensemble,mb-dielectric-1121,2.3089527207516967,2.354573723438227,0.04562100268653024
3,Grand_MultiParadigm_Ensemble,mb-dielectric-1122,1.7896772520950972,1.8579909434768993,0.0683136913818021
3,Grand_MultiParadigm_Ensemble,mb-dielectric-1126,2.377312418117008,2.392240406537057,0.014927988420049054
3,Grand_MultiParadigm_Ensemble,mb-dielectric-1128,1.9470148090517096,1.9546202773116064,0.007605468259896719
3,Grand_MultiParadigm_Ensemble,mb-dielectric-1130,2.3467429911830284,2.238605904810752,0.10813708637227659
3,Grand_MultiParadigm_Ensemble,mb-dielectric-1132,1.4385177556545254,1.3492159329067985,0.08930182274772691
3,Grand_MultiParadigm_Ensemble,mb-dielectric-1133,1.7040929160895728,1.758436823532966,0.054343907443393125
3,Grand_MultiParadigm_Ensemble,mb-dielectric-1139,2.0758359761792318,2.0567036817829023,0.019132294396329463
3,Grand_MultiParadigm_Ensemble,mb-dielectric-1143,3.3086332021949287,3.2955778269798515,0.01305537521507727
3,Grand_MultiParadigm_Ensemble,mb-dielectric-1147,1.7110589313833309,1.7685327291170942,0.057473797733763377
3,Grand_MultiParadigm_Ensemble,mb-dielectric-1148,1.9270003459608755,1.8817196399270473,0.04528070603382828
3,Grand_MultiParadigm_Ensemble,mb-dielectric-1157,3.638293510241666,3.8536714160298544,0.2153779057881886
3,Grand_MultiParadigm_Ensemble,mb-dielectric-1161,1.7527285395443613,1.7439029914918573,0.008825548052503907
3,Grand_MultiParadigm_Ensemble,mb-dielectric-1163,1.553913232240891,1.5773633887244762,0.02345015648358517
3,Grand_MultiParadigm_Ensemble,mb-dielectric-1165,2.6561682301139413,1.876449333379893,0.7797188967340483
3,Grand_MultiParadigm_Ensemble,mb-dielectric-1170,1.5072049186048548,1.583811459046875,0.0766065404420202
3,Grand_MultiParadigm_Ensemble,mb-dielectric-1172,2.708524198402761,2.95450889605473,0.24598469765196906
3,Grand_MultiParadigm_Ensemble,mb-dielectric-1177,2.0651494699738646,2.224859369204194,0.1597098992303292
3,Grand_MultiParadigm_Ensemble,mb-dielectric-1179,1.6811088488396426,1.691990184446053,0.010881335606410358
3,Grand_MultiParadigm_Ensemble,mb-dielectric-1181,1.9045672299326517,1.8212577340998461,0.08330949583280556
3,Grand_MultiParadigm_Ensemble,mb-dielectric-1187,3.5233979811161458,3.199351080580655,0.3240469005354907
3,Grand_MultiParadigm_Ensemble,mb-dielectric-1200,2.1128118704702508,2.130784337502026,0.017972467031775352
3,Grand_MultiParadigm_Ensemble,mb-dielectric-1202,1.5,1.622987115257208,0.12298711525720796
3,Grand_MultiParadigm_Ensemble,mb-dielectric-1213,2.6111824269220767,2.6552751280727187,0.04409270115064201
3,Grand_MultiParadigm_Ensemble,mb-dielectric-1216,2.0109796120299177,2.0969805485082644,0.08600093647834672
3,Grand_MultiParadigm_Ensemble,mb-dielectric-1217,2.506573757143404,2.4857991796445136,0.020774577498890334
3,Grand_MultiParadigm_Ensemble,mb-dielectric-1219,1.852925614624973,1.9930628932252539,0.1401372786002808
3,Grand_MultiParadigm_Ensemble,mb-dielectric-1227,2.325276399341234,2.221556159149468,0.10372024019176607
3,Grand_MultiParadigm_Ensemble,mb-dielectric-1231,2.5965539984114843,2.6403058609972136,0.043751862585729384
3,Grand_MultiParadigm_Ensemble,mb-dielectric-1232,1.85260213393666,1.8772625949069421,0.024660460970282072
3,Grand_MultiParadigm_Ensemble,mb-dielectric-1235,2.109719333623946,2.005196650619927,0.1045226830040189
3,Grand_MultiParadigm_Ensemble,mb-dielectric-1242,2.0189105973271824,2.0142312249346808,0.004679372392501602
3,Grand_MultiParadigm_Ensemble,mb-dielectric-1245,2.4235841915092062,2.5336109594422003,0.11002676793299404
3,Grand_MultiParadigm_Ensemble,mb-dielectric-1248,2.7784840590988944,2.7248254999732215,0.053658559125672856
3,Grand_MultiParadigm_Ensemble,mb-dielectric-1252,1.65351101195809,1.7067732880934323,0.05326227613534229
3,Grand_MultiParadigm_Ensemble,mb-dielectric-1257,2.25347413268195,2.3307398331485647,0.07726570046661463
3,Grand_MultiParadigm_Ensemble,mb-dielectric-1259,1.9688114858123584,1.957670183823679,0.011141301988679464
3,Grand_MultiParadigm_Ensemble,mb-dielectric-1261,2.3044012237455527,2.297732348894176,0.006668874851376572
3,Grand_MultiParadigm_Ensemble,mb-dielectric-1266,2.3448335406449123,2.2358812312068106,0.10895230943810175
3,Grand_MultiParadigm_Ensemble,mb-dielectric-1272,1.672689251873561,1.6988591794116883,0.026169927538127302
3,Grand_MultiParadigm_Ensemble,mb-dielectric-1274,2.43512094155506,2.3893030040401144,0.04581793751494567
3,Grand_MultiParadigm_Ensemble,mb-dielectric-1280,4.723656704997376,4.454182724061126,0.2694739809362501
3,Grand_MultiParadigm_Ensemble,mb-dielectric-1283,2.394120645804356,2.291748361812245,0.10237228399211062
3,Grand_MultiParadigm_Ensemble,mb-dielectric-1284,3.3432020579079573,3.070810200750179,0.27239185715777836
3,Grand_MultiParadigm_Ensemble,mb-dielectric-1285,1.7880928387530666,1.799426620741674,0.011333781988607461
3,Grand_MultiParadigm_Ensemble,mb-dielectric-1289,1.6286699072146775,1.618036663454145,0.01063324376053254
3,Grand_MultiParadigm_Ensemble,mb-dielectric-1292,6.43886635984938,5.9446907445906545,0.4941756152587251
3,Grand_MultiParadigm_Ensemble,mb-dielectric-1293,3.6770253829239024,3.3325084656362924,0.3445169172876099
3,Grand_MultiParadigm_Ensemble,mb-dielectric-1294,2.110826615333434,2.16058463686955,0.04975802153611619
3,Grand_MultiParadigm_Ensemble,mb-dielectric-1295,1.868191460566442,1.957327794950086,0.08913633438364399
3,Grand_MultiParadigm_Ensemble,mb-dielectric-1299,1.3766334539980685,1.3763190592501864,0.0003143947478820852
3,Grand_MultiParadigm_Ensemble,mb-dielectric-1300,1.4877275736280935,1.471823619648274,0.015903953979819585
3,Grand_MultiParadigm_Ensemble,mb-dielectric-1303,1.7929001645378952,1.9065069886270791,0.11360682408918388
3,Grand_MultiParadigm_Ensemble,mb-dielectric-1309,1.9406796060486984,1.8800004976159321,0.06067910843276625
3,Grand_MultiParadigm_Ensemble,mb-dielectric-1314,1.5938423175877008,1.6486573031907448,0.054814985603043986
3,Grand_MultiParadigm_Ensemble,mb-dielectric-1317,1.4632156368750695,1.4596138986851512,0.0036017381899182688
3,Grand_MultiParadigm_Ensemble,mb-dielectric-1323,1.562583331102744,1.5415234955230477,0.021059835579696262
3,Grand_MultiParadigm_Ensemble,mb-dielectric-1326,1.4768399823045604,1.5158739820219909,0.03903399971743049
3,Grand_MultiParadigm_Ensemble,mb-dielectric-1329,2.00940057396893,2.0405153395553333,0.031114765586403248
3,Grand_MultiParadigm_Ensemble,mb-dielectric-1338,1.4891832213218987,1.503133207130691,0.013949985808792364
3,Grand_MultiParadigm_Ensemble,mb-dielectric-1339,1.5351045566996404,1.5362607162275468,0.0011561595279063752
3,Grand_MultiParadigm_Ensemble,mb-dielectric-1342,2.046351468671336,1.9186847571907713,0.12766671148056474
3,Grand_MultiParadigm_Ensemble,mb-dielectric-1348,1.8450388433128788,1.8716521143512324,0.026613271038353536
3,Grand_MultiParadigm_Ensemble,mb-dielectric-1350,1.6232683080747925,1.6628779316379123,0.03960962356311981
3,Grand_MultiParadigm_Ensemble,mb-dielectric-1362,3.87471164518514,3.64849129895324,0.22622034623190013
3,Grand_MultiParadigm_Ensemble,mb-dielectric-1365,3.0839580087932483,3.077180717638117,0.006777291155131149
3,Grand_MultiParadigm_Ensemble,mb-dielectric-1375,3.5326099889491824,2.981095601856051,0.5515143870931314
3,Grand_MultiParadigm_Ensemble,mb-dielectric-1376,2.956436086461761,2.9175013198139452,0.0389347666478157
3,Grand_MultiParadigm_Ensemble,mb-dielectric-1386,1.5667375870472589,1.5784414956327704,0.011703908585511513
3,Grand_MultiParadigm_Ensemble,mb-dielectric-1388,1.5824032355882571,1.5854158590449727,0.003012623456715602
3,Grand_MultiParadigm_Ensemble,mb-dielectric-1393,2.930445358644313,2.920921518610684,0.00952384003362905
3,Grand_MultiParadigm_Ensemble,mb-dielectric-1401,2.394628502851051,2.237960116443924,0.156668386407127
3,Grand_MultiParadigm_Ensemble,mb-dielectric-1404,3.2414502926930724,2.263753154252724,0.9776971384403486
3,Grand_MultiParadigm_Ensemble,mb-dielectric-1406,4.082931953061836,4.122451694704114,0.03951974164227767
3,Grand_MultiParadigm_Ensemble,mb-dielectric-1414,2.6457783353863924,2.5162236413897503,0.1295546939966421
3,Grand_MultiParadigm_Ensemble,mb-dielectric-1421,1.978805784642172,2.215594774440514,0.23678898979834173
3,Grand_MultiParadigm_Ensemble,mb-dielectric-1422,2.796061336952389,2.555758741471131,0.24030259548125787
3,Grand_MultiParadigm_Ensemble,mb-dielectric-1423,1.9212978252559736,1.9871636036401434,0.06586577838416985
3,Grand_MultiParadigm_Ensemble,mb-dielectric-1435,3.135974064518604,3.150796478910155,0.014822414391550964
3,Grand_MultiParadigm_Ensemble,mb-dielectric-1445,1.5733683611919995,1.560489519554956,0.012878841637043559
3,Grand_MultiParadigm_Ensemble,mb-dielectric-1447,1.9190475067942772,1.9727391675911723,0.053691660796895135
3,Grand_MultiParadigm_Ensemble,mb-dielectric-1451,2.025005679004382,2.0028324779121163,0.02217320109226595
3,Grand_MultiParadigm_Ensemble,mb-dielectric-1454,1.96767163588508,1.9176065421775519,0.05006509370752821
3,Grand_MultiParadigm_Ensemble,mb-dielectric-1464,1.6346130021098777,1.64242584869798,0.007812846588102218
3,Grand_MultiParadigm_Ensemble,mb-dielectric-1468,3.2696584938899456,3.1480939773747436,0.12156451651520195
3,Grand_MultiParadigm_Ensemble,mb-dielectric-1469,3.973663297261114,3.947577480260007,0.026085817001106903
3,Grand_MultiParadigm_Ensemble,mb-dielectric-1470,3.4785007937948538,3.8256632718124246,0.34716247801757083
3,Grand_MultiParadigm_Ensemble,mb-dielectric-1471,3.4855893810564287,3.216957378431436,0.26863200262499287
3,Grand_MultiParadigm_Ensemble,mb-dielectric-1473,2.212149030543226,2.233495976569462,0.021346946026236324
3,Grand_MultiParadigm_Ensemble,mb-dielectric-1477,2.043327514945499,2.13535744806218,0.0920299331166814
3,Grand_MultiParadigm_Ensemble,mb-dielectric-1482,2.5386856835772336,2.421507524147501,0.11717815942973253
3,Grand_MultiParadigm_Ensemble,mb-dielectric-1483,2.106418761792081,2.146081366539915,0.039662604747833896
3,Grand_MultiParadigm_Ensemble,mb-dielectric-1485,3.2819475925127133,3.0767080289169626,0.20523956359575068
3,Grand_MultiParadigm_Ensemble,mb-dielectric-1494,2.2472762031698137,2.153148860587124,0.09412734258268962
3,Grand_MultiParadigm_Ensemble,mb-dielectric-1497,1.8392379762644453,1.8073809472616742,0.0318570290027711
3,Grand_MultiParadigm_Ensemble,mb-dielectric-1507,1.6099689438029896,1.5887010082597794,0.02126793554321016
3,Grand_MultiParadigm_Ensemble,mb-dielectric-1510,2.1619435700313887,2.5042389218281365,0.34229535179674775
3,Grand_MultiParadigm_Ensemble,mb-dielectric-1517,1.5330796891660046,1.5946324908903264,0.06155280172432187
3,Grand_MultiParadigm_Ensemble,mb-dielectric-1519,2.21705510381835,2.3736633256460373,0.1566082218276872
3,Grand_MultiParadigm_Ensemble,mb-dielectric-1522,1.7501428513124364,1.7888390227733386,0.03869617146090221
3,Grand_MultiParadigm_Ensemble,mb-dielectric-1523,4.1506143948833705,3.3745541517254827,0.7760602431578878
3,Grand_MultiParadigm_Ensemble,mb-dielectric-1526,2.503843046199187,2.5326979704126176,0.02885492421343061
3,Grand_MultiParadigm_Ensemble,mb-dielectric-1529,1.6341969485550591,1.6360158982476283,0.0018189496925691273
3,Grand_MultiParadigm_Ensemble,mb-dielectric-1535,1.577386129012174,1.675635659962775,0.09824953095060107
3,Grand_MultiParadigm_Ensemble,mb-dielectric-1537,3.575844888507703,3.597728903989098,0.021884015481394847
3,Grand_MultiParadigm_Ensemble,mb-dielectric-1538,2.549949215180569,2.719478956742664,0.16952974156209466
3,Grand_MultiParadigm_Ensemble,mb-dielectric-1541,3.3905260162178577,3.50995377942465,0.11942776320679238
3,Grand_MultiParadigm_Ensemble,mb-dielectric-1544,1.728906880083482,1.5803547772770552,0.14855210280642672
3,Grand_MultiParadigm_Ensemble,mb-dielectric-1546,2.7489668362253217,2.7548221962383934,0.005855360013071742
3,Grand_MultiParadigm_Ensemble,mb-dielectric-1547,1.726070682214382,1.7512129299512769,0.025142247736894774
3,Grand_MultiParadigm_Ensemble,mb-dielectric-1551,2.134886804181117,2.1371393605604365,0.002252556379319426
3,Grand_MultiParadigm_Ensemble,mb-dielectric-1553,1.9838317300954025,2.0012517398428753,0.01742000974747282
3,Grand_MultiParadigm_Ensemble,mb-dielectric-1557,2.129000469704034,2.266366429327543,0.13736595962350906
3,Grand_MultiParadigm_Ensemble,mb-dielectric-1559,2.6234158394480014,2.3429886703673697,0.2804271690806317
3,Grand_MultiParadigm_Ensemble,mb-dielectric-1565,1.8585472821534563,1.830360788792468,0.02818649336098833
3,Grand_MultiParadigm_Ensemble,mb-dielectric-1568,2.10359573112326,2.079544505025634,0.024051226097626
3,Grand_MultiParadigm_Ensemble,mb-dielectric-1569,1.7105732957111546,1.7248354337645193,0.014262138053364737
3,Grand_MultiParadigm_Ensemble,mb-dielectric-1581,1.550542808180413,1.5363363617392725,0.014206446441140441
3,Grand_MultiParadigm_Ensemble,mb-dielectric-1591,2.984143204785364,2.692707527456816,0.29143567732854825
3,Grand_MultiParadigm_Ensemble,mb-dielectric-1600,1.6778597478136643,1.6591366417986582,0.018723106015006152
3,Grand_MultiParadigm_Ensemble,mb-dielectric-1602,2.213938044902489,2.269834612219433,0.05589656731694381
3,Grand_MultiParadigm_Ensemble,mb-dielectric-1607,1.8871223242457515,2.1146266955871154,0.2275043713413638
3,Grand_MultiParadigm_Ensemble,mb-dielectric-1611,1.54349570780096,1.5325294075750193,0.010966300225940584
3,Grand_MultiParadigm_Ensemble,mb-dielectric-1613,1.8234174873937488,1.9184798602405988,0.09506237284685004
3,Grand_MultiParadigm_Ensemble,mb-dielectric-1614,2.9489777889974027,2.5391985418945042,0.4097792471028985
3,Grand_MultiParadigm_Ensemble,mb-dielectric-1616,1.9392377368440417,2.0425784852378226,0.10334074839378093
3,Grand_MultiParadigm_Ensemble,mb-dielectric-1617,2.826835686770641,2.8418408284290457,0.015005141658404941
3,Grand_MultiParadigm_Ensemble,mb-dielectric-1629,1.4160979250523094,1.4578853244010508,0.04178739934874143
3,Grand_MultiParadigm_Ensemble,mb-dielectric-1632,1.652179368793433,1.670860045868856,0.01868067707542309
3,Grand_MultiParadigm_Ensemble,mb-dielectric-1633,1.523761354893438,1.5130237862762397,0.010737568617198212
3,Grand_MultiParadigm_Ensemble,mb-dielectric-1634,4.226701353695734,4.945682945022807,0.718981591327073
3,Grand_MultiParadigm_Ensemble,mb-dielectric-1636,2.7924954192740707,2.8510534975584836,0.05855807828441284
3,Grand_MultiParadigm_Ensemble,mb-dielectric-1638,1.776520569352726,1.7870338392120844,0.01051326985935841
3,Grand_MultiParadigm_Ensemble,mb-dielectric-1644,2.684860753778477,2.683237205277952,0.0016235485005249295
3,Grand_MultiParadigm_Ensemble,mb-dielectric-1657,2.5098396363114515,2.646860059371371,0.13702042305991968
3,Grand_MultiParadigm_Ensemble,mb-dielectric-1658,9.43521881152455,2.6183421186325884,6.816876692891961
3,Grand_MultiParadigm_Ensemble,mb-dielectric-1664,1.0000000000471083,1.5754741040460924,0.5754741039989841
3,Grand_MultiParadigm_Ensemble,mb-dielectric-1676,1.6631345906650676,1.6700730576587752,0.006938466993707593
3,Grand_MultiParadigm_Ensemble,mb-dielectric-1679,1.761260994721806,1.7999701964006605,0.03870920167885439
3,Grand_MultiParadigm_Ensemble,mb-dielectric-1680,1.461836516167249,1.4753907872401715,0.013554271072922397
3,Grand_MultiParadigm_Ensemble,mb-dielectric-1681,3.1110510014034407,3.043361035281767,0.06768996612167388
3,Grand_MultiParadigm_Ensemble,mb-dielectric-1691,1.919114379086347,1.8633608599589206,0.05575351912742632
3,Grand_MultiParadigm_Ensemble,mb-dielectric-1693,2.175239450420781,2.2680496778020007,0.09281022738121969
3,Grand_MultiParadigm_Ensemble,mb-dielectric-1697,3.186528623230406,2.542567605168375,0.643961018062031
3,Grand_MultiParadigm_Ensemble,mb-dielectric-1704,2.099047402988793,2.225990998611628,0.12694359562283486
3,Grand_MultiParadigm_Ensemble,mb-dielectric-1711,1.5740326129615825,1.8525868805979435,0.27855426763636104
3,Grand_MultiParadigm_Ensemble,mb-dielectric-1716,1.770461145201065,1.7755029888519551,0.00504184365089011
3,Grand_MultiParadigm_Ensemble,mb-dielectric-1718,6.1980721465092135,6.122683130723102,0.07538901578611146
3,Grand_MultiParadigm_Ensemble,mb-dielectric-1722,1.9507446441466052,2.0663470576728855,0.11560241352628031
3,Grand_MultiParadigm_Ensemble,mb-dielectric-1729,2.117266083104971,2.1291820029668744,0.011915919861903213
3,Grand_MultiParadigm_Ensemble,mb-dielectric-1730,2.307342482886608,2.3486012547625075,0.04125877187589966
3,Grand_MultiParadigm_Ensemble,mb-dielectric-1732,1.7113224905512856,1.6978445568851481,0.013477933666137476
3,Grand_MultiParadigm_Ensemble,mb-dielectric-1734,1.6574063070552938,1.664370297858973,0.006963990803679154
3,Grand_MultiParadigm_Ensemble,mb-dielectric-1739,4.12855929297689,3.8197350179923233,0.30882427498456666
3,Grand_MultiParadigm_Ensemble,mb-dielectric-1745,5.201600651081676,5.449378262080861,0.2477776109991856
3,Grand_MultiParadigm_Ensemble,mb-dielectric-1748,1.7681971043975837,1.7655699539783698,0.0026271504192139084
3,Grand_MultiParadigm_Ensemble,mb-dielectric-1758,1.5332971010211949,1.5511284584365672,0.01783135741537234
3,Grand_MultiParadigm_Ensemble,mb-dielectric-1763,1.8516165009706165,1.876416140337112,0.02479963936649554
3,Grand_MultiParadigm_Ensemble,mb-dielectric-1770,2.3182502740932294,2.3150322371207883,0.003218036972441052
3,Grand_MultiParadigm_Ensemble,mb-dielectric-1772,2.9209036273044,2.409974534937112,0.510929092367288
3,Grand_MultiParadigm_Ensemble,mb-dielectric-1773,1.595302583629001,1.5977787534618244,0.002476169832823505
3,Grand_MultiParadigm_Ensemble,mb-dielectric-1774,2.709381294687036,2.760225781834465,0.05084448714742873
3,Grand_MultiParadigm_Ensemble,mb-dielectric-1775,3.055161244701845,2.822683314972123,0.23247792972972192
3,Grand_MultiParadigm_Ensemble,mb-dielectric-1777,1.631904204704848,1.6884211443480788,0.05651693964323079
3,Grand_MultiParadigm_Ensemble,mb-dielectric-1782,1.5511814851912074,1.5516917174620768,0.0005102322708694373
3,Grand_MultiParadigm_Ensemble,mb-dielectric-1786,1.6043612436106771,1.6475907309896638,0.043229487378986686
3,Grand_MultiParadigm_Ensemble,mb-dielectric-1790,1.5361440904637385,1.520399903088148,0.015744187375590357
3,Grand_MultiParadigm_Ensemble,mb-dielectric-1814,2.1483044476982305,2.233796648477303,0.08549220077907238
3,Grand_MultiParadigm_Ensemble,mb-dielectric-1816,1.6209013953147595,1.653918303584172,0.033016908269412504
3,Grand_MultiParadigm_Ensemble,mb-dielectric-1818,2.3018257246513403,2.1522876131588866,0.14953811149245366
3,Grand_MultiParadigm_Ensemble,mb-dielectric-1828,2.6789559533519838,2.793899966909808,0.11494401355782413
3,Grand_MultiParadigm_Ensemble,mb-dielectric-1830,1.9110379378756428,1.9059156343534909,0.0051223035221519275
3,Grand_MultiParadigm_Ensemble,mb-dielectric-1832,2.067868225975727,1.9982541884795773,0.06961403749614958
3,Grand_MultiParadigm_Ensemble,mb-dielectric-1846,1.559238916907861,1.5880468449075513,0.02880792799969023
3,Grand_MultiParadigm_Ensemble,mb-dielectric-1852,1.583416243443272,1.734975751354059,0.15155950791078698
3,Grand_MultiParadigm_Ensemble,mb-dielectric-1860,3.891915466707879,3.7753461203738468,0.11656934633403226
3,Grand_MultiParadigm_Ensemble,mb-dielectric-1865,1.477599517235077,1.4623313960507047,0.015268121184372374
3,Grand_MultiParadigm_Ensemble,mb-dielectric-1877,1.8597069263294503,1.9317712530891007,0.07206432675965035
3,Grand_MultiParadigm_Ensemble,mb-dielectric-1892,1.829359177417054,1.7944602956150917,0.03489888180196221
3,Grand_MultiParadigm_Ensemble,mb-dielectric-1903,1.6549724066179223,1.6145820931615311,0.040390313456391214
3,Grand_MultiParadigm_Ensemble,mb-dielectric-1904,3.642286369850675,3.7089975862158653,0.0667112163651904
3,Grand_MultiParadigm_Ensemble,mb-dielectric-1917,1.577599970419202,1.5527168131494935,0.024883157269708578
3,Grand_MultiParadigm_Ensemble,mb-dielectric-1919,1.5450699013313314,1.5390531973254866,0.006016704005844753
3,Grand_MultiParadigm_Ensemble,mb-dielectric-1924,2.494010959612379,2.6206312938838114,0.12662033427143227
3,Grand_MultiParadigm_Ensemble,mb-dielectric-1936,1.57498878302884,1.600344785479231,0.025356002450390935
3,Grand_MultiParadigm_Ensemble,mb-dielectric-1938,1.38743276113355,1.4572765865976065,0.06984382546405654
3,Grand_MultiParadigm_Ensemble,mb-dielectric-1941,1.6970088391048537,1.6669897671960734,0.03001907190878028
3,Grand_MultiParadigm_Ensemble,mb-dielectric-1947,2.105445558545743,2.1352206763154364,0.029775117769693438
3,Grand_MultiParadigm_Ensemble,mb-dielectric-1959,2.191780478667211,2.0686934520216336,0.12308702664557725
3,Grand_MultiParadigm_Ensemble,mb-dielectric-1960,2.00430794373852,1.9574070604044933,0.046900883334026755
3,Grand_MultiParadigm_Ensemble,mb-dielectric-1974,1.724270087118991,1.696316345561049,0.027953741557942058
3,Grand_MultiParadigm_Ensemble,mb-dielectric-1981,4.332966074180593,6.4469130397488685,2.1139469655682754
3,Grand_MultiParadigm_Ensemble,mb-dielectric-1988,1.6947959562535349,1.6594229592329466,0.03537299702058827
3,Grand_MultiParadigm_Ensemble,mb-dielectric-1990,3.2698989790715745,3.6428828840649006,0.3729839049933261
3,Grand_MultiParadigm_Ensemble,mb-dielectric-1991,1.578195382918942,1.660906391362061,0.08271100844311907
3,Grand_MultiParadigm_Ensemble,mb-dielectric-1996,1.578462120757636,1.5916050694321544,0.013142948674518484
3,Grand_MultiParadigm_Ensemble,mb-dielectric-2002,2.9700917494245864,2.454514851390517,0.5155768980340696
3,Grand_MultiParadigm_Ensemble,mb-dielectric-2008,2.099237956973909,2.237219411534329,0.13798145456041988
3,Grand_MultiParadigm_Ensemble,mb-dielectric-2010,2.1087570588698297,2.1283186396089695,0.019561580739139828
3,Grand_MultiParadigm_Ensemble,mb-dielectric-2013,2.845010720542189,2.864295357441188,0.019284636898999175
3,Grand_MultiParadigm_Ensemble,mb-dielectric-2018,1.7919168507494987,1.937109573382124,0.14519272263262528
3,Grand_MultiParadigm_Ensemble,mb-dielectric-2028,1.7490062892968683,1.7636311057534324,0.014624816456564105
3,Grand_MultiParadigm_Ensemble,mb-dielectric-2030,1.8093495147888567,1.8053198943875934,0.004029620401263312
3,Grand_MultiParadigm_Ensemble,mb-dielectric-2031,1.5261061562027722,1.517895156342939,0.008210999859833201
3,Grand_MultiParadigm_Ensemble,mb-dielectric-2040,2.225057901868324,2.1954561182904473,0.029601783577876795
3,Grand_MultiParadigm_Ensemble,mb-dielectric-2044,1.5430346723259332,1.546152857403157,0.003118185077223945
3,Grand_MultiParadigm_Ensemble,mb-dielectric-2045,1.395594377556268,1.4434030917688638,0.047808714212595804
3,Grand_MultiParadigm_Ensemble,mb-dielectric-2047,1.5157647134917305,1.5339791723651874,0.018214458873456962
3,Grand_MultiParadigm_Ensemble,mb-dielectric-2049,2.705981029743803,2.662966223652252,0.04301480609155073
3,Grand_MultiParadigm_Ensemble,mb-dielectric-2051,5.713662339807397,3.624901482137166,2.0887608576702306
3,Grand_MultiParadigm_Ensemble,mb-dielectric-2057,2.8935168336587687,2.657810298620391,0.23570653503837757
3,Grand_MultiParadigm_Ensemble,mb-dielectric-2067,1.8927286299590504,1.9159126531123576,0.023184023153307143
3,Grand_MultiParadigm_Ensemble,mb-dielectric-2086,2.1924268136777867,2.249965501045925,0.0575386873681385
3,Grand_MultiParadigm_Ensemble,mb-dielectric-2089,1.9102425674941563,1.837098880501891,0.07314368699226526
3,Grand_MultiParadigm_Ensemble,mb-dielectric-2093,1.7282604934827774,1.781249543926363,0.052989050443585484
3,Grand_MultiParadigm_Ensemble,mb-dielectric-2104,1.3924798023669855,1.4067936204306413,0.014313818063655726
3,Grand_MultiParadigm_Ensemble,mb-dielectric-2113,1.5838043860696098,1.7458804896499813,0.1620761035803715
3,Grand_MultiParadigm_Ensemble,mb-dielectric-2115,2.1224761716326803,2.1059026254305993,0.01657354620208107
3,Grand_MultiParadigm_Ensemble,mb-dielectric-2120,2.396929146498355,2.2552636005982127,0.14166554590014213
3,Grand_MultiParadigm_Ensemble,mb-dielectric-2123,1.654791024067188,1.6523540817870503,0.0024369422801375773
3,Grand_MultiParadigm_Ensemble,mb-dielectric-2126,2.1449428896826137,2.217197865543148,0.0722549758605342
3,Grand_MultiParadigm_Ensemble,mb-dielectric-2148,2.162116324345203,2.230927130502292,0.06881080615708912
3,Grand_MultiParadigm_Ensemble,mb-dielectric-2149,1.4767548882600658,1.4637538923689455,0.01300099589112036
3,Grand_MultiParadigm_Ensemble,mb-dielectric-2166,1.6077902019023915,1.5919846042253074,0.015805597677084116
3,Grand_MultiParadigm_Ensemble,mb-dielectric-2170,1.9209372712298547,1.902278497696863,0.018658773532991724
3,Grand_MultiParadigm_Ensemble,mb-dielectric-2171,1.5979689191804285,1.6429992221298686,0.045030302949440104
3,Grand_MultiParadigm_Ensemble,mb-dielectric-2193,1.4032106042928854,1.4092589801598205,0.006048375866935185
3,Grand_MultiParadigm_Ensemble,mb-dielectric-2210,1.640934692992584,1.6551803970815406,0.014245704088956535
3,Grand_MultiParadigm_Ensemble,mb-dielectric-2212,2.43076990546891,2.425820323650559,0.004949581818350701
3,Grand_MultiParadigm_Ensemble,mb-dielectric-2217,2.241992268794282,2.265588570621396,0.02359630182711392
3,Grand_MultiParadigm_Ensemble,mb-dielectric-2219,1.4243094233112878,1.4170332037351507,0.007276219576137111
3,Grand_MultiParadigm_Ensemble,mb-dielectric-2229,1.6765624553432736,1.6924125973778623,0.015850142034588677
3,Grand_MultiParadigm_Ensemble,mb-dielectric-2243,2.825550801761195,2.8233003576698588,0.0022504440913362345
3,Grand_MultiParadigm_Ensemble,mb-dielectric-2246,1.9430217017144544,1.9278278838241956,0.015193817890258865
3,Grand_MultiParadigm_Ensemble,mb-dielectric-2249,2.281593010742,2.2742642083474442,0.007328802394555911
3,Grand_MultiParadigm_Ensemble,mb-dielectric-2250,1.9473914175977396,1.9258795258326173,0.02151189176512225
3,Grand_MultiParadigm_Ensemble,mb-dielectric-2254,2.520979902075117,2.609332568555448,0.08835266648033091
3,Grand_MultiParadigm_Ensemble,mb-dielectric-2255,5.591004679804512,5.079194281813162,0.5118103979913498
3,Grand_MultiParadigm_Ensemble,mb-dielectric-2263,2.949792196070769,2.858585961641116,0.09120623442965314
3,Grand_MultiParadigm_Ensemble,mb-dielectric-2267,1.9336020790224675,1.9088341796586412,0.024767899363826285
3,Grand_MultiParadigm_Ensemble,mb-dielectric-2298,2.009329904885377,2.125221418405315,0.1158915135199381
3,Grand_MultiParadigm_Ensemble,mb-dielectric-2299,2.278669202241778,2.35917281792038,0.08050361567860209
3,Grand_MultiParadigm_Ensemble,mb-dielectric-2303,1.858145311863415,1.952133508847254,0.09398819698383898
3,Grand_MultiParadigm_Ensemble,mb-dielectric-2305,1.9364735990970876,1.9865942990494887,0.05012069995240109
3,Grand_MultiParadigm_Ensemble,mb-dielectric-2307,2.8313412604865085,2.407616480834565,0.42372477965194344
3,Grand_MultiParadigm_Ensemble,mb-dielectric-2308,1.5598866411804844,1.5423933470655764,0.017493294114907965
3,Grand_MultiParadigm_Ensemble,mb-dielectric-2311,1.649219209201736,1.666048294993669,0.016829085791933096
3,Grand_MultiParadigm_Ensemble,mb-dielectric-2315,2.166280068073659,2.1372243932865898,0.029055674787069385
3,Grand_MultiParadigm_Ensemble,mb-dielectric-2329,1.9831236303703643,1.9549323870444,0.028191243325964344
3,Grand_MultiParadigm_Ensemble,mb-dielectric-2331,1.699176426798204,1.762269091553906,0.06309266475570219
3,Grand_MultiParadigm_Ensemble,mb-dielectric-2339,2.1386332083833324,2.2390260506176562,0.10039284223432388
3,Grand_MultiParadigm_Ensemble,mb-dielectric-2343,1.586372591795499,1.5928408767994946,0.006468285003995655
3,Grand_MultiParadigm_Ensemble,mb-dielectric-2352,1.6215423727632483,1.636215786781142,0.014673414017893682
3,Grand_MultiParadigm_Ensemble,mb-dielectric-2353,1.592482338991551,1.7556815759377202,0.16319923694616922
3,Grand_MultiParadigm_Ensemble,mb-dielectric-2356,1.8436377084449105,1.8302291331248566,0.013408575320053906
3,Grand_MultiParadigm_Ensemble,mb-dielectric-2362,1.510075163692192,1.5107256700122151,0.0006505063200230587
3,Grand_MultiParadigm_Ensemble,mb-dielectric-2370,3.300656500354638,3.316556258898109,0.01589975854347081
3,Grand_MultiParadigm_Ensemble,mb-dielectric-2371,1.931685188291992,2.106517170710339,0.17483198241834685
3,Grand_MultiParadigm_Ensemble,mb-dielectric-2374,1.455946427585851,1.4661987612138385,0.010252333627987609
3,Grand_MultiParadigm_Ensemble,mb-dielectric-2375,3.276335114229362,3.1497459144516062,0.12658919977775573
3,Grand_MultiParadigm_Ensemble,mb-dielectric-2376,3.465530262456239,3.4376086788899136,0.02792158356632557
3,Grand_MultiParadigm_Ensemble,mb-dielectric-2379,1.6477197374958317,1.688613823347379,0.04089408585154741
3,Grand_MultiParadigm_Ensemble,mb-dielectric-2382,3.1348600129860054,2.8106699840330465,0.3241900289529589
3,Grand_MultiParadigm_Ensemble,mb-dielectric-2384,2.47459592661105,2.3533011285954286,0.12129479801562137
3,Grand_MultiParadigm_Ensemble,mb-dielectric-2386,4.5713161489152485,4.486566003835145,0.08475014508010315
3,Grand_MultiParadigm_Ensemble,mb-dielectric-2390,2.170944494914598,2.3223932227901964,0.15144872787559827
3,Grand_MultiParadigm_Ensemble,mb-dielectric-2391,1.7845836115650806,1.7351837079392982,0.04939990362578239
3,Grand_MultiParadigm_Ensemble,mb-dielectric-2394,1.5242606951130988,1.5425109938925856,0.018250298779486807
3,Grand_MultiParadigm_Ensemble,mb-dielectric-2398,3.83865479910172,3.4688532396267164,0.3698015594750035
3,Grand_MultiParadigm_Ensemble,mb-dielectric-2402,1.5017767242805886,1.4808703764155335,0.020906347865055075
3,Grand_MultiParadigm_Ensemble,mb-dielectric-2420,1.5079804375388937,1.5022395979500653,0.005740839588828317
3,Grand_MultiParadigm_Ensemble,mb-dielectric-2429,1.9748417658202329,2.052818955779278,0.07797718995904535
3,Grand_MultiParadigm_Ensemble,mb-dielectric-2431,1.506735875991542,1.5450627635299328,0.038326887538390864
3,Grand_MultiParadigm_Ensemble,mb-dielectric-2433,2.3126463917632387,2.400145859419447,0.0874994676562082
3,Grand_MultiParadigm_Ensemble,mb-dielectric-2442,1.4165655650198623,1.4521043302931673,0.03553876527330502
3,Grand_MultiParadigm_Ensemble,mb-dielectric-2459,2.115318809699064,1.9202891024924167,0.19502970720664736
3,Grand_MultiParadigm_Ensemble,mb-dielectric-2460,2.26977847670942,2.3642058575177427,0.09442738080832269
3,Grand_MultiParadigm_Ensemble,mb-dielectric-2472,2.6614476010873003,2.5770630259925342,0.08438457509476605
3,Grand_MultiParadigm_Ensemble,mb-dielectric-2476,1.4506320461463689,1.4589347018497922,0.008302655703423367
3,Grand_MultiParadigm_Ensemble,mb-dielectric-2487,2.102928513605095,2.2177400723317957,0.1148115587267009
3,Grand_MultiParadigm_Ensemble,mb-dielectric-2488,33.46723669501263,2.7066263900161465,30.760610304996483
3,Grand_MultiParadigm_Ensemble,mb-dielectric-2491,1.7510792862308282,1.7660372901831216,0.014958003952293408
3,Grand_MultiParadigm_Ensemble,mb-dielectric-2493,1.5874772439313896,1.596303283659922,0.008826039728532464
3,Grand_MultiParadigm_Ensemble,mb-dielectric-2494,2.2011206236824026,2.1624724395922788,0.03864818409012383
3,Grand_MultiParadigm_Ensemble,mb-dielectric-2497,2.369372842476816,2.340019863042383,0.029352979434432935
3,Grand_MultiParadigm_Ensemble,mb-dielectric-2498,1.5268857193647465,1.5657613774202286,0.0388756580554821
3,Grand_MultiParadigm_Ensemble,mb-dielectric-2501,1.7866547885177295,1.8921861812794223,0.10553139276169277
3,Grand_MultiParadigm_Ensemble,mb-dielectric-2510,1.4464017422555877,1.4508428842827805,0.004441142027192813
3,Grand_MultiParadigm_Ensemble,mb-dielectric-2513,1.738489478445776,1.7120209761482719,0.026468502297504193
3,Grand_MultiParadigm_Ensemble,mb-dielectric-2521,1.807523997074452,1.759604371480929,0.04791962559352303
3,Grand_MultiParadigm_Ensemble,mb-dielectric-2530,1.5443445211480502,1.4111834947553912,0.13316102639265903
3,Grand_MultiParadigm_Ensemble,mb-dielectric-2540,1.7272342053119123,1.8601860714808574,0.13295186616894505
3,Grand_MultiParadigm_Ensemble,mb-dielectric-2542,1.5829197705506113,1.6475317060872665,0.06461193553665523
3,Grand_MultiParadigm_Ensemble,mb-dielectric-2543,3.08117510050954,3.065385771337021,0.01578932917251885
3,Grand_MultiParadigm_Ensemble,mb-dielectric-2545,2.168069187269721,2.225383287971115,0.057314100701393755
3,Grand_MultiParadigm_Ensemble,mb-dielectric-2546,1.5898742088605626,1.606310106229691,0.016435897369128316
3,Grand_MultiParadigm_Ensemble,mb-dielectric-2549,1.4346110971270232,1.5156455733859164,0.08103447625889326
3,Grand_MultiParadigm_Ensemble,mb-dielectric-2551,3.5996670216377886,3.0408116079035663,0.5588554137342223
3,Grand_MultiParadigm_Ensemble,mb-dielectric-2564,4.714203078640828,3.271986551584669,1.4422165270561593
3,Grand_MultiParadigm_Ensemble,mb-dielectric-2566,1.7935177724237918,1.8324193577378796,0.03890158531408772
3,Grand_MultiParadigm_Ensemble,mb-dielectric-2568,9.538562103378055,2.9993965186763094,6.539165584701745
3,Grand_MultiParadigm_Ensemble,mb-dielectric-2572,2.146197101852483,2.1446766106617123,0.0015204911907704677
3,Grand_MultiParadigm_Ensemble,mb-dielectric-2575,1.610153822879458,1.5142927482350497,0.0958610746444084
3,Grand_MultiParadigm_Ensemble,mb-dielectric-2587,2.7922674776365297,2.682336928068307,0.10993054956822279
3,Grand_MultiParadigm_Ensemble,mb-dielectric-2594,1.7515363732068674,1.671030524423682,0.08050584878318534
3,Grand_MultiParadigm_Ensemble,mb-dielectric-2598,2.0592047008493357,2.1142764671325573,0.055071766283221635
3,Grand_MultiParadigm_Ensemble,mb-dielectric-2612,2.572252903584716,2.5467691348707,0.025483768714016364
3,Grand_MultiParadigm_Ensemble,mb-dielectric-2618,2.734857644070955,2.884250583853408,0.14939293978245294
3,Grand_MultiParadigm_Ensemble,mb-dielectric-2620,2.227162843918993,1.9411977858480824,0.28596505807091077
3,Grand_MultiParadigm_Ensemble,mb-dielectric-2626,1.6323756716311764,1.7387119832225415,0.10633631159136514
3,Grand_MultiParadigm_Ensemble,mb-dielectric-2633,2.150250915591016,2.211271359894071,0.061020444303054866
3,Grand_MultiParadigm_Ensemble,mb-dielectric-2635,1.4929835899966353,1.4609137309681757,0.0320698590284596
3,Grand_MultiParadigm_Ensemble,mb-dielectric-2645,1.8577079964300092,1.888701934795391,0.03099393836538189
3,Grand_MultiParadigm_Ensemble,mb-dielectric-2647,1.9798148061540173,2.124882690168318,0.1450678840143007
3,Grand_MultiParadigm_Ensemble,mb-dielectric-2667,1.7816722481983072,1.7598335230674533,0.02183872513085383
3,Grand_MultiParadigm_Ensemble,mb-dielectric-2668,2.8181577315686237,2.851375581500362,0.033217849931738375
3,Grand_MultiParadigm_Ensemble,mb-dielectric-2670,2.4395518906494558,2.4467105343355997,0.0071586436861439395
3,Grand_MultiParadigm_Ensemble,mb-dielectric-2672,3.135532756433377,3.0678721797847435,0.06766057664863334
3,Grand_MultiParadigm_Ensemble,mb-dielectric-2687,2.466214873627821,2.66059858303568,0.19438370940785887
3,Grand_MultiParadigm_Ensemble,mb-dielectric-2688,1.9712830846938243,1.9273127735288544,0.043970311164969855
3,Grand_MultiParadigm_Ensemble,mb-dielectric-2690,1.6963683758743755,1.6492452006617597,0.047123175212615775
3,Grand_MultiParadigm_Ensemble,mb-dielectric-2692,3.313960369909896,3.449947253018191,0.13598688310829532
3,Grand_MultiParadigm_Ensemble,mb-dielectric-2695,1.2918978287775045,1.3270671286511473,0.03516929987364281
3,Grand_MultiParadigm_Ensemble,mb-dielectric-2698,1.5110997099243098,1.4982228369123156,0.012876873011994139
3,Grand_MultiParadigm_Ensemble,mb-dielectric-2699,1.5453100012618828,1.5576015016433569,0.012291500381474085
3,Grand_MultiParadigm_Ensemble,mb-dielectric-2704,1.8064276902217853,1.917612780522538,0.11118509030075274
3,Grand_MultiParadigm_Ensemble,mb-dielectric-2715,2.480591324158287,2.3538030421041585,0.1267882820541284
3,Grand_MultiParadigm_Ensemble,mb-dielectric-2725,1.8154593541764208,1.8367232306328891,0.021263876456468322
3,Grand_MultiParadigm_Ensemble,mb-dielectric-2744,1.524210506021615,1.5250898879916337,0.0008793819700187999
3,Grand_MultiParadigm_Ensemble,mb-dielectric-2759,2.019978300213478,2.008709533793712,0.011268766419766152
3,Grand_MultiParadigm_Ensemble,mb-dielectric-2767,1.8597379743752436,1.7803777910703886,0.07936018330485495
3,Grand_MultiParadigm_Ensemble,mb-dielectric-2769,1.8897617133737608,1.894934478700226,0.005172765326465267
3,Grand_MultiParadigm_Ensemble,mb-dielectric-2773,1.788827548982853,1.8383906016770346,0.04956305269418171
3,Grand_MultiParadigm_Ensemble,mb-dielectric-2781,2.805405318309637,2.5747667988626177,0.23063851944701907
3,Grand_MultiParadigm_Ensemble,mb-dielectric-2792,1.704961583144908,1.6768343656746834,0.02812721747022473
3,Grand_MultiParadigm_Ensemble,mb-dielectric-2800,2.252380962448404,2.1980392423445085,0.0543417201038956
3,Grand_MultiParadigm_Ensemble,mb-dielectric-2805,1.519922805057322,1.548291241034443,0.02836843597712102
3,Grand_MultiParadigm_Ensemble,mb-dielectric-2810,1.8239150199502163,1.7172515876115082,0.10666343233870812
3,Grand_MultiParadigm_Ensemble,mb-dielectric-2815,1.4738438406651726,1.4728668891486163,0.0009769515165563014
3,Grand_MultiParadigm_Ensemble,mb-dielectric-2827,2.3605107059334225,2.2335415404768524,0.1269691654565701
3,Grand_MultiParadigm_Ensemble,mb-dielectric-2828,2.1585609403798016,2.0614091244048307,0.09715181597497091
3,Grand_MultiParadigm_Ensemble,mb-dielectric-2829,1.478501831810386,1.4639145827132243,0.014587249097161692
3,Grand_MultiParadigm_Ensemble,mb-dielectric-2838,1.9832801953665884,1.9514978043045954,0.03178239106199299
3,Grand_MultiParadigm_Ensemble,mb-dielectric-2852,1.6581030325847266,1.7007344997671914,0.0426314671824648
3,Grand_MultiParadigm_Ensemble,mb-dielectric-2853,2.781510261230998,2.803065239575541,0.021554978344542786
3,Grand_MultiParadigm_Ensemble,mb-dielectric-2858,1.6160651802036534,1.8330740137575767,0.2170088335539233
3,Grand_MultiParadigm_Ensemble,mb-dielectric-2870,1.8991276067359608,1.9747494361877784,0.07562182945181761
3,Grand_MultiParadigm_Ensemble,mb-dielectric-2876,1.98132951996044,1.9658557551830065,0.015473764777433452
3,Grand_MultiParadigm_Ensemble,mb-dielectric-2881,1.5441292407218377,1.5987980207310075,0.05466878000916986
3,Grand_MultiParadigm_Ensemble,mb-dielectric-2887,1.5338404958360785,1.6851016094003595,0.15126111356428096
3,Grand_MultiParadigm_Ensemble,mb-dielectric-2899,2.195657608401941,2.211395677195669,0.015738068793727855
3,Grand_MultiParadigm_Ensemble,mb-dielectric-2906,1.9540117706912616,2.0684259217460923,0.11441415105483066
3,Grand_MultiParadigm_Ensemble,mb-dielectric-2907,1.4197180471253203,1.4567335144411184,0.03701546731579808
3,Grand_MultiParadigm_Ensemble,mb-dielectric-2910,1.8060427274384552,1.856030553831006,0.04998782639255084
3,Grand_MultiParadigm_Ensemble,mb-dielectric-2915,1.846219914505696,1.9780678259328925,0.13184791142719665
3,Grand_MultiParadigm_Ensemble,mb-dielectric-2918,1.678672292815565,1.7532782824887996,0.07460598967323451
3,Grand_MultiParadigm_Ensemble,mb-dielectric-2920,2.467702237575136,2.2941129192241876,0.17358931835094848
3,Grand_MultiParadigm_Ensemble,mb-dielectric-2923,1.832782737908545,3.8856744148564224,2.052891676947877
3,Grand_MultiParadigm_Ensemble,mb-dielectric-2928,2.8082226882258943,2.765706010865221,0.04251667736067333
3,Grand_MultiParadigm_Ensemble,mb-dielectric-2931,1.6843840615093302,1.6564130941016924,0.027970967407637826
3,Grand_MultiParadigm_Ensemble,mb-dielectric-2936,2.3044540929831228,2.6061575712628966,0.30170347827977384
3,Grand_MultiParadigm_Ensemble,mb-dielectric-2945,2.206387545287545,2.242567584381333,0.03618003909378764
3,Grand_MultiParadigm_Ensemble,mb-dielectric-2949,2.5974658162652817,2.5765520864553224,0.020913729809959314
3,Grand_MultiParadigm_Ensemble,mb-dielectric-2957,1.540562667772179,1.5703744095237682,0.02981174175158907
3,Grand_MultiParadigm_Ensemble,mb-dielectric-2959,3.072189989784703,2.906209575919767,0.1659804138649359
3,Grand_MultiParadigm_Ensemble,mb-dielectric-2960,3.136406383107903,2.3697426293952737,0.7666637537126295
3,Grand_MultiParadigm_Ensemble,mb-dielectric-2963,3.1405093535921846,2.848011375319996,0.2924979782721886
3,Grand_MultiParadigm_Ensemble,mb-dielectric-2969,1.9103274588404997,1.8619243030859312,0.04840315575456855
3,Grand_MultiParadigm_Ensemble,mb-dielectric-2972,2.077306589472692,1.879149744933418,0.19815684453927407
3,Grand_MultiParadigm_Ensemble,mb-dielectric-2974,1.7409694617271916,1.7194715762301918,0.021497885496999825
3,Grand_MultiParadigm_Ensemble,mb-dielectric-2976,1.94542600304749,1.8350166698477697,0.11040933319972024
3,Grand_MultiParadigm_Ensemble,mb-dielectric-2983,2.415651671909682,2.4383270762224263,0.022675404312744174
3,Grand_MultiParadigm_Ensemble,mb-dielectric-2994,1.5840875396686045,1.7048191436863924,0.12073160401778793
3,Grand_MultiParadigm_Ensemble,mb-dielectric-3002,1.4411800720243118,1.4607124164099137,0.01953234438560192
3,Grand_MultiParadigm_Ensemble,mb-dielectric-3003,1.612038047530823,1.517963921013458,0.09407412651736502
3,Grand_MultiParadigm_Ensemble,mb-dielectric-3004,2.135372999146228,2.2420553429662675,0.10668234382003972
3,Grand_MultiParadigm_Ensemble,mb-dielectric-3011,1.6337847675464074,1.6405803916428063,0.006795624096398889
3,Grand_MultiParadigm_Ensemble,mb-dielectric-3012,1.6869017952052416,1.710723700223917,0.023821905018675427
3,Grand_MultiParadigm_Ensemble,mb-dielectric-3014,2.071142196953169,2.11296649415967,0.04182429720650127
3,Grand_MultiParadigm_Ensemble,mb-dielectric-3017,1.7791813660594955,1.8752191974069317,0.09603783134743615
3,Grand_MultiParadigm_Ensemble,mb-dielectric-3024,2.211208191615314,2.2369612469298494,0.025753055314535533
3,Grand_MultiParadigm_Ensemble,mb-dielectric-3026,1.3563382075770531,1.4107986593619315,0.05446045178487835
3,Grand_MultiParadigm_Ensemble,mb-dielectric-3028,1.710165683981136,1.7123837023655422,0.002218018384406051
3,Grand_MultiParadigm_Ensemble,mb-dielectric-3043,2.0186206511708265,2.0285171751972344,0.009896524026407949
3,Grand_MultiParadigm_Ensemble,mb-dielectric-3048,1.786919602742838,1.9370562271582492,0.1501366244154112
3,Grand_MultiParadigm_Ensemble,mb-dielectric-3061,3.32137817780511,3.4637835033740743,0.14240532556896435
3,Grand_MultiParadigm_Ensemble,mb-dielectric-3064,2.520160907561261,2.5270726059377537,0.0069116983764927475
3,Grand_MultiParadigm_Ensemble,mb-dielectric-3065,3.1305480350890607,3.130176223739306,0.0003718113497548359
3,Grand_MultiParadigm_Ensemble,mb-dielectric-3066,2.346489079454664,2.340092544436792,0.006396535017871852
3,Grand_MultiParadigm_Ensemble,mb-dielectric-3068,1.825901534207756,1.7720870864348135,0.05381444777294253
3,Grand_MultiParadigm_Ensemble,mb-dielectric-3070,1.7000240194381568,1.7417174596240173,0.04169344018586041
3,Grand_MultiParadigm_Ensemble,mb-dielectric-3072,1.817946827238538,1.8114409334301012,0.006505893808436802
3,Grand_MultiParadigm_Ensemble,mb-dielectric-3075,1.3367598886860723,1.361741618433626,0.024981729747553638
3,Grand_MultiParadigm_Ensemble,mb-dielectric-3076,1.6509376860727871,1.7331971854811037,0.08225949940831656
3,Grand_MultiParadigm_Ensemble,mb-dielectric-3080,1.7537771417619723,1.827598285504044,0.07382114374207172
3,Grand_MultiParadigm_Ensemble,mb-dielectric-3081,1.7985216151050252,1.7559290273505468,0.042592587754478384
3,Grand_MultiParadigm_Ensemble,mb-dielectric-3087,1.4749011266296237,1.4819508329007998,0.0070497062711760705
3,Grand_MultiParadigm_Ensemble,mb-dielectric-3089,1.5531524930497542,1.629763072266759,0.07661057921700487
3,Grand_MultiParadigm_Ensemble,mb-dielectric-3102,1.5291569572807056,1.5789555118174086,0.04979855453670301
3,Grand_MultiParadigm_Ensemble,mb-dielectric-3109,2.409087240706184,2.4216491552565236,0.012561914550339726
3,Grand_MultiParadigm_Ensemble,mb-dielectric-3110,3.0259885437104104,3.01222218966818,0.013766354042230589
3,Grand_MultiParadigm_Ensemble,mb-dielectric-3112,1.5634949099160294,1.5560309562021506,0.007463953713878757
3,Grand_MultiParadigm_Ensemble,mb-dielectric-3120,2.00512717801141,2.002040499843168,0.003086678168242152
3,Grand_MultiParadigm_Ensemble,mb-dielectric-3123,3.5929762036506725,3.186772785852624,0.4062034177980487
3,Grand_MultiParadigm_Ensemble,mb-dielectric-3127,6.606031183698737,4.097937155937219,2.5080940277615182
3,Grand_MultiParadigm_Ensemble,mb-dielectric-3135,1.692977259150286,1.6466262365614668,0.04635102258881929
3,Grand_MultiParadigm_Ensemble,mb-dielectric-3137,1.5081566010641378,1.5215577424978428,0.013401141433704966
3,Grand_MultiParadigm_Ensemble,mb-dielectric-3138,1.7370127614192348,1.8415082474465923,0.10449548602735748
3,Grand_MultiParadigm_Ensemble,mb-dielectric-3153,1.816346277388207,1.7671446450585762,0.04920163232963093
3,Grand_MultiParadigm_Ensemble,mb-dielectric-3159,3.1569650510155056,3.0378287777277917,0.11913627328771392
3,Grand_MultiParadigm_Ensemble,mb-dielectric-3173,1.6343194302216442,1.6670400931156908,0.032720662894046626
3,Grand_MultiParadigm_Ensemble,mb-dielectric-3179,1.6193096265590057,1.6928963273205369,0.07358670076153118
3,Grand_MultiParadigm_Ensemble,mb-dielectric-3183,1.93599345728922,2.0175568713473937,0.0815634140581738
3,Grand_MultiParadigm_Ensemble,mb-dielectric-3185,2.7179649249694164,2.5361232160265734,0.18184170894284302
3,Grand_MultiParadigm_Ensemble,mb-dielectric-3192,2.0543157011520887,2.152373145714207,0.09805744456211807
3,Grand_MultiParadigm_Ensemble,mb-dielectric-3193,1.5982804301290028,1.5967108836789838,0.0015695464500189438
3,Grand_MultiParadigm_Ensemble,mb-dielectric-3197,1.651751797335181,1.6020452056420802,0.049706591693100766
3,Grand_MultiParadigm_Ensemble,mb-dielectric-3199,2.5613330513621224,2.6296059617837058,0.06827291042158334
3,Grand_MultiParadigm_Ensemble,mb-dielectric-3205,2.6645975305850595,2.761128950989556,0.09653142040449625
3,Grand_MultiParadigm_Ensemble,mb-dielectric-3206,2.222664767045779,2.1633983920226543,0.059266375023124596
3,Grand_MultiParadigm_Ensemble,mb-dielectric-3207,1.7258846040992042,1.7117582016982547,0.014126402400949534
3,Grand_MultiParadigm_Ensemble,mb-dielectric-3212,1.9121050519726264,1.927556436333251,0.015451384360624543
3,Grand_MultiParadigm_Ensemble,mb-dielectric-3214,2.791132386684659,2.864135155195386,0.07300276851072685
3,Grand_MultiParadigm_Ensemble,mb-dielectric-3217,2.4956888811005387,2.0599663440768916,0.43572253702364705
3,Grand_MultiParadigm_Ensemble,mb-dielectric-3219,1.643542312608144,1.7554700632140574,0.11192775060591331
3,Grand_MultiParadigm_Ensemble,mb-dielectric-3222,1.6536999929451128,1.7282962766253,0.07459628368018723
3,Grand_MultiParadigm_Ensemble,mb-dielectric-3225,1.9319095044368235,2.007866382069781,0.07595687763295755
3,Grand_MultiParadigm_Ensemble,mb-dielectric-3231,1.9105859485159693,1.9675697323150931,0.05698378379912383
3,Grand_MultiParadigm_Ensemble,mb-dielectric-3244,2.1659999230532425,2.175214087603884,0.009214164550641613
3,Grand_MultiParadigm_Ensemble,mb-dielectric-3245,2.492655879454044,2.7236082831461226,0.2309524036920787
3,Grand_MultiParadigm_Ensemble,mb-dielectric-3246,1.7771221117300855,1.737559956535889,0.03956215519419648
3,Grand_MultiParadigm_Ensemble,mb-dielectric-3255,2.198604557440923,2.211211900055963,0.01260734261503993
3,Grand_MultiParadigm_Ensemble,mb-dielectric-3260,1.4664927548406157,1.509869074986002,0.04337632014538628
3,Grand_MultiParadigm_Ensemble,mb-dielectric-3268,3.3536607361707493,3.3799902909783044,0.026329554807555056
3,Grand_MultiParadigm_Ensemble,mb-dielectric-3276,4.558289152741637,4.668581697920082,0.11029254517844489
3,Grand_MultiParadigm_Ensemble,mb-dielectric-3279,1.4355797899571192,1.4584358069759074,0.022856017018788144
3,Grand_MultiParadigm_Ensemble,mb-dielectric-3280,2.501399608219367,2.483454455141892,0.01794515307747524
3,Grand_MultiParadigm_Ensemble,mb-dielectric-3281,4.74679663913816,4.357154808871459,0.38964183026670085
3,Grand_MultiParadigm_Ensemble,mb-dielectric-3286,1.791190107163391,1.8738649608421567,0.08267485367876559
3,Grand_MultiParadigm_Ensemble,mb-dielectric-3293,4.277998714352311,4.339048493826265,0.0610497794739544
3,Grand_MultiParadigm_Ensemble,mb-dielectric-3297,2.9672096881301377,2.9291885101709054,0.03802117795923232
3,Grand_MultiParadigm_Ensemble,mb-dielectric-3299,1.814105840352216,1.890760770710045,0.076654930357829
3,Grand_MultiParadigm_Ensemble,mb-dielectric-3300,3.297513406593924,2.9650331344814416,0.3324802721124822
3,Grand_MultiParadigm_Ensemble,mb-dielectric-3302,3.024138610138986,3.02824253538765,0.0041039252486636535
3,Grand_MultiParadigm_Ensemble,mb-dielectric-3307,1.30690474021812,1.3523766400834312,0.045471899865311194
3,Grand_MultiParadigm_Ensemble,mb-dielectric-3316,1.546001940490373,1.5661763433745253,0.020174402884152176
3,Grand_MultiParadigm_Ensemble,mb-dielectric-3320,1.8604658914727068,2.0027513556770047,0.14228546420429788
3,Grand_MultiParadigm_Ensemble,mb-dielectric-3326,2.5333132455343974,2.6618884461131254,0.12857520057872796
3,Grand_MultiParadigm_Ensemble,mb-dielectric-3328,2.866223240898509,2.9248717008435556,0.05864845994504675
3,Grand_MultiParadigm_Ensemble,mb-dielectric-3329,2.146432155927598,2.132518915699653,0.013913240227944712
3,Grand_MultiParadigm_Ensemble,mb-dielectric-3352,4.092761659320025,5.225059079946431,1.132297420626406
3,Grand_MultiParadigm_Ensemble,mb-dielectric-3361,2.472101198036466,2.4826719544288642,0.010570756392398017
3,Grand_MultiParadigm_Ensemble,mb-dielectric-3368,1.7720985676072003,1.7599346543153929,0.012163913291807438
3,Grand_MultiParadigm_Ensemble,mb-dielectric-3379,1.4328293687665672,1.4588390006504857,0.02600963188391847
3,Grand_MultiParadigm_Ensemble,mb-dielectric-3382,1.9917166799857189,1.9845110604287133,0.007205619557005605
3,Grand_MultiParadigm_Ensemble,mb-dielectric-3383,2.1190568963569723,2.202215859299555,0.08315896294258263
3,Grand_MultiParadigm_Ensemble,mb-dielectric-3384,3.977184934095989,3.5591646915892277,0.4180202425067612
3,Grand_MultiParadigm_Ensemble,mb-dielectric-3385,2.9426745206178637,3.0997361957932887,0.15706167517542502
3,Grand_MultiParadigm_Ensemble,mb-dielectric-3398,1.3133900156972922,1.3848341123558847,0.07144409665859253
3,Grand_MultiParadigm_Ensemble,mb-dielectric-3401,1.956361844513092,2.0256744986255937,0.06931265411250176
3,Grand_MultiParadigm_Ensemble,mb-dielectric-3403,1.931519091285406,2.029854598254214,0.09833550696880788
3,Grand_MultiParadigm_Ensemble,mb-dielectric-3410,1.4659358785431238,1.4635746581441804,0.0023612203989433755
3,Grand_MultiParadigm_Ensemble,mb-dielectric-3425,2.022057368127819,1.9578603352721262,0.06419703285569289
3,Grand_MultiParadigm_Ensemble,mb-dielectric-3428,1.5806354207512032,1.58534839093976,0.004712970188556875
3,Grand_MultiParadigm_Ensemble,mb-dielectric-3432,1.864363698423674,1.8868945696508235,0.022530871227149474
3,Grand_MultiParadigm_Ensemble,mb-dielectric-3438,2.238350508745222,2.1316827356043726,0.10666777314084941
3,Grand_MultiParadigm_Ensemble,mb-dielectric-3447,1.5205415701869684,1.469754754229824,0.050786815957144515
3,Grand_MultiParadigm_Ensemble,mb-dielectric-3451,1.535534543191176,1.5486242730685196,0.013089729877343581
3,Grand_MultiParadigm_Ensemble,mb-dielectric-3460,6.294849031814292,2.3870687498059513,3.9077802820083405
3,Grand_MultiParadigm_Ensemble,mb-dielectric-3462,2.036594215841732,2.0396957826570175,0.003101566815285395
3,Grand_MultiParadigm_Ensemble,mb-dielectric-3467,3.6717574357065943,2.2805545883162655,1.3912028473903288
3,Grand_MultiParadigm_Ensemble,mb-dielectric-3469,2.749672950249417,2.877022550988486,0.1273496007390693
3,Grand_MultiParadigm_Ensemble,mb-dielectric-3474,1.698351455578811,1.7087250123121371,0.010373556733326073
3,Grand_MultiParadigm_Ensemble,mb-dielectric-3476,1.47738507731284,1.5107276978827584,0.033342620569918324
3,Grand_MultiParadigm_Ensemble,mb-dielectric-3487,1.5231546211727844,1.5686199218993033,0.04546530072651889
3,Grand_MultiParadigm_Ensemble,mb-dielectric-3488,2.7391465215768704,2.814549690378912,0.07540316880204134
3,Grand_MultiParadigm_Ensemble,mb-dielectric-3497,1.6306765467130506,1.6373094114926723,0.006632864779621661
3,Grand_MultiParadigm_Ensemble,mb-dielectric-3499,4.802707569694412,3.9554250562553057,0.8472825134391067
3,Grand_MultiParadigm_Ensemble,mb-dielectric-3501,3.1308145904840443,3.1835724411214046,0.05275785063736027
3,Grand_MultiParadigm_Ensemble,mb-dielectric-3502,1.8115215519925048,1.8825761643884475,0.0710546123959428
3,Grand_MultiParadigm_Ensemble,mb-dielectric-3505,3.0230105303598678,3.139127981383775,0.11611745102390714
3,Grand_MultiParadigm_Ensemble,mb-dielectric-3524,2.123888885982504,2.2667247809115496,0.1428358949290458
3,Grand_MultiParadigm_Ensemble,mb-dielectric-3529,4.056205780447207,5.054881325857139,0.9986755454099319
3,Grand_MultiParadigm_Ensemble,mb-dielectric-3531,2.906028217344077,2.9731024567030073,0.06707423935893031
3,Grand_MultiParadigm_Ensemble,mb-dielectric-3532,4.959267284589526,5.706475482325228,0.7472081977357021
3,Grand_MultiParadigm_Ensemble,mb-dielectric-3553,6.666162614278173,4.5238900279744945,2.1422725863036787
3,Grand_MultiParadigm_Ensemble,mb-dielectric-3555,1.5831972924012556,1.584463276751477,0.0012659843502214052
3,Grand_MultiParadigm_Ensemble,mb-dielectric-3560,2.87222329679762,2.524788457611662,0.34743483918595786
3,Grand_MultiParadigm_Ensemble,mb-dielectric-3563,1.6854178512562843,1.7890304063857116,0.10361255512942735
3,Grand_MultiParadigm_Ensemble,mb-dielectric-3565,1.750788393838624,1.8503630500605062,0.09957465622188222
3,Grand_MultiParadigm_Ensemble,mb-dielectric-3572,2.8046390142048585,2.975751824524953,0.1711128103200945
3,Grand_MultiParadigm_Ensemble,mb-dielectric-3577,1.9751184774590111,1.9837119079473022,0.008593430488291087
3,Grand_MultiParadigm_Ensemble,mb-dielectric-3589,2.1575954980795977,2.1239064449973366,0.03368905308226111
3,Grand_MultiParadigm_Ensemble,mb-dielectric-3592,4.993862900267354,4.916539490327543,0.0773234099398108
3,Grand_MultiParadigm_Ensemble,mb-dielectric-3599,2.806732085540047,2.695599784776283,0.11113230076376368
3,Grand_MultiParadigm_Ensemble,mb-dielectric-3600,1.745535829862376,1.7342194695333528,0.011316360329023167
3,Grand_MultiParadigm_Ensemble,mb-dielectric-3608,1.475068359997823,1.4713861196046396,0.0036822403931833225
3,Grand_MultiParadigm_Ensemble,mb-dielectric-3612,1.7196182715940187,1.6583678179433867,0.061250453650631975
3,Grand_MultiParadigm_Ensemble,mb-dielectric-3613,4.153793446959056,4.092627886547673,0.06116556041138299
3,Grand_MultiParadigm_Ensemble,mb-dielectric-3617,1.5303594349041048,1.5471105031221843,0.01675106821807959
3,Grand_MultiParadigm_Ensemble,mb-dielectric-3624,1.7091521289809175,1.7497387999625993,0.04058667098168178
3,Grand_MultiParadigm_Ensemble,mb-dielectric-3629,3.2293962283993585,3.237277076452577,0.007880848053218426
3,Grand_MultiParadigm_Ensemble,mb-dielectric-3630,1.929605745569113,2.0068767564549246,0.07727101088581168
3,Grand_MultiParadigm_Ensemble,mb-dielectric-3631,3.704951641609735,3.4523148718579897,0.2526367697517453
3,Grand_MultiParadigm_Ensemble,mb-dielectric-3632,1.8773641095962177,1.8249261835266224,0.0524379260695953
3,Grand_MultiParadigm_Ensemble,mb-dielectric-3633,2.7980350247986534,2.4559050017516624,0.342130023046991
3,Grand_MultiParadigm_Ensemble,mb-dielectric-3634,1.895912005693654,1.6088069834879097,0.2871050222057443
3,Grand_MultiParadigm_Ensemble,mb-dielectric-3641,8.03874038640383,4.808748813757491,3.2299915726463393
3,Grand_MultiParadigm_Ensemble,mb-dielectric-3642,2.122038171192969,2.131423340813721,0.009385169620752087
3,Grand_MultiParadigm_Ensemble,mb-dielectric-3643,1.633483292435728,1.6420911113278625,0.008607818892134356
3,Grand_MultiParadigm_Ensemble,mb-dielectric-3646,2.5292475165550754,2.3600274528621066,0.16922006369296883
3,Grand_MultiParadigm_Ensemble,mb-dielectric-3651,2.3297755256676558,2.2552062591118096,0.07456926655584617
3,Grand_MultiParadigm_Ensemble,mb-dielectric-3672,2.372994943104597,2.1510436576152614,0.22195128548933551
3,Grand_MultiParadigm_Ensemble,mb-dielectric-3679,1.809051316753124,1.7788977176139575,0.030153599139166376
3,Grand_MultiParadigm_Ensemble,mb-dielectric-3685,4.282918864512845,4.847485666717999,0.564566802205154
3,Grand_MultiParadigm_Ensemble,mb-dielectric-3695,2.7086609853086694,2.925763620841636,0.21710263553296683
3,Grand_MultiParadigm_Ensemble,mb-dielectric-3699,2.350673662300383,2.4054507735186985,0.05477711121831552
3,Grand_MultiParadigm_Ensemble,mb-dielectric-3700,2.125411960067977,2.1114768176528083,0.013935142415168578
3,Grand_MultiParadigm_Ensemble,mb-dielectric-3702,1.9401971549303951,1.959161532159019,0.018964377228623874
3,Grand_MultiParadigm_Ensemble,mb-dielectric-3704,3.0070472781894386,3.100501384369732,0.09345410618029337
3,Grand_MultiParadigm_Ensemble,mb-dielectric-3713,1.9875445487669787,2.0726503362900357,0.08510578752305697
3,Grand_MultiParadigm_Ensemble,mb-dielectric-3723,2.4170026892827443,2.478930697067188,0.06192800778444374
3,Grand_MultiParadigm_Ensemble,mb-dielectric-3727,1.9149233173184923,1.914686013091132,0.0002373042273602355
3,Grand_MultiParadigm_Ensemble,mb-dielectric-3730,1.5586057857159503,1.5817281110051453,0.023122325289195
3,Grand_MultiParadigm_Ensemble,mb-dielectric-3732,1.757527903998492,1.7776236390557554,0.020095735057263475
3,Grand_MultiParadigm_Ensemble,mb-dielectric-3733,4.673435567117621,4.94941442614533,0.2759788590277088
3,Grand_MultiParadigm_Ensemble,mb-dielectric-3735,3.156369222169388,2.622975998932873,0.5333932232365148
3,Grand_MultiParadigm_Ensemble,mb-dielectric-3739,1.4926486525636231,1.4839464749922056,0.008702177571417558
3,Grand_MultiParadigm_Ensemble,mb-dielectric-3744,1.5737428845479355,1.6010063795150362,0.027263494967100677
3,Grand_MultiParadigm_Ensemble,mb-dielectric-3755,2.011052792279042,2.2128676674241547,0.20181487514511254
3,Grand_MultiParadigm_Ensemble,mb-dielectric-3756,2.1835684860643445,2.0490263165655103,0.13454216949883424
3,Grand_MultiParadigm_Ensemble,mb-dielectric-3760,3.019738564842989,2.8628617155868237,0.1568768492561654
3,Grand_MultiParadigm_Ensemble,mb-dielectric-3761,3.024516655599701,2.9522124543050716,0.07230420129462933
3,Grand_MultiParadigm_Ensemble,mb-dielectric-3763,1.6477870007983455,1.6563049782297667,0.008517977431421242
3,Grand_MultiParadigm_Ensemble,mb-dielectric-3769,2.0632813671431243,2.016145407430919,0.04713595971220519
3,Grand_MultiParadigm_Ensemble,mb-dielectric-3770,2.057069436520489,2.1183717215232893,0.06130228500280044
3,Grand_MultiParadigm_Ensemble,mb-dielectric-3785,3.2567044692449523,2.9343815786468825,0.32232289059806973
3,Grand_MultiParadigm_Ensemble,mb-dielectric-3798,2.1567106126382987,2.1016430787066214,0.05506753393167729
3,Grand_MultiParadigm_Ensemble,mb-dielectric-3800,1.828213061981568,1.8859905570107869,0.05777749502921892
3,Grand_MultiParadigm_Ensemble,mb-dielectric-3801,2.7138368287967003,2.8026393749768053,0.08880254618010497
3,Grand_MultiParadigm_Ensemble,mb-dielectric-3803,2.1095759447497087,2.1791602104431798,0.06958426569347109
3,Grand_MultiParadigm_Ensemble,mb-dielectric-3814,1.8460769214742925,1.659257812943827,0.18681910853046557
3,Grand_MultiParadigm_Ensemble,mb-dielectric-3815,3.183865575051811,3.03804337522324,0.14582219982857092
3,Grand_MultiParadigm_Ensemble,mb-dielectric-3816,2.0803716815351367,2.160922434863379,0.08055075332824213
3,Grand_MultiParadigm_Ensemble,mb-dielectric-3823,3.165077934796133,2.8765764902194446,0.28850144457668847
3,Grand_MultiParadigm_Ensemble,mb-dielectric-3829,1.63258486252119,1.6809996888770122,0.04841482635582217
3,Grand_MultiParadigm_Ensemble,mb-dielectric-3834,1.7324731840156526,1.6327312569815589,0.09974192703409379
3,Grand_MultiParadigm_Ensemble,mb-dielectric-3836,1.56833244775037,1.5830527252639814,0.01472027751361149
3,Grand_MultiParadigm_Ensemble,mb-dielectric-3837,2.268615583713262,2.1568054492414785,0.11181013447178367
3,Grand_MultiParadigm_Ensemble,mb-dielectric-3843,1.8549932614432985,2.002353144975467,0.14735988353216856
3,Grand_MultiParadigm_Ensemble,mb-dielectric-3851,3.2444311263079597,2.9871835477560578,0.25724757855190195
3,Grand_MultiParadigm_Ensemble,mb-dielectric-3860,3.36204302966713,3.037024913739098,0.3250181159280321
3,Grand_MultiParadigm_Ensemble,mb-dielectric-3865,3.031743392835216,2.8759097106349327,0.15583368220028326
3,Grand_MultiParadigm_Ensemble,mb-dielectric-3872,2.406750367888895,2.58712752971329,0.18037716182439478
3,Grand_MultiParadigm_Ensemble,mb-dielectric-3883,1.7539479277713272,1.8965243073934488,0.14257637962212155
3,Grand_MultiParadigm_Ensemble,mb-dielectric-3894,1.7182355290626874,1.7604355086697048,0.04219997960701738
3,Grand_MultiParadigm_Ensemble,mb-dielectric-3898,2.2451711144884543,2.272812646729565,0.027641532241110767
3,Grand_MultiParadigm_Ensemble,mb-dielectric-3900,4.753560069386889,4.6341495342168,0.11941053517008893
3,Grand_MultiParadigm_Ensemble,mb-dielectric-3902,1.73602025717825,1.8465248638633576,0.11050460668510764
3,Grand_MultiParadigm_Ensemble,mb-dielectric-3909,1.654791024067188,1.7032468567162287,0.04845583264904074
3,Grand_MultiParadigm_Ensemble,mb-dielectric-3910,2.4559634269216257,2.4680802174459893,0.012116790524363541
3,Grand_MultiParadigm_Ensemble,mb-dielectric-3923,1.6082787900941389,1.6230242677622448,0.014745477668105966
3,Grand_MultiParadigm_Ensemble,mb-dielectric-3924,2.145844045280674,2.1202743258713985,0.02556971940927566
3,Grand_MultiParadigm_Ensemble,mb-dielectric-3927,2.411390055548873,1.8324495526686668,0.5789405028802062
3,Grand_MultiParadigm_Ensemble,mb-dielectric-3938,2.167802420271122,2.282454770204123,0.11465234993300122
3,Grand_MultiParadigm_Ensemble,mb-dielectric-3939,1.9846254054606856,2.136047500982207,0.1514220955215213
3,Grand_MultiParadigm_Ensemble,mb-dielectric-3943,4.150931486180482,2.925600132206052,1.2253313539744295
3,Grand_MultiParadigm_Ensemble,mb-dielectric-3948,4.946589127873871,4.91466444321924,0.03192468465463083
3,Grand_MultiParadigm_Ensemble,mb-dielectric-3950,1.803361121166064,1.7828958077189345,0.02046531344712954
3,Grand_MultiParadigm_Ensemble,mb-dielectric-3955,1.765050707486912,1.7283484700757223,0.03670223741118961
3,Grand_MultiParadigm_Ensemble,mb-dielectric-3957,1.7635565391182293,1.8086459963905515,0.045089457272322164
3,Grand_MultiParadigm_Ensemble,mb-dielectric-3962,2.9132472718028346,2.695457952603409,0.2177893191994258
3,Grand_MultiParadigm_Ensemble,mb-dielectric-3964,2.0076738660796067,1.9913162168222125,0.016357649257394247
3,Grand_MultiParadigm_Ensemble,mb-dielectric-3977,4.431026968999399,3.7803013637296843,0.6507256052697148
3,Grand_MultiParadigm_Ensemble,mb-dielectric-3984,1.509375809178527,1.5428614630589323,0.033485653880405364
3,Grand_MultiParadigm_Ensemble,mb-dielectric-3986,1.9151110094240276,1.9028704100369667,0.012240599387060902
3,Grand_MultiParadigm_Ensemble,mb-dielectric-3991,1.70751495845083,1.7103197658246772,0.00280480737384714
3,Grand_MultiParadigm_Ensemble,mb-dielectric-3992,2.160888860322662,2.1115499090080414,0.049338951314620516
3,Grand_MultiParadigm_Ensemble,mb-dielectric-3996,2.044549094543832,1.8800515977111611,0.16449749683267068
3,Grand_MultiParadigm_Ensemble,mb-dielectric-4000,2.039771228980882,1.9458677067416683,0.0939035222392135
3,Grand_MultiParadigm_Ensemble,mb-dielectric-4004,2.279915714816376,2.348303261403192,0.06838754658681623
3,Grand_MultiParadigm_Ensemble,mb-dielectric-4006,2.030898323402725,2.1459876621007785,0.11508933869805338
3,Grand_MultiParadigm_Ensemble,mb-dielectric-4015,1.4774930343885422,1.5726301646210668,0.09513713023252457
3,Grand_MultiParadigm_Ensemble,mb-dielectric-4021,1.6729215960907036,1.748579786161296,0.07565819007059238
3,Grand_MultiParadigm_Ensemble,mb-dielectric-4029,1.8895734968505495,1.8028194587683264,0.08675403808222315
3,Grand_MultiParadigm_Ensemble,mb-dielectric-4035,2.2186645382601973,2.242401771311793,0.02373723305159592
3,Grand_MultiParadigm_Ensemble,mb-dielectric-4043,5.633648906348443,2.515496105916447,3.1181528004319965
3,Grand_MultiParadigm_Ensemble,mb-dielectric-4045,1.5234593310401603,1.5168096053505091,0.006649725689651165
3,Grand_MultiParadigm_Ensemble,mb-dielectric-4048,1.6403884702512792,1.638855910897325,0.0015325593539541327
3,Grand_MultiParadigm_Ensemble,mb-dielectric-4050,1.699901957966662,1.6718888008234618,0.028013157143200296
3,Grand_MultiParadigm_Ensemble,mb-dielectric-4056,3.956925068787631,2.95353912887067,1.0033859399169613
3,Grand_MultiParadigm_Ensemble,mb-dielectric-4065,2.341189014154988,2.21905078816492,0.12213822599006763
3,Grand_MultiParadigm_Ensemble,mb-dielectric-4068,1.91261670667875,1.9245242672832545,0.011907560604504486
3,Grand_MultiParadigm_Ensemble,mb-dielectric-4078,3.265016589799872,2.7277783013308836,0.5372382884689886
3,Grand_MultiParadigm_Ensemble,mb-dielectric-4080,3.2707950613472154,3.265270297570987,0.0055247637762283475
3,Grand_MultiParadigm_Ensemble,mb-dielectric-4089,5.261241931964987,5.636533853477357,0.37529192151237023
3,Grand_MultiParadigm_Ensemble,mb-dielectric-4092,2.610555489117419,2.6091313611002875,0.001424128017131654
3,Grand_MultiParadigm_Ensemble,mb-dielectric-4093,2.2428115539801103,2.2228302541134988,0.019981299866611568
3,Grand_MultiParadigm_Ensemble,mb-dielectric-4116,2.1747918674362072,2.3956752358553883,0.2208833684191811
3,Grand_MultiParadigm_Ensemble,mb-dielectric-4117,1.3939153489216007,1.4170593523000552,0.02314400337845446
3,Grand_MultiParadigm_Ensemble,mb-dielectric-4119,2.573274243708457,2.2890054791113728,0.2842687645970843
3,Grand_MultiParadigm_Ensemble,mb-dielectric-4122,2.1830635965694327,2.142000630319977,0.04106296624945571
3,Grand_MultiParadigm_Ensemble,mb-dielectric-4128,3.2333328522336404,2.5669764318644503,0.6663564203691901
3,Grand_MultiParadigm_Ensemble,mb-dielectric-4129,2.4124432290384195,2.4945276439706694,0.08208441493224994
3,Grand_MultiParadigm_Ensemble,mb-dielectric-4130,2.237017955523225,2.3834044225949986,0.14638646707177383
3,Grand_MultiParadigm_Ensemble,mb-dielectric-4135,2.5428986085436702,2.492836440999664,0.050062167544006275
3,Grand_MultiParadigm_Ensemble,mb-dielectric-4136,1.5670566890368498,1.6401006338466158,0.07304394480976595
3,Grand_MultiParadigm_Ensemble,mb-dielectric-4139,2.469775698317562,2.4534110444667605,0.016364653850801325
3,Grand_MultiParadigm_Ensemble,mb-dielectric-4155,3.025809147980086,2.918897355049134,0.10691179293095221
3,Grand_MultiParadigm_Ensemble,mb-dielectric-4165,5.920239944461704,5.238930180596256,0.681309763865448
3,Grand_MultiParadigm_Ensemble,mb-dielectric-4166,2.6309612311852857,2.7162220172392666,0.08526078605398091
3,Grand_MultiParadigm_Ensemble,mb-dielectric-4175,4.456156789581504,4.30955969380677,0.1465970957747338
3,Grand_MultiParadigm_Ensemble,mb-dielectric-4177,3.042038790024324,2.6587195790321774,0.3833192109921466
3,Grand_MultiParadigm_Ensemble,mb-dielectric-4178,1.733348768432326,1.657716035803378,0.0756327326289481
3,Grand_MultiParadigm_Ensemble,mb-dielectric-4185,1.7659567756129635,1.7946290131314853,0.02867223751852177
3,Grand_MultiParadigm_Ensemble,mb-dielectric-4191,2.7138714787121136,2.774931393436823,0.06105991472470951
3,Grand_MultiParadigm_Ensemble,mb-dielectric-4194,2.5879206582376773,2.628635630069252,0.04071497183157469
3,Grand_MultiParadigm_Ensemble,mb-dielectric-4201,1.5699256882622696,1.5365929513236967,0.03333273693857297
3,Grand_MultiParadigm_Ensemble,mb-dielectric-4203,1.7496190061458137,1.7833481346029898,0.03372912845717613
3,Grand_MultiParadigm_Ensemble,mb-dielectric-4204,5.140168609426478,4.394394555600894,0.7457740538255839
3,Grand_MultiParadigm_Ensemble,mb-dielectric-4215,1.432588915216079,1.4341679350715562,0.0015790198554772594
3,Grand_MultiParadigm_Ensemble,mb-dielectric-4218,2.132657340815286,2.1414777937893765,0.008820452974090731
3,Grand_MultiParadigm_Ensemble,mb-dielectric-4220,4.997299270606329,5.309965502299073,0.3126662316927433
3,Grand_MultiParadigm_Ensemble,mb-dielectric-4233,1.9049022722089093,1.8644031041448752,0.040499168064034086
3,Grand_MultiParadigm_Ensemble,mb-dielectric-4234,2.45277224109102,2.5296275767763445,0.07685533568532454
3,Grand_MultiParadigm_Ensemble,mb-dielectric-4239,6.760399396485549,4.397941555397404,2.362457841088145
3,Grand_MultiParadigm_Ensemble,mb-dielectric-4241,4.486019505084658,4.629344546404214,0.1433250413195557
3,Grand_MultiParadigm_Ensemble,mb-dielectric-4242,1.586885209038983,1.5554513158302026,0.03143389320878032
3,Grand_MultiParadigm_Ensemble,mb-dielectric-4244,2.209901958609627,2.4033443656959426,0.19344240708631544
3,Grand_MultiParadigm_Ensemble,mb-dielectric-4248,3.9126655875502543,4.608065100344868,0.695399512794614
3,Grand_MultiParadigm_Ensemble,mb-dielectric-4250,1.8459924160190904,1.7861240409223,0.05986837509679033
3,Grand_MultiParadigm_Ensemble,mb-dielectric-4266,1.839876716884404,1.9279559860804185,0.08807926919601461
3,Grand_MultiParadigm_Ensemble,mb-dielectric-4272,2.0643804558914685,1.9689309991722859,0.09544945671918259
3,Grand_MultiParadigm_Ensemble,mb-dielectric-4276,1.7421504910119945,1.7338193436177352,0.00833114739425933
3,Grand_MultiParadigm_Ensemble,mb-dielectric-4281,1.871859770388797,1.9091967857461813,0.03733701535738443
3,Grand_MultiParadigm_Ensemble,mb-dielectric-4285,1.538317262465711,1.5357197760139336,0.0025974864517774865
3,Grand_MultiParadigm_Ensemble,mb-dielectric-4300,4.182429198444368,4.2229786079004,0.04054940945603214
3,Grand_MultiParadigm_Ensemble,mb-dielectric-4305,2.404154737116561,2.6519934564629937,0.24783871934643287
3,Grand_MultiParadigm_Ensemble,mb-dielectric-4307,1.4074800176221447,1.4499714732705924,0.042491455648447696
3,Grand_MultiParadigm_Ensemble,mb-dielectric-4325,1.729004819734944,1.754712594678546,0.025707774943602102
3,Grand_MultiParadigm_Ensemble,mb-dielectric-4339,1.829526259263128,1.8426279252158586,0.013101665952730546
3,Grand_MultiParadigm_Ensemble,mb-dielectric-4342,1.5537401112584206,1.5666610726131207,0.012920961354700111
3,Grand_MultiParadigm_Ensemble,mb-dielectric-4345,1.5374602433884137,1.518747105345798,0.018713138042615762
3,Grand_MultiParadigm_Ensemble,mb-dielectric-4355,1.823549652006584,1.8395962273879138,0.01604657538132992
3,Grand_MultiParadigm_Ensemble,mb-dielectric-4356,2.035566014650471,2.052223293619657,0.01665727896918634
3,Grand_MultiParadigm_Ensemble,mb-dielectric-4374,1.5370968306084904,1.5225298625958186,0.014566968012671877
3,Grand_MultiParadigm_Ensemble,mb-dielectric-4383,1.838095209721194,1.9241762178411055,0.08608100811991148
3,Grand_MultiParadigm_Ensemble,mb-dielectric-4384,1.6465947690106797,1.6246589817645138,0.02193578724616585
3,Grand_MultiParadigm_Ensemble,mb-dielectric-4389,2.498795309744277,2.5841053786714134,0.08531006892713622
3,Grand_MultiParadigm_Ensemble,mb-dielectric-4391,1.845170633482624,1.852358451904177,0.007187818421553027
3,Grand_MultiParadigm_Ensemble,mb-dielectric-4395,9.523672575920138,4.048459284930319,5.475213290989819
3,Grand_MultiParadigm_Ensemble,mb-dielectric-4402,2.800014642818855,2.6184401285417436,0.18157451427711147
3,Grand_MultiParadigm_Ensemble,mb-dielectric-4406,1.7508278994045456,1.8168707048227446,0.06604280541819896
3,Grand_MultiParadigm_Ensemble,mb-dielectric-4441,1.8668637693557968,1.865675452590103,0.0011883167656938642
3,Grand_MultiParadigm_Ensemble,mb-dielectric-4447,2.892891921013758,2.803007759736667,0.08988416127709087
3,Grand_MultiParadigm_Ensemble,mb-dielectric-4457,3.54221997246548,3.474396527255722,0.06782344520975814
3,Grand_MultiParadigm_Ensemble,mb-dielectric-4468,3.233096400253685,3.4027486898022365,0.1696522895485515
3,Grand_MultiParadigm_Ensemble,mb-dielectric-4469,55.88597915995247,2.89566829811989,52.99031086183258
3,Grand_MultiParadigm_Ensemble,mb-dielectric-4474,1.7775257147694543,1.8336077719484472,0.05608205717899284
3,Grand_MultiParadigm_Ensemble,mb-dielectric-4475,2.689557055524758,2.6159706617851994,0.07358639373955844
3,Grand_MultiParadigm_Ensemble,mb-dielectric-4476,1.70496715510886,1.5835665155457284,0.12140063956313174
3,Grand_MultiParadigm_Ensemble,mb-dielectric-4480,1.8360254173984996,1.729354183182647,0.10667123421585245
3,Grand_MultiParadigm_Ensemble,mb-dielectric-4481,1.582403235588201,1.743694785033187,0.16129154944498603
3,Grand_MultiParadigm_Ensemble,mb-dielectric-4488,3.136551875334866,3.1471787739137573,0.010626898578891542
3,Grand_MultiParadigm_Ensemble,mb-dielectric-4490,2.1438192783018373,2.221634774184981,0.07781549588314363
3,Grand_MultiParadigm_Ensemble,mb-dielectric-4491,3.606020382637906,3.2861245624403765,0.31989582019752927
3,Grand_MultiParadigm_Ensemble,mb-dielectric-4498,1.5100310151340162,1.5422095546025347,0.03217853946851856
3,Grand_MultiParadigm_Ensemble,mb-dielectric-4504,2.6130442016927824,2.3929613113279498,0.22008289036483264
3,Grand_MultiParadigm_Ensemble,mb-dielectric-4506,5.218648771473319,6.38484313260218,1.166194361128861
3,Grand_MultiParadigm_Ensemble,mb-dielectric-4507,4.095160436417602,3.594473164957049,0.5006872714605533
3,Grand_MultiParadigm_Ensemble,mb-dielectric-4508,1.8323021039119067,1.985402563003193,0.15310045909128633
3,Grand_MultiParadigm_Ensemble,mb-dielectric-4511,1.7762115114291206,1.7396626207423533,0.036548890686767255
3,Grand_MultiParadigm_Ensemble,mb-dielectric-4520,1.6121285101794254,1.59975970819873,0.012368801980695343
3,Grand_MultiParadigm_Ensemble,mb-dielectric-4523,3.8776681996615774,4.549386760458853,0.671718560797276
3,Grand_MultiParadigm_Ensemble,mb-dielectric-4524,1.6691703528000568,1.6662780861713131,0.002892266628743645
3,Grand_MultiParadigm_Ensemble,mb-dielectric-4530,2.703839923762746,2.7334154477217836,0.029575523959037398
3,Grand_MultiParadigm_Ensemble,mb-dielectric-4537,1.4759687214391322,1.436261036196477,0.03970768524265522
3,Grand_MultiParadigm_Ensemble,mb-dielectric-4542,1.8641351882307384,2.11475018304041,0.2506149948096714
3,Grand_MultiParadigm_Ensemble,mb-dielectric-4557,2.7369265000483054,2.702917476537357,0.03400902351094848
3,Grand_MultiParadigm_Ensemble,mb-dielectric-4559,2.8005733936529995,2.8405817715224955,0.04000837786949596
3,Grand_MultiParadigm_Ensemble,mb-dielectric-4560,3.1917080066948627,3.818717662705191,0.6270096560103284
3,Grand_MultiParadigm_Ensemble,mb-dielectric-4562,2.1129403683019548,2.1528984646481626,0.03995809634620784
3,Grand_MultiParadigm_Ensemble,mb-dielectric-4563,1.526106156202815,1.508342396687225,0.017763759515590172
3,Grand_MultiParadigm_Ensemble,mb-dielectric-4567,2.019486155766691,2.077287762285966,0.057801606519274795
3,Grand_MultiParadigm_Ensemble,mb-dielectric-4572,1.857813051233448,1.906599869540991,0.048786818307542834
3,Grand_MultiParadigm_Ensemble,mb-dielectric-4574,3.023784273610357,3.1881475438068527,0.16436327019649566
3,Grand_MultiParadigm_Ensemble,mb-dielectric-4588,2.681256235423984,2.714419844404361,0.033163608980376846
3,Grand_MultiParadigm_Ensemble,mb-dielectric-4589,1.6711440193272795,1.6881802764873726,0.01703625716009305
3,Grand_MultiParadigm_Ensemble,mb-dielectric-4597,2.886779000893554,2.7205759174885404,0.16620308340501344
3,Grand_MultiParadigm_Ensemble,mb-dielectric-4600,2.3573234822569424,2.3651427566581407,0.007819274401198228
3,Grand_MultiParadigm_Ensemble,mb-dielectric-4602,1.890961219415496,2.018998112705612,0.1280368932901157
3,Grand_MultiParadigm_Ensemble,mb-dielectric-4608,1.6967616214424517,1.77731765044478,0.08055602900232839
3,Grand_MultiParadigm_Ensemble,mb-dielectric-4611,2.633979380943872,3.959484306867983,1.3255049259241107
3,Grand_MultiParadigm_Ensemble,mb-dielectric-4613,1.3336228852265566,1.3497749928542473,0.016152107627690704
3,Grand_MultiParadigm_Ensemble,mb-dielectric-4621,2.0202050225987787,1.9277401127916574,0.0924649098071213
3,Grand_MultiParadigm_Ensemble,mb-dielectric-4628,2.148335790016697,2.207097648804793,0.058761858788096255
3,Grand_MultiParadigm_Ensemble,mb-dielectric-4636,1.412383564522512,1.427656837962483,0.01527327343997098
3,Grand_MultiParadigm_Ensemble,mb-dielectric-4640,1.9090904466089031,1.8930064357719012,0.01608401083700195
3,Grand_MultiParadigm_Ensemble,mb-dielectric-4645,1.8739076818242664,1.8892322954456666,0.015324613621400252
3,Grand_MultiParadigm_Ensemble,mb-dielectric-4651,2.9742814820041685,3.1498060692606655,0.175524587256497
3,Grand_MultiParadigm_Ensemble,mb-dielectric-4662,1.9367237799954848,1.9304207762048162,0.006303003790668615
3,Grand_MultiParadigm_Ensemble,mb-dielectric-4667,1.6219987669539089,1.7040439389513593,0.08204517199745043
3,Grand_MultiParadigm_Ensemble,mb-dielectric-4674,2.2116958802391133,2.0247747048437996,0.18692117539531372
3,Grand_MultiParadigm_Ensemble,mb-dielectric-4686,1.933461231401694,2.045998642329871,0.11253741092817715
3,Grand_MultiParadigm_Ensemble,mb-dielectric-4689,3.119218385001816,2.502869448073419,0.616348936928397
3,Grand_MultiParadigm_Ensemble,mb-dielectric-4693,1.9605632694032935,1.9438579596521322,0.016705309751161357
3,Grand_MultiParadigm_Ensemble,mb-dielectric-4696,1.642558979154173,1.6602728271145188,0.017713847960345808
3,Grand_MultiParadigm_Ensemble,mb-dielectric-4704,2.532186670317442,2.6073793058518695,0.07519263553442768
3,Grand_MultiParadigm_Ensemble,mb-dielectric-4707,2.976079524027094,1.6293275261926805,1.3467519978344136
3,Grand_MultiParadigm_Ensemble,mb-dielectric-4708,1.4890547337153208,1.4878082959872254,0.0012464377280954064
3,Grand_MultiParadigm_Ensemble,mb-dielectric-4718,5.227213406778045,5.81089353991259,0.5836801331345454
3,Grand_MultiParadigm_Ensemble,mb-dielectric-4720,1.9667517213246144,1.9933167925808686,0.02656507125625418
3,Grand_MultiParadigm_Ensemble,mb-dielectric-4721,1.631308166268211,1.7510412006806235,0.11973303441241256
3,Grand_MultiParadigm_Ensemble,mb-dielectric-4733,2.1688898081737578,2.218602269591641,0.049712461417883436
3,Grand_MultiParadigm_Ensemble,mb-dielectric-4740,2.125647744414237,2.1629454221528945,0.03729767773865733
3,Grand_MultiParadigm_Ensemble,mb-dielectric-4742,2.208163503056339,2.171991906711739,0.03617159634460032
3,Grand_MultiParadigm_Ensemble,mb-dielectric-4745,4.063563460806292,3.7566270903491863,0.30693637045710576
3,Grand_MultiParadigm_Ensemble,mb-dielectric-4754,2.4124180124237724,2.4386917122714524,0.02627369984768002
3,Grand_MultiParadigm_Ensemble,mb-dielectric-4755,1.4800124999472133,1.4910673822245795,0.011054882277366174
3,Grand_MultiParadigm_Ensemble,mb-dielectric-4758,2.506033451390962,2.4120957779047076,0.09393767348625426
3,Grand_MultiParadigm_Ensemble,mb-dielectric-4759,2.4582941917787897,2.519694647892668,0.06140045611387812
4,Grand_MultiParadigm_Ensemble,mb-dielectric-0005,1.7932323701442967,1.8324372682730619,0.03920489812876515
4,Grand_MultiParadigm_Ensemble,mb-dielectric-0013,2.01079254689952,2.0508710663526344,0.04007851945311458
4,Grand_MultiParadigm_Ensemble,mb-dielectric-0015,1.451558357995522,1.464318785500212,0.012760427504689975
4,Grand_MultiParadigm_Ensemble,mb-dielectric-0020,2.5537053471377607,2.622353318381065,0.06864797124330435
4,Grand_MultiParadigm_Ensemble,mb-dielectric-0033,2.697724164303435,2.7832248636229466,0.08550069931951176
4,Grand_MultiParadigm_Ensemble,mb-dielectric-0034,1.8898024588123843,1.8960217381241526,0.006219279311768355
4,Grand_MultiParadigm_Ensemble,mb-dielectric-0037,1.7971544174054714,1.8382198372352967,0.041065419829825256
4,Grand_MultiParadigm_Ensemble,mb-dielectric-0039,2.338098871590616,2.378542610126609,0.040443738535993035
4,Grand_MultiParadigm_Ensemble,mb-dielectric-0042,2.464982555719208,2.6016341587256564,0.1366516030064484
4,Grand_MultiParadigm_Ensemble,mb-dielectric-0055,3.0382326002683424,3.3994444875889145,0.3612118873205721
4,Grand_MultiParadigm_Ensemble,mb-dielectric-0056,4.852215988597375,5.167391797400586,0.31517580880321105
4,Grand_MultiParadigm_Ensemble,mb-dielectric-0058,1.80157671684186,1.8675648184521438,0.0659881016102839
4,Grand_MultiParadigm_Ensemble,mb-dielectric-0060,2.758195303696484,3.1018947463635462,0.3436994426670621
4,Grand_MultiParadigm_Ensemble,mb-dielectric-0063,3.1325708292059518,3.084453046077286,0.04811778312866588
4,Grand_MultiParadigm_Ensemble,mb-dielectric-0065,1.4052790944625002,1.4353039198779705,0.030024825415470247
4,Grand_MultiParadigm_Ensemble,mb-dielectric-0079,1.3964240043888014,1.4079559985847951,0.011531994195993711
4,Grand_MultiParadigm_Ensemble,mb-dielectric-0087,1.6407889362539392,1.6752543508966025,0.034465414642663283
4,Grand_MultiParadigm_Ensemble,mb-dielectric-0091,4.026095378900008,3.6777041257550716,0.34839125314493646
4,Grand_MultiParadigm_Ensemble,mb-dielectric-0097,2.454645120311013,2.510228135622297,0.05558301531128418
4,Grand_MultiParadigm_Ensemble,mb-dielectric-0100,2.3709354693875584,2.353915904311687,0.017019565075871324
4,Grand_MultiParadigm_Ensemble,mb-dielectric-0101,1.6240468999795952,1.6075396003951852,0.016507299584409996
4,Grand_MultiParadigm_Ensemble,mb-dielectric-0104,2.271348718272904,2.408595916762718,0.13724719848981382
4,Grand_MultiParadigm_Ensemble,mb-dielectric-0116,2.8430924477861583,2.811002297779294,0.03209015000686444
4,Grand_MultiParadigm_Ensemble,mb-dielectric-0119,2.699608860557401,2.474370101238358,0.2252387593190428
4,Grand_MultiParadigm_Ensemble,mb-dielectric-0122,4.977921085486728,3.5419283865035114,1.4359926989832168
4,Grand_MultiParadigm_Ensemble,mb-dielectric-0125,2.2153718273313205,2.164972179904657,0.050399647426663474
4,Grand_MultiParadigm_Ensemble,mb-dielectric-0129,2.896363006714916,2.999469252248711,0.103106245533795
4,Grand_MultiParadigm_Ensemble,mb-dielectric-0135,2.000526847274647,1.9738229359457367,0.02670391132891048
4,Grand_MultiParadigm_Ensemble,mb-dielectric-0137,2.5115599402230737,2.4263277961675884,0.08523214405548529
4,Grand_MultiParadigm_Ensemble,mb-dielectric-0146,1.5347608934293395,1.5961176041923408,0.06135671076300131
4,Grand_MultiParadigm_Ensemble,mb-dielectric-0153,1.4748881313509723,1.496231457894266,0.021343326543293628
4,Grand_MultiParadigm_Ensemble,mb-dielectric-0154,2.270900995933846,2.2392944809864974,0.031606514947348785
4,Grand_MultiParadigm_Ensemble,mb-dielectric-0159,5.88881292508657,3.679268094417086,2.2095448306694836
4,Grand_MultiParadigm_Ensemble,mb-dielectric-0173,1.949700831751716,2.0581497782660936,0.10844894651437764
4,Grand_MultiParadigm_Ensemble,mb-dielectric-0176,1.4155093311908904,1.4326405549342724,0.01713122374338205
4,Grand_MultiParadigm_Ensemble,mb-dielectric-0196,2.4576931595841387,2.4748885706042487,0.01719541102011002
4,Grand_MultiParadigm_Ensemble,mb-dielectric-0199,1.57942700580517,1.563196898508728,0.016230107296442142
4,Grand_MultiParadigm_Ensemble,mb-dielectric-0201,2.781247561796684,2.713505823515926,0.06774173828075769
4,Grand_MultiParadigm_Ensemble,mb-dielectric-0203,2.333123228635809,2.4226893668092346,0.08956613817342562
4,Grand_MultiParadigm_Ensemble,mb-dielectric-0205,1.913883747775708,1.8015740694786717,0.11230967829703631
4,Grand_MultiParadigm_Ensemble,mb-dielectric-0211,1.7136056528073589,1.7324585873025256,0.018852934495166673
4,Grand_MultiParadigm_Ensemble,mb-dielectric-0223,2.184187034115888,2.238907556164902,0.0547205220490139
4,Grand_MultiParadigm_Ensemble,mb-dielectric-0241,3.76040777930621,3.383078483903456,0.3773292954027543
4,Grand_MultiParadigm_Ensemble,mb-dielectric-0251,2.9445298436252942,2.9206424884929034,0.02388735513239082
4,Grand_MultiParadigm_Ensemble,mb-dielectric-0262,1.7553960174138408,1.7516381461039594,0.0037578713098813665
4,Grand_MultiParadigm_Ensemble,mb-dielectric-0263,1.89708820740278,1.9353276955362286,0.038239488133448685
4,Grand_MultiParadigm_Ensemble,mb-dielectric-0274,2.573402740860176,2.6416219186138457,0.06821917775366959
4,Grand_MultiParadigm_Ensemble,mb-dielectric-0288,1.5054302817910026,1.5327395606244463,0.027309278833443695
4,Grand_MultiParadigm_Ensemble,mb-dielectric-0295,2.2758664284179773,2.369918665379592,0.0940522369616148
4,Grand_MultiParadigm_Ensemble,mb-dielectric-0306,1.869856678999754,1.933026446987883,0.06316976798812912
4,Grand_MultiParadigm_Ensemble,mb-dielectric-0308,1.4575808725418975,1.4965841713031796,0.03900329876128206
4,Grand_MultiParadigm_Ensemble,mb-dielectric-0318,1.4889593681494468,1.4660001111012277,0.022959257048219106
4,Grand_MultiParadigm_Ensemble,mb-dielectric-0322,2.202091203076447,2.193429521621065,0.008661681455381931
4,Grand_MultiParadigm_Ensemble,mb-dielectric-0324,3.2341423415344965,3.105343185542133,0.12879915599236336
4,Grand_MultiParadigm_Ensemble,mb-dielectric-0325,2.23498433998988,2.20929702211595,0.025687317873930304
4,Grand_MultiParadigm_Ensemble,mb-dielectric-0326,2.2705080195116563,2.2052498169686183,0.06525820254303794
4,Grand_MultiParadigm_Ensemble,mb-dielectric-0327,2.312502252251156,2.2661639696740314,0.04633828257712436
4,Grand_MultiParadigm_Ensemble,mb-dielectric-0330,2.903175330564794,2.9663517093482707,0.06317637878347693
4,Grand_MultiParadigm_Ensemble,mb-dielectric-0333,2.6651184463984583,2.7639991933478205,0.09888074694936222
4,Grand_MultiParadigm_Ensemble,mb-dielectric-0335,2.3174876536715594,2.3034407225747278,0.014046931096831639
4,Grand_MultiParadigm_Ensemble,mb-dielectric-0341,2.852917045177911,2.9482958387423723,0.09537879356446144
4,Grand_MultiParadigm_Ensemble,mb-dielectric-0345,1.8107797748319097,1.8455264761338896,0.03474670130197999
4,Grand_MultiParadigm_Ensemble,mb-dielectric-0348,1.597915308560918,1.6318571135401405,0.03394180497922261
4,Grand_MultiParadigm_Ensemble,mb-dielectric-0351,4.279369112381033,4.361635766274241,0.08226665389320775
4,Grand_MultiParadigm_Ensemble,mb-dielectric-0353,4.07602747782691,3.86373601588118,0.21229146194573012
4,Grand_MultiParadigm_Ensemble,mb-dielectric-0359,3.418674206959963,3.717457570186768,0.2987833632268049
4,Grand_MultiParadigm_Ensemble,mb-dielectric-0363,1.7300095231892412,1.5673350740122267,0.16267444917701446
4,Grand_MultiParadigm_Ensemble,mb-dielectric-0364,2.71422180375886,3.046273472714083,0.3320516689552231
4,Grand_MultiParadigm_Ensemble,mb-dielectric-0377,1.6121828887153764,1.530689519958738,0.08149336875663837
4,Grand_MultiParadigm_Ensemble,mb-dielectric-0385,1.7301313052289795,1.691822102004398,0.038309203224581534
4,Grand_MultiParadigm_Ensemble,mb-dielectric-0388,1.9988200686071456,1.984613470107209,0.014206598499936662
4,Grand_MultiParadigm_Ensemble,mb-dielectric-0394,3.2736348808829208,3.2529851256109943,0.020649755271926473
4,Grand_MultiParadigm_Ensemble,mb-dielectric-0397,1.6264896761635674,1.6357294136251652,0.009239737461597786
4,Grand_MultiParadigm_Ensemble,mb-dielectric-0399,3.236760726405336,3.253364559457124,0.01660383305178792
4,Grand_MultiParadigm_Ensemble,mb-dielectric-0400,1.5703709752794084,1.5633811737981724,0.006989801481235958
4,Grand_MultiParadigm_Ensemble,mb-dielectric-0401,1.9396056300186384,1.941684762616493,0.0020791325978546382
4,Grand_MultiParadigm_Ensemble,mb-dielectric-0402,5.310262328736687,4.310574060540757,0.9996882681959294
4,Grand_MultiParadigm_Ensemble,mb-dielectric-0411,2.032404159281974,2.0502152017374056,0.017811042455431636
4,Grand_MultiParadigm_Ensemble,mb-dielectric-0414,1.7517056449833883,1.6977152861172988,0.053990358866089494
4,Grand_MultiParadigm_Ensemble,mb-dielectric-0416,3.394573161955062,3.3848168112937387,0.00975635066132341
4,Grand_MultiParadigm_Ensemble,mb-dielectric-0429,2.5724535629109684,2.4378488037252994,0.13460475918566894
4,Grand_MultiParadigm_Ensemble,mb-dielectric-0430,1.8653172205641948,1.8343088817584394,0.031008338805755375
4,Grand_MultiParadigm_Ensemble,mb-dielectric-0431,1.800725779604805,1.7618579067503972,0.03886787285440785
4,Grand_MultiParadigm_Ensemble,mb-dielectric-0438,12.891263191130154,3.014774437505806,9.876488753624347
4,Grand_MultiParadigm_Ensemble,mb-dielectric-0440,2.516849750514851,2.501283077770443,0.015566672744407928
4,Grand_MultiParadigm_Ensemble,mb-dielectric-0442,2.350787314922385,2.322361214929772,0.02842609999261292
4,Grand_MultiParadigm_Ensemble,mb-dielectric-0456,8.322433898806286,1.7439316653674841,6.578502233438803
4,Grand_MultiParadigm_Ensemble,mb-dielectric-0457,2.365286733851381,2.271763348670335,0.09352338518104641
4,Grand_MultiParadigm_Ensemble,mb-dielectric-0468,1.7818750423827892,1.8037499314254297,0.021874889042640566
4,Grand_MultiParadigm_Ensemble,mb-dielectric-0478,3.6428926235433656,4.070890508870976,0.4279978853276103
4,Grand_MultiParadigm_Ensemble,mb-dielectric-0481,2.012445195941164,2.013928548333906,0.001483352392742443
4,Grand_MultiParadigm_Ensemble,mb-dielectric-0494,2.490724058046844,2.6547660158257766,0.1640419577789327
4,Grand_MultiParadigm_Ensemble,mb-dielectric-0495,2.548506229146792,2.4711028487305975,0.07740338041619443
4,Grand_MultiParadigm_Ensemble,mb-dielectric-0500,4.378317789598859,3.8249137526880888,0.5534040369107704
4,Grand_MultiParadigm_Ensemble,mb-dielectric-0513,1.6560536424484178,1.6743269636970424,0.018273321248624574
4,Grand_MultiParadigm_Ensemble,mb-dielectric-0518,1.6791650703052792,1.7733747767310466,0.09420970642576743
4,Grand_MultiParadigm_Ensemble,mb-dielectric-0526,1.7746869207459255,1.8096014604689437,0.03491453972301817
4,Grand_MultiParadigm_Ensemble,mb-dielectric-0528,1.7308339993579205,1.7239311667064545,0.006902832651465962
4,Grand_MultiParadigm_Ensemble,mb-dielectric-0531,2.461332769050134,2.3604385860171218,0.10089418303301212
4,Grand_MultiParadigm_Ensemble,mb-dielectric-0536,1.6448124513147389,1.6301396350996715,0.01467281621506733
4,Grand_MultiParadigm_Ensemble,mb-dielectric-0537,3.171589769605563,3.784568190140933,0.6129784205353701
4,Grand_MultiParadigm_Ensemble,mb-dielectric-0538,1.9858150299897857,1.9633627522053438,0.02245227778444181
4,Grand_MultiParadigm_Ensemble,mb-dielectric-0539,2.800877362541969,2.548267387519514,0.2526099750224553
4,Grand_MultiParadigm_Ensemble,mb-dielectric-0542,1.7643505887436313,1.8053789598372503,0.04102837109361901
4,Grand_MultiParadigm_Ensemble,mb-dielectric-0549,2.614533164193308,2.214902867075277,0.3996302971180312
4,Grand_MultiParadigm_Ensemble,mb-dielectric-0559,1.6972034841664292,1.7084266383186033,0.01122315415217412
4,Grand_MultiParadigm_Ensemble,mb-dielectric-0561,1.8111663829330196,1.7426349324566828,0.0685314504763368
4,Grand_MultiParadigm_Ensemble,mb-dielectric-0568,3.359315406448186,3.3452846690516425,0.014030737396543369
4,Grand_MultiParadigm_Ensemble,mb-dielectric-0570,2.358862790979302,2.4147781878984964,0.05591539691919456
4,Grand_MultiParadigm_Ensemble,mb-dielectric-0572,2.7488179277646254,3.1240560666147807,0.37523813885015533
4,Grand_MultiParadigm_Ensemble,mb-dielectric-0577,2.181733867057728,1.922646679688943,0.2590871873687852
4,Grand_MultiParadigm_Ensemble,mb-dielectric-0580,6.547365882551681,1.7676039156141001,4.77976196693758
4,Grand_MultiParadigm_Ensemble,mb-dielectric-0583,1.4250946167418732,1.422375097181419,0.002719519560454131
4,Grand_MultiParadigm_Ensemble,mb-dielectric-0586,1.919334606923278,1.9353797269849426,0.016045120061664697
4,Grand_MultiParadigm_Ensemble,mb-dielectric-0587,1.5095125040886543,1.525804136935289,0.016291632846634707
4,Grand_MultiParadigm_Ensemble,mb-dielectric-0590,2.9248136692787794,2.9953505668018434,0.07053689752306402
4,Grand_MultiParadigm_Ensemble,mb-dielectric-0596,1.919815963402048,1.8034512056931207,0.11636475770892729
4,Grand_MultiParadigm_Ensemble,mb-dielectric-0604,1.9847281929775569,2.0546177932950096,0.06988960031745273
4,Grand_MultiParadigm_Ensemble,mb-dielectric-0609,2.5926021567947246,2.5834451893528976,0.009156967441827035
4,Grand_MultiParadigm_Ensemble,mb-dielectric-0614,1.6388129850596131,1.629142809182667,0.009670175876946185
4,Grand_MultiParadigm_Ensemble,mb-dielectric-0621,2.685951104047379,2.782562808649008,0.09661170460162927
4,Grand_MultiParadigm_Ensemble,mb-dielectric-0625,2.400598328195146,2.501524178570258,0.10092585037511181
4,Grand_MultiParadigm_Ensemble,mb-dielectric-0626,2.3170745923829665,2.285732562474685,0.03134202990828161
4,Grand_MultiParadigm_Ensemble,mb-dielectric-0643,2.090681866441345,2.139125448406898,0.04844358196555287
4,Grand_MultiParadigm_Ensemble,mb-dielectric-0645,2.353148599925923,2.335951637457095,0.01719696246882796
4,Grand_MultiParadigm_Ensemble,mb-dielectric-0646,1.4292189008919054,1.4295037100718904,0.00028480917998496835
4,Grand_MultiParadigm_Ensemble,mb-dielectric-0647,2.0031853800052226,1.6846814457565302,0.3185039342486924
4,Grand_MultiParadigm_Ensemble,mb-dielectric-0649,2.442198190155747,2.315317403823656,0.12688078633209088
4,Grand_MultiParadigm_Ensemble,mb-dielectric-0659,2.6576186709157508,2.6916257887372694,0.03400711782151866
4,Grand_MultiParadigm_Ensemble,mb-dielectric-0670,2.864210653333076,2.342751406689038,0.5214592466440382
4,Grand_MultiParadigm_Ensemble,mb-dielectric-0677,1.6190845149857576,1.6118988667998444,0.007185648185913163
4,Grand_MultiParadigm_Ensemble,mb-dielectric-0683,2.4285375571867664,2.4363769136096076,0.00783935642284117
4,Grand_MultiParadigm_Ensemble,mb-dielectric-0684,1.862620734341804,1.9627023154830117,0.10008158114120769
4,Grand_MultiParadigm_Ensemble,mb-dielectric-0690,3.3130046785358043,3.0497711785971733,0.263233499938631
4,Grand_MultiParadigm_Ensemble,mb-dielectric-0691,2.879409661718893,3.1056026167351236,0.2261929550162307
4,Grand_MultiParadigm_Ensemble,mb-dielectric-0692,4.826662062612906,3.9574523871573732,0.8692096754555325
4,Grand_MultiParadigm_Ensemble,mb-dielectric-0693,2.0121631809241114,2.0565953548602103,0.044432173936098884
4,Grand_MultiParadigm_Ensemble,mb-dielectric-0696,2.070657142068659,2.0753349098679386,0.004677767799279753
4,Grand_MultiParadigm_Ensemble,mb-dielectric-0700,3.514626106240422,3.3944256366190886,0.12020046962133346
4,Grand_MultiParadigm_Ensemble,mb-dielectric-0701,3.259093278812375,3.034093042351618,0.22500023646075684
4,Grand_MultiParadigm_Ensemble,mb-dielectric-0705,1.9445047355732168,1.9330944912891965,0.011410244284020266
4,Grand_MultiParadigm_Ensemble,mb-dielectric-0708,2.50313889613288,2.4597975590337167,0.043341337099163546
4,Grand_MultiParadigm_Ensemble,mb-dielectric-0711,1.4825653442597395,1.486166020755529,0.0036006764957894344
4,Grand_MultiParadigm_Ensemble,mb-dielectric-0713,2.3621115553673584,2.5298617938384007,0.1677502384710423
4,Grand_MultiParadigm_Ensemble,mb-dielectric-0718,2.538092656569759,2.496881595398551,0.04121106117120776
4,Grand_MultiParadigm_Ensemble,mb-dielectric-0720,1.8512152765143224,1.9132092513315133,0.06199397481719093
4,Grand_MultiParadigm_Ensemble,mb-dielectric-0725,1.6622489785428256,1.7177798521195353,0.055530873576709716
4,Grand_MultiParadigm_Ensemble,mb-dielectric-0727,1.551502927271919,1.530209457429715,0.021293469842204038
4,Grand_MultiParadigm_Ensemble,mb-dielectric-0731,1.8620329778233269,1.9706757043898235,0.10864272656649665
4,Grand_MultiParadigm_Ensemble,mb-dielectric-0755,2.2122386851332303,2.2337462999363433,0.02150761480311303
4,Grand_MultiParadigm_Ensemble,mb-dielectric-0763,1.834389635092104,1.8239943741296536,0.01039526096245047
4,Grand_MultiParadigm_Ensemble,mb-dielectric-0767,1.9634995968083784,1.9965871606548415,0.033087563846463164
4,Grand_MultiParadigm_Ensemble,mb-dielectric-0787,2.246558627471508,2.2572934442599464,0.010734816788438462
4,Grand_MultiParadigm_Ensemble,mb-dielectric-0791,1.690463052933525,1.6534072484974485,0.03705580443607648
4,Grand_MultiParadigm_Ensemble,mb-dielectric-0798,1.648181118688113,1.6659265401552603,0.017745421467147304
4,Grand_MultiParadigm_Ensemble,mb-dielectric-0800,2.636611082431385,2.6040311957474476,0.03257988668393752
4,Grand_MultiParadigm_Ensemble,mb-dielectric-0801,1.605534905672665,1.6186181040056056,0.013083198332940471
4,Grand_MultiParadigm_Ensemble,mb-dielectric-0804,1.869702917578084,1.9592474031848717,0.08954448560678774
4,Grand_MultiParadigm_Ensemble,mb-dielectric-0810,2.303076420790244,2.201324525752835,0.10175189503740878
4,Grand_MultiParadigm_Ensemble,mb-dielectric-0812,1.533763562830553,1.5928883192877894,0.05912475645723636
4,Grand_MultiParadigm_Ensemble,mb-dielectric-0816,1.6422428768810862,1.6611927678024287,0.018949890921342583
4,Grand_MultiParadigm_Ensemble,mb-dielectric-0822,1.6667857290805757,1.6928271369664785,0.026041407885902812
4,Grand_MultiParadigm_Ensemble,mb-dielectric-0826,1.8597443372678943,1.8038756751323342,0.05586866213556019
4,Grand_MultiParadigm_Ensemble,mb-dielectric-0827,1.8629579526477065,1.8808708807258945,0.017912928078188006
4,Grand_MultiParadigm_Ensemble,mb-dielectric-0830,2.453742583619289,2.559996041300644,0.10625345768135519
4,Grand_MultiParadigm_Ensemble,mb-dielectric-0832,1.4251095864295251,1.4406504757308336,0.01554088930130848
4,Grand_MultiParadigm_Ensemble,mb-dielectric-0837,2.055940660622286,2.106780502433506,0.05083984181122014
4,Grand_MultiParadigm_Ensemble,mb-dielectric-0846,1.901090914887204,1.9674897730753096,0.06639885818810565
4,Grand_MultiParadigm_Ensemble,mb-dielectric-0849,1.7940222964054824,1.7964763265609744,0.0024540301554920596
4,Grand_MultiParadigm_Ensemble,mb-dielectric-0851,1.818178942421968,1.7878892516568559,0.03028969076511223
4,Grand_MultiParadigm_Ensemble,mb-dielectric-0855,5.620228465107094,5.546152026615063,0.07407643849203094
4,Grand_MultiParadigm_Ensemble,mb-dielectric-0859,2.0569959487887512,2.01380689753602,0.043189051252731314
4,Grand_MultiParadigm_Ensemble,mb-dielectric-0860,1.8367575597594077,1.907704531722447,0.07094697196303934
4,Grand_MultiParadigm_Ensemble,mb-dielectric-0863,3.0408572626548844,3.071031856411722,0.03017459375683762
4,Grand_MultiParadigm_Ensemble,mb-dielectric-0866,1.531667928823217,1.5159066517265345,0.015761277096682402
4,Grand_MultiParadigm_Ensemble,mb-dielectric-0871,1.6316670411984588,1.57554307177737,0.05612396942108888
4,Grand_MultiParadigm_Ensemble,mb-dielectric-0872,1.6775838776844114,1.6974755872318243,0.019891709547412928
4,Grand_MultiParadigm_Ensemble,mb-dielectric-0873,1.47347175066236,1.5183548120073769,0.04488306134501685
4,Grand_MultiParadigm_Ensemble,mb-dielectric-0879,2.6203751639793875,2.783696302924182,0.1633211389447946
4,Grand_MultiParadigm_Ensemble,mb-dielectric-0880,1.8991429646027216,1.8862508060690015,0.012892158533720055
4,Grand_MultiParadigm_Ensemble,mb-dielectric-0881,1.842686987345744,1.846116211027764,0.0034292236820199218
4,Grand_MultiParadigm_Ensemble,mb-dielectric-0882,2.29217487698183,2.219313404542656,0.07286147243917407
4,Grand_MultiParadigm_Ensemble,mb-dielectric-0891,1.502462201410294,1.5056544397929652,0.003192238382671242
4,Grand_MultiParadigm_Ensemble,mb-dielectric-0895,1.519310384446241,1.5408790770818306,0.02156869263558958
4,Grand_MultiParadigm_Ensemble,mb-dielectric-0896,3.0769890044219093,3.1517434372543214,0.07475443283241212
4,Grand_MultiParadigm_Ensemble,mb-dielectric-0898,1.5587388064286674,1.5879619564519065,0.029223150023239164
4,Grand_MultiParadigm_Ensemble,mb-dielectric-0899,1.6527233081593946,1.6629057723484615,0.010182464189066875
4,Grand_MultiParadigm_Ensemble,mb-dielectric-0917,1.5032187687315066,1.4849266401507006,0.018292128580805977
4,Grand_MultiParadigm_Ensemble,mb-dielectric-0918,1.9716058219143544,1.783344746774691,0.1882610751396634
4,Grand_MultiParadigm_Ensemble,mb-dielectric-0922,1.6031624995614135,1.6574400446893898,0.05427754512797622
4,Grand_MultiParadigm_Ensemble,mb-dielectric-0933,1.7917728650696771,1.8334041044780776,0.04163123940840041
4,Grand_MultiParadigm_Ensemble,mb-dielectric-0934,1.6928090067498236,1.7300623798715886,0.03725337312176502
4,Grand_MultiParadigm_Ensemble,mb-dielectric-0936,1.4147349575097097,1.4350928395067029,0.020357881996993177
4,Grand_MultiParadigm_Ensemble,mb-dielectric-0938,2.882288327006858,2.8754504196633386,0.0068379073435194115
4,Grand_MultiParadigm_Ensemble,mb-dielectric-0943,1.8986123880350092,1.8695868851266624,0.029025502908346823
4,Grand_MultiParadigm_Ensemble,mb-dielectric-0946,2.010650972529378,1.9972525044401632,0.013398468089214743
4,Grand_MultiParadigm_Ensemble,mb-dielectric-0947,2.564470380669922,2.462383420282582,0.10208696038733978
4,Grand_MultiParadigm_Ensemble,mb-dielectric-0949,1.6181264886693294,1.5737458350411926,0.04438065362813681
4,Grand_MultiParadigm_Ensemble,mb-dielectric-0951,1.593423986263543,1.5674964168652807,0.02592756939826235
4,Grand_MultiParadigm_Ensemble,mb-dielectric-0962,4.777830749200304,2.993970514471602,1.7838602347287025
4,Grand_MultiParadigm_Ensemble,mb-dielectric-0964,2.085764608003501,2.105903390150583,0.02013878214708198
4,Grand_MultiParadigm_Ensemble,mb-dielectric-0966,1.7777693888690962,1.7872669632819804,0.009497574412884235
4,Grand_MultiParadigm_Ensemble,mb-dielectric-0969,1.8491408815988035,1.7400488980765179,0.10909198352228566
4,Grand_MultiParadigm_Ensemble,mb-dielectric-0970,4.609096838499563,5.031419650261823,0.4223228117622595
4,Grand_MultiParadigm_Ensemble,mb-dielectric-0971,2.71209175115199,2.6129302529674305,0.09916149818455944
4,Grand_MultiParadigm_Ensemble,mb-dielectric-0972,2.7503797313583207,2.526453912181487,0.22392581917683385
4,Grand_MultiParadigm_Ensemble,mb-dielectric-0981,1.982969574485028,1.9018956702754255,0.08107390420960248
4,Grand_MultiParadigm_Ensemble,mb-dielectric-0996,2.1203586174670237,2.10931811210665,0.011040505360373487
4,Grand_MultiParadigm_Ensemble,mb-dielectric-0998,1.6243719812079171,1.6480776649908595,0.023705683782942355
4,Grand_MultiParadigm_Ensemble,mb-dielectric-1001,2.9700853523089195,3.033630723654758,0.06354537134583849
4,Grand_MultiParadigm_Ensemble,mb-dielectric-1002,2.029869043395006,2.1683232242967088,0.1384541809017028
4,Grand_MultiParadigm_Ensemble,mb-dielectric-1003,2.167000461467418,2.1957205693468302,0.02872010787941237
4,Grand_MultiParadigm_Ensemble,mb-dielectric-1010,1.0,8.38993953032708,7.38993953032708
4,Grand_MultiParadigm_Ensemble,mb-dielectric-1014,2.261489184880912,2.0372728483428557,0.22421633653805628
4,Grand_MultiParadigm_Ensemble,mb-dielectric-1018,1.806746615697215,1.755445197944119,0.051301417753095935
4,Grand_MultiParadigm_Ensemble,mb-dielectric-1020,1.3566852988073503,1.4382606110743208,0.08157531226697046
4,Grand_MultiParadigm_Ensemble,mb-dielectric-1023,2.247837350759881,1.8766471833680831,0.37119016739179767
4,Grand_MultiParadigm_Ensemble,mb-dielectric-1025,2.108316864230802,2.25169383715084,0.14337697292003826
4,Grand_MultiParadigm_Ensemble,mb-dielectric-1034,2.12737012921274,2.125294952230017,0.0020751769827231925
4,Grand_MultiParadigm_Ensemble,mb-dielectric-1041,3.138567029712764,3.192100619238082,0.05353358952531817
4,Grand_MultiParadigm_Ensemble,mb-dielectric-1047,1.5215124054702938,1.5543398620602775,0.03282745658998376
4,Grand_MultiParadigm_Ensemble,mb-dielectric-1058,1.4029730337156638,1.3908862992218631,0.01208673449380071
4,Grand_MultiParadigm_Ensemble,mb-dielectric-1060,1.912022227904268,1.6927185999075227,0.2193036279967453
4,Grand_MultiParadigm_Ensemble,mb-dielectric-1078,2.731151588616055,2.4883476504412037,0.24280393817485146
4,Grand_MultiParadigm_Ensemble,mb-dielectric-1081,2.023139309752709,2.039098189063484,0.01595887931077522
4,Grand_MultiParadigm_Ensemble,mb-dielectric-1090,1.7503333016038731,1.7456834829208532,0.004649818683019946
4,Grand_MultiParadigm_Ensemble,mb-dielectric-1092,2.123205124334434,2.0454224010669813,0.07778272326745261
4,Grand_MultiParadigm_Ensemble,mb-dielectric-1103,4.581522581434256,4.711567139464521,0.13004455803026538
4,Grand_MultiParadigm_Ensemble,mb-dielectric-1104,1.3670726632723826,1.4517339810972498,0.08466131782486719
4,Grand_MultiParadigm_Ensemble,mb-dielectric-1105,1.4124446891825535,1.476684502041904,0.06423981285935043
4,Grand_MultiParadigm_Ensemble,mb-dielectric-1106,2.7818834746744274,2.7903022668127306,0.00841879213830321
4,Grand_MultiParadigm_Ensemble,mb-dielectric-1108,1.790722386822331,1.7201788139402154,0.07054357288211555
4,Grand_MultiParadigm_Ensemble,mb-dielectric-1112,2.001639744479775,1.8479247756540083,0.15371496882576685
4,Grand_MultiParadigm_Ensemble,mb-dielectric-1116,2.3871189050122044,2.3900303330962007,0.002911428083996359
4,Grand_MultiParadigm_Ensemble,mb-dielectric-1125,1.8703325907442236,1.6353373749946551,0.2349952157495685
4,Grand_MultiParadigm_Ensemble,mb-dielectric-1127,1.702366783823823,1.7276306486914588,0.025263864867635766
4,Grand_MultiParadigm_Ensemble,mb-dielectric-1129,1.425395851450874,1.4503265349696037,0.024930683518729735
4,Grand_MultiParadigm_Ensemble,mb-dielectric-1137,1.7397317800933187,1.7790888917652334,0.03935711167191469
4,Grand_MultiParadigm_Ensemble,mb-dielectric-1138,3.622246080357692,3.955357353384838,0.33311127302714594
4,Grand_MultiParadigm_Ensemble,mb-dielectric-1145,2.4857067405468416,2.470674773149587,0.015031967397254764
4,Grand_MultiParadigm_Ensemble,mb-dielectric-1149,1.7524414398204655,1.7748454684240378,0.022404028603572268
4,Grand_MultiParadigm_Ensemble,mb-dielectric-1150,4.176761105609625,4.272273891191066,0.09551278558144105
4,Grand_MultiParadigm_Ensemble,mb-dielectric-1153,2.003728774061003,2.1873355895944697,0.1836068155334667
4,Grand_MultiParadigm_Ensemble,mb-dielectric-1160,2.25700443065582,2.30733838098208,0.05033395032626009
4,Grand_MultiParadigm_Ensemble,mb-dielectric-1162,1.564354461632738,1.5457303728117964,0.018624088820941687
4,Grand_MultiParadigm_Ensemble,mb-dielectric-1168,1.871153476691138,1.9068052430049616,0.03565176631382361
4,Grand_MultiParadigm_Ensemble,mb-dielectric-1182,2.7529512043138964,2.6816051664447906,0.07134603786910576
4,Grand_MultiParadigm_Ensemble,mb-dielectric-1183,12.629558939250412,3.4782641028844155,9.151294836365997
4,Grand_MultiParadigm_Ensemble,mb-dielectric-1185,4.110912753472964,4.136057238382211,0.025144484909247033
4,Grand_MultiParadigm_Ensemble,mb-dielectric-1188,1.585770054786224,1.636834139204869,0.051064084418645184
4,Grand_MultiParadigm_Ensemble,mb-dielectric-1190,2.1354795714312043,2.1036089477015407,0.03187062372966354
4,Grand_MultiParadigm_Ensemble,mb-dielectric-1194,1.6105899540230593,1.7777373193156514,0.1671473652925921
4,Grand_MultiParadigm_Ensemble,mb-dielectric-1198,2.5590657800585483,2.3281906571787196,0.2308751228798287
4,Grand_MultiParadigm_Ensemble,mb-dielectric-1209,1.6700068862133473,1.764497478405821,0.09449059219247369
4,Grand_MultiParadigm_Ensemble,mb-dielectric-1210,1.5127701962514553,1.504024589403448,0.008745606848007181
4,Grand_MultiParadigm_Ensemble,mb-dielectric-1218,1.4815532390029094,1.513382142891848,0.03182890388893855
4,Grand_MultiParadigm_Ensemble,mb-dielectric-1223,1.5881504966469644,1.6377063960852225,0.04955589943825811
4,Grand_MultiParadigm_Ensemble,mb-dielectric-1225,1.5093424616920663,1.501630353866012,0.007712107826054249
4,Grand_MultiParadigm_Ensemble,mb-dielectric-1229,1.5327221970511595,1.5199387818674903,0.012783415183669211
4,Grand_MultiParadigm_Ensemble,mb-dielectric-1230,1.5470401847829722,1.560779831869534,0.013739647086561835
4,Grand_MultiParadigm_Ensemble,mb-dielectric-1238,1.5377284112178804,1.5479301517106072,0.010201740492726818
4,Grand_MultiParadigm_Ensemble,mb-dielectric-1241,2.1101342769280507,2.2416886072051905,0.1315543302771398
4,Grand_MultiParadigm_Ensemble,mb-dielectric-1244,1.463741780506384,1.4431700676820625,0.020571712824321464
4,Grand_MultiParadigm_Ensemble,mb-dielectric-1254,1.488399587924336,1.6077361227046079,0.11933653478027195
4,Grand_MultiParadigm_Ensemble,mb-dielectric-1256,1.39534941860453,1.3752125425666029,0.020136876037927243
4,Grand_MultiParadigm_Ensemble,mb-dielectric-1258,2.43614326343916,2.4598349289940407,0.023691665554880448
4,Grand_MultiParadigm_Ensemble,mb-dielectric-1260,3.086853846022823,3.0265676570372784,0.06028618898554461
4,Grand_MultiParadigm_Ensemble,mb-dielectric-1264,2.316053899775795,2.451109717257344,0.13505581748154905
4,Grand_MultiParadigm_Ensemble,mb-dielectric-1270,1.563116545025781,1.589282213083967,0.026165668058186098
4,Grand_MultiParadigm_Ensemble,mb-dielectric-1279,1.3621062122071588,1.3514096433657472,0.010696568841411569
4,Grand_MultiParadigm_Ensemble,mb-dielectric-1288,2.20903432899236,2.187586212416022,0.021448116576337828
4,Grand_MultiParadigm_Ensemble,mb-dielectric-1296,1.8274754900317176,1.7424875341463566,0.08498795588536101
4,Grand_MultiParadigm_Ensemble,mb-dielectric-1298,1.8915602025841,1.8562016396238121,0.03535856296028794
4,Grand_MultiParadigm_Ensemble,mb-dielectric-1301,2.2709762951940657,2.3909756849795385,0.11999938978547275
4,Grand_MultiParadigm_Ensemble,mb-dielectric-1306,2.370661505833573,2.4436186051129236,0.07295709927935068
4,Grand_MultiParadigm_Ensemble,mb-dielectric-1308,1.557654647218054,1.5039760237489816,0.05367862346907226
4,Grand_MultiParadigm_Ensemble,mb-dielectric-1313,2.107291705799967,2.047947668936962,0.059344036863004934
4,Grand_MultiParadigm_Ensemble,mb-dielectric-1318,3.159292853366615,3.740103595422461,0.5808107420558462
4,Grand_MultiParadigm_Ensemble,mb-dielectric-1320,2.076655805215042,2.169954786770022,0.09329898155498029
4,Grand_MultiParadigm_Ensemble,mb-dielectric-1322,1.7578994093330065,1.7189887767766372,0.038910632556369285
4,Grand_MultiParadigm_Ensemble,mb-dielectric-1328,1.4780298824223237,1.481469198007855,0.003439315585531233
4,Grand_MultiParadigm_Ensemble,mb-dielectric-1335,3.374082245589161,3.5771104096539768,0.20302816406481572
4,Grand_MultiParadigm_Ensemble,mb-dielectric-1354,6.536015529357317,6.881588547469008,0.3455730181116907
4,Grand_MultiParadigm_Ensemble,mb-dielectric-1358,1.8113919141551524,1.886734533104025,0.07534261894887262
4,Grand_MultiParadigm_Ensemble,mb-dielectric-1370,2.23924890681377,2.179692820006959,0.05955608680681124
4,Grand_MultiParadigm_Ensemble,mb-dielectric-1377,1.877853118771935,1.8895706982681375,0.011717579496202557
4,Grand_MultiParadigm_Ensemble,mb-dielectric-1383,2.955353729533348,3.0887300056515565,0.13337627611820846
4,Grand_MultiParadigm_Ensemble,mb-dielectric-1385,4.565018291310565,4.689115657381013,0.12409736607044763
4,Grand_MultiParadigm_Ensemble,mb-dielectric-1387,2.2162835257851525,2.277757558554085,0.061474032768932485
4,Grand_MultiParadigm_Ensemble,mb-dielectric-1391,3.930139946615808,3.640688409349712,0.2894515372660962
4,Grand_MultiParadigm_Ensemble,mb-dielectric-1395,1.621797973443877,1.6852464249492776,0.06344845150540057
4,Grand_MultiParadigm_Ensemble,mb-dielectric-1400,1.0000000000000016,4.183117908937561,3.183117908937559
4,Grand_MultiParadigm_Ensemble,mb-dielectric-1402,1.5171266701674362,1.4714267177224376,0.04569995244499858
4,Grand_MultiParadigm_Ensemble,mb-dielectric-1410,1.939753077069349,1.882318182788848,0.05743489428050097
4,Grand_MultiParadigm_Ensemble,mb-dielectric-1428,2.378215367315042,2.8669981284300667,0.48878276111502483
4,Grand_MultiParadigm_Ensemble,mb-dielectric-1434,2.9142582818503464,3.0969157039929107,0.1826574221425643
4,Grand_MultiParadigm_Ensemble,mb-dielectric-1437,5.444967095094944,6.913257562073871,1.4682904669789272
4,Grand_MultiParadigm_Ensemble,mb-dielectric-1439,1.0,5.601208811731266,4.601208811731266
4,Grand_MultiParadigm_Ensemble,mb-dielectric-1467,1.5337222695129675,1.4948305693582484,0.0388917001547191
4,Grand_MultiParadigm_Ensemble,mb-dielectric-1472,1.5943914199468083,1.5985115522031337,0.004120132256325348
4,Grand_MultiParadigm_Ensemble,mb-dielectric-1480,1.4406168817558678,1.4872476973573228,0.04663081560145499
4,Grand_MultiParadigm_Ensemble,mb-dielectric-1488,2.1918826282862973,1.8659380718711227,0.3259445564151746
4,Grand_MultiParadigm_Ensemble,mb-dielectric-1495,1.942189228679842,1.936839498618787,0.005349730061054991
4,Grand_MultiParadigm_Ensemble,mb-dielectric-1498,1.4755953600722207,1.511076532552541,0.035481172480320344
4,Grand_MultiParadigm_Ensemble,mb-dielectric-1500,1.388044187577134,1.3663363235790473,0.021707863998086774
4,Grand_MultiParadigm_Ensemble,mb-dielectric-1504,4.5745598887287615,4.897211439095875,0.32265155036711324
4,Grand_MultiParadigm_Ensemble,mb-dielectric-1505,2.217881872419827,2.285004723291254,0.067122850871427
4,Grand_MultiParadigm_Ensemble,mb-dielectric-1509,1.7346184018394362,1.7479681460329661,0.013349744193529967
4,Grand_MultiParadigm_Ensemble,mb-dielectric-1530,2.3172083059866093,2.279238368294778,0.03796993769183121
4,Grand_MultiParadigm_Ensemble,mb-dielectric-1532,1.73137710123117,1.7719115975908408,0.04053449635967077
4,Grand_MultiParadigm_Ensemble,mb-dielectric-1533,3.0854183941026,2.2465895928829616,0.8388288012196385
4,Grand_MultiParadigm_Ensemble,mb-dielectric-1534,2.9193538668827066,2.8461036981769334,0.07325016870577317
4,Grand_MultiParadigm_Ensemble,mb-dielectric-1540,2.498974256236613,2.6476218354472523,0.14864757921063942
4,Grand_MultiParadigm_Ensemble,mb-dielectric-1543,1.7585979263796103,1.6977848133362152,0.060813113043395095
4,Grand_MultiParadigm_Ensemble,mb-dielectric-1545,1.7530299484036267,1.7413270491011599,0.011702899302466818
4,Grand_MultiParadigm_Ensemble,mb-dielectric-1562,2.1109744195513125,2.1939421751046466,0.08296775555333413
4,Grand_MultiParadigm_Ensemble,mb-dielectric-1570,2.0549939172659366,2.369963360610238,0.3149694433443013
4,Grand_MultiParadigm_Ensemble,mb-dielectric-1592,2.4168534640450723,2.079132154819746,0.3377213092253264
4,Grand_MultiParadigm_Ensemble,mb-dielectric-1621,2.276794823137708,2.2840869645982567,0.0072921414605486845
4,Grand_MultiParadigm_Ensemble,mb-dielectric-1626,1.8712217933745856,1.8352910184338267,0.035930774940758914
4,Grand_MultiParadigm_Ensemble,mb-dielectric-1627,1.7485759920575374,2.07880926812408,0.3302332760665425
4,Grand_MultiParadigm_Ensemble,mb-dielectric-1628,1.637227127391513,1.6125043490182769,0.02472277837323622
4,Grand_MultiParadigm_Ensemble,mb-dielectric-1639,2.8633229530273616,2.9027764537010805,0.03945350067371889
4,Grand_MultiParadigm_Ensemble,mb-dielectric-1648,1.941713246937697,1.946104585780656,0.004391338842959058
4,Grand_MultiParadigm_Ensemble,mb-dielectric-1649,2.6875973160675155,2.8061211527802605,0.11852383671274502
4,Grand_MultiParadigm_Ensemble,mb-dielectric-1651,2.378514522413797,2.1255422280876686,0.25297229432612856
4,Grand_MultiParadigm_Ensemble,mb-dielectric-1652,2.136540661911212,2.1664672561038474,0.029926594192635214
4,Grand_MultiParadigm_Ensemble,mb-dielectric-1662,1.6175864737317756,1.6398145316231527,0.022228057891377162
4,Grand_MultiParadigm_Ensemble,mb-dielectric-1666,1.597725153046886,1.5503770202532645,0.04734813279362138
4,Grand_MultiParadigm_Ensemble,mb-dielectric-1667,1.6992752376626206,1.7632777627806462,0.06400252511802562
4,Grand_MultiParadigm_Ensemble,mb-dielectric-1669,1.662063195145829,1.7534841973317306,0.09142100218590166
4,Grand_MultiParadigm_Ensemble,mb-dielectric-1683,1.7493558814603722,1.6918436324057242,0.057512249054648024
4,Grand_MultiParadigm_Ensemble,mb-dielectric-1687,6.347627115702377,6.9314532866057785,0.5838261709034018
4,Grand_MultiParadigm_Ensemble,mb-dielectric-1694,4.306622806794214,4.173068675106443,0.1335541316877702
4,Grand_MultiParadigm_Ensemble,mb-dielectric-1695,1.4645236995920097,1.4495244879333806,0.014999211658629052
4,Grand_MultiParadigm_Ensemble,mb-dielectric-1696,1.67908705353038,1.7333307190271334,0.054243665496753524
4,Grand_MultiParadigm_Ensemble,mb-dielectric-1699,2.2637930455002384,2.2101036913351573,0.05368935416508114
4,Grand_MultiParadigm_Ensemble,mb-dielectric-1700,1.9833143136342928,2.048518219489267,0.06520390585497404
4,Grand_MultiParadigm_Ensemble,mb-dielectric-1701,2.431529012235324,2.36269154199087,0.0688374702444543
4,Grand_MultiParadigm_Ensemble,mb-dielectric-1707,1.5142806873231924,1.5015488135423718,0.012731873780820635
4,Grand_MultiParadigm_Ensemble,mb-dielectric-1710,1.4286357128393508,1.403942785087511,0.024692927751839733
4,Grand_MultiParadigm_Ensemble,mb-dielectric-1712,1.838348806220771,1.8563028350003208,0.01795402877954988
4,Grand_MultiParadigm_Ensemble,mb-dielectric-1721,1.6146900631390535,1.608886282130537,0.005803781008516529
4,Grand_MultiParadigm_Ensemble,mb-dielectric-1735,5.736370443663834,2.783567180047936,2.952803263615898
4,Grand_MultiParadigm_Ensemble,mb-dielectric-1740,1.647627182748978,1.6606543118570272,0.013027129108049262
4,Grand_MultiParadigm_Ensemble,mb-dielectric-1741,1.7576095633632554,1.6632018818055918,0.09440768155766355
4,Grand_MultiParadigm_Ensemble,mb-dielectric-1742,2.0359487550852764,2.0324793159976027,0.0034694390876737202
4,Grand_MultiParadigm_Ensemble,mb-dielectric-1754,2.65760594019003,2.656966124093619,0.00063981609641095
4,Grand_MultiParadigm_Ensemble,mb-dielectric-1760,1.560350922068494,1.5568449326993095,0.003505989369184448
4,Grand_MultiParadigm_Ensemble,mb-dielectric-1778,1.3355908804720116,1.4206502652697999,0.0850593847977883
4,Grand_MultiParadigm_Ensemble,mb-dielectric-1783,2.576896712456024,2.6864596594444556,0.10956294698843161
4,Grand_MultiParadigm_Ensemble,mb-dielectric-1791,1.581261943301404,1.5801333588099662,0.0011285844914377119
4,Grand_MultiParadigm_Ensemble,mb-dielectric-1796,2.033852993704314,1.9893903435461588,0.04446265015815509
4,Grand_MultiParadigm_Ensemble,mb-dielectric-1797,2.8057945992772413,2.9124659478562047,0.10667134857896343
4,Grand_MultiParadigm_Ensemble,mb-dielectric-1805,2.6926501815126294,2.6156403393861,0.07700984212652928
4,Grand_MultiParadigm_Ensemble,mb-dielectric-1807,2.075929590970428,2.0694661205766103,0.006463470393817783
4,Grand_MultiParadigm_Ensemble,mb-dielectric-1823,4.5930006531678185,4.292206104072793,0.30079454909502523
4,Grand_MultiParadigm_Ensemble,mb-dielectric-1825,1.6762863717157637,1.8962336907605502,0.21994731904478648
4,Grand_MultiParadigm_Ensemble,mb-dielectric-1826,2.185614177601649,2.070836535713269,0.11477764188837991
4,Grand_MultiParadigm_Ensemble,mb-dielectric-1827,1.6350730870514625,1.7672647872334166,0.13219170018195414
4,Grand_MultiParadigm_Ensemble,mb-dielectric-1834,2.3826490859265603,2.3518177202560926,0.030831365670467736
4,Grand_MultiParadigm_Ensemble,mb-dielectric-1837,1.82161384491884,1.8393283574499688,0.01771451253112888
4,Grand_MultiParadigm_Ensemble,mb-dielectric-1844,1.8539090402611749,1.7796354550670421,0.07427358519413274
4,Grand_MultiParadigm_Ensemble,mb-dielectric-1847,2.3191748532613925,2.2582779498719647,0.06089690338942777
4,Grand_MultiParadigm_Ensemble,mb-dielectric-1851,1.6768121540590053,1.6286996776735159,0.04811247638548943
4,Grand_MultiParadigm_Ensemble,mb-dielectric-1857,2.1055046900921406,2.1172897227756904,0.011785032683549801
4,Grand_MultiParadigm_Ensemble,mb-dielectric-1862,3.10100096742971,2.9644399321200425,0.13656103530966757
4,Grand_MultiParadigm_Ensemble,mb-dielectric-1867,1.5742965624896303,1.548063636342326,0.026232926147304436
4,Grand_MultiParadigm_Ensemble,mb-dielectric-1871,1.4211497692858746,1.4623870903501328,0.04123732106425826
4,Grand_MultiParadigm_Ensemble,mb-dielectric-1875,2.294805583631578,2.372652755279796,0.07784717164821808
4,Grand_MultiParadigm_Ensemble,mb-dielectric-1884,1.9049485557358237,1.8998088551977053,0.005139700538118408
4,Grand_MultiParadigm_Ensemble,mb-dielectric-1891,2.751220092976931,2.6883014976221338,0.06291859535479727
4,Grand_MultiParadigm_Ensemble,mb-dielectric-1897,2.028983325050586,1.9867208422020337,0.042262482848552496
4,Grand_MultiParadigm_Ensemble,mb-dielectric-1899,1.5301832134312108,1.5436329857622215,0.013449772331010745
4,Grand_MultiParadigm_Ensemble,mb-dielectric-1915,1.4870041470464637,1.5066760336502016,0.019671886603737976
4,Grand_MultiParadigm_Ensemble,mb-dielectric-1918,2.197902105796949,2.1808488854038672,0.01705322039308177
4,Grand_MultiParadigm_Ensemble,mb-dielectric-1922,1.3211067330083577,1.2979793637490882,0.023127369259269503
4,Grand_MultiParadigm_Ensemble,mb-dielectric-1930,2.6798454557430484,2.632463484719515,0.047381971023533254
4,Grand_MultiParadigm_Ensemble,mb-dielectric-1935,21.91191157619116,1.5809648332232134,20.330946742967946
4,Grand_MultiParadigm_Ensemble,mb-dielectric-1937,2.639533039510335,1.953080617329475,0.6864524221808601
4,Grand_MultiParadigm_Ensemble,mb-dielectric-1950,27.65488860943036,2.6007578381297334,25.054130771300624
4,Grand_MultiParadigm_Ensemble,mb-dielectric-1958,1.6057771742472045,1.6031971370602522,0.002580037186952211
4,Grand_MultiParadigm_Ensemble,mb-dielectric-1965,1.594693700997154,1.5903802916775596,0.004313409319594452
4,Grand_MultiParadigm_Ensemble,mb-dielectric-1970,1.5028350985165784,1.6692500832119257,0.16641498469534732
4,Grand_MultiParadigm_Ensemble,mb-dielectric-1982,1.9024160953902804,1.7990211122844364,0.10339498310584405
4,Grand_MultiParadigm_Ensemble,mb-dielectric-1994,2.1506347900096845,2.1413662670422955,0.009268522967389003
4,Grand_MultiParadigm_Ensemble,mb-dielectric-1997,2.4965110320872475,2.4585320556462213,0.0379789764410261
4,Grand_MultiParadigm_Ensemble,mb-dielectric-2003,1.6910553903800234,1.7077434765741906,0.016688086194167173
4,Grand_MultiParadigm_Ensemble,mb-dielectric-2006,1.5550667724141836,1.5863045623023067,0.03123778988812309
4,Grand_MultiParadigm_Ensemble,mb-dielectric-2014,1.842849062366928,1.8240506187498098,0.018798443617118243
4,Grand_MultiParadigm_Ensemble,mb-dielectric-2015,1.7007702176759016,1.659745098416861,0.04102511925904073
4,Grand_MultiParadigm_Ensemble,mb-dielectric-2024,2.2432998759268306,2.1471042590798985,0.09619561684693201
4,Grand_MultiParadigm_Ensemble,mb-dielectric-2032,2.874087275408781,2.8146464307049426,0.05944084470383837
4,Grand_MultiParadigm_Ensemble,mb-dielectric-2033,1.571936491507635,1.5626677794371928,0.00926871207044222
4,Grand_MultiParadigm_Ensemble,mb-dielectric-2035,2.7693738161059644,3.1195914331092607,0.35021761700329623
4,Grand_MultiParadigm_Ensemble,mb-dielectric-2036,1.6438163928289964,1.6616038943308227,0.017787501501826286
4,Grand_MultiParadigm_Ensemble,mb-dielectric-2037,2.3180620497878537,2.3902188000836584,0.0721567502958047
4,Grand_MultiParadigm_Ensemble,mb-dielectric-2054,3.812406501585755,3.5144569503382925,0.29794955124746236
4,Grand_MultiParadigm_Ensemble,mb-dielectric-2061,1.3611106984126358,1.3914618936081316,0.030351195195495784
4,Grand_MultiParadigm_Ensemble,mb-dielectric-2063,2.4312260281594464,2.4679474382638995,0.03672141010445307
4,Grand_MultiParadigm_Ensemble,mb-dielectric-2064,1.840861573647876,1.8950426429963905,0.05418106934851452
4,Grand_MultiParadigm_Ensemble,mb-dielectric-2070,3.085034359614168,3.284851451435049,0.19981709182088103
4,Grand_MultiParadigm_Ensemble,mb-dielectric-2083,1.5542995206844783,1.630173179289328,0.07587365860484963
4,Grand_MultiParadigm_Ensemble,mb-dielectric-2084,3.2960814108068788,3.3236599141704772,0.02757850336359846
4,Grand_MultiParadigm_Ensemble,mb-dielectric-2090,1.772429970407854,1.7846390446226497,0.012209074214795557
4,Grand_MultiParadigm_Ensemble,mb-dielectric-2109,2.0480833316379816,2.068310954812363,0.020227623174381204
4,Grand_MultiParadigm_Ensemble,mb-dielectric-2111,1.6924756029753234,1.6515136777005217,0.04096192527480169
4,Grand_MultiParadigm_Ensemble,mb-dielectric-2112,1.8237056597305756,1.742394196317266,0.08131146341330964
4,Grand_MultiParadigm_Ensemble,mb-dielectric-2117,2.379662791237448,2.365672002434893,0.013990788802554999
4,Grand_MultiParadigm_Ensemble,mb-dielectric-2127,8.469022966080578,2.258016196404908,6.21100676967567
4,Grand_MultiParadigm_Ensemble,mb-dielectric-2130,3.204140033530118,2.39611382335237,0.808026210177748
4,Grand_MultiParadigm_Ensemble,mb-dielectric-2131,2.663871430831451,2.7507938008435873,0.08692237001213643
4,Grand_MultiParadigm_Ensemble,mb-dielectric-2138,1.6362296089893171,1.6419793996757666,0.00574979068644943
4,Grand_MultiParadigm_Ensemble,mb-dielectric-2140,1.7866726057115223,1.947705582603342,0.16103297689181972
4,Grand_MultiParadigm_Ensemble,mb-dielectric-2150,1.5885006557547696,1.6104832463975316,0.02198259064276198
4,Grand_MultiParadigm_Ensemble,mb-dielectric-2154,1.994709586213826,1.8723675756047324,0.12234201060909355
4,Grand_MultiParadigm_Ensemble,mb-dielectric-2155,1.760864371078401,1.7875002420265425,0.02663587094814135
4,Grand_MultiParadigm_Ensemble,mb-dielectric-2159,1.9911048021973463,2.0943295004759257,0.10322469827857939
4,Grand_MultiParadigm_Ensemble,mb-dielectric-2162,2.197720182370813,2.086276607834951,0.11144357453586196
4,Grand_MultiParadigm_Ensemble,mb-dielectric-2175,1.957870952505978,1.8413191470760544,0.11655180542992372
4,Grand_MultiParadigm_Ensemble,mb-dielectric-2178,2.7098542396224934,2.2305609270929283,0.4792933125295651
4,Grand_MultiParadigm_Ensemble,mb-dielectric-2181,1.954638756053575,1.940177480650581,0.014461275402994023
4,Grand_MultiParadigm_Ensemble,mb-dielectric-2183,2.6536138887701983,2.6835139273389608,0.029900038568762444
4,Grand_MultiParadigm_Ensemble,mb-dielectric-2188,1.7042262173784324,1.714337090291308,0.010110872912875601
4,Grand_MultiParadigm_Ensemble,mb-dielectric-2191,2.0010811244591427,1.9723130430305524,0.02876808142859022
4,Grand_MultiParadigm_Ensemble,mb-dielectric-2198,3.184412818715564,3.2928529141104654,0.10844009539490163
4,Grand_MultiParadigm_Ensemble,mb-dielectric-2202,1.7630065229601393,1.8054653437583503,0.04245882079821106
4,Grand_MultiParadigm_Ensemble,mb-dielectric-2211,2.668529745009412,2.5270235526125338,0.14150619239687812
4,Grand_MultiParadigm_Ensemble,mb-dielectric-2214,1.8176908428002856,1.752145418473298,0.06554542432698751
4,Grand_MultiParadigm_Ensemble,mb-dielectric-2215,1.5238585892398284,1.5078363170501952,0.016022272189633258
4,Grand_MultiParadigm_Ensemble,mb-dielectric-2223,2.481397455734644,2.3181199851943206,0.1632774705403235
4,Grand_MultiParadigm_Ensemble,mb-dielectric-2226,3.173483889985897,2.8174980231003857,0.35598586688551137
4,Grand_MultiParadigm_Ensemble,mb-dielectric-2227,4.0835749044189225,3.725882489771736,0.3576924146471865
4,Grand_MultiParadigm_Ensemble,mb-dielectric-2228,2.3429776638571127,2.108028965226435,0.2349486986306779
4,Grand_MultiParadigm_Ensemble,mb-dielectric-2235,5.879540798395739,5.951910025781139,0.07236922738539953
4,Grand_MultiParadigm_Ensemble,mb-dielectric-2259,1.6810370806935409,1.6430026541525358,0.038034426541005084
4,Grand_MultiParadigm_Ensemble,mb-dielectric-2260,2.150386709408333,2.119973935901817,0.030412773506516277
4,Grand_MultiParadigm_Ensemble,mb-dielectric-2272,1.6624996408240418,1.719829583273316,0.05732994244927414
4,Grand_MultiParadigm_Ensemble,mb-dielectric-2276,2.2763877086296174,2.060256502839606,0.21613120579001155
4,Grand_MultiParadigm_Ensemble,mb-dielectric-2282,2.3882519409252727,2.3652662236266933,0.022985717298579456
4,Grand_MultiParadigm_Ensemble,mb-dielectric-2289,2.070101044232705,2.3550990179489038,0.28499797371619895
4,Grand_MultiParadigm_Ensemble,mb-dielectric-2290,1.881257115158195,1.9006526216896635,0.019395506531468598
4,Grand_MultiParadigm_Ensemble,mb-dielectric-2292,2.203103719755382,2.229174747054574,0.026071027299192195
4,Grand_MultiParadigm_Ensemble,mb-dielectric-2295,2.013431316600262,2.1116396876696184,0.0982083710693562
4,Grand_MultiParadigm_Ensemble,mb-dielectric-2296,4.927237224517069,5.1404521250299196,0.21321490051285075
4,Grand_MultiParadigm_Ensemble,mb-dielectric-2306,1.659284886128161,1.6750826310381608,0.015797744909999745
4,Grand_MultiParadigm_Ensemble,mb-dielectric-2309,1.6988893430709526,1.6538409316672613,0.04504841140369131
4,Grand_MultiParadigm_Ensemble,mb-dielectric-2317,1.848206608219619,1.8505250289990194,0.0023184207794004763
4,Grand_MultiParadigm_Ensemble,mb-dielectric-2323,1.8386589315766717,1.8551017842839048,0.016442852707233113
4,Grand_MultiParadigm_Ensemble,mb-dielectric-2325,3.0874924561311343,2.991570898188379,0.09592155794275525
4,Grand_MultiParadigm_Ensemble,mb-dielectric-2341,1.930354544291454,1.8606915075757342,0.06966303671571983
4,Grand_MultiParadigm_Ensemble,mb-dielectric-2347,2.4909837414162355,2.551709643870681,0.060725902454445535
4,Grand_MultiParadigm_Ensemble,mb-dielectric-2358,5.245432302900093,2.461710993434086,2.7837213094660065
4,Grand_MultiParadigm_Ensemble,mb-dielectric-2360,2.131139366629972,2.1592971735412556,0.028157806911283778
4,Grand_MultiParadigm_Ensemble,mb-dielectric-2361,2.4021452218104278,2.322292623813868,0.07985259799655964
4,Grand_MultiParadigm_Ensemble,mb-dielectric-2363,3.052018676220708,3.183303135270436,0.13128445904972796
4,Grand_MultiParadigm_Ensemble,mb-dielectric-2367,1.4216187955988762,1.4316485211225907,0.010029725523714506
4,Grand_MultiParadigm_Ensemble,mb-dielectric-2377,7.064418494587271,4.170270192273881,2.89414830231339
4,Grand_MultiParadigm_Ensemble,mb-dielectric-2388,2.5315980460307386,2.985651269199402,0.4540532231686636
4,Grand_MultiParadigm_Ensemble,mb-dielectric-2399,1.483251383504044,1.4823991277227757,0.0008522557812682408
4,Grand_MultiParadigm_Ensemble,mb-dielectric-2406,1.5517731793028926,1.444810114624897,0.10696306467799555
4,Grand_MultiParadigm_Ensemble,mb-dielectric-2407,1.3996428115773236,1.4792275385204423,0.07958472694311869
4,Grand_MultiParadigm_Ensemble,mb-dielectric-2409,2.430172147537426,2.3457648314997157,0.08440731603771034
4,Grand_MultiParadigm_Ensemble,mb-dielectric-2411,1.7971208455007508,1.83501837690986,0.03789753140910923
4,Grand_MultiParadigm_Ensemble,mb-dielectric-2413,1.60249804992081,1.6874808095937333,0.08498275967292335
4,Grand_MultiParadigm_Ensemble,mb-dielectric-2414,4.485495141750542,4.770270494005403,0.2847753522548606
4,Grand_MultiParadigm_Ensemble,mb-dielectric-2422,1.653880688965602,1.6286654375416276,0.025215251423974294
4,Grand_MultiParadigm_Ensemble,mb-dielectric-2426,1.4590970952384603,1.4906893568771535,0.03159226163869322
4,Grand_MultiParadigm_Ensemble,mb-dielectric-2427,1.7454703282114727,1.8228325286702958,0.07736220045882303
4,Grand_MultiParadigm_Ensemble,mb-dielectric-2430,1.8669381350221543,2.088824775672551,0.22188664065039654
4,Grand_MultiParadigm_Ensemble,mb-dielectric-2440,1.5989401698208303,1.5983498635263378,0.0005903062944925264
4,Grand_MultiParadigm_Ensemble,mb-dielectric-2444,3.852321507870285,4.187142074099025,0.33482056622874046
4,Grand_MultiParadigm_Ensemble,mb-dielectric-2445,2.2972195512546616,2.313269087727945,0.016049536473283332
4,Grand_MultiParadigm_Ensemble,mb-dielectric-2448,1.739566229456834,1.793739084767251,0.054172855310417045
4,Grand_MultiParadigm_Ensemble,mb-dielectric-2452,1.274754878398196,1.3139868212293553,0.03923194283115938
4,Grand_MultiParadigm_Ensemble,mb-dielectric-2453,1.6233709783451775,1.6929670351734483,0.06959605682827075
4,Grand_MultiParadigm_Ensemble,mb-dielectric-2456,1.8809529499697784,1.9426105550935184,0.06165760512374008
4,Grand_MultiParadigm_Ensemble,mb-dielectric-2458,1.8704099372419227,1.8417331666659327,0.02867677057599005
4,Grand_MultiParadigm_Ensemble,mb-dielectric-2463,2.784912925030152,2.6355037246005315,0.14940920042962036
4,Grand_MultiParadigm_Ensemble,mb-dielectric-2464,2.501834127195485,2.427754535505328,0.0740795916901571
4,Grand_MultiParadigm_Ensemble,mb-dielectric-2465,2.5662395965043228,2.192508899231748,0.3737306972725749
4,Grand_MultiParadigm_Ensemble,mb-dielectric-2484,1.4701473848981694,1.537886155178935,0.06773877028076547
4,Grand_MultiParadigm_Ensemble,mb-dielectric-2489,1.4498373471991033,1.5425602755101753,0.09272292831107198
4,Grand_MultiParadigm_Ensemble,mb-dielectric-2490,2.434481601217529,2.8545622780473097,0.4200806768297807
4,Grand_MultiParadigm_Ensemble,mb-dielectric-2496,1.7729813873811533,1.8016531171953951,0.02867172981424182
4,Grand_MultiParadigm_Ensemble,mb-dielectric-2512,1.9911811402615616,1.9559726147018246,0.03520852555973697
4,Grand_MultiParadigm_Ensemble,mb-dielectric-2515,1.6400203250778431,1.6874757398054396,0.04745541472759651
4,Grand_MultiParadigm_Ensemble,mb-dielectric-2516,1.464727164582765,1.4721921833404292,0.007465018757664144
4,Grand_MultiParadigm_Ensemble,mb-dielectric-2517,2.199353844503729,2.09526182293471,0.10409202156901909
4,Grand_MultiParadigm_Ensemble,mb-dielectric-2520,2.673325020768456,2.6739369884309943,0.0006119676625382375
4,Grand_MultiParadigm_Ensemble,mb-dielectric-2523,3.006580560481735,2.814121049040954,0.19245951144078077
4,Grand_MultiParadigm_Ensemble,mb-dielectric-2525,1.5597008260114076,1.6033273618096495,0.04362653579824194
4,Grand_MultiParadigm_Ensemble,mb-dielectric-2526,2.225551916566615,2.341623221883403,0.11607130531678811
4,Grand_MultiParadigm_Ensemble,mb-dielectric-2534,3.357938554133076,3.6234177032249675,0.2654791490918913
4,Grand_MultiParadigm_Ensemble,mb-dielectric-2538,2.462164224146445,2.4729894602683027,0.010825236121857706
4,Grand_MultiParadigm_Ensemble,mb-dielectric-2539,2.5618520644252665,2.560353917223476,0.001498147201790534
4,Grand_MultiParadigm_Ensemble,mb-dielectric-2573,1.7530597061518849,1.8536682322329199,0.10060852608103499
4,Grand_MultiParadigm_Ensemble,mb-dielectric-2581,2.071827373761305,2.074310329289661,0.00248295552835609
4,Grand_MultiParadigm_Ensemble,mb-dielectric-2582,2.540341184434355,2.4281502278914524,0.11219095654290268
4,Grand_MultiParadigm_Ensemble,mb-dielectric-2589,1.70304854109721,1.7216590391009774,0.01861049800376735
4,Grand_MultiParadigm_Ensemble,mb-dielectric-2602,1.7756092851000005,1.799747529699265,0.024138244599264613
4,Grand_MultiParadigm_Ensemble,mb-dielectric-2604,3.051632350071024,2.875103165992953,0.17652918407807094
4,Grand_MultiParadigm_Ensemble,mb-dielectric-2610,1.997988905597676,2.0094194622725348,0.011430556674858705
4,Grand_MultiParadigm_Ensemble,mb-dielectric-2613,1.786200177418784,1.8484703168733088,0.062270139454524864
4,Grand_MultiParadigm_Ensemble,mb-dielectric-2614,2.4078452331216527,2.4518914874355886,0.04404625431393594
4,Grand_MultiParadigm_Ensemble,mb-dielectric-2615,3.649783646555869,3.780115590463678,0.13033194390780878
4,Grand_MultiParadigm_Ensemble,mb-dielectric-2622,2.0487019467620646,2.3588184138209956,0.3101164670589309
4,Grand_MultiParadigm_Ensemble,mb-dielectric-2623,1.69392837314136,1.727230747991588,0.033302374850228134
4,Grand_MultiParadigm_Ensemble,mb-dielectric-2625,1.9291722750098463,1.9242206598267817,0.004951615183064639
4,Grand_MultiParadigm_Ensemble,mb-dielectric-2642,1.9724261709884097,1.9570956323337927,0.015330538654616976
4,Grand_MultiParadigm_Ensemble,mb-dielectric-2643,1.9746817465100543,1.9212495934568632,0.053432153053191156
4,Grand_MultiParadigm_Ensemble,mb-dielectric-2657,2.5637419916988526,2.4481189102591165,0.1156230814397361
4,Grand_MultiParadigm_Ensemble,mb-dielectric-2661,1.5911204647459392,1.5845340729398623,0.006586391806076897
4,Grand_MultiParadigm_Ensemble,mb-dielectric-2663,1.5152557539900648,1.534341286971241,0.0190855329811761
4,Grand_MultiParadigm_Ensemble,mb-dielectric-2664,1.5193200233437765,1.5454469309856065,0.02612690764183001
4,Grand_MultiParadigm_Ensemble,mb-dielectric-2673,2.638894149702358,2.7449897029181405,0.10609555321578235
4,Grand_MultiParadigm_Ensemble,mb-dielectric-2677,1.8725205826335296,1.8495459484863708,0.022974634147158834
4,Grand_MultiParadigm_Ensemble,mb-dielectric-2679,1.0747092630102342,1.1543174247737258,0.07960816176349161
4,Grand_MultiParadigm_Ensemble,mb-dielectric-2683,2.070613113709721,1.8912087669826338,0.17940434672708716
4,Grand_MultiParadigm_Ensemble,mb-dielectric-2685,2.2215057206018325,2.125478065936649,0.0960276546651837
4,Grand_MultiParadigm_Ensemble,mb-dielectric-2700,1.7242389625571046,1.6860389656602834,0.03819999689682119
4,Grand_MultiParadigm_Ensemble,mb-dielectric-2706,4.28752947511734,4.156797007971311,0.13073246714602949
4,Grand_MultiParadigm_Ensemble,mb-dielectric-2708,2.8545598026082164,2.991516998586394,0.13695719597817746
4,Grand_MultiParadigm_Ensemble,mb-dielectric-2713,1.6003398597381329,1.5372515608003965,0.06308829893773638
4,Grand_MultiParadigm_Ensemble,mb-dielectric-2714,1.9440394371857104,1.857812759591346,0.08622667759436431
4,Grand_MultiParadigm_Ensemble,mb-dielectric-2717,1.5321676366072523,1.4968368223303061,0.035330814276946176
4,Grand_MultiParadigm_Ensemble,mb-dielectric-2718,3.2537904050506965,3.546378996836635,0.2925885917859383
4,Grand_MultiParadigm_Ensemble,mb-dielectric-2719,2.01483713154852,1.6703481478838178,0.34448898366470226
4,Grand_MultiParadigm_Ensemble,mb-dielectric-2720,1.8405899416581968,1.7733790648996994,0.06721087675849735
4,Grand_MultiParadigm_Ensemble,mb-dielectric-2724,2.308788065919708,2.3033863594429467,0.005401706476761525
4,Grand_MultiParadigm_Ensemble,mb-dielectric-2727,2.0425869218550607,2.218229592802351,0.17564267094729047
4,Grand_MultiParadigm_Ensemble,mb-dielectric-2731,2.026630454720347,1.9209064325555354,0.10572402216481169
4,Grand_MultiParadigm_Ensemble,mb-dielectric-2734,1.7295311503410395,1.7747172351343394,0.045186084793299885
4,Grand_MultiParadigm_Ensemble,mb-dielectric-2735,1.828881625474977,1.8685613080273047,0.03967968255232779
4,Grand_MultiParadigm_Ensemble,mb-dielectric-2739,2.997852620348997,3.290789004675029,0.292936384326032
4,Grand_MultiParadigm_Ensemble,mb-dielectric-2742,1.5743781841306956,1.637041588703808,0.06266340457311226
4,Grand_MultiParadigm_Ensemble,mb-dielectric-2745,1.99077363521488,1.9622710348056127,0.02850260040926722
4,Grand_MultiParadigm_Ensemble,mb-dielectric-2747,2.0084113954400213,1.8867380824120807,0.1216733130279406
4,Grand_MultiParadigm_Ensemble,mb-dielectric-2748,2.522955872252492,2.5033786683523047,0.019577203900187357
4,Grand_MultiParadigm_Ensemble,mb-dielectric-2749,1.9662860931207395,2.0465179728488443,0.08023187972810475
4,Grand_MultiParadigm_Ensemble,mb-dielectric-2753,1.402937869852641,1.5149020739604668,0.11196420410782593
4,Grand_MultiParadigm_Ensemble,mb-dielectric-2762,2.516081609695984,2.5750472013058134,0.05896559160982928
4,Grand_MultiParadigm_Ensemble,mb-dielectric-2772,2.1487383895362098,2.1707049708749797,0.02196658133876994
4,Grand_MultiParadigm_Ensemble,mb-dielectric-2780,4.412029011690666,4.513375715705449,0.10134670401478285
4,Grand_MultiParadigm_Ensemble,mb-dielectric-2787,3.18622042221972,3.7773842484456805,0.5911638262259604
4,Grand_MultiParadigm_Ensemble,mb-dielectric-2793,2.0651069383125664,2.1099369399738643,0.044830001661297914
4,Grand_MultiParadigm_Ensemble,mb-dielectric-2801,2.4545891034278355,2.4806687086498913,0.02607960522205577
4,Grand_MultiParadigm_Ensemble,mb-dielectric-2809,1.37234592334926,1.4938401797544825,0.12149425640522238
4,Grand_MultiParadigm_Ensemble,mb-dielectric-2811,2.516323574847504,2.4924540026889974,0.023869572158506713
4,Grand_MultiParadigm_Ensemble,mb-dielectric-2814,1.5053965147650192,1.5475174651547796,0.04212095038976038
4,Grand_MultiParadigm_Ensemble,mb-dielectric-2819,1.6645094372416958,1.7063951995199882,0.04188576227829244
4,Grand_MultiParadigm_Ensemble,mb-dielectric-2831,1.6182419472995997,1.5860393351327122,0.03220261216688747
4,Grand_MultiParadigm_Ensemble,mb-dielectric-2843,2.609354326265408,2.930990425885272,0.3216360996198637
4,Grand_MultiParadigm_Ensemble,mb-dielectric-2847,2.4103548839676425,2.0202114026502054,0.39014348131743715
4,Grand_MultiParadigm_Ensemble,mb-dielectric-2848,2.476853829085494,2.6733122088137895,0.19645837972829572
4,Grand_MultiParadigm_Ensemble,mb-dielectric-2849,1.866586635189122,1.843944400501431,0.02264223468769111
4,Grand_MultiParadigm_Ensemble,mb-dielectric-2851,2.744050898458943,2.802682721646312,0.05863182318736904
4,Grand_MultiParadigm_Ensemble,mb-dielectric-2857,2.0104725812604367,2.042172422654101,0.03169984139366422
4,Grand_MultiParadigm_Ensemble,mb-dielectric-2861,2.7173965481688533,2.7174786367248243,8.208855597091613e-05
4,Grand_MultiParadigm_Ensemble,mb-dielectric-2862,2.944769374104985,3.0848271645276917,0.1400577904227065
4,Grand_MultiParadigm_Ensemble,mb-dielectric-2863,3.298893450840751,3.25750209809323,0.041391352747520926
4,Grand_MultiParadigm_Ensemble,mb-dielectric-2865,1.8164381813501556,1.8092616432902748,0.007176538059880722
4,Grand_MultiParadigm_Ensemble,mb-dielectric-2867,3.7824197722269446,2.474889871963794,1.3075299002631504
4,Grand_MultiParadigm_Ensemble,mb-dielectric-2868,1.6003935974211676,1.628096582528406,0.027702985107238343
4,Grand_MultiParadigm_Ensemble,mb-dielectric-2869,1.6340134638364363,1.6405514829097623,0.0065380190733259624
4,Grand_MultiParadigm_Ensemble,mb-dielectric-2873,2.242001858458926,2.138444138787593,0.10355771967133265
4,Grand_MultiParadigm_Ensemble,mb-dielectric-2874,1.6383110205330322,1.6519071232579052,0.013596102724872994
4,Grand_MultiParadigm_Ensemble,mb-dielectric-2877,2.131636226001052,2.043202550441987,0.0884336755590649
4,Grand_MultiParadigm_Ensemble,mb-dielectric-2880,1.786803477341564,1.8270108227382242,0.040207345396660266
4,Grand_MultiParadigm_Ensemble,mb-dielectric-2895,1.8803231105318052,1.8350538515610104,0.04526925897079481
4,Grand_MultiParadigm_Ensemble,mb-dielectric-2896,1.943302601243568,1.953535252047184,0.010232650803616128
4,Grand_MultiParadigm_Ensemble,mb-dielectric-2898,1.70534893790098,1.7819301779368009,0.07658124003582079
4,Grand_MultiParadigm_Ensemble,mb-dielectric-2900,3.349764021539428,3.2947537907976936,0.05501023074173439
4,Grand_MultiParadigm_Ensemble,mb-dielectric-2903,1.5946786510076782,1.6747452981015178,0.0800666470938396
4,Grand_MultiParadigm_Ensemble,mb-dielectric-2908,2.494464093463637,2.7203040434567174,0.22583994999308032
4,Grand_MultiParadigm_Ensemble,mb-dielectric-2919,1.6322374214555917,1.628671483723221,0.003565937732370683
4,Grand_MultiParadigm_Ensemble,mb-dielectric-2921,2.525435539994368,2.6268252105739904,0.10138967057962223
4,Grand_MultiParadigm_Ensemble,mb-dielectric-2934,1.5186803481970783,1.535996964709463,0.017316616512384586
4,Grand_MultiParadigm_Ensemble,mb-dielectric-2935,1.5182119966153167,1.5071448986089089,0.011067098006407816
4,Grand_MultiParadigm_Ensemble,mb-dielectric-2940,16.345261729320825,4.954134354903181,11.391127374417643
4,Grand_MultiParadigm_Ensemble,mb-dielectric-2943,5.064443700940901,5.509415800942714,0.444972100001813
4,Grand_MultiParadigm_Ensemble,mb-dielectric-2946,2.0518377128808214,2.0367009005216237,0.015136812359197727
4,Grand_MultiParadigm_Ensemble,mb-dielectric-2954,1.6916461410948838,1.636944841662595,0.05470129943228885
4,Grand_MultiParadigm_Ensemble,mb-dielectric-2962,2.2407182628196107,2.058247429143828,0.18247083367578254
4,Grand_MultiParadigm_Ensemble,mb-dielectric-2967,2.8271304650881586,2.8675082247734673,0.04037775968530877
4,Grand_MultiParadigm_Ensemble,mb-dielectric-2973,2.20096713590488,2.034363568068854,0.16660356783602603
4,Grand_MultiParadigm_Ensemble,mb-dielectric-2975,1.3748939353031324,1.4553946494642525,0.08050071416112003
4,Grand_MultiParadigm_Ensemble,mb-dielectric-2984,2.034157974855116,1.9830615220915448,0.05109645276357133
4,Grand_MultiParadigm_Ensemble,mb-dielectric-2995,1.5394804318340654,1.5280197158207662,0.011460716013299121
4,Grand_MultiParadigm_Ensemble,mb-dielectric-2996,1.6531667590818966,1.6927584940365599,0.03959173495466328
4,Grand_MultiParadigm_Ensemble,mb-dielectric-3000,1.738356755419313,1.759803162338556,0.021446406919243044
4,Grand_MultiParadigm_Ensemble,mb-dielectric-3009,2.1233401360435264,2.0338298049302916,0.08951033111323481
4,Grand_MultiParadigm_Ensemble,mb-dielectric-3016,1.8727595503249568,1.8335302049999687,0.03922934532498812
4,Grand_MultiParadigm_Ensemble,mb-dielectric-3020,2.1056596749395817,2.1987419742732235,0.09308229933364176
4,Grand_MultiParadigm_Ensemble,mb-dielectric-3021,2.118484757241993,2.2979972852598127,0.17951252801781958
4,Grand_MultiParadigm_Ensemble,mb-dielectric-3029,2.1262402655077866,2.210985761389348,0.08474549588156144
4,Grand_MultiParadigm_Ensemble,mb-dielectric-3031,2.2179939885701505,2.2399765847700785,0.02198259619992804
4,Grand_MultiParadigm_Ensemble,mb-dielectric-3036,1.5318833724101408,1.540827931129896,0.008944558719755191
4,Grand_MultiParadigm_Ensemble,mb-dielectric-3044,1.6410014218966011,1.670634189119807,0.029632767223205958
4,Grand_MultiParadigm_Ensemble,mb-dielectric-3047,2.2789887377226474,2.3447691334225524,0.06578039569990501
4,Grand_MultiParadigm_Ensemble,mb-dielectric-3051,1.2459266966131408,1.4051221980873758,0.159195501474235
4,Grand_MultiParadigm_Ensemble,mb-dielectric-3058,6.159901216740412,2.7196120427805175,3.4402891739598944
4,Grand_MultiParadigm_Ensemble,mb-dielectric-3069,1.6067565673326702,1.5536573654821533,0.053099201850516975
4,Grand_MultiParadigm_Ensemble,mb-dielectric-3078,1.5403158766954264,1.5386682612138054,0.0016476154816209565
4,Grand_MultiParadigm_Ensemble,mb-dielectric-3083,1.8064795413547683,1.835403226124176,0.028923684769407654
4,Grand_MultiParadigm_Ensemble,mb-dielectric-3084,4.65718573818996,4.277086124956611,0.38009961323334895
4,Grand_MultiParadigm_Ensemble,mb-dielectric-3085,3.5587880427658702,3.2079379168305366,0.3508501259353336
4,Grand_MultiParadigm_Ensemble,mb-dielectric-3086,4.824100641570404,4.730953766501449,0.09314687506895503
4,Grand_MultiParadigm_Ensemble,mb-dielectric-3088,2.7114267461983914,2.495429498846309,0.2159972473520826
4,Grand_MultiParadigm_Ensemble,mb-dielectric-3097,1.929709131795083,1.9091536346700189,0.020555497125064104
4,Grand_MultiParadigm_Ensemble,mb-dielectric-3100,2.9582445808283,2.1931447153286285,0.7650998654996717
4,Grand_MultiParadigm_Ensemble,mb-dielectric-3105,1.576957196629017,1.60845918375932,0.031501987130303055
4,Grand_MultiParadigm_Ensemble,mb-dielectric-3113,1.8576320051793536,1.9286917875179614,0.07105978233860788
4,Grand_MultiParadigm_Ensemble,mb-dielectric-3116,1.915135156240067,1.8538213243134014,0.06131383192666551
4,Grand_MultiParadigm_Ensemble,mb-dielectric-3119,5.028862674688857,6.806906942821323,1.778044268132466
4,Grand_MultiParadigm_Ensemble,mb-dielectric-3136,2.1111608181282637,1.9468208090876775,0.1643400090405862
4,Grand_MultiParadigm_Ensemble,mb-dielectric-3142,1.547592108190447,1.5352227240512346,0.012369384139212292
4,Grand_MultiParadigm_Ensemble,mb-dielectric-3144,2.8429093674521817,2.876388565953636,0.0334791985014542
4,Grand_MultiParadigm_Ensemble,mb-dielectric-3151,1.406455829381072,1.400098028507879,0.0063578008731930424
4,Grand_MultiParadigm_Ensemble,mb-dielectric-3152,1.562355593326948,1.5783246802869288,0.015969086959980894
4,Grand_MultiParadigm_Ensemble,mb-dielectric-3156,2.1929005905421235,2.2017220018342303,0.008821411292106784
4,Grand_MultiParadigm_Ensemble,mb-dielectric-3160,1.8690142678249768,1.8678528609184404,0.001161406906536433
4,Grand_MultiParadigm_Ensemble,mb-dielectric-3164,4.621435563400907,5.11024030042892,0.48880473702801286
4,Grand_MultiParadigm_Ensemble,mb-dielectric-3165,1.7107669819898537,1.7206130703415088,0.009846088351655125
4,Grand_MultiParadigm_Ensemble,mb-dielectric-3169,1.6632297896963406,1.6789908471857715,0.015761057489430907
4,Grand_MultiParadigm_Ensemble,mb-dielectric-3172,1.5442783643717433,1.5836144284582059,0.03933606408646262
4,Grand_MultiParadigm_Ensemble,mb-dielectric-3175,2.5567133198698624,2.7347308538952806,0.1780175340254182
4,Grand_MultiParadigm_Ensemble,mb-dielectric-3177,1.5669877685121434,1.5741376874548292,0.007149918942685796
4,Grand_MultiParadigm_Ensemble,mb-dielectric-3180,1.6690805852324804,1.644220773314278,0.024859811918202412
4,Grand_MultiParadigm_Ensemble,mb-dielectric-3184,1.7319947074591917,1.7843838791076716,0.05238917164847989
4,Grand_MultiParadigm_Ensemble,mb-dielectric-3191,1.6354343969314902,1.7101348058024093,0.07470040887091911
4,Grand_MultiParadigm_Ensemble,mb-dielectric-3194,3.456587912956941,3.596762165679035,0.14017425272209394
4,Grand_MultiParadigm_Ensemble,mb-dielectric-3203,2.0936297826183754,2.142545132327227,0.048915349708851696
4,Grand_MultiParadigm_Ensemble,mb-dielectric-3211,2.4922441025442645,2.6215993884655324,0.12935528592126788
4,Grand_MultiParadigm_Ensemble,mb-dielectric-3216,1.0000000030609548,1.901565170525771,0.9015651674648162
4,Grand_MultiParadigm_Ensemble,mb-dielectric-3223,2.855089236428089,2.1633805328075195,0.6917087036205696
4,Grand_MultiParadigm_Ensemble,mb-dielectric-3234,2.40077980386929,2.488290950263338,0.08751114639404811
4,Grand_MultiParadigm_Ensemble,mb-dielectric-3235,4.844423082266864,3.990612901653379,0.8538101806134852
4,Grand_MultiParadigm_Ensemble,mb-dielectric-3236,2.235916739654377,2.4899834801157725,0.25406674046139566
4,Grand_MultiParadigm_Ensemble,mb-dielectric-3239,2.64599370117668,3.2785370764084774,0.6325433752317973
4,Grand_MultiParadigm_Ensemble,mb-dielectric-3240,1.644786105648192,1.7903468687460866,0.14556076309789456
4,Grand_MultiParadigm_Ensemble,mb-dielectric-3243,2.361572922157323,2.349795713104748,0.011777209052575177
4,Grand_MultiParadigm_Ensemble,mb-dielectric-3249,4.57504098342299,4.873855839236841,0.29881485581385103
4,Grand_MultiParadigm_Ensemble,mb-dielectric-3257,4.503690449694191,3.5075759622479206,0.9961144874462704
4,Grand_MultiParadigm_Ensemble,mb-dielectric-3265,2.418166040618388,2.773029896849914,0.35486385623152605
4,Grand_MultiParadigm_Ensemble,mb-dielectric-3269,1.848174594926933,1.9028433038437296,0.05466870891679654
4,Grand_MultiParadigm_Ensemble,mb-dielectric-3275,4.951363448586684,4.368056027193285,0.5833074213933989
4,Grand_MultiParadigm_Ensemble,mb-dielectric-3283,3.943651860902527,3.1544418481367265,0.7892100127658006
4,Grand_MultiParadigm_Ensemble,mb-dielectric-3285,2.2139889340283525,2.177440880742221,0.03654805328613131
4,Grand_MultiParadigm_Ensemble,mb-dielectric-3289,1.7350370793348098,1.7331012057257014,0.0019358736091084072
4,Grand_MultiParadigm_Ensemble,mb-dielectric-3292,3.951773399374004,2.816130094572365,1.135643304801639
4,Grand_MultiParadigm_Ensemble,mb-dielectric-3305,1.8672776083557223,1.7552635913150236,0.11201401704069869
4,Grand_MultiParadigm_Ensemble,mb-dielectric-3308,1.736477756839979,1.7423910262152198,0.005913269375240837
4,Grand_MultiParadigm_Ensemble,mb-dielectric-3309,4.904969248969189,5.439370182735265,0.5344009337660767
4,Grand_MultiParadigm_Ensemble,mb-dielectric-3311,2.713239146604417,2.497840344338206,0.21539880226621078
4,Grand_MultiParadigm_Ensemble,mb-dielectric-3314,1.2766835943177153,1.2839208893445186,0.00723729502680337
4,Grand_MultiParadigm_Ensemble,mb-dielectric-3315,4.30722219069321,5.214271500952072,0.9070493102588619
4,Grand_MultiParadigm_Ensemble,mb-dielectric-3321,1.9618544798226027,1.9772001735727263,0.015345693750123512
4,Grand_MultiParadigm_Ensemble,mb-dielectric-3334,2.2816788343301315,2.336923501647965,0.05524466731783351
4,Grand_MultiParadigm_Ensemble,mb-dielectric-3338,1.5267478508254082,1.5250476931386203,0.0017001576867878843
4,Grand_MultiParadigm_Ensemble,mb-dielectric-3340,1.827498381212244,1.873103120119472,0.04560473890722805
4,Grand_MultiParadigm_Ensemble,mb-dielectric-3346,5.344037300269028,5.051204357045256,0.29283294322377174
4,Grand_MultiParadigm_Ensemble,mb-dielectric-3360,2.2199099080818567,2.1920667189018177,0.02784318918003903
4,Grand_MultiParadigm_Ensemble,mb-dielectric-3362,1.8843617840885367,1.8549875729781813,0.02937421111035543
4,Grand_MultiParadigm_Ensemble,mb-dielectric-3367,4.570010940905941,4.738717094638507,0.16870615373256648
4,Grand_MultiParadigm_Ensemble,mb-dielectric-3378,1.8489394257113247,1.8492316488686371,0.0002922231573123657
4,Grand_MultiParadigm_Ensemble,mb-dielectric-3386,1.7175004124211075,1.6597304200365322,0.057769992384575364
4,Grand_MultiParadigm_Ensemble,mb-dielectric-3391,2.804157746394925,2.8890720094899804,0.08491426309505545
4,Grand_MultiParadigm_Ensemble,mb-dielectric-3393,1.3317907743585953,1.3375770229890933,0.0057862486304980365
4,Grand_MultiParadigm_Ensemble,mb-dielectric-3396,1.4719147393786094,1.4576587022068133,0.014256037171796132
4,Grand_MultiParadigm_Ensemble,mb-dielectric-3397,2.463317816820774,2.5140645120400142,0.050746695219240134
4,Grand_MultiParadigm_Ensemble,mb-dielectric-3399,1.4015324945691887,1.4293496314726677,0.02781713690347898
4,Grand_MultiParadigm_Ensemble,mb-dielectric-3406,1.5074491699556574,1.5151996103687686,0.007750440413111237
4,Grand_MultiParadigm_Ensemble,mb-dielectric-3408,1.4816143222849862,1.4976044771771124,0.015990154892126185
4,Grand_MultiParadigm_Ensemble,mb-dielectric-3411,2.2513783926001127,2.8481668426357194,0.5967884500356067
4,Grand_MultiParadigm_Ensemble,mb-dielectric-3412,1.999060779466197,2.091268751162653,0.09220797169645589
4,Grand_MultiParadigm_Ensemble,mb-dielectric-3415,2.2746648837429517,2.250397082344343,0.024267801398608846
4,Grand_MultiParadigm_Ensemble,mb-dielectric-3420,2.4488299246783147,2.424693719220575,0.024136205457739646
4,Grand_MultiParadigm_Ensemble,mb-dielectric-3423,1.4929835899968895,1.5212344022352866,0.028250812238397094
4,Grand_MultiParadigm_Ensemble,mb-dielectric-3426,1.438729184616294,1.4647048269655665,0.02597564234927252
4,Grand_MultiParadigm_Ensemble,mb-dielectric-3430,1.5376459280341492,1.4750038972601947,0.06264203077395458
4,Grand_MultiParadigm_Ensemble,mb-dielectric-3437,1.6206685863145085,1.6376876241623273,0.017019037847818774
4,Grand_MultiParadigm_Ensemble,mb-dielectric-3441,2.443729935979015,2.55042820190819,0.10669826592917486
4,Grand_MultiParadigm_Ensemble,mb-dielectric-3456,2.3654733846174074,2.5058061892154773,0.14033280459806985
4,Grand_MultiParadigm_Ensemble,mb-dielectric-3461,2.131372562458286,1.783257566587816,0.3481149958704699
4,Grand_MultiParadigm_Ensemble,mb-dielectric-3471,1.6347823504470964,1.6269830453302674,0.007799305116829025
4,Grand_MultiParadigm_Ensemble,mb-dielectric-3475,1.778669915046453,1.7709908165677806,0.007679098478672541
4,Grand_MultiParadigm_Ensemble,mb-dielectric-3481,2.31916608575871,2.245191174339573,0.07397491141913681
4,Grand_MultiParadigm_Ensemble,mb-dielectric-3483,1.546325752658001,1.610100026088165,0.06377427343016406
4,Grand_MultiParadigm_Ensemble,mb-dielectric-3484,4.422581485964954,4.294869660936643,0.12771182502831113
4,Grand_MultiParadigm_Ensemble,mb-dielectric-3491,1.6016354141938791,1.6143154667937343,0.012680052599855163
4,Grand_MultiParadigm_Ensemble,mb-dielectric-3495,3.4342355287118376,3.376655912969248,0.05757961574258941
4,Grand_MultiParadigm_Ensemble,mb-dielectric-3498,1.7054322032845506,1.621448802027014,0.08398340125753667
4,Grand_MultiParadigm_Ensemble,mb-dielectric-3519,1.9750176370520507,1.9463546645636007,0.028662972488449956
4,Grand_MultiParadigm_Ensemble,mb-dielectric-3527,1.4815848496345616,1.5136051913281712,0.032020341693609566
4,Grand_MultiParadigm_Ensemble,mb-dielectric-3535,2.29683608470435,2.185924226970719,0.11091185773363099
4,Grand_MultiParadigm_Ensemble,mb-dielectric-3537,2.443845398819928,2.6754996049539113,0.23165420613398346
4,Grand_MultiParadigm_Ensemble,mb-dielectric-3558,1.8550111410267551,1.8275266654203275,0.02748447560642764
4,Grand_MultiParadigm_Ensemble,mb-dielectric-3562,2.372340616356265,2.3771535599246043,0.0048129435683392785
4,Grand_MultiParadigm_Ensemble,mb-dielectric-3566,2.3584753549698068,2.3720929698853213,0.013617614915514498
4,Grand_MultiParadigm_Ensemble,mb-dielectric-3573,2.0718053319106344,2.050163041743258,0.021642290167376288
4,Grand_MultiParadigm_Ensemble,mb-dielectric-3575,2.1097051136750524,2.1358948873976416,0.026189773722589127
4,Grand_MultiParadigm_Ensemble,mb-dielectric-3586,2.9376294297727013,3.4013396619774525,0.46371023220475127
4,Grand_MultiParadigm_Ensemble,mb-dielectric-3587,2.108943574399283,2.0345537583710698,0.07438981602821304
4,Grand_MultiParadigm_Ensemble,mb-dielectric-3595,3.1231394461340254,3.1793222079105035,0.056182761776478074
4,Grand_MultiParadigm_Ensemble,mb-dielectric-3596,1.0000000000000058,2.381815606788031,1.3818156067880252
4,Grand_MultiParadigm_Ensemble,mb-dielectric-3601,1.7986789596812434,1.8794281044647498,0.08074914478350648
4,Grand_MultiParadigm_Ensemble,mb-dielectric-3602,1.7404554001754828,1.696220048758671,0.0442353514168119
4,Grand_MultiParadigm_Ensemble,mb-dielectric-3606,3.0079019820022945,1.8000154773371224,1.2078865046651721
4,Grand_MultiParadigm_Ensemble,mb-dielectric-3607,3.3238531856850946,3.0484730993945646,0.27538008629053
4,Grand_MultiParadigm_Ensemble,mb-dielectric-3609,2.519787689469095,2.99561256570687,0.47582487623777503
4,Grand_MultiParadigm_Ensemble,mb-dielectric-3616,5.016007708659825,4.893734520875538,0.12227318778428753
4,Grand_MultiParadigm_Ensemble,mb-dielectric-3622,4.985980344927164,4.740106295441848,0.245874049485316
4,Grand_MultiParadigm_Ensemble,mb-dielectric-3625,2.092041108582716,2.120571096166131,0.02852998758341485
4,Grand_MultiParadigm_Ensemble,mb-dielectric-3628,2.9334280287922643,2.0629474058222996,0.8704806229699646
4,Grand_MultiParadigm_Ensemble,mb-dielectric-3637,1.4668616158315682,1.4926833286976788,0.02582171286611068
4,Grand_MultiParadigm_Ensemble,mb-dielectric-3652,2.070308189618155,2.343459195354102,0.27315100573594675
4,Grand_MultiParadigm_Ensemble,mb-dielectric-3655,3.3809761903025595,3.3315498321921098,0.04942635811044971
4,Grand_MultiParadigm_Ensemble,mb-dielectric-3657,2.4161043023843227,2.49423403780225,0.07812973541792712
4,Grand_MultiParadigm_Ensemble,mb-dielectric-3661,2.674631127214873,2.505897365783997,0.16873376143087615
4,Grand_MultiParadigm_Ensemble,mb-dielectric-3668,4.425155364504166,4.403624922280937,0.021530442223228974
4,Grand_MultiParadigm_Ensemble,mb-dielectric-3670,1.515206256586875,1.4489238615316127,0.06628239505526223
4,Grand_MultiParadigm_Ensemble,mb-dielectric-3689,2.4822305157525757,2.3119644396296097,0.17026607612296596
4,Grand_MultiParadigm_Ensemble,mb-dielectric-3701,5.923174824365747,5.464191400942117,0.4589834234236294
4,Grand_MultiParadigm_Ensemble,mb-dielectric-3709,3.222473170304987,3.211757500336874,0.010715669968112795
4,Grand_MultiParadigm_Ensemble,mb-dielectric-3715,1.9314655920656028,1.934832303307776,0.003366711242173137
4,Grand_MultiParadigm_Ensemble,mb-dielectric-3731,2.2841482730628604,2.423136956698978,0.13898868363611783
4,Grand_MultiParadigm_Ensemble,mb-dielectric-3736,1.970845588404463,1.9917502430948992,0.02090465469043634
4,Grand_MultiParadigm_Ensemble,mb-dielectric-3737,3.091224137251443,3.3069736830964915,0.21574954584504846
4,Grand_MultiParadigm_Ensemble,mb-dielectric-3738,1.85350200071828,1.8982486465531445,0.04474664583486443
4,Grand_MultiParadigm_Ensemble,mb-dielectric-3740,2.889463618044022,2.866297384697229,0.023166233346792797
4,Grand_MultiParadigm_Ensemble,mb-dielectric-3746,2.300869400900478,2.467348971790667,0.16647957089018872
4,Grand_MultiParadigm_Ensemble,mb-dielectric-3747,1.527416118809802,1.5091986183271013,0.018217500482700766
4,Grand_MultiParadigm_Ensemble,mb-dielectric-3748,2.5719574913546217,2.6443439388571184,0.07238644750249668
4,Grand_MultiParadigm_Ensemble,mb-dielectric-3751,2.989832768648742,2.9232522694943714,0.06658049915437037
4,Grand_MultiParadigm_Ensemble,mb-dielectric-3765,1.4992947230837126,1.6095379064958926,0.11024318341217998
4,Grand_MultiParadigm_Ensemble,mb-dielectric-3773,1.4061768499545757,1.4652965813021628,0.05911973134758708
4,Grand_MultiParadigm_Ensemble,mb-dielectric-3777,1.6846364592991567,1.687350816434757,0.0027143571356003093
4,Grand_MultiParadigm_Ensemble,mb-dielectric-3783,3.4655546934557724,3.6295648412687527,0.1640101478129803
4,Grand_MultiParadigm_Ensemble,mb-dielectric-3784,2.2303960784279258,2.2638413595056783,0.033445281077752576
4,Grand_MultiParadigm_Ensemble,mb-dielectric-3802,1.6829537525830391,1.5094714077043228,0.1734823448787164
4,Grand_MultiParadigm_Ensemble,mb-dielectric-3809,2.02430778292235,2.0479062048069507,0.023598421884600818
4,Grand_MultiParadigm_Ensemble,mb-dielectric-3813,2.0447493733951845,1.8923793393399735,0.152370034055211
4,Grand_MultiParadigm_Ensemble,mb-dielectric-3827,2.38565155334567,2.443967183879514,0.05831563053384414
4,Grand_MultiParadigm_Ensemble,mb-dielectric-3828,2.170132714835662,2.1543281118856052,0.0158046029500567
4,Grand_MultiParadigm_Ensemble,mb-dielectric-3830,1.618847326545655,1.6495349524775667,0.030687625931911544
4,Grand_MultiParadigm_Ensemble,mb-dielectric-3838,2.55305418404441,2.558447311632785,0.0053931275883751795
4,Grand_MultiParadigm_Ensemble,mb-dielectric-3839,2.4340997651424785,2.678462021705661,0.24436225656318245
4,Grand_MultiParadigm_Ensemble,mb-dielectric-3840,1.713032885459782,1.6947404182021397,0.01829246725764233
4,Grand_MultiParadigm_Ensemble,mb-dielectric-3846,1.785609139761555,1.7288144955727929,0.05679464418876212
4,Grand_MultiParadigm_Ensemble,mb-dielectric-3847,2.361968811535552,2.4403597629935354,0.07839095145798325
4,Grand_MultiParadigm_Ensemble,mb-dielectric-3850,2.82084904476176,2.5432852345783723,0.2775638101833877
4,Grand_MultiParadigm_Ensemble,mb-dielectric-3854,2.1336942142678272,2.1632390235549073,0.02954480928708003
4,Grand_MultiParadigm_Ensemble,mb-dielectric-3857,2.028449161384054,2.071890078498541,0.04344091711448694
4,Grand_MultiParadigm_Ensemble,mb-dielectric-3859,1.5140807992530207,1.6486265296110794,0.1345457303580586
4,Grand_MultiParadigm_Ensemble,mb-dielectric-3864,1.5129585806183414,1.546913788219563,0.033955207601221504
4,Grand_MultiParadigm_Ensemble,mb-dielectric-3866,2.4529796167110733,2.5287135722095124,0.07573395549843909
4,Grand_MultiParadigm_Ensemble,mb-dielectric-3875,2.21047596684515,2.0908085961734737,0.11966737067167621
4,Grand_MultiParadigm_Ensemble,mb-dielectric-3880,1.7826945896603412,1.847126375749733,0.06443178608939171
4,Grand_MultiParadigm_Ensemble,mb-dielectric-3882,1.6577493779217622,1.6691914085338717,0.011442030612109466
4,Grand_MultiParadigm_Ensemble,mb-dielectric-3885,1.5499462356307985,1.576814343442272,0.02686810781147342
4,Grand_MultiParadigm_Ensemble,mb-dielectric-3887,1.950424398261397,1.9394425228002734,0.010981875461123503
4,Grand_MultiParadigm_Ensemble,mb-dielectric-3890,1.7886510745997015,1.8636075339703253,0.07495645937062378
4,Grand_MultiParadigm_Ensemble,mb-dielectric-3899,1.7618148786596926,1.6767845868884101,0.0850302917712824
4,Grand_MultiParadigm_Ensemble,mb-dielectric-3901,2.4330196601479903,2.4079163860854265,0.025103274062563852
4,Grand_MultiParadigm_Ensemble,mb-dielectric-3904,2.1106273948757512,2.2968224515915265,0.1861950567157753
4,Grand_MultiParadigm_Ensemble,mb-dielectric-3913,1.7444565533903835,1.6970481604222125,0.04740839296817101
4,Grand_MultiParadigm_Ensemble,mb-dielectric-3916,1.824434981028369,1.8706579231954845,0.04622294216711542
4,Grand_MultiParadigm_Ensemble,mb-dielectric-3920,1.7499751426806038,1.7628814927335195,0.012906350052915627
4,Grand_MultiParadigm_Ensemble,mb-dielectric-3926,1.8592088819351853,1.8267289147666077,0.032479967168577595
4,Grand_MultiParadigm_Ensemble,mb-dielectric-3928,2.962150119986044,2.978588771299906,0.016438651313861907
4,Grand_MultiParadigm_Ensemble,mb-dielectric-3935,1.6135593161289798,1.6235486879518262,0.009989371822846316
4,Grand_MultiParadigm_Ensemble,mb-dielectric-3937,1.864644917046319,1.9447313492212672,0.08008643217494815
4,Grand_MultiParadigm_Ensemble,mb-dielectric-3940,1.9990631972668265,2.0622042710838433,0.06314107381701684
4,Grand_MultiParadigm_Ensemble,mb-dielectric-3942,2.938341652474512,2.2979192177254895,0.6404224347490226
4,Grand_MultiParadigm_Ensemble,mb-dielectric-3949,1.4758048651497304,1.5088734885387034,0.033068623388972984
4,Grand_MultiParadigm_Ensemble,mb-dielectric-3951,2.303792814758596,2.267708829768511,0.03608398499008514
4,Grand_MultiParadigm_Ensemble,mb-dielectric-3952,2.139379982958169,2.1079232647344806,0.03145671822368845
4,Grand_MultiParadigm_Ensemble,mb-dielectric-3956,1.6917526262000515,1.6769707918962016,0.014781834303849939
4,Grand_MultiParadigm_Ensemble,mb-dielectric-3958,2.9322507282518258,2.8452550652350723,0.08699566301675343
4,Grand_MultiParadigm_Ensemble,mb-dielectric-3960,2.427352591295001,2.313115139061188,0.11423745223381276
4,Grand_MultiParadigm_Ensemble,mb-dielectric-3965,2.724320282198846,2.8182252903612954,0.09390500816244929
4,Grand_MultiParadigm_Ensemble,mb-dielectric-3968,3.1541507044950574,3.4475822788954047,0.2934315744003473
4,Grand_MultiParadigm_Ensemble,mb-dielectric-3974,3.613049173943434,3.364423398466081,0.2486257754773531
4,Grand_MultiParadigm_Ensemble,mb-dielectric-3978,1.487615541731129,1.483252364276272,0.004363177454856926
4,Grand_MultiParadigm_Ensemble,mb-dielectric-3993,1.989009971484976,2.103528477046837,0.11451850556186094
4,Grand_MultiParadigm_Ensemble,mb-dielectric-3998,2.7890939986549994,2.595431350016933,0.1936626486380666
4,Grand_MultiParadigm_Ensemble,mb-dielectric-4002,3.07412079571813,3.2565567015540133,0.18243590583588354
4,Grand_MultiParadigm_Ensemble,mb-dielectric-4008,1.4524691620363808,1.5115596571507914,0.05909049511441067
4,Grand_MultiParadigm_Ensemble,mb-dielectric-4009,1.4842640151491464,1.5203587585315343,0.03609474338238794
4,Grand_MultiParadigm_Ensemble,mb-dielectric-4018,2.190957933568482,2.1980242759049315,0.007066342336449427
4,Grand_MultiParadigm_Ensemble,mb-dielectric-4023,1.591597206163251,1.6391271626306014,0.047529956467350365
4,Grand_MultiParadigm_Ensemble,mb-dielectric-4028,2.101095745874836,2.0951018564926818,0.005993889382154283
4,Grand_MultiParadigm_Ensemble,mb-dielectric-4031,1.841564009205219,1.8654764924514162,0.023912483246197214
4,Grand_MultiParadigm_Ensemble,mb-dielectric-4032,4.412746688099526,4.242365764244868,0.1703809238546583
4,Grand_MultiParadigm_Ensemble,mb-dielectric-4033,1.5337318322236824,1.5868636330685368,0.05313180084485447
4,Grand_MultiParadigm_Ensemble,mb-dielectric-4038,2.5269187429225606,1.9982052925982992,0.5287134503242614
4,Grand_MultiParadigm_Ensemble,mb-dielectric-4040,1.7489874213384151,1.7838644622671471,0.034877040928732006
4,Grand_MultiParadigm_Ensemble,mb-dielectric-4046,1.555075453689189,1.4707807865090803,0.0842946671801088
4,Grand_MultiParadigm_Ensemble,mb-dielectric-4052,1.5447743092978556,1.5574466289681248,0.012672319670269161
4,Grand_MultiParadigm_Ensemble,mb-dielectric-4061,2.7269004382265205,2.828176236853639,0.10127579862711844
4,Grand_MultiParadigm_Ensemble,mb-dielectric-4064,1.4543665287677656,1.4283746161536992,0.025991912614066415
4,Grand_MultiParadigm_Ensemble,mb-dielectric-4066,2.4299705759535444,2.7172064262401676,0.28723585028662324
4,Grand_MultiParadigm_Ensemble,mb-dielectric-4067,2.0831822611892026,2.2057108616787975,0.12252860048959491
4,Grand_MultiParadigm_Ensemble,mb-dielectric-4071,3.1831849878175493,3.0466495127720155,0.13653547504553387
4,Grand_MultiParadigm_Ensemble,mb-dielectric-4072,3.773371613469005,3.257281081475645,0.5160905319933597
4,Grand_MultiParadigm_Ensemble,mb-dielectric-4079,4.589081244286994,4.0725285865409075,0.5165526577460868
4,Grand_MultiParadigm_Ensemble,mb-dielectric-4083,2.0634114147853952,2.1463421277078636,0.08293071292246834
4,Grand_MultiParadigm_Ensemble,mb-dielectric-4088,1.782601095778256,1.7569544527643228,0.025646643013933268
4,Grand_MultiParadigm_Ensemble,mb-dielectric-4090,3.083450448226339,2.8083002098303953,0.2751502383959439
4,Grand_MultiParadigm_Ensemble,mb-dielectric-4094,3.060416257090963,2.8323246755893274,0.22809158150163578
4,Grand_MultiParadigm_Ensemble,mb-dielectric-4097,2.324556947033133,2.326124931829531,0.0015679847963978588
4,Grand_MultiParadigm_Ensemble,mb-dielectric-4104,1.89030006436368,1.915294989748369,0.02499492538468906
4,Grand_MultiParadigm_Ensemble,mb-dielectric-4105,3.50414040837649,3.464517004987839,0.03962340338865111
4,Grand_MultiParadigm_Ensemble,mb-dielectric-4110,2.5511167489291093,2.548785452913806,0.0023312960153032414
4,Grand_MultiParadigm_Ensemble,mb-dielectric-4112,2.359734307077812,2.377052176987143,0.01731786990933104
4,Grand_MultiParadigm_Ensemble,mb-dielectric-4125,3.261002351016228,3.807550160067573,0.5465478090513449
4,Grand_MultiParadigm_Ensemble,mb-dielectric-4131,1.6329211044423837,1.6853343159344085,0.052413211492024825
4,Grand_MultiParadigm_Ensemble,mb-dielectric-4134,2.021055829685374,2.0349385493998087,0.013882719714434888
4,Grand_MultiParadigm_Ensemble,mb-dielectric-4142,2.410383164561185,2.5564711155332285,0.1460879509720434
4,Grand_MultiParadigm_Ensemble,mb-dielectric-4144,1.6077331868192557,1.5971374922761696,0.010595694543086065
4,Grand_MultiParadigm_Ensemble,mb-dielectric-4148,1.875634026136228,2.143637381797527,0.26800335566129885
4,Grand_MultiParadigm_Ensemble,mb-dielectric-4150,1.8170094477831424,1.990980605680723,0.17397115789758066
4,Grand_MultiParadigm_Ensemble,mb-dielectric-4151,1.5083103129070128,1.5033177837583718,0.004992529148641012
4,Grand_MultiParadigm_Ensemble,mb-dielectric-4156,3.5584592171331697,3.580936974831306,0.02247775769813609
4,Grand_MultiParadigm_Ensemble,mb-dielectric-4164,2.7555262050408205,2.64607754330348,0.10944866173734047
4,Grand_MultiParadigm_Ensemble,mb-dielectric-4168,2.6598898473433072,2.3953258219337967,0.2645640254095105
4,Grand_MultiParadigm_Ensemble,mb-dielectric-4170,4.059720844261982,3.3477139432291523,0.7120069010328294
4,Grand_MultiParadigm_Ensemble,mb-dielectric-4174,1.7767138205124653,1.8039333346492565,0.027219514136791245
4,Grand_MultiParadigm_Ensemble,mb-dielectric-4179,1.913786909071468,1.952705456671827,0.038918547600358844
4,Grand_MultiParadigm_Ensemble,mb-dielectric-4181,2.3700210969525224,2.5034599821358485,0.13343888518332614
4,Grand_MultiParadigm_Ensemble,mb-dielectric-4182,1.7858001941240085,1.8292663144218984,0.043466120297889876
4,Grand_MultiParadigm_Ensemble,mb-dielectric-4183,2.0969688441494228,2.057416031625658,0.03955281252376475
4,Grand_MultiParadigm_Ensemble,mb-dielectric-4184,2.252404155375784,2.7471736357093492,0.49476948033356516
4,Grand_MultiParadigm_Ensemble,mb-dielectric-4186,1.0000000000000024,4.0759580185773405,3.075958018577338
4,Grand_MultiParadigm_Ensemble,mb-dielectric-4187,2.8360501876142226,2.398371946228147,0.4376782413860756
4,Grand_MultiParadigm_Ensemble,mb-dielectric-4190,2.155458187949844,2.1927535592271683,0.037295371277324296
4,Grand_MultiParadigm_Ensemble,mb-dielectric-4198,2.1607949925895324,1.934640426526568,0.22615456606296447
4,Grand_MultiParadigm_Ensemble,mb-dielectric-4205,1.4705418502488594,1.4797462930211167,0.009204442772257293
4,Grand_MultiParadigm_Ensemble,mb-dielectric-4207,2.282644665002996,2.3393512196240276,0.05670655462103147
4,Grand_MultiParadigm_Ensemble,mb-dielectric-4208,2.7779480436706034,2.80150260189824,0.023554558227636413
4,Grand_MultiParadigm_Ensemble,mb-dielectric-4210,2.5136295139345552,2.5248136721716237,0.01118415823706842
4,Grand_MultiParadigm_Ensemble,mb-dielectric-4211,1.0,4.140198247749858,3.140198247749858
4,Grand_MultiParadigm_Ensemble,mb-dielectric-4213,2.073214332061846,2.126540258687924,0.05332592662607771
4,Grand_MultiParadigm_Ensemble,mb-dielectric-4214,2.176509973941463,2.27874512070624,0.10223514676477707
4,Grand_MultiParadigm_Ensemble,mb-dielectric-4225,2.7973782368496387,2.3159950764766193,0.4813831603730194
4,Grand_MultiParadigm_Ensemble,mb-dielectric-4227,2.705908350258746,2.7565149880672166,0.050606637808470634
4,Grand_MultiParadigm_Ensemble,mb-dielectric-4231,1.3630407183939903,1.3679241602808208,0.004883441886830431
4,Grand_MultiParadigm_Ensemble,mb-dielectric-4236,1.990058625779656,2.035806683636763,0.04574805785710723
4,Grand_MultiParadigm_Ensemble,mb-dielectric-4237,2.0439915198780385,2.0081714688060566,0.03582005107198194
4,Grand_MultiParadigm_Ensemble,mb-dielectric-4249,1.7429219718621944,1.7827115221147753,0.03978955025258091
4,Grand_MultiParadigm_Ensemble,mb-dielectric-4251,5.545099307797232,5.670066372844948,0.12496706504771637
4,Grand_MultiParadigm_Ensemble,mb-dielectric-4255,2.3239334471251545,2.369419404857098,0.045485957731943305
4,Grand_MultiParadigm_Ensemble,mb-dielectric-4257,1.7894701264154518,1.7344410101541379,0.055029116261313904
4,Grand_MultiParadigm_Ensemble,mb-dielectric-4258,2.137599900184689,2.0989979608571865,0.03860193932750233
4,Grand_MultiParadigm_Ensemble,mb-dielectric-4259,4.97181063597559,4.812849053918213,0.1589615820573771
4,Grand_MultiParadigm_Ensemble,mb-dielectric-4260,3.055765097865563,2.936878304199953,0.11888679366560995
4,Grand_MultiParadigm_Ensemble,mb-dielectric-4261,2.820081854603988,2.791338735628808,0.028743118975179893
4,Grand_MultiParadigm_Ensemble,mb-dielectric-4273,2.0959313754461144,2.014898110766952,0.08103326467916228
4,Grand_MultiParadigm_Ensemble,mb-dielectric-4275,1.616972273520277,1.6418664185385858,0.02489414501830889
4,Grand_MultiParadigm_Ensemble,mb-dielectric-4279,3.8471634572327007,4.419269661330481,0.5721062040977802
4,Grand_MultiParadigm_Ensemble,mb-dielectric-4283,3.136884547870174,3.1950202678666457,0.058135719996471824
4,Grand_MultiParadigm_Ensemble,mb-dielectric-4290,2.437278878859236,1.8464457857391978,0.5908330931200383
4,Grand_MultiParadigm_Ensemble,mb-dielectric-4291,2.2609631428515886,2.3466630018999766,0.08569985904838795
4,Grand_MultiParadigm_Ensemble,mb-dielectric-4292,1.489228099833378,1.5150917569365037,0.02586365710312566
4,Grand_MultiParadigm_Ensemble,mb-dielectric-4294,2.748638268913051,2.728021812603725,0.020616456309326292
4,Grand_MultiParadigm_Ensemble,mb-dielectric-4297,1.0,4.037349276304637,3.037349276304637
4,Grand_MultiParadigm_Ensemble,mb-dielectric-4302,1.6985767571705437,1.7206729715020408,0.02209621433149711
4,Grand_MultiParadigm_Ensemble,mb-dielectric-4304,2.0076843211355047,2.0580532348769,0.05036891374139518
4,Grand_MultiParadigm_Ensemble,mb-dielectric-4309,2.7710683258748188,2.699360134558684,0.0717081913161346
4,Grand_MultiParadigm_Ensemble,mb-dielectric-4311,2.5345428910686603,2.508910169492287,0.025632721576373196
4,Grand_MultiParadigm_Ensemble,mb-dielectric-4314,1.596655984654595,1.5889363589879881,0.0077196256666067775
4,Grand_MultiParadigm_Ensemble,mb-dielectric-4322,2.438733551114868,2.376178151916463,0.06255539919840514
4,Grand_MultiParadigm_Ensemble,mb-dielectric-4328,2.534083726583107,2.702478181919095,0.16839445533598818
4,Grand_MultiParadigm_Ensemble,mb-dielectric-4331,2.455067751950375,2.514591208427221,0.05952345647684609
4,Grand_MultiParadigm_Ensemble,mb-dielectric-4346,2.06315801624596,1.9817133528654804,0.08144466338047973
4,Grand_MultiParadigm_Ensemble,mb-dielectric-4350,1.8859669491625064,1.9992068831422636,0.11323993397975718
4,Grand_MultiParadigm_Ensemble,mb-dielectric-4351,2.0871714511909736,2.086286668443999,0.0008847827469744551
4,Grand_MultiParadigm_Ensemble,mb-dielectric-4354,1.4314356429822523,1.4165976804125648,0.014837962569687502
4,Grand_MultiParadigm_Ensemble,mb-dielectric-4363,1.755922929212248,1.6911053695753508,0.06481755963689717
4,Grand_MultiParadigm_Ensemble,mb-dielectric-4369,1.6591316001651757,1.5974777594126544,0.06165384075252134
4,Grand_MultiParadigm_Ensemble,mb-dielectric-4373,1.7262366581671238,1.7492748215635738,0.02303816339645004
4,Grand_MultiParadigm_Ensemble,mb-dielectric-4381,1.72140949999315,1.7508900390161828,0.029480539023032826
4,Grand_MultiParadigm_Ensemble,mb-dielectric-4386,2.469133856233801,2.551298858434587,0.08216500220078604
4,Grand_MultiParadigm_Ensemble,mb-dielectric-4396,1.574629480227015,1.5825126066752044,0.007883126448189337
4,Grand_MultiParadigm_Ensemble,mb-dielectric-4400,1.6364484919076026,1.6277607053644452,0.008687786543157383
4,Grand_MultiParadigm_Ensemble,mb-dielectric-4401,2.941669423983599,2.9447435970416436,0.0030741730580445825
4,Grand_MultiParadigm_Ensemble,mb-dielectric-4404,1.8562304993364016,1.7773985201640268,0.07883197917237483
4,Grand_MultiParadigm_Ensemble,mb-dielectric-4408,2.228562615977692,2.212117912562147,0.01644470341554527
4,Grand_MultiParadigm_Ensemble,mb-dielectric-4413,2.47238494845227,2.4678388608296222,0.004546087622647743
4,Grand_MultiParadigm_Ensemble,mb-dielectric-4414,2.936437751199009,2.9015675115842896,0.034870239614719356
4,Grand_MultiParadigm_Ensemble,mb-dielectric-4426,1.660002911644033,1.6455374854351248,0.014465426208908116
4,Grand_MultiParadigm_Ensemble,mb-dielectric-4432,1.7549945868862376,1.7290360011473946,0.02595858573884291
4,Grand_MultiParadigm_Ensemble,mb-dielectric-4435,2.485645053770416,2.2727308475438326,0.2129142062265834
4,Grand_MultiParadigm_Ensemble,mb-dielectric-4440,2.154090063112497,2.1663608625825894,0.012270799470092353
4,Grand_MultiParadigm_Ensemble,mb-dielectric-4445,1.6812718400068445,1.6706379336597095,0.010633906347135014
4,Grand_MultiParadigm_Ensemble,mb-dielectric-4454,2.387299729820284,2.1827052780771856,0.2045944517430982
4,Grand_MultiParadigm_Ensemble,mb-dielectric-4459,1.7691806012954134,1.7800599673431328,0.01087936604771933
4,Grand_MultiParadigm_Ensemble,mb-dielectric-4460,3.168069864549497,2.794805984884582,0.3732638796649148
4,Grand_MultiParadigm_Ensemble,mb-dielectric-4470,1.6984477226769938,1.7153935068890007,0.016945784212006876
4,Grand_MultiParadigm_Ensemble,mb-dielectric-4471,31.00226704076117,2.651707028504546,28.350560012256622
4,Grand_MultiParadigm_Ensemble,mb-dielectric-4477,1.843383302517412,1.8607026876766177,0.017319385159205725
4,Grand_MultiParadigm_Ensemble,mb-dielectric-4484,2.8648727720441616,2.9277475435568117,0.06287477151265009
4,Grand_MultiParadigm_Ensemble,mb-dielectric-4492,1.6355476147150223,1.6727711914786325,0.03722357676361021
4,Grand_MultiParadigm_Ensemble,mb-dielectric-4495,3.3514599803667657,3.6704451000726124,0.31898511970584664
4,Grand_MultiParadigm_Ensemble,mb-dielectric-4501,2.275302177733788,2.4319481058805144,0.1566459281467263
4,Grand_MultiParadigm_Ensemble,mb-dielectric-4519,1.9695177074605383,2.047054392725795,0.07753668526525681
4,Grand_MultiParadigm_Ensemble,mb-dielectric-4526,2.025471220893219,2.1265809407249665,0.10110971983174766
4,Grand_MultiParadigm_Ensemble,mb-dielectric-4533,1.6489882756809804,1.6723464058237518,0.02335813014277144
4,Grand_MultiParadigm_Ensemble,mb-dielectric-4534,1.2846313349232406,1.3075102167952135,0.022878881871972956
4,Grand_MultiParadigm_Ensemble,mb-dielectric-4536,3.2989191664341626,3.3527561860318187,0.05383701959765608
4,Grand_MultiParadigm_Ensemble,mb-dielectric-4543,1.5520065506734606,1.5772501543256303,0.02524360365216971
4,Grand_MultiParadigm_Ensemble,mb-dielectric-4546,9.769216959408778,5.011703057663584,4.757513901745194
4,Grand_MultiParadigm_Ensemble,mb-dielectric-4547,2.225850698796605,2.4395564699890615,0.2137057711924566
4,Grand_MultiParadigm_Ensemble,mb-dielectric-4553,2.7242892651111785,2.7103954020122134,0.01389386309896512
4,Grand_MultiParadigm_Ensemble,mb-dielectric-4568,1.3797342255103051,1.4001472089448168,0.0204129834345117
4,Grand_MultiParadigm_Ensemble,mb-dielectric-4571,1.9743353311938123,1.9741923741823677,0.00014295701144462214
4,Grand_MultiParadigm_Ensemble,mb-dielectric-4580,2.8222331583340186,2.857178332450659,0.034945174116640665
4,Grand_MultiParadigm_Ensemble,mb-dielectric-4581,1.8945205198149715,1.7795481084538722,0.11497241136109926
4,Grand_MultiParadigm_Ensemble,mb-dielectric-4583,1.4349216006458494,1.5173594857433659,0.08243788509751648
4,Grand_MultiParadigm_Ensemble,mb-dielectric-4584,1.965705980048936,2.046780548533146,0.08107456848421002
4,Grand_MultiParadigm_Ensemble,mb-dielectric-4603,1.4543039572249332,1.495007728356628,0.04070377113169488
4,Grand_MultiParadigm_Ensemble,mb-dielectric-4615,2.723784132415868,2.3690809910309323,0.3547031413849355
4,Grand_MultiParadigm_Ensemble,mb-dielectric-4623,1.7697457444503844,1.757804093147876,0.01194165130250835
4,Grand_MultiParadigm_Ensemble,mb-dielectric-4624,2.9391058731072173,2.7272998420056505,0.21180603110156682
4,Grand_MultiParadigm_Ensemble,mb-dielectric-4630,2.248777445635767,1.9528659493562066,0.29591149627956037
4,Grand_MultiParadigm_Ensemble,mb-dielectric-4633,4.713770571421568,4.645768216803416,0.06800235461815252
4,Grand_MultiParadigm_Ensemble,mb-dielectric-4647,2.416115891260185,2.5200009332874957,0.10388504202731097
4,Grand_MultiParadigm_Ensemble,mb-dielectric-4648,1.5843084716472775,1.6418567824952432,0.057548310847965745
4,Grand_MultiParadigm_Ensemble,mb-dielectric-4649,2.6538151153889125,2.578776872441168,0.0750382429477443
4,Grand_MultiParadigm_Ensemble,mb-dielectric-4654,2.4928594023731065,2.4885799966399773,0.004279405733129238
4,Grand_MultiParadigm_Ensemble,mb-dielectric-4659,2.4300441011159157,2.2788412775547013,0.1512028235612144
4,Grand_MultiParadigm_Ensemble,mb-dielectric-4660,2.678140026212221,2.8877495918271743,0.20960956561495347
4,Grand_MultiParadigm_Ensemble,mb-dielectric-4661,1.5453422490395667,1.5496101134064975,0.004267864366930718
4,Grand_MultiParadigm_Ensemble,mb-dielectric-4668,1.956367381994837,1.9456534055807508,0.010713976414086224
4,Grand_MultiParadigm_Ensemble,mb-dielectric-4669,1.501110699893027,1.490349036622391,0.01076166327063599
4,Grand_MultiParadigm_Ensemble,mb-dielectric-4670,3.0886556406739043,3.341194088729492,0.25253844805558767
4,Grand_MultiParadigm_Ensemble,mb-dielectric-4675,1.6584924881751295,1.5955470515377175,0.06294543663741203
4,Grand_MultiParadigm_Ensemble,mb-dielectric-4677,2.591716419672492,2.273173525440847,0.3185428942316446
4,Grand_MultiParadigm_Ensemble,mb-dielectric-4682,3.1857533907486726,2.539861645618149,0.6458917451305237
4,Grand_MultiParadigm_Ensemble,mb-dielectric-4687,2.949222778970758,2.959323361837357,0.010100582866598984
4,Grand_MultiParadigm_Ensemble,mb-dielectric-4695,1.503084051763795,1.608332286408015,0.10524823464422006
4,Grand_MultiParadigm_Ensemble,mb-dielectric-4697,1.5729050617673443,1.5969640641532838,0.0240590023859395
4,Grand_MultiParadigm_Ensemble,mb-dielectric-4710,2.419686963224789,2.3685269587933737,0.05116000443141511
4,Grand_MultiParadigm_Ensemble,mb-dielectric-4712,1.6277126077208266,1.604139945448582,0.023572662272244527
4,Grand_MultiParadigm_Ensemble,mb-dielectric-4715,2.835042562878613,2.982789737901019,0.14774717502240575
4,Grand_MultiParadigm_Ensemble,mb-dielectric-4723,2.060176610552277,2.067792314497564,0.007615703945286878
4,Grand_MultiParadigm_Ensemble,mb-dielectric-4732,3.264920928087952,3.1783436139012524,0.08657731418669945
4,Grand_MultiParadigm_Ensemble,mb-dielectric-4738,1.6905391644876693,1.6661635131349264,0.02437565135274289
4,Grand_MultiParadigm_Ensemble,mb-dielectric-4743,2.3036926878383754,2.01114243126791,0.2925502565704656
4,Grand_MultiParadigm_Ensemble,mb-dielectric-4746,1.4274686219551962,1.3710422165473344,0.05642640540786181
4,Grand_MultiParadigm_Ensemble,mb-dielectric-4751,2.2951649904382325,2.382675636363733,0.08751064592550062
