original_index,matbench_id,formula,reduced_formula,chemical_system,nsites,volume_A3,density_g_cm3,target_n,structure_sha256
0,mb-dielectric-0001,K6 S6,KS,K-S,12,378.0116,1.8756,1.752064,fbd5346c77932dbd2304c5372963e45f00b1d8350706907f0fd711f5343dff7c
1,mb-dielectric-0002,K12 V4 O16,K3VO4,K-O-V,32,605.867,2.546,1.652859,a34427c6b3875ed308e25c57a88ef3fbd3933efae70d0a61388d41d5b7b7909d
2,mb-dielectric-0003,Rb4 Zr2 O6,Rb2ZrO3,O-Rb-Zr,12,243.9621,4.2222,1.867858,6574b68746432fe2cfbe2286be83c502ff9c42cd2f3bbbdfa9467b2a6d7e4747
3,mb-dielectric-0004,Mn4 O4 F4,MnOF,F-Mn-O,12,135.4223,4.4111,2.676887,cb2ccac5174b78d0d472c0595993279f6c0473be35b768660bd28c1cae07dde3
5,mb-dielectric-0006,Ca2 Tl2 F6,CaTlF3,Ca-F-Tl,10,184.222,5.4345,1.677494,0adab91df43408ccd4c107676f13214d294e32b13ea96646ac9008ec72366c23
6,mb-dielectric-0007,Tl2 Pd4 Se6,TlPd2Se3,Pd-Se-Tl,12,295.8384,7.343,5.083372,c6159ea56810114fa5c01e05d441fbdf75e65c205a0bc145e5d5b83af95f3c6b
7,mb-dielectric-0008,Ca1 Hg1 O2,CaHgO2,Ca-Hg-O,4,72.2705,6.265,2.03234,33b2cf9d0cdcab7b75c71f9e9dfa990d3f003ae896f4544b95a3a121a07268ec
8,mb-dielectric-0009,Mo1 Se2,MoSe2,Mo-Se,3,70.6117,5.9699,3.369174,78632f29d8e3f4d2b8e1be61e2dfca209a01abafb49651f2fd27e91c72bc9611
9,mb-dielectric-0010,Li8 Zr6 O16,Li4Zr3O8,Li-O-Zr,30,340.9919,4.1824,2.077187,79e3291af73b4aad2c93912e1be821ebde5586f1abe537d59b8aa21a99a2cbb4
10,mb-dielectric-0011,Cs1 Ge1 Cl3,CsGeCl3,Cl-Cs-Ge,5,168.037,3.0822,1.908463,bcf99d40baa43628f2fab321b9499f3d31f7ecf44e23587c6612fdff9ee0d726
11,mb-dielectric-0012,Rb2 Au2 O4,RbAuO2,Au-O-Rb,8,184.911,5.6473,1.890488,2203b3ca8a6b08a1b97fa4a3353df8a14bdd3b0b6243eb98e5c34094c6798d29
13,mb-dielectric-0014,Na12 Mn2 Te8,Na6MnTe4,Mn-Na-Te,22,684.6099,3.4116,2.275844,5a735ac726703456e08011afa62d87381ce8bf0f5a4fbed034e9fdeeb2c05762
15,mb-dielectric-0016,Si12 N16,Si3N4,N-Si,28,298.9199,3.1172,2.069268,1093481da6d42aec19ab89cba5b33e0493f5b56ec79e3ed19f5c6608c778c704
16,mb-dielectric-0017,Mn1 C1 N2,MnCN2,C-Mn-N,4,47.0408,3.3522,2.323719,d66a549b31c24a9ad2e9fafc41266b476e3f973ea101c984a178db524b6f78d2
17,mb-dielectric-0018,Na4 Sb2 Au2,Na2SbAu,Au-Na-Sb,8,211.4733,5.7275,4.248906,b9045124cf5d7026c3f47f16d384eb0f65da8e8edaf75f426d5b5781e9883541
18,mb-dielectric-0019,Na4 As2 Au2,Na2AsAu,As-Au-Na,8,186.1655,5.6706,3.574819,a177edce8a51d4def02020bda21671ba95a1bbd5788e934c29134272dcc3c3ac
20,mb-dielectric-0021,Si12 O24,SiO2,O-Si,36,730.5069,1.639,1.3755,fd72d7ee8b88a1cbeae06a845a40e45138ef62bcb3d893bb09c6c0ce504f7469
21,mb-dielectric-0022,Ge2 H6 Cl2,GeH3Cl,Cl-Ge-H,10,191.4351,1.9277,1.556806,b10938b3607194740457049a97e5bc4316d2f849dcac4a79c9363e4fc1168716
22,mb-dielectric-0023,Li2 As2 O6,LiAsO3,As-Li-O,10,100.2884,4.3004,1.901418,f7de228da8814b6a281cb13c8a6b2a74deabdddcd0eef1f0e0c5f4d23f8f02c4
23,mb-dielectric-0024,Y1 Cu1 O2,YCuO2,Cu-O-Y,4,62.9703,4.864,2.207225,3593998aeffbe9caaf2a5653918e309f4b6127795a20be5e1f9d7d69ed4e838a
24,mb-dielectric-0025,Tl2 Cd1 Ge1 Te4,Tl2CdGeTe4,Cd-Ge-Te-Tl,8,266.7733,6.8732,3.710341,7dab307ae8faecc9e8ff5d5523ad574e99d1d207c4bf7bd87e345e2c2abe6a47
25,mb-dielectric-0026,Cd4 I8,CdI2,Cd-I,12,481.1727,5.0553,2.162603,8c19ef9f629bdf7461682dfbb103947edf1caa2d3fe9fc7915a6878c1ff94836
26,mb-dielectric-0027,Os4 O4 F20,OsOF5,F-O-Os,28,444.4155,4.502,1.610746,192c5441fe9b09480e4bc5d8e5eb781a93aef0d6f4d0474baf938e167b5992e8
27,mb-dielectric-0028,Cs1 Sb1 F6,CsSbF6,Cs-F-Sb,8,159.1511,3.8465,1.413846,8c748d147e764c0037bbe3fe17d6f97a57b3a7e681b19e4627b1993e9f9d2a1a
28,mb-dielectric-0029,Ag2 Hg1 I4,Ag2HgI4,Ag-Hg-I,7,280.2667,5.4742,2.317365,1626cd237e40529a89b93a658191e048b92ee8a2ce0afd858311433742b67501
29,mb-dielectric-0030,Al2 Ag2 O4,AlAgO2,Ag-Al-O,8,91.4447,6.0596,2.416126,b5d3b7d7efbf30a8664799a6e3d4c92a0d6ad025b52c9801aa0ea0250eabb07b
30,mb-dielectric-0031,Zn4 S4,ZnS,S-Zn,8,162.0575,3.9951,2.421976,c7d6f8198def5226be45b12f963c7c8504e4174f69e451e244d39bb217785ec7
31,mb-dielectric-0032,Cs2 V5 O13,Cs2V5O13,Cs-O-V,20,380.3749,3.1803,1.893252,70a775ca55cc761915db436be9c3eab0aabba8ba31614bd7b039cf02b9e79c55
34,mb-dielectric-0035,I4 O8 F4,IO2F,F-I-O,16,259.0752,4.561,1.980909,b259a7c377ed32f255677118e1cf98e93c296e43f22d6b8d8a2b24fa256370d7
35,mb-dielectric-0036,K2 P2 S6,KPS3,K-P-S,10,282.7179,1.9531,1.934425,4d75acbe50ebe551d96448aa3cfdca4ddcdeb9b3ddee61940252c46f9f4438fa
37,mb-dielectric-0038,K4 P6,K2P3,K-P,10,296.7812,1.9149,2.189977,7d46d7f3d1463b3bbba7be5214d8a8517e5e06e7750cbb34a4a842381ee30afd
39,mb-dielectric-0040,Au4 O6,Au2O3,Au-O,10,141.0331,10.4067,3.046883,8b436dd76a336eadbdeabdec93b925a8c50059dacff6b123bbe4c3c10c970818
40,mb-dielectric-0041,Na4 Ge2 O6,Na2GeO3,Ge-Na-O,12,172.9807,3.1989,1.706842,1e4a8cd3b44925813b26f6c755b0a13b492ae533c828fe56ef41a4011b39198c
42,mb-dielectric-0043,K2 Zn1 F4,K2ZnF4,F-K-Zn,7,113.7561,3.2056,1.465017,2452ff973ca1c70e3e5891fb89d9a360bd5a99afe7b10d43d7ad618a2cbd69e0
43,mb-dielectric-0044,Cd1 Pt3 O6,Cd(PtO2)3,Cd-O-Pt,10,122.3859,10.7684,4.168144,a96c56083f0c8213d39fd80422b0e73894c905448397511c95a56d6d3967249c
44,mb-dielectric-0045,Ga2 Ge2 Te2,GaGeTe,Ga-Ge-Te,6,179.7054,4.9891,7.057081,4a130bc33e3c6df7c3638bece8320379f97b1e7cd04226cd1f1aaf2bfe73603d
45,mb-dielectric-0046,Tl2 Ga2 Se4,TlGaSe2,Ga-Se-Tl,8,221.1275,6.4885,3.03202,e12ef6cd027bc0a2761a459c961442a1f0d83d729dd730f37ff81582ba3f2173
46,mb-dielectric-0047,Al2 Tl2 Se4,AlTlSe2,Al-Se-Tl,8,219.6781,5.8852,2.878486,7ae8743eeda61c0518c72a6a6c0952523ac35b09d05f02d8d85856fe47d62108
47,mb-dielectric-0048,Na2 Be2 As2,NaBeAs,As-Be-Na,6,114.941,3.0894,2.868607,aaded41143e4835545fd5d396201280085f640eaa88ab57cc476e423ad1251bc
48,mb-dielectric-0049,K4 Zn2 O4,K2ZnO2,K-O-Zn,10,176.4688,3.3048,1.820936,74013c77c54e4d84620129552a2d89ac25883be32c1ae650ed5d6b0c84375367
49,mb-dielectric-0050,K4 As4 Pd2,K2As2Pd,As-K-Pd,10,293.0758,3.79,2.928569,799b980b44e94be1982ab4fefd0bdf070029ba7be6facdae8abda523c6403a8e
50,mb-dielectric-0051,Sr1 Mg2 Sb2,Sr(MgSb)2,Mg-Sb-Sr,5,154.4088,4.0839,3.186465,b63680afff31f867feb82d5d060cdb1f534635cb4555853ee3779c96194d9a50
51,mb-dielectric-0052,Ca1 Mg2 Sb2,Ca(MgSb)2,Ca-Mg-Sb,5,144.7011,3.8123,3.259857,f1c69aabe78cc34dcd9e508ac53525c1ef7311a70877412665b6c2c3f2a3a4b7
52,mb-dielectric-0053,Ag4 S2,Ag2S,Ag-S,6,146.3783,5.6222,2.686948,4df0504646f7021314a92c26a3c469b1cb86ed9d4a5824de3163efdfb392cfd1
53,mb-dielectric-0054,Ca1 Mg2 As2,Ca(MgAs)2,As-Ca-Mg,5,118.8739,3.332,3.013126,560b22cdfa54b4edd526b313aeabbb7a5c65790228c74789c91650c394d42527
56,mb-dielectric-0057,Si4 O8,SiO2,O-Si,12,179.2324,2.2267,1.507309,b5dd922ae4d1b1747d21fd042a2a4253f494e6f7af9759aee61ac500b16066e4
58,mb-dielectric-0059,Zn4 Ge4 N8,ZnGeN2,Ge-N-Zn,16,187.944,5.8688,2.453248,32716be2583f3214094e88ba79987e49c51976f85fead535d2c5db728b756d6a
60,mb-dielectric-0061,Zn1 Pt3 O6,Zn(PtO2)3,O-Pt-Zn,10,116.8723,10.6086,3.969719,71d56f82da01dd0c765397d556ad2135c49710d292ee1ec79082044b00d5a74c
61,mb-dielectric-0062,Rb3 Sb2 Au3,Rb3Sb2Au3,Au-Rb-Sb,8,281.9428,6.4245,2.863331,d03bd28c85e7b693c7dccbaeeaf55dbe35b66fa4c2218f7dcf844f33910bae74
63,mb-dielectric-0064,Ca1 Ti1 F6,CaTiF6,Ca-F-Ti,8,145.3145,2.3076,1.460464,a1b1a8db77f03145d8c3ad7983e6173ecf1b2f7ae845a867314e6bcd6ff00b8d
65,mb-dielectric-0066,Ba3 Na3 Bi3,BaNaBi,Ba-Bi-Na,9,341.9966,5.3793,3.968054,5ea16a56b382f55dff70d44e406d4fd4bc0fcab8ba3655d2dae31bbd67ced8f7
66,mb-dielectric-0067,Li1 Fe1 P2 O7,LiFeP2O7,Fe-Li-O-P,11,119.8768,3.2792,1.866824,d69fda034647b025d03fe68bc769898aa53f6667246ad0652d104fe0257af21e
67,mb-dielectric-0068,Si2 C2,SiC,C-Si,4,42.0055,3.1701,2.66009,a12ea2150c9bc727c15304b642d5f8ebec9cab984ba43d51be6157d3718cc3ee
68,mb-dielectric-0069,Na4 Ag2 Sb2,Na2AgSb,Ag-Na-Sb,8,215.7324,4.2428,3.47467,f90daa3e89ef42c0553002814a8af62b24130d5cf1dce03c3f1cc59cb754c658
69,mb-dielectric-0070,K4 Ag2 Sb2,K2AgSb,Ag-K-Sb,8,282.6313,3.6171,2.714284,216b6e4c7f5ef7041b6b54c9f0ae743ff15e4e431df446d2f3263c9c762a711a
70,mb-dielectric-0071,K2 Be2 Pb1 F8,K2Be2PbF8,Be-F-K-Pb,13,183.3965,4.1234,1.525014,16820ee058aa5177ba8c0646a0fa05de5b957872498b51cd59e2f2c796bcd298
71,mb-dielectric-0072,Li8 As8,LiAs,As-Li,16,292.8177,3.7139,3.930352,4b4e918d7594057cd1b78dbcc1e0a2e83df8b296f933dba7d1d783955cc70116
72,mb-dielectric-0073,K2 Al1 F5,K2AlF5,Al-F-K,8,136.7337,2.4309,1.350185,1c25007fc76c2db824403b4e9f088da18331440319bea53fefd46e519e6f1590
73,mb-dielectric-0074,Rb2 Na2 O2,RbNaO,Na-O-Rb,6,113.4336,3.6438,1.85861,ad52aec5fc490fdb57661f247e34a4c562ddabfca37f507f24b4631577fbddef
74,mb-dielectric-0075,Na2 Li2 S2,NaLiS,Li-Na-S,6,106.9203,1.9257,1.980124,d8ea2af9a36b8de1fce17d3cf651ee373d29d29508cf383787c4cbbb885b7d79
75,mb-dielectric-0076,K1 I1,KI,I-K,2,92.7433,2.9722,1.765503,c8234dca29ece0054bcf2ac50e91e34f6b8dc107a49868d528bda353c9c5fd76
76,mb-dielectric-0077,Zn8 As8,ZnAs,As-Zn,16,323.1992,5.7679,4.619163,f75f4747b684285ac0f005336b1dcab2a50484125c4b5fbcc62a151149502ca6
77,mb-dielectric-0078,Cs1 As1 F6,CsAsF6,As-Cs-F,8,148.6147,3.5958,1.409488,f3547c80112aeba9990458ff91f0ad2ef10b9cd563f4212c30a626108b9e6f66
79,mb-dielectric-0080,W2 Cl4 O4,W(ClO)2,Cl-O-W,10,249.0706,3.8234,1.988965,b0b6dca0370ee78b3fdfc82e830684a3245f7abdafba961b15eccb0b141552c1
80,mb-dielectric-0081,Na6 P2 S2 O6,Na3PSO3,Na-O-P-S,16,247.9873,2.4107,1.664891,42afa7636310c35320a687d5e3d91ce8a3291151086b8ad264899276c98c3efd
81,mb-dielectric-0082,Sr1 Cd2 As2,Sr(CdAs)2,As-Cd-Sr,5,132.9859,5.7724,11.709115,e89df8a9f8cf76467f7a8cb852d7a963b2f52420d273fd604f736ff325f0c264
82,mb-dielectric-0083,H4 Br4,HBr,Br-H,8,220.6262,2.4359,1.514678,8f9bb315dd29ce1a363d2b9d75e9eef1a6493fefe174998dbf455cb9152ced24
83,mb-dielectric-0084,Tb5 Ag1 S8,Tb5AgS8,Ag-S-Tb,14,292.3597,6.583,2.951873,5fab003f2c05ff859fe0a6822aebfff438ecefb4ee2bc7854d749c7de3b8a494
84,mb-dielectric-0085,Tb1 H3 C3 O6,TbH3(CO2)3,C-H-O-Tb,13,126.3714,3.8629,1.761356,244931b80f868b313a9a8a8dfbccb6b0820aab1e09b128189fcd704783abb396
85,mb-dielectric-0086,Sr1 Zn2 As2,Sr(ZnAs)2,As-Sr-Zn,5,115.3519,5.3016,3.87896,42776e03216fdb4ca9e6985fa9690342c9aff88e9564d1b7fd939a2c40dfb679
87,mb-dielectric-0088,K1 Y1 O2,KYO2,K-O-Y,4,66.1363,4.0173,1.885771,1ed95f7a32932246c9dfa29eebbc3b20fe454b1476b9e0c50797156303c29113
88,mb-dielectric-0089,Li3 La1 P2,Li3LaP2,La-Li-P,6,106.928,3.4425,3.480852,d19c19cf897edcab8089789f5d438b383edf819c26b7c0bb78bdc500dd849394
89,mb-dielectric-0090,P8 S10,P4S5,P-S,18,553.9485,1.704,1.886708,1af5311728468dc8489b0f8374cf1d0d2542bc471322b4d2c38884f8543b6ec5
91,mb-dielectric-0092,K4 Ag2 As2,K2AgAs,Ag-As-K,8,247.7029,3.4992,2.641665,7d0ae27485002659fabbf7b8a85391bc3efa2b971bc560723ad315a9659674db
92,mb-dielectric-0093,B1 As1 O4,BAsO4,As-B-O,6,72.323,3.4378,1.748356,b2092210a29b889c175b1f4eff4a3cda1154fe2f6cc034bc0195388f186af30b
93,mb-dielectric-0094,Na2 Y2 F8,NaYF4,F-Na-Y,12,163.5779,3.8147,1.501097,f6aa39436a9c4349eba400e106c5da7a1d22701c70da98b6bf2a0e6017e0338b
94,mb-dielectric-0095,Rb2 Au2 S2,RbAuS,Au-Rb-S,6,195.3387,5.347,2.039225,cd0dae855a63f95dc5627607090eb092c55c837eafe977f993605abe26c3c0c1
95,mb-dielectric-0096,Rb2 Te2 Au2,RbTeAu,Au-Rb-Te,6,233.2935,5.8371,2.451419,c9d514401d8c1dc8367f25c828af16493dda4ba4145642182c68300d42840e65
97,mb-dielectric-0098,Cs1 Be4 Al4 B12 O28,CsBe4Al4(B3O7)4,Al-B-Be-Cs-O,49,408.2246,3.4762,1.0,98fd1cd6fd9dbfc2c99ffb90c479a6413ab1304f8d75ee2348c0ffaa8559a977
98,mb-dielectric-0099,Zn1 H2 O2,Zn(HO)2,H-O-Zn,5,42.0883,3.9226,1.829429,9da05d57ad5c4fa31ba4980bcdcb2d3255a61f0cf32318640da989579ca69a3a
101,mb-dielectric-0102,K3 V5 O14,K3V5O14,K-O-V,22,355.6811,2.7825,2.040549,38d6891da0e4799745deb9d2bfd33582a72f8b22a80e1316627d0e36f5e15ff0
102,mb-dielectric-0103,K4 Ge2 As4,K2GeAs2,As-Ge-K,10,320.3708,3.117,2.677106,77fa627e27bd6f479c3f47a98974700a04d6550fa8fc29b2da708d8b277fe088
104,mb-dielectric-0105,Rb1 Au3 Se2,RbAu3Se2,Au-Rb-Se,6,192.9125,7.1813,2.385481,ff5bbd29ed69f1f9d511fb7fc992afd3da557cab9268656df120c16678ad5de7
105,mb-dielectric-0106,Cs1 Au3 S2,CsAu3S2,Au-Cs-S,6,200.9306,6.5117,2.158277,b232e4f6103d8d7a235d02e1b9873234f065d5db07eb26dad1ebdc68a963fa28
106,mb-dielectric-0107,Sr1 Zr1 N2,SrZrN2,N-Sr-Zr,4,59.4332,5.7795,3.389556,220cdeae8878866d6b900b6aaa2d14d6384d1b92e599f0c8938a697604ab93ea
107,mb-dielectric-0108,Sr1 Hf1 N2,SrHfN2,Hf-N-Sr,4,57.7874,8.4517,3.303533,a829a85887a9f00d6fd128d645a43a6713e1c372f7483d9144e160c3cb71ae12
108,mb-dielectric-0109,Na1 Sn2 As2,Na(SnAs)2,As-Na-Sn,5,134.6594,5.059,5.113721,1a40d95b62636188fb167f5fbc7ef1c5511e08bd0c16da44e3e8f7bebcf47ec9
109,mb-dielectric-0110,Tm1 H3 C3 O6,TmH3(CO2)3,C-H-O-Tm,13,122.2367,4.1295,1.761471,8bb8610110b260b56b0540a13411af032c76441648ec60326c02e27b00743a93
110,mb-dielectric-0111,Ba1 La1 Zn1 Ru1 O6,BaLaZnRuO6,Ba-La-O-Ru-Zn,10,131.7663,6.7889,2.663545,c277fbb1ac5c92c0d904d75d5beb37e0a029a9b3930f6426caf685abbc26ca32
111,mb-dielectric-0112,Tl1 Sb1 F6,TlSbF6,F-Sb-Tl,8,146.4645,4.99,1.521399,5e04856fafdf75b07d6016a6d9bfa332adf1f8ff6c07ef601ad0949bd7afd749
112,mb-dielectric-0113,Al2 Cu2 Cl8,AlCuCl4,Al-Cl-Cu,12,311.2752,2.4789,1.720286,22bc6cf8d6c7317c16057afabcfbd123b1c25e07885d54af2f1f4ec51aae2906
113,mb-dielectric-0114,Ba2 Se2 O6,BaSeO3,Ba-O-Se,10,184.639,4.7537,1.815899,db32ee7137b4df24ec381497cc819375a130307d0a6b63c99b37116fe9d15db5
114,mb-dielectric-0115,K1 Nb1 O3,KNbO3,K-Nb-O,5,68.4184,4.3687,2.314658,5f9a42c4197d508b7f3ecf1bd3f4388715b7ef3365807ad0626a68c00c12696d
116,mb-dielectric-0117,K6 C2 O6 F2,K3CO3F,C-F-K-O,16,273.1698,2.3866,1.489855,a1f485342d33569a4ffbea68819905088c5f87c283a01d759138ccc46b06b80d
117,mb-dielectric-0118,Sr2 P12 Pt8,Sr(P3Pt2)2,P-Pt-Sr,22,388.9893,8.997,4.339278,80a532106b63372ce23539d77ff02b63fd79cc7bfacd86bac71a6961fe0c37e3
119,mb-dielectric-0120,Ba1 Ti1 F6,BaTiF6,Ba-F-Ti,8,120.545,4.1213,1.610844,285801c1f0ac94d050561c5721af1673194b895e0f369fad17367f78719b66b2
120,mb-dielectric-0121,Ba1 Sn1 F6,BaSnF6,Ba-F-Sn,8,125.9902,4.8769,1.533204,48f60a75b927aad6ae1e7d47328e76a794e0c31e08a065b49444b384b95ac3e9
122,mb-dielectric-0123,Ba1 Mg2 P2,Ba(MgP)2,Ba-Mg-P,5,127.2229,3.2354,2.901131,6f4f193991f4727efaac67b9b4b076922cb6ac17d2e230fc35134a22fb736561
123,mb-dielectric-0124,Li4 Mn8 O13 F3,Li4Mn8O13F3,F-Li-Mn-O,28,312.7255,3.8882,2.266118,2cc9dd852e7895a97f7374708e4e926d0f94e16c88131999c1e46028923dd854
125,mb-dielectric-0126,Na4 Cd1 P2,Na4CdP2,Cd-Na-P,7,188.8864,2.3413,2.470804,3e854f633a71dbf46110f8b364a197db5db223ec456a7f5fa424f61668817ec8
126,mb-dielectric-0127,K2 Na2 O2,KNaO,K-Na-O,6,103.3323,2.5097,1.796832,b9b74f68dae84e85eea1f0bf2c9148ffef6e01f8141afdc41dde1f40f08f43b9
127,mb-dielectric-0128,Zn1 In2 S4,Zn(InS2)2,In-S-Zn,7,168.5942,4.1693,4.449021,d83d183213c7fc1157c004e6fcba6da7190c44f21820909732373cab8d38dc51
129,mb-dielectric-0130,Zn1 Pt1 F6,ZnPtF6,F-Pt-Zn,8,105.8381,5.8754,1.809549,1cafb9aafc2c2a22b895584b6cc62f0122cd449e915e29d9179da88d3d89cae1
130,mb-dielectric-0131,Ca1 Pt1 F6,CaPtF6,Ca-F-Pt,8,126.7339,4.5748,1.568582,3a34a88e18b710e15703ac03f01efd4a909e36f39f79593c1245e5db339214ca
131,mb-dielectric-0132,Ba2 Hf1 S4,Ba2HfS4,Ba-Hf-S,7,195.6989,4.9333,2.596807,b2897db7825734f8025342c5ea66d545b2a556dff937ca098e5fcaad29315606
132,mb-dielectric-0133,Na4 Cu2 P2,Na2CuP,Cu-Na-P,8,158.308,2.9475,3.078149,549d278d03e6809470b6446285d2de8870fc3c9346b6d0d5f116c17bdf338aeb
133,mb-dielectric-0134,K4 Mn2 Se4,K2MnSe2,K-Mn-Se,10,313.3716,3.0846,2.091087,afc60c3b61bd6fbd3370685e918e4bb6e3d6c8551f501a257f45f6a90eab194b
135,mb-dielectric-0136,K4 Mn2 S4,K2MnS2,K-Mn-S,10,278.0077,2.3565,1.996027,e48e4ae2dcea0ca05b58909d32551458093cf5b1bb81af927617981f2fc4600c
137,mb-dielectric-0138,K2 Zn2 P2,KZnP,K-P-Zn,6,150.2888,2.9939,2.918651,04b776f5d11ebd582961858f347cb35416e708128ffa8d42b90069668be23bf4
138,mb-dielectric-0139,Cr2 H2 O4,CrHO2,Cr-H-O,8,65.7511,4.2935,2.259266,288b2552d64324bf758c84c245580a87aec70d858b2e8c66c53a7a5872aba274
139,mb-dielectric-0140,Li5 Fe1 Si2 O8,Li5Fe(SiO4)2,Fe-Li-O-Si,16,174.4127,2.6155,1.738807,2fe6815e74e5b5f8db2bd93d6037ef887a14112786fb165ae72ef0a1e2f94ffe
140,mb-dielectric-0141,K2 Cu2 Te2,KCuTe,Cu-K-Te,6,175.9716,4.3454,2.99558,5fcf305f2cb5313ac88892edfca7514f2bd17e7e0eefcf2d9a46d6f6a6e9a3b4
141,mb-dielectric-0142,Cs2 Ge1 F6,Cs2GeF6,Cs-F-Ge,9,192.9301,3.8941,1.420801,e89a222cce78ab160b2e50fda78496b0e4e3c6ba86aa2e95772421a308509149
142,mb-dielectric-0143,P2 F10,PF5,F-P,12,182.9631,2.2865,1.304224,55671cbaac6436373523cc99745313aa8f0d23b0384c99c111dca32eb1d7db7b
143,mb-dielectric-0144,K2 Cu2 Se2,KCuSe,Cu-K-Se,6,149.378,4.0376,6.78176,034aa90a7e8f408c23cb76dd65da9d83fe935844a7fe1ae1140db3041c77ab2a
144,mb-dielectric-0145,Na2 Cu2 Te2,NaCuTe,Cu-Na-Te,6,137.4718,5.1731,3.072687,ffd629c13b2d0cd25d97f90825629e596f54f6dbbeacb53019de36ba82e99ab8
146,mb-dielectric-0147,K1 Sc1 O2,KScO2,K-O-Sc,4,56.2876,3.4237,1.966505,2db8636f87d039a3595ef4b9d020641a0702ec74f527529577c7ebac09d7fa78
147,mb-dielectric-0148,Rb1 Tl1 O2,RbTlO2,O-Rb-Tl,4,70.3895,7.5927,2.303422,37b3ab3a81b25a0f5c7687b424c59c4babd6f107fa1dc1271805c44af136cca2
148,mb-dielectric-0149,Ca2 Fe2 O4,CaFeO2,Ca-Fe-O,8,103.4119,4.1082,14.01908,1be7a1339ca1538721640fee66fb95192fad77b446bee5ae2c6b715b2a69dc5f
149,mb-dielectric-0150,Rb1 Sc1 O2,RbScO2,O-Rb-Sc,4,60.3211,4.4712,2.007593,2c89826ccdc9700eacd3dc072c339132922560a5d1d0f848c48e358097928932
150,mb-dielectric-0151,Na8 Al6 Si6 I2 O24,Na4Al3Si3IO12,Al-I-Na-O-Si,46,757.0884,2.527,1.559156,5aa75fc80d991ffc5851edc4f988341222863828af5a53e4a64b8b55706f2391
151,mb-dielectric-0152,Al2 Hg1 Te4,Al2HgTe4,Al-Hg-Te,7,236.4782,5.3715,3.05427,5c2e3735907d6f1f90828cd60de2aa660cfa64006fc7a01ce87c73fd534a6ec2
154,mb-dielectric-0155,Ca1 Cd2 Sb2,Ca(CdSb)2,Ca-Cd-Sb,5,148.1595,5.6983,6.256365,094c1dc88b2d9ec9f2b088cf170eba91041caea508a1658f18665daa43706a28
155,mb-dielectric-0156,K2 U1 F6,K2UF6,F-K-U,9,144.0726,4.9585,1.588997,e1fa0b02f71715d3c771175ba150463922513d68b1ef64991b9786bff5c2b943
156,mb-dielectric-0157,K3 Au1 O1,K3AuO,Au-K-O,5,150.4628,3.6448,2.226012,ca5c3ed9923995e5b2b7bc422d402b968a012fcecba461993928b38e0055fc80
157,mb-dielectric-0158,Zn6 S6,ZnS,S-Zn,12,243.0371,3.9959,2.426399,82ef44ca7a045a43f99f67b73962cf49ba6f92a74301073762a5a149d1c220e0
159,mb-dielectric-0160,Sb4 Pd8,SbPd2,Pd-Sb,12,216.3722,10.2715,1.0,5eb83ab1eb68b514bf230fff9f101c158a0f018f267d8d80c8b2e5e5e4acfabd
160,mb-dielectric-0161,Tl1 Cl1 O4,TlClO4,Cl-O-Tl,6,117.9843,4.2762,1.585565,6ad143ad54a0197e602bacbe980f1f16832c29773b83eda748b9507c854cff7b
161,mb-dielectric-0162,Li9 Fe5 Si2 O16,Li9Fe5(SiO8)2,Fe-Li-O-Si,32,287.0564,3.7824,2.056862,cec9ff0e888894a99aa5221ea5edf4d1df6ff868ef93f9bb2e45941b4c16ed47
162,mb-dielectric-0163,K4 V6 O16,K2V3O8,K-O-V,26,448.4442,2.6588,1.842649,8bf4e999e0477a1c0b21cbabdc6e56a9b53b1f9e6f9561dde9a87e1a77c91c3f
163,mb-dielectric-0164,Tm2 Cu2 Pb2 Se6,TmCuPbSe3,Cu-Pb-Se-Tm,12,290.1497,7.744,3.404275,932414418a0e8d0aeb4afd3f2da91da3619570bc996a7519dd9708aeff722fa2
164,mb-dielectric-0165,Rb2 Li2 Se2,RbLiSe,Li-Rb-Se,6,163.4394,3.4822,2.024022,9bc08c3d2b0fffd2610b57b4b0994d9e3975b53920e47139aa23b2e89c50863b
165,mb-dielectric-0166,Si4,Si,Si,4,81.7615,2.2816,3.570426,f437225a4f5768ab56461b7d77e5a88d974c85d5553708732dac02cd33a300f5
166,mb-dielectric-0167,Sm4 Pb2 S8,Sm2PbS4,Pb-S-Sm,14,320.5837,6.5905,3.120332,09d95fff17635fbcebc5daae5a1a5b1086bfbfa62c522ece8eb937f302b1003d
167,mb-dielectric-0168,Be2 H16 S2 O16,BeH8SO8,Be-H-O-S,36,353.7687,1.6629,1.47147,9756b329edbdcc7743c23211e5569a512812600692f1ce6d1139328bc9d8cfdd
168,mb-dielectric-0169,Tb4 Yb2 S8,Tb2YbS4,S-Tb-Yb,14,291.97,7.0427,2.788978,a8f62efb27ace7ef1ebf2a097615e8736a871ba7bdc438803d1e8906f2cad578
169,mb-dielectric-0170,Al1 Fe1 F5,AlFeF5,Al-F-Fe,7,86.3126,3.421,1.459317,59eda341f04d1bb474da66469f2052a87c15db5e08b44c1edf142a6a6c4e1d39
170,mb-dielectric-0171,Ba4 As2 O1,Ba4As2O,As-Ba-O,7,238.3398,4.9825,3.058642,c5ccdf6eae0cafd96220376a6a5f28ec488006539e8ab8360ccc2f15cba7e987
171,mb-dielectric-0172,Fe5 Cu1 O8,Fe5CuO8,Cu-Fe-O,14,155.7972,5.0176,3.562348,f00988885b8cf6fdd4296c2ebed07129a35523a9435d749cc374269c8198df03
173,mb-dielectric-0174,Ba2 Cu4 O4,Ba(CuO)2,Ba-Cu-O,10,170.5624,5.7717,2.433113,b717f424f23e0c1bc917045a9c842442273b360509a4c1b02b732afbd0ff792a
174,mb-dielectric-0175,Li1 Cu1 O2,LiCuO2,Cu-Li-O,4,39.0734,4.3554,2.866867,ce5e6abfb7def912fc866e1410eabbd73928b9aa6a97a2c57d32263d4da0bd36
176,mb-dielectric-0177,Li1 P1 F6,LiPF6,F-Li-P,8,93.5981,2.695,1.369063,18a3771f12f2f4ca72506a6924bd1b3a682beaa6598f5362c3d1c475568121f5
177,mb-dielectric-0178,Ca6 V2 N6,Ca3VN3,Ca-N-V,14,225.9434,3.1337,2.825057,9d2932caf4df060334d6d587dec54a8b22d7920ce1a8af22a9a12d928f05ea53
178,mb-dielectric-0179,Ba1 Sb2 O6,Ba(SbO3)2,Ba-O-Sb,9,147.7974,5.3575,1.856166,26c0448444140e7c7dee477c73f0e50cb4ca22eede25507f648a968e76ffa17e
179,mb-dielectric-0180,Ca1 Sb2 O6,Ca(SbO3)2,Ca-O-Sb,9,125.1488,5.0367,1.892703,b0754679a880acac4506f08d3071c60a9cf0b042fb15054c028b6941c7d4bf5c
180,mb-dielectric-0181,Sr1 Sb2 O6,Sr(SbO3)2,O-Sb-Sr,9,135.6055,5.2304,1.858459,819ca8076cd5d2ac5de75e70c73bba9561f37a7521bbac63baac2649957ca4eb
181,mb-dielectric-0182,Li4 P20,LiP5,Li-P,24,463.72,2.3177,3.253667,6c9deaf00f2b7a66731384c920b776e7cfbdd8ae2e645080e9b575de8b843969
182,mb-dielectric-0183,Ta2 Cr2 O8,TaCrO4,Cr-O-Ta,12,135.8358,7.26,2.401149,1447f4c4bef0498d49f26abcc895cf02dd0024227f900464bedda335429eb926
183,mb-dielectric-0184,Zr1 Pd1 F6,ZrPdF6,F-Pd-Zr,8,136.6171,3.7878,1.64889,92a5802168bdee1e07ec3700371c1666146eccc6492b00ef17e1056dbddf83af
184,mb-dielectric-0185,Cs1 Ga1 P3 H1 O10,CsGaP3HO10,Cs-Ga-H-O-P,16,237.023,3.1985,1.579356,ac4a3cb94da0c101878486280b9fed9a243aab7941b73de7044c286f0f303a7b
185,mb-dielectric-0186,Sr3 Ta1 Ga3 Si2 O14,Sr3TaGa3(SiO7)2,Ga-O-Si-Sr-Ta,23,314.3579,4.9291,1.849595,ba366aa99d705793d651caa17b4440541fad2abe85ec23f7013030cdc83e3b4a
186,mb-dielectric-0187,Zr1 Pb1 O3,ZrPbO3,O-Pb-Zr,5,76.3584,7.5335,2.475569,53d202058c9e39a1759432bc9945e2770157ec1fce64d1358cd846af68140107
187,mb-dielectric-0188,Zn2 C2 O6,ZnCO3,C-O-Zn,10,98.1394,4.2442,1.847298,8a16019b68a7598da6f56e62fe42eaec970ca4806c34a4b45656da516166fd6f
188,mb-dielectric-0189,Cs2 Nb1 F6,Cs2NbF6,Cs-F-Nb,9,185.7024,4.2269,1.61055,2bed0212193e5e4c15fffcc41342126e9cb6c3467ff5479b25e6f243d3fcd722
189,mb-dielectric-0190,Ba2 S4,BaS2,Ba-S,6,182.1734,3.6726,2.230919,d74b198e00bdde4f73d9da147298ec48a989b8e0681d5c7833daa775837b2437
190,mb-dielectric-0191,Ge12 Os8,Ge3Os2,Ge-Os,20,317.8863,12.503,4.795579,91d955369232e38232d7a68210053ae866aa650496e0f6468bac02154f2f06f4
191,mb-dielectric-0192,P8 Pt4,P2Pt,P-Pt,12,190.5838,8.958,4.432306,cf6e728533a527ac1e3da2413d3d5a8c4cb6e9a49aaa8844c62856601a9d2a4c
192,mb-dielectric-0193,Rb2 Nb1 F6,Rb2NbF6,F-Nb-Rb,9,163.7287,3.832,1.611918,8f5ac87a03f9bbdbbd339453376488d299de75c152a19df4079f3278462e2dc0
193,mb-dielectric-0194,Sr8 Cu4 O14,Sr4Cu2O7,Cu-O-Sr,26,373.6543,5.2401,2.819524,479aa755ec495046e1c9ccd1353bd5f3b5d2fcfc090200d615e639d7828f847e
194,mb-dielectric-0195,Sc4 S2 O4,Sc2SO2,O-S-Sc,10,137.6255,3.7156,2.52114,20312c10c911f9f4414cd0b8d215735dbc854b072c1eeecef4d479a23936d44b
196,mb-dielectric-0197,Si16 O32,SiO2,O-Si,48,754.0947,2.1169,1.478204,11eac942eedce26bbd066c65f5aadb62419ec945d7b09bb1e33f8b4c877eeef0
197,mb-dielectric-0198,Cs2 Hg1 F4,Cs2HgF4,Cs-F-Hg,7,165.6098,5.4385,1.631621,707203542734899f11a07ebf0354dabe00f18eea3d078830d5dc153395563df7
199,mb-dielectric-0200,Rb3 N3 O6,RbNO2,N-O-Rb,12,221.5542,2.9562,1.526947,25d5b6aab1e6cbef20cdef737f02c074ed094877539aaa26c5487c443161fa1a
201,mb-dielectric-0202,Sn1 Se2,SnSe2,Se-Sn,3,89.709,5.1205,3.859015,784c0afc1145c5545771223a6bf2f5c508c5326afc34b4ecf66e8d3e1245fab3
203,mb-dielectric-0204,Rb2 Mg1 F4,Rb2MgF4,F-Mg-Rb,7,119.5273,3.7681,1.450983,81875f254f335d0a939feb123771559559932fd0bb4590b1f274bced1b3c4d76
205,mb-dielectric-0206,Rb2 Na2 S2,RbNaS,Na-Rb-S,6,171.7302,2.7176,1.894787,bf376531c669298aa5130f40645f0f039afffbd84a43e638771e8db40e8da467
206,mb-dielectric-0207,Na2 Bi2 S4,NaBiS2,Bi-Na-S,8,196.1725,5.0128,3.613125,0b548f3c77ee20fa6cfc519a43249351e339bcd963cbfcb49a6ca181fc4111b8
207,mb-dielectric-0208,Rb2 Li2 S2,RbLiS,Li-Rb-S,6,144.9398,2.8521,1.940464,37169a2a4c43c58e4fba1ea350849c76b065be583eeec4a2c0682a3120d65928
208,mb-dielectric-0209,As2 F10,AsF5,As-F,12,202.4648,2.7871,1.347838,dcda2ff1fc189e569e753f0e82af6bf8e62fcf6ae3f8d2a6b3db21d7fdb3c6b6
209,mb-dielectric-0210,Li5 Cr2 O8,Li5Cr2O8,Cr-Li-O,15,185.7048,2.3847,1.871801,4daf2413267548dadee39afa333b5cd04910ec6fa28b983094c504b723c6075b
211,mb-dielectric-0212,Ca3 Cd1 O4,Ca3CdO4,Ca-Cd-O,8,112.0025,4.398,2.062162,2965814d5b98d4f74a05f87f72bfbdf5d03a7102843b0c40acc6379885fe8001
212,mb-dielectric-0213,Cs3 Li2 F5,Cs3Li2F5,Cs-F-Li,10,204.1371,4.129,1.507322,3c2aee31673e7e9264e481205c64a5cdf55daebbe940642e6c5159e3e42213c5
213,mb-dielectric-0214,Sr1 Fe1 O2,SrFeO2,Fe-O-Sr,4,58.1501,5.0106,2.266571,3f47afdb4e7427b9f87eb93c58538449faf2632c4b85213b07cebe54294ea6af
214,mb-dielectric-0215,Na10 W2 N2 O8,Na5WNO4,N-Na-O-W,22,314.7318,3.976,1.771669,fff33b265be3b2fe0f13008a56b7b2996e9ad074274eea0001123b086b1ee24b
215,mb-dielectric-0216,Ti6 N4 O6,Ti3N2O3,N-O-Ti,16,188.5221,3.8688,2.965232,2d21a616060ac1e4009a0541b4e103e1e33f60a393b40760768650cbf8307526
216,mb-dielectric-0217,Mg2 Al2 Se5,Mg2Al2Se5,Al-Mg-Se,9,219.3227,3.7657,2.417878,5c869f9e84c539b4fc20386dbec7164ddbb751f20692cb28c87a2744c3f80ac2
217,mb-dielectric-0218,K4 Ag2 P2,K2AgP,Ag-K-P,8,233.0685,3.0927,2.591725,b3775bdd04b51cfb3dc77e3bd64181d0e87d1f4a72548aed1b222bf0dfdc1329
218,mb-dielectric-0219,Li2 Si2 P2 C2 O14,LiSiPCO7,C-Li-O-P-Si,22,251.9487,2.5046,1.579363,f7e1ea0777c923b665f213ecb64e7a12976d3cd8fdbf0c5915046384b151d9ec
219,mb-dielectric-0220,Ba2 Sb1 Au1,Ba2SbAu,Au-Ba-Sb,4,144.2523,6.8306,4.337869,76e396c61c689e6070fb77fb51c51d47d360d99ca73d69dc8a6a700ee588287b
220,mb-dielectric-0221,K3 Nb3 B2 O12,K3Nb3(BO6)2,B-K-Nb-O,20,277.6903,3.6455,2.122921,21b7e364e4f99f92cb683b6307653c9a292d8bfd5e89c08e0d2424bc14ecda1e
221,mb-dielectric-0222,Li2 Mg8 V6 O24,LiMg4V3O12,Li-Mg-O-V,40,464.0231,3.2134,1.92639,d0b16c2be848752e12afaa361073f10a9b0a4732610ab017b21e9a81f39c69e8
223,mb-dielectric-0224,K12 Sb4 O12,K3SbO3,K-O-Sb,28,620.6653,3.0719,1.730307,bd4bb7fc1546b66ef844f8b5fe6f10dddd6fca18077d40c8661a9b411fe3c62a
224,mb-dielectric-0225,Na6 Ge3 F18,Na2GeF6,F-Ge-Na,27,383.1393,3.0244,1.367272,418d157af4057e971b188ffde37a177a04e836a03cdba073d41730735a640e40
225,mb-dielectric-0226,Pr6 Si2 Ag2 Se14,Pr3SiAgSe7,Ag-Pr-Se-Si,24,619.5558,5.9576,2.968035,1bf825a8ab770b977c6d5d65dd7a72e58378f7b6ee654816ec8d94295435a186
226,mb-dielectric-0227,K12 Mn2 S8,K6MnS4,K-Mn-S,22,659.6065,2.1035,1.929759,81bff7e2ba35ca9e24cebd9dafec85311f0e07a8ba45c566031c8ee753c8b8d8
227,mb-dielectric-0228,Nd6 Cu2 Sn2 Se14,Nd3CuSnSe7,Cu-Nd-Se-Sn,24,623.9385,6.2154,3.105359,3ee4fc6f9d8f2c370b782c2070181d917084946a0e67f73635dadad0daed0a44
228,mb-dielectric-0229,Ge1 Bi12 O20,Ge(Bi3O5)4,Bi-Ge-O,33,546.0859,8.8195,2.497733,ba238dc9d5514a2a0e0fdf28ebe6bc3496f1dcb91da00e97cde8954eb17a777f
229,mb-dielectric-0230,In1 P1,InP,In-P,2,52.84,4.5816,3.637199,11548de1ad64b8da040f387065358fcdfeac3aed471ca289c2f83d785a50f3f9
230,mb-dielectric-0231,La7 Y1 Al8 O24,La7YAl8O24,Al-La-O-Y,40,439.326,6.2785,2.160555,64e6f1796f0a00bf519cf05996269c7eb45fdc14c8cc9b1b00957ebdf7ccde59
231,mb-dielectric-0232,Rb2 Ga2 O4,RbGaO2,Ga-O-Rb,8,150.5001,4.1307,1.758212,e67bac2b82b13807162e14034e5806d18175e0e7697d00f955ddb2d84e086487
232,mb-dielectric-0233,K4 Nb8 Si1 P4 O34,K4Nb8Si(P2O17)2,K-Nb-O-P-Si,51,758.4323,3.4935,2.139465,a7e4d8142fd0b3757928d49c056259c57a1da04ee8674f6badaa45d01f676531
233,mb-dielectric-0234,Li4 Nb4 N8,LiNbN2,Li-N-Nb,16,194.7971,4.3598,3.077346,1ac707590b75eec3f78be2b2c4b3a3848e05cf6d1a6a9e174329f9c36b691844
234,mb-dielectric-0235,Li6 Sb2 S8,Li3SbS4,Li-S-Sb,16,344.2208,2.6131,2.40933,37bb7ddbe5cb908efca0c20bf36a33be210e199a71ef86396e424353d226d6eb
235,mb-dielectric-0236,Li8 Ti12 Zn4 O32,Li2Ti3ZnO8,Li-O-Ti-Zn,56,602.6923,3.8671,2.236183,c2f0453d70475a9a0107d201bbe115b7787d5248d3f5e23d2b8142a57f9406d7
236,mb-dielectric-0237,Na4 Nb4 O12,NaNbO3,Na-Nb-O,20,251.2172,4.3334,2.327406,be33ffe7fc12e2661029caf8763b71aa66b9a08d44dbd9a152cb1649f55c4465
237,mb-dielectric-0238,Al12 N4 O12,Al3NO3,Al-N-O,28,260.8419,3.6401,1.904509,af4fc1b14544341cac04222c72c271836c43da07dd54a13579b32b2d23fde244
238,mb-dielectric-0239,Si12 O24,SiO2,O-Si,36,456.795,2.621,1.586303,f2e1359ff07a12bdf289df100ba94cf13c2886079406d4a16deaf7e7502b7279
239,mb-dielectric-0240,Zn8 S8,ZnS,S-Zn,16,323.923,3.9975,2.424527,3e1223df885cdc043753bcb7acc18b5b9ffcd58b9b39ddc0efd5a716fc9439b9
241,mb-dielectric-0242,Ca1 Pb1 I4,CaPbI4,Ca-I-Pb,6,271.7287,4.6132,2.086042,43192bd17dad69a975dbaf4d3e7db1e980eeee9f1b14fd27bbe7fcaa58af880c
242,mb-dielectric-0243,Li2 Sb2 W2 O12,LiSbWO6,Li-O-Sb-W,18,276.9053,4.8998,2.020769,d4d58b54afc8947a2207410c9517640b3c251b934fe7075ed22255e8ae7ee387
243,mb-dielectric-0244,Mg2 Ga4 O8,Mg(GaO2)2,Ga-Mg-O,14,147.0623,5.1432,1.977507,4882347a42f20c5c8e1e13314548065caa7e3af3a3876aba78faccc57ef9525d
244,mb-dielectric-0245,Li4 V2 P4 O16,Li2V(PO4)2,Li-O-P-V,26,289.7104,2.9205,1.947253,8dca2b6fb42d9dc67c6f4ab1c18dfee162060768ee2a7719fdd766921880d6d5
245,mb-dielectric-0246,Na2 H18 O10,NaH9O5,H-Na-O,30,267.0313,1.3937,1.445336,da51d1812a2663484f8ecf557961f49d70071fd60c11213c2ab439fb66ed7f3b
246,mb-dielectric-0247,Al2 Hg1 Se4,Al2HgSe4,Al-Hg-Se,7,188.8854,5.0145,2.670569,6a89d3a2c1fe2dabc27d8b7510587d6bbca871857bd63652cada2640dff8c4da
247,mb-dielectric-0248,Rb2 H2 F4,RbHF2,F-H-Rb,8,130.9601,3.1566,1.387507,99e22982b0d3fb6c16593a706e5d4aeafe9a16c1715c23010cc10b98d2f0878d
248,mb-dielectric-0249,Ba4 Na4 P12 O36,BaNa(PO3)3,Ba-Na-O-P,56,831.0818,3.1748,1.582354,f92246268c63332ec7a845d478e1a239d6484d67bcfe9654b8c81456f98fc52a
249,mb-dielectric-0250,Na2 Pd3 O4,Na2Pd3O4,Na-O-Pd,9,115.1727,6.1887,3.127935,a75100736c275709e7fcdc770270fa21cefc0616b4534b3719ec83df35a7f50e
251,mb-dielectric-0252,Tl8 Si2 S8,Tl4SiS4,S-Si-Tl,18,543.4178,5.9518,2.580605,b08a8d30010db1faaca64f8b48d7427ffa646d1125f335c866c2dd6fadcbd15a
252,mb-dielectric-0253,Rb1 La1 Se2,RbLaSe2,La-Rb-Se,4,139.0178,4.5664,2.26207,666d5b7875f51f5799f04dd1632433afb700bbcb7106445b43019f9843aa473f
253,mb-dielectric-0254,Li2 Al2 Si4 H4 O14,LiAlSi2H2O7,Al-H-Li-O-Si,26,308.1026,2.2001,1.551199,fa037b078736494d728f20e1ba6ad953a33bb0fe10c1648868948999093b0e31
254,mb-dielectric-0255,Zn5 S5,ZnS,S-Zn,10,202.53,3.9959,2.428923,5ba356406216448ba14aa66b9d1705133a0961e9cdb195dab039a36cd24cc621
255,mb-dielectric-0256,Sr3 P6 Ir6,Sr(PIr)2,Ir-P-Sr,15,284.926,9.3364,6.252679,ed173cc1e8ad4f6311f700abb0b4ddbb8e73cc271c4f3c54b0fe88853b14d2c9
256,mb-dielectric-0257,In2 Ag2 Te4,InAgTe2,Ag-In-Te,8,280.93,5.6494,3.560273,b2e4ea0d381d231e0f1b41980d6863989c416a068576191ee3442993de4179aa
257,mb-dielectric-0258,K4 Hg6 Ge4 S16,K2Hg3(GeS4)2,Ge-Hg-K-S,30,838.2787,4.2857,2.265629,91843b4e3650e1554b5253d6a6d94ae2e26367fb69f4a2af10b70b26875527a9
258,mb-dielectric-0259,Ba2 Zn4 Si4 O14,BaZn2Si2O7,Ba-O-Si-Zn,24,350.4558,4.1347,1.738897,a1e825c63d6c971d2d95ee5e0e18f2ffa65e0219c611742f22994aaccaa3156b
259,mb-dielectric-0260,Cd3 As1 I3,Cd3AsI3,As-Cd-I,7,276.0572,4.7693,2.369585,b97c9801ec7f183090ccf3875143b90191756cf64c0d8704db1ce4a1bae62bfa
260,mb-dielectric-0261,Li7 V1 O5 F1,Li7VO5F,F-Li-O-V,14,130.4858,2.5264,1.860806,fb188bb82c41eaf716a07a001a56ec23fe191632e20f6dd1ed1031f9a236a0f1
263,mb-dielectric-0264,Sr2 Si12 N16,Sr(Si3N4)2,N-Si-Sr,30,359.4051,3.4022,2.147401,ec967c50cc7e8ccdb2a5a790681cd4f2c6dde84941e0db4bfff9b666d6413ace
264,mb-dielectric-0265,Rb1 Hg1 F3,RbHgF3,F-Hg-Rb,5,98.9547,5.7567,1.738762,c85b57a39649ce971e7e23d5d360cec86d00d5bd5259b1262ae8c0698a115f41
265,mb-dielectric-0266,Li8 P8,LiP,Li-P,16,251.2837,2.0044,3.288211,7d0cfc8cc241cb2217bafec42ced4ce682f0ed44b1a7ac17ef3554824422139f
266,mb-dielectric-0267,Be4 P4 H12 O20,BePH3O5,Be-H-O-P,40,402.6116,2.0293,1.528831,bad2fb584ba32a151b617791e2f7aab300d4218c6d3221b9443b5dc5d8e79bb1
267,mb-dielectric-0268,Cr3 O8,Cr3O8,Cr-O,11,167.1944,2.8205,2.485579,9975cfc000280c15b32d2dee0565d0b1a0e6dbaa0a52ab83333e537deb23731b
268,mb-dielectric-0269,Na8 Al6 Si6 S1 O28,Na8Al6Si6SO28,Al-Na-O-S-Si,49,768.5578,2.1484,1.471537,d305e09fbcb418edc10562187bb61a7af3485b14f10270c3876855bd2a830d15
269,mb-dielectric-0270,K1 Cl1 O4,KClO4,Cl-K-O,6,111.0059,2.0726,1.429123,108a9008e500e4ed83105d17fba1816197eab0cc8a5f1ebcadd06e66805f95c8
270,mb-dielectric-0271,Ge6 As6,GeAs,As-Ge,12,305.484,4.8127,3.745353,e420a50a0cb05bdf0cb871482b99126de1f2c7b40f44f4a0a47380bd079d4762
271,mb-dielectric-0272,Na3 Li1 Mn5 O9,Na3LiMn5O9,Li-Mn-Na-O,18,197.9704,4.1486,2.676233,676f35e349596aa612ca0669ea3f3d47bd1ece9b63b7cdddd2209bbeabd779a7
272,mb-dielectric-0273,Na2 Y2 P4 O14,NaYP2O7,Na-O-P-Y,22,321.4103,2.9535,1.614448,0fc546cab5c1eaea6b2364ff97d882526e6a17c46855ed53e6f17d554cfa91c7
274,mb-dielectric-0275,Sr1 Li1 P1,SrLiP,Li-P-Sr,3,68.0403,3.0637,2.891757,ccfbab18c888f1ce8cffc49e9cabbaeb1e6b7bcd015efca817b4166715a1cec1
275,mb-dielectric-0276,Ba4 Cu2 Ge4 O14,Ba2CuGe2O7,Ba-Cu-Ge-O,24,408.1207,4.8457,2.187122,3c05ec6188210977821f397f57d86aaf2d37a6ebfde5d6806fc738ed2d4d5a06
276,mb-dielectric-0277,Ca2 Ge2 N4,CaGeN2,Ca-Ge-N,8,108.4273,4.3105,2.369648,eeee9f08fd7643414da533620d060ee05ec8f549edd358da9b281557e4a17eed
277,mb-dielectric-0278,P6 Br6 N6 F6,PBrNF,Br-F-N-P,24,566.7986,2.5292,1.558594,e22bb3af05e5ff05b35dd4e398498828a93b45309f9ed6269dd2d76190779a5d
278,mb-dielectric-0279,K6 Sb2,K3Sb,K-Sb,8,353.7151,2.2445,2.844878,5462584742af01b373562daee9b2574d362a9aec5234bc3aba72e1ab2a83bb4f
279,mb-dielectric-0280,Te1 H6 O6,Te(HO)6,H-O-Te,13,131.2475,2.9054,1.620732,0fec3806595371a66e02485769bd7dbdbab811fe5ae1c0a17f1a92b42fad798c
280,mb-dielectric-0281,Er4 Cu4 S8,ErCuS2,Cu-Er-S,16,329.7741,5.9404,2.758498,24faa720a5b2aaefe464720f77be51475e82ed335ea15fce7894d310f1138b14
281,mb-dielectric-0282,Mg4 As16,MgAs4,As-Mg,20,482.4204,4.4608,3.724066,1cfc4529737f0fa13683fb2b606e5af51731443333b727e99760ba674a66dd17
282,mb-dielectric-0283,Zn2 Fe2 H8 O4 F10,ZnFeH4O2F5,F-Fe-H-O-Zn,26,273.0427,3.0685,1.560307,b9e7897579f3f4024bc7ec50f34342fa6bcae95c3c166503194a1ce934460fd1
283,mb-dielectric-0284,Li5 Mn3 O5 F3,Li5Mn3O5F3,F-Li-Mn-O,16,156.1196,3.5792,1.975819,f8cb0e6e49041e048fd46be3cb5a5feb0f3eaf8f980b5e70b18047d401273aea
284,mb-dielectric-0285,Dy2 B2 O6,DyBO3,B-Dy-O,10,120.5371,6.0976,1.85096,a7146badd620867e6c6c96a5cb2a9fb9bd8fbffe1bf9ba70dc212f218799a13a
285,mb-dielectric-0286,Rb1 Fe1 Se2 O8,RbFe(SeO4)2,Fe-O-Rb-Se,12,213.1324,3.3286,1.781127,d1ddf1010ca96278aa98e705abc12014f59af7e9904526dcecc3b33a1a11f209
286,mb-dielectric-0287,Li4 Co2 Si6 O16,Li2CoSi3O8,Co-Li-O-Si,28,341.6613,2.771,1.673888,468b37976e9562f2559162a8ff13823c73bf1e623ac84b028c3adc762e3d1f66
288,mb-dielectric-0289,Li1 Fe2 C3 O9,LiFe2(CO3)3,C-Fe-Li-O,15,168.937,2.9356,1.826769,7f6921d9d25d4fcbe4e870671087cf4e2455865b767c1afa3e2d03080f58995f
289,mb-dielectric-0290,Ba2 Ca1 I6,Ba2CaI6,Ba-Ca-I,9,451.2491,3.9601,1.876698,31895c4c85a77e5acdc105cbc6c9cccafe3f8f36334d872c35cb3251b6e11f74
290,mb-dielectric-0291,Au4 I4,AuI,Au-I,8,318.3276,6.7578,2.161173,27351dc672641afeda8c0b96f9ecf8e7451c6445ef4f809d96ed0f9ec9ff3ed9
291,mb-dielectric-0292,Ta4 Sn2 O12,Ta2SnO6,O-Sn-Ta,18,241.1719,7.9401,2.460596,b76849b464a22e5d694e8c29f838db960b99315b2cf53bb248f37f1ed0b390d6
292,mb-dielectric-0293,Ag4 P8,AgP2,Ag-P,12,232.0754,4.8602,3.774034,401eaede3e5cfba2bea6140cd56bc32e3f72ee9c17ac06753dcdf947e6c957da
293,mb-dielectric-0294,V2 O2 F6,VOF3,F-O-V,10,145.4705,2.8294,1.710025,cf896d088416c82b907cf9b8214feece9dd8efe1453431253e659e352e71992b
295,mb-dielectric-0296,Ba4 Zn8 As8,Ba(ZnAs)2,As-Ba-Zn,20,480.1397,5.7824,4.192255,e5f1739a73a60023656b3e3aaaa76a3dc967de6c860a37fbcb8a35f2a05370c7
296,mb-dielectric-0297,Mg6 Be2 Al16 O32,Mg3BeAl8O16,Al-Be-Mg-O,56,528.1569,3.4821,1.759491,ef379a8babf3332797a8f2b65a3695b00ecde9d2a4d0e2efb1bc34004106bff2
297,mb-dielectric-0298,Nb1 Bi1 O4,NbBiO4,Bi-Nb-O,6,98.2218,6.1856,2.331678,8a96fea9eb7ec9b3bec0a62a82772714347e7cfacf6900e1c9734fbaf74e90d2
298,mb-dielectric-0299,In4 Ag4 S8,InAgS2,Ag-In-S,16,406.6673,4.6846,2.68155,e32c548598538c89b0c49241cb3803cede22faa58995ce266357cc93d913e139
299,mb-dielectric-0300,Al2 Te5,Al2Te5,Al-Te,7,257.8086,4.4569,3.001,318d17507f12ff982cbf0db82e65f1d0d9b3a2ef8910dc8962d9ecdefd8f75ba
300,mb-dielectric-0301,Hg4 Te2 O6,Hg2TeO3,Hg-O-Te,12,269.9251,7.0965,2.177788,2c61f2ee8a013d24dd84f67662be14c9ffc7ccdd8a9815bc34ec329f76acdcc8
301,mb-dielectric-0302,Ag16 P8 Se24,Ag2PSe3,Ag-P-Se,48,1146.0303,5.6056,3.104686,2e80abe1cdd18cd738eec8ed68c45cb3ab1c48cbb6c739500c7320132d7b56db
302,mb-dielectric-0303,Sr2 H8 O6,SrH4O3,H-O-Sr,16,168.8836,2.7462,1.607422,f592071f4b107a38fee0fc943c6c626911b84a1b938dfa9aa0c3b32cb94279fc
303,mb-dielectric-0304,Ba3 Cl6,BaCl2,Ba-Cl,9,273.4903,3.793,1.788508,a23bd0aeebf7f10001a7e263656be741991415d6e054995dc778af36a9a38ed1
304,mb-dielectric-0305,Li12 V4 B4 O20,Li3VBO5,B-Li-O-V,40,378.9992,2.8492,1.875851,cb12e3dc10c0db6c27bdee483205a18d4e9ecf767f156cce73916b1674e03092
306,mb-dielectric-0307,Ba4 La4 Ga4 O16,BaLaGaO4,Ba-Ga-La-O,28,440.8744,6.1763,2.085543,1437a198f9d3734c1539a6f3c033707a4039a9cbdf9102a385fc9b05adcd8a14
308,mb-dielectric-0309,Na4 Mg2 Al2 F14,Na2MgAlF7,Al-F-Mg-Na,22,269.5469,2.837,1.377195,9ff89b66079d8b7da80b04ada203af031290d06b8ff328326b801335b41a3a73
309,mb-dielectric-0310,Cs2 Li6 Br8,CsLi3Br4,Br-Cs-Li,16,492.144,3.1942,1.666488,e02cf30e293376e7511056f479530e97aa4a519a45e596d16db81e7ec5f9dc02
310,mb-dielectric-0311,Cs4 Sn2 As4,Cs2SnAs2,As-Cs-Sn,10,418.3288,4.2423,2.549667,e16c966cf15bd1aad7efffa5bbd26501584369e53bd21ea2b444c1cfb2d39239
311,mb-dielectric-0312,Rb4 Sn2 As4,Rb2SnAs2,As-Rb-Sn,10,381.5955,3.8249,2.594908,44971a7dd9c2b58414501026ecd9f710ef9d891d1a09157f99f48810b4c00560
312,mb-dielectric-0313,Ga2 Se2 Br14,GaSeBr7,Br-Ga-Se,18,704.8891,3.3358,1.964022,016b561ac150431c1112fd6514f27135c5712e8c44e4d35df4081fb606ebf82a
313,mb-dielectric-0314,Sr3 Ca1 I8,Sr3CaI8,Ca-I-Sr,12,511.4742,4.2795,1.99001,f688630fd2e7db9cb93f908a126fd0c35db3417ca1d317fb28983bd1c73a5110
314,mb-dielectric-0315,Ca10 Al4 Sb12,Ca5(AlSb3)2,Al-Ca-Sb,26,771.9951,4.237,3.90922,1013854184f0c9ed842a3d17293f2d19374a89bb1a0cecdd7836ad28526d519f
315,mb-dielectric-0316,Ca8 Nb4 N12,Ca2NbN3,Ca-N-Nb,24,382.8244,3.7318,2.581362,e0b3e048865392ed380cbbfc29771783b5d855a49a1515ca1eb9ba0d2b1dadd0
316,mb-dielectric-0317,K2 Mg2 Sb2,KMgSb,K-Mg-Sb,6,196.1684,3.1348,2.796354,b2bc239eb3fdbe8729136440cb96d877a38fd897644c6112cc223f7e25974766
318,mb-dielectric-0319,K30 W14 N38,K15W7N19,K-N-W,82,1688.2351,4.2088,2.161935,f76e300d845597141a6672796328fe6c1e702a1e342f31dbe1a2a19c1fc2bbea
319,mb-dielectric-0320,Li3 Co2 Ge2 O8,Li3Co2(GeO4)2,Co-Ge-Li-O,15,186.957,3.659,4.699785,39f0eb2ac92efc6460b3ffc3fb26293a41bf57f067e8f57f1fe88f1b5d8702e9
320,mb-dielectric-0321,Rb4 Mn2 Te4,Rb2MnTe2,Mn-Rb-Te,10,410.6888,3.8903,2.170756,fb902b0cd9ef5ea42b5d7c2149415ec3f754a7f2386f2d359c5d4651d5122fa1
322,mb-dielectric-0323,Er8 W4 O24,Er2WO6,Er-O-W,36,473.5401,8.6173,2.118221,9cfd3d8c5896600f8643011b41e56a57cc396d361bb299352be69a7f930daf83
327,mb-dielectric-0328,Sr4 P12,SrP3,P-Sr,16,359.8381,3.3326,3.371943,712b710bda84a0b96adb65e1d14f57dd4b21ba724318a55baa138e01c72f1961
328,mb-dielectric-0329,As8 Se12,As2Se3,As-Se,20,599.5945,4.284,2.842358,929df708de7b52081a4d0391da29fab0bd2d742a9df8305255db40a689cfacb5
330,mb-dielectric-0331,P4 H12 N4 F20,PH3NF5,F-H-N-P,40,396.1635,2.3975,1.410083,c8e8a116e1e8b5b2f1ad24883ae8a5f311595bd2f039dd78c24b4a9fe0323426
331,mb-dielectric-0332,Zn8 As16,ZnAs2,As-Zn,24,583.5476,4.9002,3.669378,26e7d9d98da308c1adaf0cf15367619e0ea0b2d2c2d38386b5a30a9e48f5a623
333,mb-dielectric-0334,Li1 Mn1 P3 O9,LiMn(PO3)3,Li-Mn-O-P,14,206.1021,2.4074,1.547203,ef3c9b74a9e7c28f21d0959ddb84f3f7f1ebd4eed19d6b48a8384aec16a57a32
335,mb-dielectric-0336,Na4 Zn4 Si4 O14,Na2Zn2Si2O7,Na-O-Si-Zn,26,334.9694,3.4202,1.684916,d287d785782fe76f04dc5eecaa890d1315d39a1087626e88f4126938e7c7dd7c
336,mb-dielectric-0337,Li9 Er3 Cl18,Li3ErCl6,Cl-Er-Li,30,650.7305,3.0683,1.742565,05df1112de1608947049fc3a859d097f79c05ea44e5fcd666c5064b3e380d557
337,mb-dielectric-0338,Rb8 Se20,Rb2Se5,Rb-Se,28,972.6362,3.8634,2.395379,4e72dc820cc1612534ccdf5231ad6bd8230df11a6c1e349231684dd1dede2563
338,mb-dielectric-0339,K2 Mg2 P6 O18,KMg(PO3)3,K-Mg-O-P,28,388.1861,2.5693,1.550778,2d1bf041e33311807902efee1ca3b479845a6c0f3b3317caa2af0cd8ce16c407
339,mb-dielectric-0340,Ta2 Ga2 O8,TaGaO4,Ga-O-Ta,12,132.1846,7.9059,2.272027,0b0a75fe6162b7ada313f74143d045e18365d79165bef245b20efbca43b78fc7
341,mb-dielectric-0342,Tm2 B2 O6,TmBO3,B-O-Tm,10,116.3241,6.5021,1.840211,1f77257d2a41471ac742d8a740de544fce3cfdf6073f56cba8d9e81a26ed8593
342,mb-dielectric-0343,Ba6 Cu6 N6,BaCuN,Ba-Cu-N,18,381.5889,5.6105,3.584954,97ca4ecdc45018e7e6eaee13cdefd2b4c4124c4847ae05a44e2146b0a8dcdf3e
343,mb-dielectric-0344,Sr4 Ta4 N4 O8,SrTaNO2,N-O-Sr-Ta,20,269.1621,7.7628,2.806005,817ce371b31943aaa2e7e955a42454e8ce00ad6c89428c982349d7d4b09a489a
345,mb-dielectric-0346,Ca2 Cl4 O12,Ca(ClO3)2,Ca-Cl-O,18,256.9165,2.6756,1.666027,046634f19fb4d93991ceb7e28da15c2e4cbad2ecae094f3b704a0975f539e6d2
346,mb-dielectric-0347,K2 Sr1 P4 O12,K2Sr(PO3)4,K-O-P-Sr,19,294.7817,2.7135,1.548982,a8282fe15e3e24ae67d439d07cb9f9afa27c193cd7a40b831188d0c15e72ae13
348,mb-dielectric-0349,Ca4 Al4 Si2 O14,Ca2Al2SiO7,Al-Ca-O-Si,24,305.8775,2.9771,1.734135,6f2db2a9fa8c3ed3df5500fcaec79895f0d2f0a80bc85ec9b540ea759a7daeea
349,mb-dielectric-0350,Ca2 N12,CaN6,Ca-N,14,192.2766,2.1438,1.753948,52ba214a850fefec02fdd9a94b9df5b06c67b7a33fb1ad478b61c78510dfd1b7
351,mb-dielectric-0352,Ag4 S2,Ag2S,Ag-S,6,129.0918,6.3751,2.944858,eeb2687a779cbbf89a81308af51d4ba7ec2738869314f525d84e415e4529f6f4
353,mb-dielectric-0354,Sm1 Sn1 Au1,SmSnAu,Au-Sm-Sn,3,79.9151,9.6837,4.992551,ac53a92d57c3e9ff9f35453cc30e02afcb51dc7964f94048114460b9374a45f5
354,mb-dielectric-0355,K4 Be1 P2,K4BeP2,Be-K-P,7,228.8593,1.6496,2.085799,4e05322db45b7394e6507b06636f736d9ed26a37d2bc40a9de6485858ad3b5aa
355,mb-dielectric-0356,Li4 P20,LiP5,Li-P,24,470.8187,2.2828,3.726643,1579404f002953088cb631eb4a9fa52b306f444952e998cc9dcfe22b82892834
356,mb-dielectric-0357,Sr4 In4 O10,Sr2In2O5,In-O-Sr,18,291.0266,5.5332,2.069079,f8cbc8835f1e7f461f62885ebd6f605779e7f93fed61920fc6c976f35e60be9e
357,mb-dielectric-0358,Li2 P2 N4,LiPN2,Li-N-P,8,76.1721,2.8744,2.058564,d42a519b45058321f0ad0559abb20ff001c04184588095433437917d48d2f7d5
359,mb-dielectric-0360,K2 Te2 Pt1,K2Te2Pt,K-Pt-Te,5,168.5791,5.2056,2.662319,e0fe915fa64d0b301fc279fe0c23987e4fdc9fc9173a2197bac690d7fa5f2155
360,mb-dielectric-0361,Rb2 Pt1 Se2,Rb2PtSe2,Pt-Rb-Se,5,153.0432,5.6848,2.424233,6d9b0137d0244738b9db96ad15ec490d9fb06658daab383d2a9e4819fa8e9940
361,mb-dielectric-0362,K2 Pt1 Se2,K2PtSe2,K-Pt-Se,5,140.5756,5.0935,2.459783,552b4196d8ed31df51faa763623160ddb3e943721ab8409a33e77999c9f00fe9
364,mb-dielectric-0365,Y4 B16 Mo4,YB4Mo,B-Mo-Y,24,255.6742,5.9255,5.932678,c75669554dc9dfe475807e8fbfcf67e23d458e52a22b2b3dbf8c895e21772137
365,mb-dielectric-0366,Li2 I2 O6,LiIO3,I-Li-O,10,140.4202,4.3008,1.89745,e36a481eda8b435ddae562fd2452bf478bd1cc75304bff7028b01f544966a97d
366,mb-dielectric-0367,Be8 Si4 H4 O18,Be4Si2H2O9,Be-H-O-Si,34,311.683,2.5384,1.634634,8c3c86a9e031e3b38c8cf344a6797f72c8b856f8207513e194a145b38675e1c0
367,mb-dielectric-0368,Nb4 O4 F12,NbOF3,F-Nb-O,20,296.7328,3.7136,1.776573,bf00e8fdc02d80f6639bb12be249c7155aece19e9b03942bc5dc3ddd91c4a54a
368,mb-dielectric-0369,Co4 O8,CoO2,Co-O,12,129.6434,4.6588,3.742334,c2ddc088ada0b2bd1b01c65800edd9c3ab2d9674a9b261a20b2ecca720bdfb44
369,mb-dielectric-0370,Ca8 Pt2 O12,Ca4PtO6,Ca-O-Pt,22,290.9293,5.1528,2.171866,7fa05c2a5072086804bdcfd0c401b5b7f190c02e12efcd10fc511b84c3f3c664
370,mb-dielectric-0371,Li3 Fe3 Si3 O12,LiFeSiO4,Fe-Li-O-Si,21,309.7308,2.4909,1.71629,8cfd0078f818b0ba9743946b8635e8c7979dc41ca126f64204b5177e18ccd173
371,mb-dielectric-0372,K2 Al2 Te4,KAlTe2,Al-K-Te,8,268.8672,3.9685,2.470693,a4d987cfdab207f403352e7ef668a36115d892e8644265970cad28516ed65302
372,mb-dielectric-0373,Sn2 S4,SnS2,S-Sn,6,158.0893,3.841,2.474672,e18dbdaaafc9f025d6a0c6012fb7f2773a5de8733e5dbe3465d6ed9374670df0
373,mb-dielectric-0374,Li8 Mn6 P6 O24 F2,Li4Mn3P3O12F,F-Li-Mn-O-P,46,615.1767,2.6803,1.587746,a713b5c18db1b6f5ca0caf32f87d78a934ff918ed7d2571a4c26284a0e3b6e7c
374,mb-dielectric-0375,Ti1 Fe1 Te1,TiFeTe,Fe-Te-Ti,3,50.9128,7.5443,4.621602,fb66cdae9e841f01aa75a9e56fc544c1e87c5a689f849cea3b6622f753e66e32
375,mb-dielectric-0376,S4 O8 F8,S(OF)2,F-O-S,20,351.8565,1.9266,1.341517,b503cfb510edcc6c1595765a2fa8d58d660de79bcd63e84a66922746d42501a2
377,mb-dielectric-0378,B6 H18 O18,B(HO)3,B-H-O,42,409.9089,1.5029,1.449201,1e7ac44e03a3d8855b69d60e3045c93c160a279becc1722753303102eafb66e9
378,mb-dielectric-0379,Ba4 Ti2 O2 F12,Ba2TiOF6,Ba-F-O-Ti,20,322.6618,4.6576,1.677955,b08c490ef448bf4945285f45d840f9264a43bd7e778caa926ca4b5f5d0fd712a
379,mb-dielectric-0380,Ga1 Mo4 Se8,Ga(MoSe2)4,Ga-Mo-Se,13,273.277,6.5939,4.019362,3d0ad06f493aba01fe4aa507503a94433d578b1a53d0e66868c246e5d72641a5
380,mb-dielectric-0381,Na2 Li2 Zn2 P4 O14,NaLiZnP2O7,Li-Na-O-P-Zn,24,307.0316,2.9128,1.588434,6d03c3198a5151afacccf3d691599523e2a3b4b34e26aefae76fc8581128d53b
381,mb-dielectric-0382,Sr8 Sn4,Sr2Sn,Sn-Sr,12,463.5283,4.2122,4.374433,3f2bc6b48ec56ab73345ee70a767aa66fa520839e30b3a59798d9c5d2b48b011
382,mb-dielectric-0383,Cs5 Te3 H4 N1 Cl18,Cs5Te3H4NCl18,Cl-Cs-H-N-Te,31,902.8988,3.133,1.785364,07d6de43bb5b34d90a81f3d8291d6c1f2da77c5545a1e11cc38ff5f2c7af9f6f
383,mb-dielectric-0384,Cs24 Re16 N40,Cs3Re2N5,Cs-N-Re,80,1954.786,5.7164,4.729839,ff84fa531d7a40adf425aa448d541dc90538eb712e39f4139ca872b6b947ae0a
385,mb-dielectric-0386,K3 Nb3 B2 O12,K3Nb3(BO6)2,B-K-Nb-O,20,274.7069,3.6851,2.226257,3e12283069ddf0352731a4d7a0a69bc7e563fdf7f4737ffd97294191ab71cbe9
386,mb-dielectric-0387,Se3,Se,Se,3,89.329,4.4034,3.113321,00b536c0758deeddcbb4eade986aea0bbb3a6c0556a9e0cfec67e6a460657495
388,mb-dielectric-0389,Rb4 Ge4 Br12,RbGeBr3,Br-Ge-Rb,20,742.7854,3.5574,1.994473,adcf9ca1f6db1ed399dfa3c54e7b918971a6202784696014597e17c2dc038fc1
389,mb-dielectric-0390,Sr2 Zn1 N2,Sr2ZnN2,N-Sr-Zn,5,97.2507,4.5874,2.532809,d96e72e908502b915a4833a80907b90411e7b618ab0e7af57976d0be997636a7
390,mb-dielectric-0391,Ba8 Cl12 O2,Ba4Cl6O,Ba-Cl-O,22,683.8676,3.7783,1.750241,626895ea28e4c5b4dec07a60a889f12d661f49eb6db06b56ad70c8946041578f
391,mb-dielectric-0392,Cs2 Zr1 Cl6,Cs2ZrCl6,Cl-Cs-Zr,9,314.8915,3.0045,1.654282,fde625ee28244095c7132c87672be5956e7f9e304013f5dd71ae7ba4c35ea8ce
392,mb-dielectric-0393,K3 Nb1 O8,K3NbO8,K-Nb-O,12,192.9612,2.9104,1.646516,1dbfcd361c58cb05a391d946f509da2d14c9e8c57c4387c0be1cd6d635ce5f3f
394,mb-dielectric-0395,Mn8 Be6 Si6 Se2 O24,Mn4Be3Si3SeO12,Be-Mn-O-Se-Si,46,602.262,3.3196,1.796831,234279e5cbef085deb219930176019b61ac3ef02c528fc64e484f82d5255512f
395,mb-dielectric-0396,Li2 Be2 P2,LiBeP,Be-Li-P,6,78.1298,1.9947,2.876571,b3182839fa0a001156d793c5a499264bcd69f11d9ea5d6f5b569f87044559ec0
397,mb-dielectric-0398,K3 V1 O4,K3VO4,K-O-V,8,168.4111,2.2898,1.598088,db7fa8f5e05c95c2ab92d4252df970990a91947862727b08e8418550a2bc8f5e
402,mb-dielectric-0403,Ir2 F6,IrF3,F-Ir,8,103.1246,8.0258,2.663081,a1b3723f737abbc5b1a3882c3ffc202307fae42e2e88f73d5a6c1b11f2d8ad3c
403,mb-dielectric-0404,Ca3 As1 Cl3,Ca3AsCl3,As-Ca-Cl,7,193.5949,2.5862,2.112201,80415421a5bc36a609e232c1a7bdecf505db8bd00c340f53126b0103fab332fd
404,mb-dielectric-0405,Mn12 Ni4 O32,Mn3NiO8,Mn-Ni-O,48,539.7448,4.3256,2.919794,61aa73da0953d96eabcbfe049444eb35ec0bbf589dc1550eb9afa7f45bbdace2
405,mb-dielectric-0406,Y6 Cu2 Sn2 S14,Y3CuSnS7,Cu-S-Sn-Y,24,519.1133,4.3083,2.814123,3c338412e414ed8d26357b12f5d331be217f9c6db50f49cc782b86a0f6c1792a
406,mb-dielectric-0407,Li4 C2 O6,Li2CO3,C-Li-O,12,122.8983,1.9968,1.53948,4fcd598573241ad0d1ab7861b00c38784ec70cda1be83fa8f4e9156145cfe248
407,mb-dielectric-0408,K4 Na2 Nb2 O4 F8,K2NaNb(OF2)2,F-K-Na-Nb-O,20,319.4494,3.1406,1.596421,265c86552c0799811ee2ae1c61080bc97269b4065c50d90547fff02803d92835
408,mb-dielectric-0409,N8,N2,N,8,202.5166,0.9188,1.236772,03d0a537805e39ba685b984fa39796cfdc7b2cf6cb444c818be9123e24801fa4
409,mb-dielectric-0410,Li2 V3 O6,Li2V3O6,Li-O-V,11,114.4515,3.8115,2.341882,388ad0cf32b976ff3643f310d833f19513ee86d1927b15b69b2e85317a0a8bc1
411,mb-dielectric-0412,Rb2 S2 O4 F2,RbSO2F,F-O-Rb-S,10,207.5884,2.6962,1.476144,97ae2a9cbcfde15959a1f83a41b4c9fe073a97dde6d650cad3510dc780a147aa
412,mb-dielectric-0413,Cr2 Si2 Te6,CrSiTe3,Cr-Si-Te,10,307.7725,4.9948,3.445335,932a7c88bb3e08211773659d422cf0807645ee6867b189c28ffc6dc3d6624137
414,mb-dielectric-0415,Li2 Nb1 O1 F5,Li2NbOF5,F-Li-Nb-O,9,102.149,3.5402,1.619331,37ef5965e061df6a30fa637b27adf8a2e74aab9aa4d3a2cc24df88c3e1c8e003
416,mb-dielectric-0417,Cd2 S2 O8,CdSO4,Cd-O-S,12,156.1887,4.4328,1.752056,4b7ee155bb81f09ba762a2900f79b145b406146882c2cd65103f0d211b9b5c75
417,mb-dielectric-0418,Na2 Nb2 Cu4 S8,NaNb(CuS2)2,Cu-Na-Nb-S,16,397.4135,3.1024,2.242731,a02c0af6fd15d9da76d86d028ce04a85e80e45862b7c7ea9e5464aa9bcc68907
418,mb-dielectric-0419,Cs2 Na2 Se2,CsNaSe,Cs-Na-Se,6,208.9076,3.7336,2.023342,b1e62f4353c054bc8945007250200a77a195395a5ecb7c88b2b4cf847d301d3b
419,mb-dielectric-0420,H3 Br1 O1,H3BrO,Br-H-O,5,70.3969,2.3335,1.623812,1a5451ad12f1d6a22aa475499f22f0aad470dea1d46a3a016010df295a049f5c
420,mb-dielectric-0421,Cd8 B16 O32,Cd(BO2)2,B-Cd-O,56,507.0553,5.1882,1.912152,2c43a38dbb11b5dd3bbd8e71b121277804d2d2b963870d1dc8e14707c756e292
421,mb-dielectric-0422,Hg2 F2,HgF,F-Hg,4,81.2994,8.9702,2.109344,022339e27d2ec6b9c74745a240a22700b4caf8274fd098d5f999ece9f23e2b2f
422,mb-dielectric-0423,Li4 Ni2 O4,Li2NiO2,Li-Ni-O,10,86.1798,4.0299,1.944041,696479d274154f54fde0af31630b6e6f3903279ca302c629b76daa3e637f6a53
423,mb-dielectric-0424,Lu8 Si8 O28,Lu2Si2O7,Lu-O-Si,44,520.4361,6.6124,1.84168,a551e31bfdecb5a6d5f389e904a27cab1439f645bcd4713c34de2c4c719e9898
424,mb-dielectric-0425,Li4 Mn1 Nb2 W1 O12,Li4MnNb2WO12,Li-Mn-Nb-O-W,20,212.0934,5.0448,2.629346,121d4d1864409d8b66858b095d3a25044a1ee3e8c78eb409d71598c851027bc1
425,mb-dielectric-0426,Na8 Be1 Al4 Si7 Cl2 O24,Na8BeAl4Si7(ClO12)2,Al-Be-Cl-Na-O-Si,46,729.6642,2.1673,1.513152,091faf8f826371003f427c6bbf97b52c55be9cbcf08a2b0364c7fa659c09fc6d
426,mb-dielectric-0427,Cd2 Cu4 Ge2 S8,CdCu2GeS4,Cd-Cu-Ge-S,16,325.2259,4.4972,2.998677,192e6713006c601b93ac7a8e5236bd3e47f808a3a2237dee25a88552c5844438
427,mb-dielectric-0428,Te7 As5 I1,Te7As5I,As-I-Te,13,411.8177,5.6238,4.764239,132ce7abe7a2ca26b26d5e4f4de75f8d1dfd7d6af835c3c28bfa23c36f857d04
431,mb-dielectric-0432,Sr4 H8 C8 O16,SrH2(CO2)2,C-H-O-Sr,36,457.4561,2.5795,1.56774,6fcd620d6b8b4c72326682777aec6a4c29ae33e887836b8d8afd4a0b2584b534
432,mb-dielectric-0433,Na24 Mo8 N24,Na3MoN3,Mo-N-Na,56,876.1899,3.1374,2.25984,574f71159e2d374fe26779637aa712d74bdf12dc7cf5d94700e252642a15c8bb
433,mb-dielectric-0434,K4 Br2 O1,K4Br2O,Br-K-O,7,229.6755,2.4018,1.642612,73ff385383b5dc2eb449b3ff89ba5d25c01a2473111a83bc8fcbe5c9460326ec
434,mb-dielectric-0435,H24 O12,H2O,H-O,36,268.3533,1.3377,1.47883,9e1b2dc34dc09a52ee154ff0d709744c646541caaeb752db04a4ea54abb31395
435,mb-dielectric-0436,Na4 Y4 Se8 O24,NaY(SeO3)2,Na-O-Se-Y,40,618.2091,3.9304,1.830837,3ebceaccaaf6eedd1d5ccdce3e83184b07b747e4db396ea622cf90163493d15d
436,mb-dielectric-0437,Rb2 Na1 Tl1 F6,Rb2NaTlF6,F-Na-Rb-Tl,10,181.8996,4.6767,1.493988,397ee88b1c313f921e14b19b3fa62627763c46f8d18fb91d762376188f8bb071
438,mb-dielectric-0439,Sr4 Ca2 W2 O12,Sr2CaWO6,Ca-O-Sr-W,20,298.2807,5.5131,2.017577,2d288d132a08541cf2cc1c2e96aeaad31f71ae9df9c8bbdef9a6a25ecf55bdbf
440,mb-dielectric-0441,Li4 Sn4 P12 O36,LiSn(PO3)3,Li-O-P-Sn,56,725.6037,3.3189,1.781762,f09f4e18dd0159a3d76e8fa2b9930265f44ee9de95d4099b40e0dd878b8d704d
442,mb-dielectric-0443,Tm2 Cu2 B10 O20,TmCu(BO2)5,B-Cu-O-Tm,34,341.9318,4.337,1.855456,7b63afa2715275f6bb20ced072894f68f6cbc799dfa611caeb224b35bda54eb5
443,mb-dielectric-0444,Rb2 Na1 Sb1 F6,Rb2NaSbF6,F-Na-Rb-Sb,10,186.1431,3.833,1.527089,94242b5952ad4864be985c835038b2ab95b5139196ba000cec443865e814d2c0
444,mb-dielectric-0445,Li1 Mn2 B2 O6,LiMn2(BO3)2,B-Li-Mn-O,11,124.2016,3.1343,2.184124,da59d0c9be62af39957ef08fb0218b49fe88e6ee13254160272738db52104a8d
445,mb-dielectric-0446,La2 Ge4 Pt4,La(GePt)2,Ge-La-Pt,10,199.258,11.2396,1.0,88a42cf6366a23e87ac704ef7fb862c175b1d85dcad457f6245b66ad9654659d
446,mb-dielectric-0447,Ba8 V4 N12,Ba2VN3,Ba-N-V,24,455.89,5.356,2.670572,aecb7eac63d546fb8c1278103dfacfaba8dd45b90fe0872a9aa4c6a283645f77
447,mb-dielectric-0448,Y2 Ag2 Se4,YAgSe2,Ag-Se-Y,8,198.5126,5.934,3.073939,7a8f575f275d2b5f558c94994fb265fff3aab8047560e055e3380244251025b6
448,mb-dielectric-0449,Cs2 V2 N4,CsVN2,Cs-N-V,8,148.3577,4.7426,4.355801,96b6adbf150f380221af1e7ef60383d4de8a2dad5e2f9e57dd38fb84d1c321e2
449,mb-dielectric-0450,Rb2 Na1 As1 F6,Rb2NaAsF6,As-F-Na-Rb,10,171.1488,3.7144,1.531013,2c1736602b87879f833d78ba70953f54ee4e359ad8096474eddaa2a4d1cc5609
450,mb-dielectric-0451,Sr8 Zr2 N8,Sr4ZrN4,N-Sr-Zr,18,363.6847,4.5452,2.507595,d8b6af1c7e8499b78ed860fb4b740114ecbdd228b0dd9b9da47ddfee9012e0c2
451,mb-dielectric-0452,K2 Li2 Be2 F8,KLiBeF4,Be-F-K-Li,14,200.028,2.1757,1.342634,a7d3c426ed1934138f8dee594dc6a179fcff30e2e641c8f60f03c4db05016fd4
452,mb-dielectric-0453,Y4 Sc4 S12,YScS3,S-Sc-Y,20,429.3674,3.5589,2.845289,e5a2323c9d931dbc9c7fe1119b3f06456f94b2f4dbdc08a1209fadf1df5bdcbe
453,mb-dielectric-0454,Mg1 H8 Cl2 O12,MgH8(ClO6)2,Cl-H-Mg-O,23,252.4047,1.9425,1.444991,bceac9a6e483c1d26c9b09d9b269a762e5a330068633c996b870b73838dcab30
454,mb-dielectric-0455,Ca2 Nd2 Ti2 Mn2 O12,CaNdTiMnO6,Ca-Mn-Nd-O-Ti,20,237.6996,5.3529,2.54251,c59f217a71a15ffa841c5379068693d4efcdb3c305270a1f537e6597e4024eca
457,mb-dielectric-0458,Zn2 Si2 Ag4 O8,ZnSi(AgO2)2,Ag-O-Si-Zn,16,217.2853,5.7046,2.12878,8274a2a21ce58f340cd996ded2ad2309664eefd42d90748ce5c5b659036c9505
458,mb-dielectric-0459,Li20 Sb4 S4,Li5SbS,Li-S-Sb,28,497.3247,2.518,2.622592,a7344ede065e609c37ac17ed079a1cc0535b9527ac6eff55028b537d90792eb2
459,mb-dielectric-0460,Nb4 Te6 O22,Nb2Te3O11,Nb-O-Te,32,517.9291,4.7746,2.221975,d95ccab0cc5d6600bd4343d4baea970d550d72a4d8ddb75c085ee1ed4e6b7443
460,mb-dielectric-0461,B12 As2,B6As,As-B,14,130.6819,3.5525,2.770199,d50903e91a4d542365b1dab978cd94b442014351d6d5bbe4d0d9b5868a7ac31d
461,mb-dielectric-0462,Y6 Si12 N22,Y3Si6N11,N-Si-Y,40,486.2493,4.0249,2.281895,654df17198ce5322993f83eb50d4f98168eac06c4d3e7eea0b3d5045fb452f70
462,mb-dielectric-0463,S3 F18,SF6,F-S,21,304.0652,2.3929,1.326399,0fadcc403ca215463cb857911b27393fdda315dde8a9932320deff6d38385802
463,mb-dielectric-0464,Na2 Mg8 V6 O24,NaMg4V3O12,Mg-Na-O-V,40,474.2272,3.2566,1.911911,e9d7243de7000e5c67eb059814ba4504d37501d13aceae806efbc4e0ba4b4e20
464,mb-dielectric-0465,K8 S20,K2S5,K-S,28,817.6942,1.9375,1.953482,803f38c313b1db26d66bf91e8c13fb8d8cc3d22899555ad59f5dc39a08cb060a
465,mb-dielectric-0466,Y2 P10,YP5,P-Y,12,245.5,3.2977,3.635748,9595064b21e0f140ffdf31bb0762d82099aa8d77340a669c2fae2c521bfdac0c
466,mb-dielectric-0467,Rb2 Na1 Ga1 F6,Rb2NaGaF6,F-Ga-Na-Rb,10,157.3041,3.9864,1.459109,b59e881cf19018c7a06c362f451691d229236145c245cc5782f091055e1c794f
468,mb-dielectric-0469,Te4 O4 F8,TeOF2,F-O-Te,16,258.3859,4.6682,1.805838,808bd8ec8c3f7c4518584acb4c23f7bfec2da97ad8b6c83ceeda4c05a724ebbc
469,mb-dielectric-0470,K8 Be4 F16,K2BeF4,Be-F-K,28,430.8985,2.5157,1.387924,52cb4116feb5534ee2e353b6e6a02379fb64424842ab942637b089ff72980011
470,mb-dielectric-0471,Ti2 Nb2 Tl2 O8 F4,TiNbTl(O2F)2,F-Nb-O-Ti-Tl,18,293.5463,5.0589,2.241735,c5eb8b3e8396f7c2b3966d095934f511af0dec4bf80eb9bc977f2767ff7fa39c
471,mb-dielectric-0472,Na8 Be4 F16,Na2BeF4,Be-F-Na,28,360.7461,2.4117,1.334291,d955c62c9370c15f54ea9d7577ac7e78a2b93541ce84414237ce129a8b3b297a
472,mb-dielectric-0473,Rb6 Si10 O23,Rb6Si10O23,O-Rb-Si,39,671.5768,2.8723,1.541927,f6539ad2493862776c936b94250ab94054ab80d5c97c7b96a460212c41c26201
473,mb-dielectric-0474,Sc4 Bi4 O12,ScBiO3,Bi-O-Sc,20,282.201,7.1066,2.400091,afaa98b9d5017bf6b032400335e32d9a1f677b38e72b694d87cd43dcf64a1e2f
474,mb-dielectric-0475,Ba4 Ga4 F20,BaGaF5,Ba-F-Ga,28,416.094,4.8215,1.539748,166eb43fa943f46aadb5e114e7157f58c11536979f2edc4a68dd32305bc6cd9f
475,mb-dielectric-0476,Ge2 Cl2 F2,GeClF,Cl-F-Ge,6,103.2602,4.0875,2.383538,05541e2a2283914543afef16d10ec78247f426219ae2624b3b2548bf04842b0d
476,mb-dielectric-0477,Sb2 Cl2 O2,SbClO,Cl-O-Sb,6,113.7836,5.0557,2.478949,450dad3d4f95efda62f89aff4fc0b7741c7b1355b1da231e0962400cdbfa400f
478,mb-dielectric-0479,Mg8 Si4 O16,Mg2SiO4,Mg-O-Si,28,299.8632,3.1164,1.70147,c2174ed13a36b2a7a8030d7bd4577269922a223d19578465458e4b46f0de997a
479,mb-dielectric-0480,Sb8 S12,Sb2S3,S-Sb,20,527.4243,4.2782,3.348342,835feb603e31df992de6a2db78038e3914be267fe160e2ce314c79b928b11ac1
481,mb-dielectric-0482,Sc2 Cl2 O2,ScClO,Cl-O-Sc,6,101.4779,3.1552,2.060353,b7099baffe9d9f26a6f2c03057890d40fb35f291a1a0abfb33e9677a8d39aa11
482,mb-dielectric-0483,Sn2 Br2 Cl2,SnBrCl,Br-Cl-Sn,6,211.516,3.6752,2.437443,e6acbd41f136d42f9b7b57b9f0e61ed32fb4a152f1fec1477d0f307e87e8c5a5
483,mb-dielectric-0484,S32,S,S,32,1159.3506,1.4697,1.682887,d2add22c2a21f51075eeac19206c958b3acadda7aca7b4b7f9107bc5013717a2
484,mb-dielectric-0485,Sn2 Br2 F2,SnBrF,Br-F-Sn,6,133.1757,5.4267,2.435327,a391bb8aba154c977f49aeec29109e1fe3ecc854be1b6108b938a4520a57a16c
485,mb-dielectric-0486,Ba2 Zr1 S4,Ba2ZrS4,Ba-S-Zr,7,199.4901,4.1132,2.67711,4cfad411e7364eb13d6a6b03f6374ffa84f095cb31b5543edb73cf7272c2f6da
486,mb-dielectric-0487,Sn2 Cl2 F2,SnClF,Cl-F-Sn,6,121.083,4.7495,2.278421,e5dc4dd47dcf49abc8df485e8c50226a026cf6a2cbf6d68627cd9c5b9d50ba29
487,mb-dielectric-0488,Ti2 Fe2 O6,TiFeO3,Fe-O-Ti,10,108.9942,4.6226,2.460311,2633a97b0aa9429227ca2814f03483ffcf68c5f70f641a69eeb1ef39100cf847
488,mb-dielectric-0489,Sb2 Br2 O2,SbBrO,Br-O-Sb,6,129.0108,5.6032,2.585792,29d6446cff46a7785c875861d64474c7e62a32760f03ab46d393522b6a03b9ff
489,mb-dielectric-0490,Ta2 Ag2 O6,TaAgO3,Ag-O-Ta,10,125.0422,8.9457,2.594164,07bbe52b3d00fb3d2d5aa3349c6bc4cc762f717a3078fa5d09c9d6d64bcb62ce
490,mb-dielectric-0491,Ti2 Mn2 O6,TiMnO3,Mn-O-Ti,10,111.6726,4.4848,2.445746,31e458b57ed19b0d9ac8dc88608386db35397b0351168ce39708b079957b1f64
491,mb-dielectric-0492,Ga2 S2,GaS,Ga-S,4,99.659,3.392,2.314519,1af49edfb780eda0c2d6cdb1ab3e5c6e53dac7ce0008a360a753b67c2e74b45e
492,mb-dielectric-0493,Ba1 Ni1 F6,BaNiF6,Ba-F-Ni,8,113.3004,4.5435,1.978574,c7d6b7ec87ff11da3a14cffdba3cd4d4cc88670edea63fc1d4e92c65c836dbea
495,mb-dielectric-0496,In2 Cl6,InCl3,Cl-In,8,276.6732,2.6549,1.616309,05895cd90466d3e469ba0066948ec75c93ef6c2f27a70be6f75074ee8a2bbc26
496,mb-dielectric-0497,Pb2 Cl4,PbCl2,Cl-Pb,6,208.1638,4.4369,2.003164,da46ebd601db9de34af18cc1839bc85bfd4be7d906981fc3928646528439cfbe
497,mb-dielectric-0498,Pb2 Br4,PbBr2,Br-Pb,6,237.269,5.137,2.208544,62e29ec954bef053c88bf2c1fe24e3cf6e6891127a913750b5019cac14dfaaee
498,mb-dielectric-0499,K1 Na1 B2 H8,KNa(BH4)2,B-H-K-Na,12,139.7534,1.0904,1.50633,4af33e3ab6b71abeb5a27a51f8feebbfa46b39732a08daadef738aceaa907b8c
500,mb-dielectric-0501,Co1 Br2,CoBr2,Br-Co,3,83.5694,4.3464,3.478841,db34739a03ee696f90ccad5387c1e4c52a7a639fcf092b72fc42e5da4b59bccb
501,mb-dielectric-0502,Li2 Ge1 Pb1 S4,Li2GePbS4,Ge-Li-Pb-S,8,170.7124,4.1047,2.71845,72fa93276d08c9098f18352cd7f4505049085945dbeafe864a0f6f6f4fcb3497
502,mb-dielectric-0503,Yb1 As4 Rh6,Yb(As2Rh3)2,As-Rh-Yb,11,175.3923,10.3212,1.0,810eaed9d8e0d4f2d41d1012b3e502599007af2700fdd68712aa3e8b193fc2d2
503,mb-dielectric-0504,Rb1 Cd1 F3,RbCdF3,Cd-F-Rb,5,91.303,4.6354,1.544398,85508100265ebc985c4ae0e74c9a5410ea5ab014df12ebcb0559cb5f4842941a
504,mb-dielectric-0505,Ba1 Ag2 S2,Ba(AgS)2,Ag-Ba-S,5,123.4723,5.6107,2.739585,45f9b1a05f50421c41e20d82c1b3f7f258aa793142194f50555c867c10c3e37c
505,mb-dielectric-0506,Sr1 Cu1 O2,SrCuO2,Cu-O-Sr,4,54.314,5.5999,2.571079,846ef4f8e6b06b1461641aa5ea9fbabfe3b4286751178e6dde92f5552dac9811
506,mb-dielectric-0507,In1 P1 S4,InPS4,In-P-S,6,154.3968,2.9474,2.333372,8367c8f035fd9385ab3ab81f16ab12fcd132f08959affa6a16f2ea0401360e57
507,mb-dielectric-0508,Pd1 Pt1 F6,PdPtF6,F-Pd-Pt,8,112.3578,6.1406,2.517155,bd5101e7dab683247cd0b6a5fb16d311203dd4f70480ae51a4be827c1e536067
508,mb-dielectric-0509,Mg12 Sb4 N4,Mg3SbN,Mg-N-Sb,20,335.5455,4.1309,3.2797,b3d88dd5f97aa48f0877c10b5843c599e34d95e699ca176911b115136b2a2d7e
509,mb-dielectric-0510,K2 Se1,K2Se,K-Se,3,116.6987,2.2362,1.815581,fb0a9fdf0c34258c1d4abfc469885b6cedb436d9b91a13062f882dfbdd92796d
510,mb-dielectric-0511,Au4 S2,Au2S,Au-S,6,152.8834,9.2539,2.63872,da8dd828079fdb2c25fa5020aaaf645dcefeb683cda6a74bfd420f6e00963991
511,mb-dielectric-0512,Sr6 Y2 Al4 O15,Sr6Y2Al4O15,Al-O-Sr-Y,27,400.5235,4.3592,1.869802,371481d208707d2b3125918859c6e9d5abad22f802c1d5c4ce7d7058ba4096e3
513,mb-dielectric-0514,K12 Fe4 O8,K3FeO2,Fe-K-O,24,560.86,2.4294,1.923093,dd927c767e183e2397fb8ddd9b0ae4f0a8b71f58f75434234c0d1e7afb20e4f5
514,mb-dielectric-0515,H12 Cl4 O20,H3ClO5,Cl-H-O,36,412.9865,1.9054,1.485373,3ac455bdaf95adace8fe74153e6f61998f88c03ff7303daa11c801a205e3db58
515,mb-dielectric-0516,Sr2 Li2 Ta4 O12 F2,SrLiTa2O6F,F-Li-O-Sr-Ta,22,294.2165,6.4505,2.12449,450e5efd761d3fe0f96951ea5aef7f68b6a4f692ceef8c022a7b223093f4306d
516,mb-dielectric-0517,Tl4 Sb4 Se8,TlSbSe2,Sb-Se-Tl,16,473.0478,6.7968,4.086563,26dffd6aed7c1089bcda8ee7cabdb89c011131db0b10415221585efe5f46d736
518,mb-dielectric-0519,Li4 Fe2 Si2 O8,Li2FeSiO4,Fe-Li-O-Si,16,172.0944,3.1226,1.78404,082e3d722d0f521047c901ae4dd22e9aa2c5d61f0017d3c79701677b507fa2a3
519,mb-dielectric-0520,P8 H24 O24,P(HO)3,H-O-P,56,669.0622,1.628,1.554198,ea668438de981fcd0ec112f4008b2caaa346738beb5c6abecdb27796ef125291
520,mb-dielectric-0521,Na2 H18 O10,NaH9O5,H-Na-O,30,283.5032,1.3127,1.43263,266648bbaf435334608eb53129f78538a59aad665851ffba887ea4beaacd8499
521,mb-dielectric-0522,Li7 Ru1 O6,Li7RuO6,Li-O-Ru,14,127.1706,3.2076,2.168689,d1e4ce4fff6d338df95c9d1ceaf8ba77ea515c6e1f9c57c385e7618c267edcbf
522,mb-dielectric-0523,Y2 P6 O18,Y(PO3)3,O-P-Y,26,411.5767,2.6291,1.573131,9ad20fcee4071c5fdf85a26dc89f411c0ad105e555bfe97cfb2fc51b2851bad0
523,mb-dielectric-0524,Rb16 Nb16 N32,RbNbN2,N-Nb-Rb,64,1293.7521,4.2384,2.644064,d402b3202d26ddaa70cb328079ff6538b7afecfd4479595f4dfc122b9a19a17c
524,mb-dielectric-0525,K8 As8,KAs,As-K,16,525.0353,2.8849,2.71823,13543fca0d4e6ae82b6b7abf021e7977c4712a364256d348d447d01204e27202
526,mb-dielectric-0527,Sr3 Ta4 O12 F2,Sr3Ta4(O6F)2,F-O-Sr-Ta,21,304.7093,6.6302,2.135004,e2b1212a446574444e0320a902bfff837ae409213d3ef669e6eae3ed9814d2df
528,mb-dielectric-0529,Al6 In6 S18,AlInS3,Al-In-S,30,731.567,3.2413,2.32608,4816df334dfda5569f3e5d428f2d4d1eff48e55d5d555c36fb80cf50072af086
529,mb-dielectric-0530,H12 N4,H3N,H-N,16,152.052,0.744,1.404607,b480fa48790cef104778819fd1c28b416d0a330d5aae32b2ee5c38f2ac209fe2
531,mb-dielectric-0532,Sr4 Sb2 O1,Sr4Sb2O,O-Sb-Sr,7,218.5603,4.6345,2.922268,224b215bed18a41795dc51beec25de504bda2b92fc402732231e652c98f8e8c0
532,mb-dielectric-0533,Ba2 Ga8 S14,BaGa4S7,Ba-Ga-S,24,574.1367,3.706,2.378076,e26c633274ec66e981b36cd474ff38cdf5450b187fd1ea2f9bdd8b350c12adef
533,mb-dielectric-0534,Mg108 W36 N144,Mg3WN4,Mg-N-W,288,3998.4715,4.6763,2.273656,3e22e5ca1a424f82997cf56ad1161c603152b3946ff621bcc1bf275358bb7f31
534,mb-dielectric-0535,Cd2 Ag4 Ge2 S8,CdAg2GeS4,Ag-Cd-Ge-S,16,379.155,4.634,2.646006,a18ae54574028f8ec23b2a6159755d998f16eb3280986ce785eb06b9af073362
539,mb-dielectric-0540,Na4 P4 H16 O20,NaPH4O5,H-Na-O-P,44,455.1362,2.0138,1.500156,66bdc324c3a5256240aebcafeccf2c1ad22d05d27d6bd876a035188cac320307
540,mb-dielectric-0541,Cs6 C3 N6,Cs2CN2,C-Cs-N,15,439.1489,3.4693,1.643799,1441aa4bf1398f15ff2fbbddf5488cfda8e69eb34785340f6e86137b1b6a9ff2
542,mb-dielectric-0543,P4 Cl12 O4,PCl3O,Cl-O-P,20,686.7474,1.483,1.428169,dac8c8ab319115e006f5e00dcef805a71f19a0a1b5928a7001f36a59b71521ab
543,mb-dielectric-0544,Ba1 Si1 F6,BaSiF6,Ba-F-Si,8,110.2468,4.2084,1.480138,db319d99e561ebdefc283c620c26132d6f801bf896636c9e6d344585c1b10ece
544,mb-dielectric-0545,Cs1 Ru1 F6,CsRuF6,Cs-F-Ru,8,157.8844,3.6597,1.529119,289357aae990f3bfb7724aa4861b75f0604c82ea1a7bde7b1436de394bc457c7
545,mb-dielectric-0546,Rb1 Ru1 F6,RbRuF6,F-Rb-Ru,8,141.2991,3.5318,1.533407,678bf6baa6a77b1808ca6d7da8fdcd4e95edf14fe484e87764df0953d5b3436d
546,mb-dielectric-0547,K1 Ru1 F6,KRuF6,F-K-Ru,8,130.3374,3.2381,1.549095,f857313eee6783644e3f83d2edc4c76746851eb651213f34889e7a5dd5c17b84
547,mb-dielectric-0548,Ce2 Dy2 O7,Ce2Dy2O7,Ce-Dy-O,11,160.8734,7.4032,2.422858,52184cc6efafc5cfdc95c94d717d2295403d2f524b6b54ba455b536b388b3c86
549,mb-dielectric-0550,Ag2 I2,AgI,Ag-I,4,146.3116,5.329,2.228963,aeb732a34d7ce1c44d93d1e544a1fa8343156802c7638a1f7322c2b7c75c56d2
550,mb-dielectric-0551,Cs2 O1,Cs2O,Cs-O,3,115.6029,4.048,2.146858,bfda1c0d52fe6f4a1c2093b476614a021057e7c5c54f7296e197de59480819ed
551,mb-dielectric-0552,K1 Os1 F6,KOsF6,F-K-Os,8,130.7485,4.3602,1.512971,d8b444318faa17fcfbdf8c39737d0bfaaded6d847541500a07c055e97ac5914c
552,mb-dielectric-0553,Li4 Si4 N4 O4,LiSiNO,Li-N-O-Si,16,161.6575,2.672,1.830871,628ce96e724ebd295ddaaf6c51a154c07ba16d832ba771a4f19d68eb1ac9b77f
553,mb-dielectric-0554,K2 Pd1 F6,K2PdF6,F-K-Pd,9,147.0046,3.373,1.569646,eadfbc638f7b5aeb5d494ecf13da725cb3c304dcca5307e6b1b75ab1a7d4bf32
554,mb-dielectric-0555,Li1 Sn1 P1 O4,LiSnPO4,Li-O-P-Sn,7,106.5641,3.4379,1.861088,02c13dcf5e1710cbede7c00649aa4a573320ec1387f43dc8c5760603ae73fef5
555,mb-dielectric-0556,Tl3 As1 Se3,Tl3AsSe3,As-Se-Tl,7,220.3202,6.9713,3.234553,0839b677e52a6760140ca6dbf30ef67fcd2e8d75296962d966bba6de6cdd0a3d
556,mb-dielectric-0557,Rb1 La1 O2,RbLaO2,La-O-Rb,4,80.6615,5.2778,1.936582,08ed9d8855af5c4b28f145c6c4a4a1b8c6f46af1e0e067637fc9920c3a4f7e81
557,mb-dielectric-0558,K2 H6 F8,KH3F4,F-H-K,16,200.3116,1.9583,1.326399,b145d7f8a3d5efcdb76e3856bef24875ccf98d680ae7dc140ddc232f5d22f8f8
559,mb-dielectric-0560,U1 C1 O5,UCO5,C-O-U,7,102.5101,5.3462,1.841078,d45c339df05560f5b585fdb35ac498328e22cec14f0347651606a7bd47853d6f
561,mb-dielectric-0562,Mn4 Si4 N8,MnSiN2,Mn-N-Si,16,178.0577,4.1421,2.415461,468dcd1466e186ef3c4a0130fb42b63042cee32e95dfbe56769ec2d9a19562d1
562,mb-dielectric-0563,Al4 Hg2 O8,Al2HgO4,Al-Hg-O,14,157.0149,6.7378,2.143739,0b7388d3616833a36ced2d1f19860e40c72d9a04663abcce6341a7099741e7eb
563,mb-dielectric-0564,Cs1 Cl1 O3,CsClO3,Cl-Cs-O,5,109.0769,3.2937,1.536565,920392286b7c5fe08c8ceba6f1a9131b3028263685b68aa4f16a436137dad192
564,mb-dielectric-0565,Cs2 Zr1 F6,Cs2ZrF6,Cs-F-Zr,9,189.5013,4.1274,1.499933,7c0d19aa491a6932b6335b798349d14450699dbeed5cfec5618392db2a34fdd4
565,mb-dielectric-0566,K6 P2,K3P,K-P,8,289.4891,1.701,2.966142,6c51b2c02a9910c790205288aeaeb4148982d4eeca1bbd220d040eaf404cd174
566,mb-dielectric-0567,Na3 Sr3 As3,NaSrAs,As-Na-Sr,9,248.9617,3.7124,3.011831,ffb73839e2d943cf5f02bcfe986e13c70c36f28a01d03dad59e97c02c18a86a4
568,mb-dielectric-0569,Mn8 O2 F12,Mn4OF6,F-Mn-O,22,270.5858,4.2926,1.699909,b4f6acda31930eb54c288a95b1779ec0652801b58110d90e6699d41795e804cf
570,mb-dielectric-0571,Na8 Al6 Si6 Br2 O24,Na4Al3Si3BrO12,Al-Br-Na-O-Si,46,736.4895,2.3857,1.524875,1e86dfa5a69f7a7e5e592e9009e00c72e16a11d3621697bd025e83ea2f2e3fc4
572,mb-dielectric-0573,K1 As1 F6,KAsF6,As-F-K,8,123.6006,3.0633,1.394035,3307ed47d050f0cf2cff626b0c5bd6ffaa4df89e4587c90a9d1af65c780a0c3d
573,mb-dielectric-0574,Hg2 I4,HgI2,Hg-I,6,291.9018,5.1699,1.999494,576a2a5de4b1687c2b8258d1257c1f6a8754a6809af462e47d406b5382825967
574,mb-dielectric-0575,K4 P2 Au2,K2PAu,Au-K-P,8,233.2355,4.3591,2.577057,da5fe2bf9411fa268d51b9406b9f593d263e9f81e0726086274fc837344bd65b
575,mb-dielectric-0576,K4 Ni2 P4,K2NiP2,K-Ni-P,10,249.1108,2.6508,2.93824,13b326bb1e9a8d79ae155de47aad5e88fcb8d4428c3516d1494f39ec4148dfca
577,mb-dielectric-0578,Li7 Mn3 Si2 O12,Li7Mn3(SiO6)2,Li-Mn-O-Si,24,208.7872,3.6709,2.01811,e52289ec73d53a051ba1cf05976c3eb15df14d794845808829828b6dc95dabc4
578,mb-dielectric-0579,Al4 Pb2 O8,Al2PbO4,Al-O-Pb,14,206.0976,5.2397,1.912225,c3975bbf235acfdbeb491fd908a97befce1f7fe03715800798470ba5604f7aa0
580,mb-dielectric-0581,K4 P4 Pd2,K2P2Pd,K-P-Pd,10,272.9446,3.0001,2.762474,fb4502c1d30bf092e0b16230995dbc408517670bb1285fc6e8cabe1a604d722e
581,mb-dielectric-0582,W1 O1 F4,WOF4,F-O-W,6,101.1225,4.5295,1.570825,14d0e1345507d420710c0f6c70ee0b48dfc3ad25d8170e7dc776d99611aec46b
583,mb-dielectric-0584,K2 Re1 F6,K2ReF6,F-K-Re,9,145.1914,4.3277,1.501189,810cf631d382f1cba6bfe8215919f81faee05962511ba6993c7f56f2d7ac3b66
584,mb-dielectric-0585,Tl3 Sb1 S3,Tl3SbS3,S-Sb-Tl,7,212.0296,6.5089,2.950924,6670cd74929dfb22522edbb826f52395fce1e58576e4353ccfb1576b1238f17b
587,mb-dielectric-0588,Rb1 Mg1 F3,RbMgF3,F-Mg-Rb,5,70.3544,3.9361,1.47835,7a3168df20079f8288bd0a1ff22044a3431cd8214485daf4ee9402006f5c31af
588,mb-dielectric-0589,Cs1 Sr1 F3,CsSrF3,Cs-F-Sr,5,112.8993,4.0818,1.482323,6b104a6a7533a9d79827dceea586525d025869fcca7151e7564aa6c1a60b5c98
590,mb-dielectric-0591,Cu1 Bi1 W2 O8,CuBi(WO4)2,Bi-Cu-O-W,12,167.8002,7.6021,2.494546,d71f582299961eb14269fb8dcf87ff422f804412e8b316f5dac53e7984fb6533
591,mb-dielectric-0592,Na4 In4 Br16,NaInBr4,Br-In-Na,24,866.1741,3.5077,1.745567,61f4840e936e4132ca428c9cde5a70b6dd5ab5ab0e8df3ad9a136106787ba6f4
592,mb-dielectric-0593,Li4 Cr3 Ga1 O8,Li4Cr3GaO8,Cr-Ga-Li-O,16,147.4948,4.2947,2.084863,74dfec586de82097b88de4bd776f0d686a8311a4628b19d792349548e1325146
593,mb-dielectric-0594,Fe1 Sb3 P4 O16,FeSb3(PO4)4,Fe-O-P-Sb,24,353.1699,3.7662,1.994388,14cbf6a247476fbfc201ec6601f12259fd6d841d7473dc58717db8fa096e1f58
594,mb-dielectric-0595,Sr4 Ta4 N4 O8,SrTaNO2,N-O-Sr-Ta,20,269.5522,7.7515,2.697867,a7b525ab5856796154f853970c26d30f5d37db42a20b97188bbadb72f046e7b1
596,mb-dielectric-0597,Br4,Br,Br,4,157.366,3.3726,2.511241,5fffb17e60b5080623cee7b4e2014ead521e235cd9180c87337bf7a3698ea8ef
597,mb-dielectric-0598,K18 Li6 I4 O26,K9Li3I2O13,I-K-Li-O,54,924.2887,2.9985,1.831879,be458207a72518a6ec7d1412d9dfd97d4b76732c9104e28accb41c1234bb20d0
598,mb-dielectric-0599,Ba4 W2 O6 F8,Ba2WO3F4,Ba-F-O-W,20,332.7412,5.8138,1.74684,f23f8595936057f12fb0134da3a0937f3ace0c3aeb89383052c7385e2612f7fc
599,mb-dielectric-0600,Mn6 O5 F7,Mn6O5F7,F-Mn-O,18,216.2803,4.166,3.252326,2098df5e7808078d19559d1b2f9fd583f9deac23a69cb1882d4079523590ca69
600,mb-dielectric-0601,Na4 H32 Se4 N4 O24,NaH8SeNO6,H-N-Na-O-Se,68,738.4345,1.979,1.512176,51f9f060cc8d5bd5c335b0851e58a6995108632cd0e6870dfff1eab414ac3e17
601,mb-dielectric-0602,Tm6 Ta2 O14,Tm3TaO7,O-Ta-Tm,22,287.2028,9.2479,2.131032,ded2f65900579a2e838239332f4653b5b1381258d3239437f8f094bf8493e43b
602,mb-dielectric-0603,Rb4 Zn4 P4 O16,RbZnPO4,O-P-Rb-Zn,28,450.065,3.6283,1.612993,64a552987d3beb1a9d18c67f2759127724441b208fbd53b548f634bfbb1e965d
604,mb-dielectric-0605,V2 P4 H3 O16,V2P4H3O16,H-O-P-V,25,284.1604,2.833,2.226092,3e612b4eaaeb62eb5e47e4ce27286718f3bf07f8f9c30b1264c9f0ac32def511
605,mb-dielectric-0606,Ga1 N5 O14,GaN5O14,Ga-N-O,20,277.4425,2.1771,1.572594,d2207915696d36450f46c1b18738008d6295d6dedaf4ebd85131f4206b02d2b4
606,mb-dielectric-0607,Na5 Li1 Mn2 P2 C2 O14,Na5LiMn2P2(CO7)2,C-Li-Mn-Na-O-P,26,315.871,2.8479,1.606555,675dc947bdb40a07afbdd0f1db90287961a90eaee310f50be885b4c37869915d
607,mb-dielectric-0608,Li24 Ga8 N16,Li3GaN2,Ga-Li-N,48,452.8759,3.4777,2.28738,4d4bf76d7f4cbfd99bebca9542d8e96caaa1c3a860af7fce229be3b7ccaac384
609,mb-dielectric-0610,Ti2 Cu1 Sb3,Ti2CuSb3,Cu-Sb-Ti,6,119.9759,7.2602,1.0,e28da59d415fee993d96e371b745d8ff4cf422c780b347ebc76eeadec5d15dd4
610,mb-dielectric-0611,Rb4 B12 O20,RbB3O5,B-O-Rb,36,476.8971,2.7563,1.54599,70a8d55dbf8657c871974d4111cb034d64dde3a1f885bdcd974ca95c1606b0bd
611,mb-dielectric-0612,Cs1 Sn1 F3,CsSnF3,Cs-F-Sn,5,117.7429,4.3524,1.679777,8b25ba27e81312b5e8236fd3e8752834694b7f105cc75c72157ae7e1e56603b4
612,mb-dielectric-0613,Tl4 P4 H8 O16,TlP(HO2)2,H-O-P-Tl,32,444.7188,4.5012,1.704895,5f980f24064f5971c3e5daa175b77978d753ab5ac9e0f63b7df5d418ea85fede
614,mb-dielectric-0615,K1 Cr1 P2 S7,KCrP2S7,Cr-K-P-S,11,275.399,2.2761,2.293787,b9d3e0f1f7ae4f560e03080eb77b6e1a7567f0e3d65ef3a774068663bd8f97b2
615,mb-dielectric-0616,Li4 Cr3 Co3 O12,Li4Cr3(CoO4)3,Co-Cr-Li-O,22,215.4767,4.2581,2.572138,5e587af64f88e1bb9d2e6945bc15abbd5c6f5d803aa59dc34ec5c99c867ff7d1
616,mb-dielectric-0617,Rb8 Sn2 O6,Rb4SnO3,O-Rb-Sn,16,437.0204,3.8649,1.946359,4dc5f37f2968a88cb41094a3d271fa87653ebfb7951e8a101bf5179a895791ba
617,mb-dielectric-0618,Li2 V1 Ga3 O8,Li2VGa3O8,Ga-Li-O-V,14,190.3159,3.5074,1.843488,5238bcfe08d7a46a73990faf97d3e41636b7c23258834ea0957c841785a01c17
618,mb-dielectric-0619,Na6 As2 H28 S2 O20,Na3AsH14SO10,As-H-Na-O-S,58,611.8335,1.9002,1.570317,9857770a618214dccd2a96b023e2cd2374c72e2caad848b89243bc03ac45a20e
619,mb-dielectric-0620,Sc1 Ni1 Bi1,ScNiBi,Bi-Ni-Sc,3,61.2078,8.4815,4.749407,42a7013007285fa87e9c6437da077f37e9cc0d50509f1fb8c2194cd295c3eb18
621,mb-dielectric-0622,K2 Li2 S2 O8,KLiSO4,K-Li-O-S,14,207.5318,2.274,1.486964,6b92162735991544098befbcb99bf1817d8f9a5bc1eb5f741eb62cc0d81f22ea
622,mb-dielectric-0623,Li2 Mn2 As2 C2 O14,LiMnAsCO7,As-C-Li-Mn-O,22,297.058,2.9158,1.976135,a6bdf5585fbe4516e5a763241e8706682b21a4fee69505b6cc890dc7200c48bf
623,mb-dielectric-0624,Li2 Al2 Si4 H4 O14,LiAlSi2H2O7,Al-H-Li-O-Si,26,307.1544,2.2069,1.539077,06d590b77c30750408baaca79100ff77663daa4c8c91f14fa65f21102d506c50
626,mb-dielectric-0627,Zn8 S8,ZnS,S-Zn,16,324.0752,3.9956,1.682459,f459e1394fc5c2c050bc967309abe01da522495daad9d60286983c7af8bd8ed9
627,mb-dielectric-0628,Nb1 Cu3 Te4,NbCu3Te4,Cu-Nb-Te,8,214.1233,6.1571,3.134365,0f65971656233b24c16f1b8eaac1fa718aac34ed6c78cb749c9147f13a49026d
628,mb-dielectric-0629,Ba4 S12,BaS3,Ba-S,16,445.2442,3.4837,2.411673,c883373499bab7c19bb69e27f6244451a4fbcc19750242fb958ac3aacdd97257
629,mb-dielectric-0630,Na8 Ge8 O20,Na2Ge2O5,Ge-Na-O,36,526.9981,3.4189,1.667919,02f1729007d0de8020eba4f388483b3ad09cc1d73872119b8a6f02a13fd38e1d
630,mb-dielectric-0631,Mg4 B48 C2,Mg2B24C,B-C-Mg,54,409.103,2.5984,2.845845,d430a4cc61f66ee74756b8a70218317d23e24665fd39d51c05f3fc498d0c11c1
631,mb-dielectric-0632,Ga2 F6,GaF3,F-Ga,8,99.206,4.2421,1.516245,8c343d85c9a9efe25096c6df95cba805b3abc51603e5209859d5edc098dd915b
632,mb-dielectric-0633,Li4 Ti2 B4 O12,Li2Ti(BO3)2,B-Li-O-Ti,22,257.3367,2.3148,1.783482,2dfda6dea3b1325a2e12b270b6ffd6c230cb514759900a743ae1733c6051e6b5
633,mb-dielectric-0634,Li2 Sb2 P8 O24,LiSb(PO3)4,Li-O-P-Sb,36,590.5866,2.5001,1.607881,53bc1319032bd7cbf1fab33b67e0ab4f63e3ca65eb5e9b9826a2e44cdbdbe201
634,mb-dielectric-0635,Li4 Mn2 P4 O14,Li2MnP2O7,Li-Mn-O-P,24,295.0974,2.7321,1.615922,d4fa9cf22da8aae361f5cb794afce04ac83a480fa19cf5fe4861f87831f6ede7
635,mb-dielectric-0636,Li2 Sc2 P4 O14,LiScP2O7,Li-O-P-Sc,22,287.7113,2.6069,1.670148,46f7daf410fc993aae46d198575d483d2df3e01c020bb36aa26faa97fc52da55
636,mb-dielectric-0637,Tl12 Ag4 Te8,Tl3AgTe2,Ag-Te-Tl,24,781.0112,8.3023,4.144354,71fc2a39ec97eb89a762d4f2e854db19f831740e0af72ba3d7fa81d0b7a9820f
637,mb-dielectric-0638,K2 Hg1 O2,K2HgO2,Hg-K-O,5,113.0207,4.5662,1.745258,56c5374374dd77312e1b69b2eae8a6a8749e61fb9496a3e606a733684144cd14
638,mb-dielectric-0639,K2 Pt1 F6,K2PtF6,F-K-Pt,9,143.668,4.4761,1.533446,8e362b32dbfd65b7b745893e64cdf0b4918b7745297110269978922abc30ef53
639,mb-dielectric-0640,Ca8 Sn4 S16,Ca2SnS4,Ca-S-Sn,28,684.7366,3.1732,2.592091,1f505432590940847bd7e11c46999f2026e07527d7e5bca479a02c429fffb3ae
640,mb-dielectric-0641,Cd1 Pt1 F6,CdPtF6,Cd-F-Pt,8,118.9513,5.8839,1.737312,4f3aa7e0631d97cecdffedbebec1f6720a79d88d4e6ede79557842cf44bfc170
641,mb-dielectric-0642,Hg1 As2 O6,Hg(AsO3)2,As-Hg-O,9,108.7871,6.8144,2.266044,692ccb743745d33f952cbb9bb208ccf082b4b686cb9d76b0e75e509643de16f2
643,mb-dielectric-0644,Li6 Ti3 V3 O12,Li2TiVO4,Li-O-Ti-V,24,229.212,3.8401,2.776423,6e0508b98a3d232162edb3d57b12afd65ddb3db7be9356db928818887058128a
647,mb-dielectric-0648,Cs2 As2 F8,CsAsF4,As-Cs-F,12,268.7402,3.5074,1.467882,45c0c9f0d89edbc3f1592f9633014b78c528001da52c625881d14154a3c45241
649,mb-dielectric-0650,Y2 Cu2 O4,YCuO2,Cu-O-Y,8,125.8972,4.8657,2.208247,b328e34cfa601cf0e67f2d0bcf9db077879ce94cd8b14ce4551538338716beb8
650,mb-dielectric-0651,Zr4 Mn1 O9,Zr4MnO9,Mn-O-Zr,14,172.9981,5.412,2.286691,3913ad3d3243a8c9565feb3e8bfd23a0c712a5741673bdfd7a01c541491df4b1
651,mb-dielectric-0652,Si16 H48 Se8,Si2H6Se,H-Se-Si,72,1289.0481,1.4549,1.638201,5e39f63d04c9f4bc2a4c2f51afd33cafb198f0bba955e05fd2aa760900ebaf23
652,mb-dielectric-0653,Ca16 Ge4 N16,Ca4GeN4,Ca-Ge-N,36,567.5706,3.3819,2.467451,f6fac691aef8e670f51fdf7365321bf050623c947423fa20fa9a50d0fc6c5556
653,mb-dielectric-0654,Na4 Cu4 P4 O16,NaCuPO4,Cu-Na-O-P,28,348.7301,3.4571,2.031308,8832e658e768b6e40d64a0ecbd65bc30be0f5d6f959c326142612142b16def2a
654,mb-dielectric-0655,Sc16 O24,Sc2O3,O-Sc,40,506.4637,3.6173,2.127127,c5f9ec2c53f943ac9509dce20ca71423fc8a6d96b1b208957a86952143dc5f10
655,mb-dielectric-0656,Lu8 Cu8 O20,Lu2Cu2O5,Cu-Lu-O,36,455.1687,8.1285,2.35835,797989718677ee2184cadc64db0839d21dfedb1b69d00ae93b8200eaaa1b4a46
656,mb-dielectric-0657,Si2 H12 N4 F8,SiH6(NF2)2,F-H-N-Si,26,261.8119,1.7523,1.386603,8f7a71460199b81ab34b8830d27d86745b83745788589c883dfcc9c90addc137
657,mb-dielectric-0658,Li4 Cd4 P4 O16,LiCdPO4,Cd-Li-O-P,28,339.1916,4.1969,1.742702,07351e438ec9106860a57fb22ede0ce5a83f85188fa6fc5b577a97d885609343
659,mb-dielectric-0660,Si12 O24,SiO2,O-Si,36,648.4006,1.8465,1.418137,96409a824fb7c134b94b8c40ba7144bc473f65c70ec309af9355bdeef47e308c
660,mb-dielectric-0661,K2 Al2 F8,KAlF4,Al-F-K,12,164.9987,2.8596,1.401428,b8d32a19aeb7effeb9dce2874fa99d77fb8ade2f7cdf2f27b6a5325713a7c58f
661,mb-dielectric-0662,Mn2 P4 O14,MnP2O7,Mn-O-P,20,249.8811,3.042,2.268649,d0f162151a58ad4f961ad506f1387a567df4969e36a63a3ab8b8e575595c9274
662,mb-dielectric-0663,Ca2 Sb1 Au1,Ca2SbAu,Au-Ca-Sb,4,106.535,6.2173,7.758024,4f9d0b8278674b8b4d7314555c598d622b9604b040d0a2af7be31f5eb9cd7315
663,mb-dielectric-0664,Li8 H6 Cl2 O6,Li4H3ClO3,Cl-H-Li-O,22,263.0758,1.4422,1.504659,df8de1ee4dbc223f461439d836aa963211713bd11f1c7ffd28e4e02b078ef98e
664,mb-dielectric-0665,Mg2 Ge2 O6,MgGeO3,Ge-Mg-O,10,101.0299,4.7646,1.915355,80bdd5624f7fe79525a4d2a4827a04790f1785b4d496f078176924e71846569f
665,mb-dielectric-0666,Hf1 Si1 Ru2,HfSiRu2,Hf-Ru-Si,4,59.2669,11.4514,5.166192,14f0740b85e1fcca09caf7624690f5fcd3059e8e4da811fcadcb9665f13d2ee6
666,mb-dielectric-0667,Li4 V1 Te3 O12,Li4V(TeO4)3,Li-O-Te-V,20,230.3827,4.7102,2.255755,55b3d3876371106983f5ab018db919a16cf58f9869f0e378405ca41e4650842f
667,mb-dielectric-0668,Mn1 H2 O2,Mn(HO)2,H-Mn-O,5,46.2177,3.1959,1.782429,bebd4fc59b30105c4f13f2d91ab195bf569b2a2fa38be0137571d50970666676
668,mb-dielectric-0669,Dy2 Ta14 O38,DyTa7O19,Dy-O-Ta,54,683.4156,8.4222,2.359729,335c823622877fd0506e285e736b3f9abc5e68bbc534a6d2f3e30245bd9c919a
670,mb-dielectric-0671,Na6 Sr6 Ga2 As8,Na3Sr3GaAs4,As-Ga-Na-Sr,22,618.3954,3.766,2.976179,4375b9cdea2bbfc554c2e63eca80cc8e44f7712660d96516a1440d70f4d1d656
671,mb-dielectric-0672,Sr6 B6 N10,Sr3B3N5,B-N-Sr,22,322.1506,3.7662,2.104916,cd573e96f80d92b757eb28de401eaf23e26faeee787311797c0ebf19f42606d4
672,mb-dielectric-0673,H2 Br2,HBr,Br-H,4,113.0878,2.3762,1.581458,5c15a8b8dc3d2aea45d7eac8ca231e55b632c2146a7970298946ea796512147d
673,mb-dielectric-0674,Li2 Mn8 P6 O24,LiMn4(PO4)3,Li-Mn-O-P,40,456.7947,3.7196,1.789487,0cbfaa0b9ab914a77f301be4cfa37e56ded61fc1c2e092f2e56537ce918e3899
674,mb-dielectric-0675,Zn4 B6 O13,Zn4B6O13,B-O-Zn,23,215.2138,4.124,1.808266,1dd28ecc3a8a9134c092b93a367209e94a8e02d09bba38a5527ca55caab8393e
675,mb-dielectric-0676,Nb4 Br12 O4,NbBr3O,Br-Nb-O,20,569.7442,4.0642,2.113688,c609d021d68119de7cc83525f4433d86e3a1a25e47f3a187fabf027b83399eec
677,mb-dielectric-0678,H2 Cl2,HCl,Cl-H,4,99.4674,1.2174,1.452072,239b04023bcb43af5cc6b6a7c86d63ad0a451da87d28ad63047dc1919d23a3ac
678,mb-dielectric-0679,Ba1 Cl2,BaCl2,Ba-Cl,3,101.8746,3.3942,1.768615,84fa6b9088c55e57a2c37029e80e5c6155109fe4bd4f85214959e289340dfdf8
679,mb-dielectric-0680,W4 O12,WO3,O-W,16,228.8707,6.7283,2.560061,2e6730037c8e2c7fb910d5418792d1b3f8239d6d66201b5c31e2f2759fff61e6
680,mb-dielectric-0681,Li8 V4 P4 O24,Li2VPO6,Li-O-P-V,40,427.4077,2.9806,1.848817,fb707117ef751dd6ca911efa0d7db17571fc72b9082709db1f8b019020e74611
681,mb-dielectric-0682,P8 H24 O24,P(HO)3,H-O-P,56,638.9335,1.7048,1.586102,cb679dfc3427fa2d79c5317dabbbf3e3721e319a376c88419729f36ae7c4e168
684,mb-dielectric-0685,P4 H4 S4 F8,PHSF2,F-H-P-S,20,363.7132,1.8635,1.561837,fee1adffab109b06fd5e4db1394e709866afeb250d0f6c6bc39c9bb7f50debdf
685,mb-dielectric-0686,Li4 V2 O1 F7,Li4V2OF7,F-Li-O-V,14,157.3903,2.9397,1.653028,b8f7b9d19573fcc2816d3528c9ccb6ee1fd79095253254e0d785d67286055947
686,mb-dielectric-0687,Na1 I1,NaI,I-Na,2,69.6751,3.5724,1.825651,318d54f5433b5e5e358111c28b138cabc7ec11b36226e4de2733b3bbc193127e
687,mb-dielectric-0688,Li2 Mn2 P2 O8,LiMnPO4,Li-Mn-O-P,14,189.5919,2.7475,1.619792,8c51c6c81f874b2edcf1538035ec386e60273dc1cd968172864645b55e64e14e
688,mb-dielectric-0689,K1 La1 O2,KLaO2,K-La-O,4,75.9668,4.5904,1.914809,7ae6338f95e6a8cbf6e00d25bd3b7dd9d05f3adcac4b5f411b440ef7f6a992f3
693,mb-dielectric-0694,La5 Tl1 Te8,La5TlTe8,La-Te-Tl,14,464.6816,6.8601,3.532505,63126810933410a4d8614d1fc2825c05c8e27ddcf732ec6fe466a1b092ff6aa3
694,mb-dielectric-0695,Rb2 Ge1 F6,Rb2GeF6,F-Ge-Rb,9,152.334,3.8977,1.438841,6ec013e65018af127a14e6af1c287f7797f024249a8586e99424297aa0ef47f7
696,mb-dielectric-0697,V1 Cu1 O3,VCuO3,Cu-O-V,5,80.0427,3.3709,2.736107,45edc92065b03cdd6559d97c156a798eb89116b08ab29c027a65cfb8ff219175
697,mb-dielectric-0698,K2 Nb2 Se4,KNbSe2,K-Nb-Se,8,187.5132,5.1349,3.408128,2113dd21f5a9638646b37603ced15c87191ef9cb9c39622453921a5e8ecaacc5
698,mb-dielectric-0699,Rb2 Pt1 S2,Rb2PtS2,Pt-Rb-S,5,136.4706,5.2339,2.299494,0ab095322af38bbd0b1321bd27caf872f2436b931cedbac2394c3b0b93ccbb06
701,mb-dielectric-0702,Li2 Nb2 S4,LiNbS2,Li-Nb-S,8,128.3652,4.2424,3.46497,cb9f3417d827fe60d27f8975e10e1835452011fe982cdffdd97180fce1161bc3
702,mb-dielectric-0703,Ca1 Pd1 F6,CaPdF6,Ca-F-Pd,8,122.7814,3.5229,1.636231,f9092e38cfa7a0922069ebc1a0a7261c12c30335f82eab5f9982b2bcabf8048f
703,mb-dielectric-0704,Mg1 Pd1 F6,MgPdF6,F-Mg-Pd,8,103.135,3.9401,1.75508,40331d2a4f709809c378b1d0244385260ce8b90a9f7c9f252f91c3ed5f471e8d
705,mb-dielectric-0706,Li6 Mg2 P2 C2 O14,Li3MgPCO7,C-Li-Mg-O-P,26,270.5319,2.4565,1.597229,5907d0781ad5585ace2590d611c7d5a3f2353d88a9b1bec05e8552b5471eabe4
706,mb-dielectric-0707,H20 Cl4 O24,H5ClO6,Cl-H-O,48,479.1369,1.8921,1.493606,0aefcfbe6f7681aebea47a01a62f1ed14071853d470e568353df26db4b7f743f
708,mb-dielectric-0709,As1 S2 N1 F6,AsS2NF6,As-F-N-S,10,176.7435,2.509,1.56205,bc8032dd7896ef0538d292ab6ddc3560557be6db72a0f84f3144c87f034b585a
709,mb-dielectric-0710,Ce3 Zr5 O16,Ce3Zr5O16,Ce-O-Zr,24,301.0422,6.2466,2.576975,934c065cf4ce4d18cbb1176dfdcd95ec4b9b6597b444aa783b00aaf9e11a862b
711,mb-dielectric-0712,Y6 Ta2 O14,Y3TaO7,O-Ta-Y,22,301.8065,6.1585,2.128489,1ea6a5639e7099864ee28dbbf124757dc1d6bd3ab671a19b55ebc2b4c20c3dbf
713,mb-dielectric-0714,Sr2 Cu4 Ge2 Se8,SrCu2GeSe4,Cu-Ge-Se-Sr,16,391.0127,5.1232,3.180409,42f449611f5844c0a063622eec03444701f6b7839f38082fd680b0145f5bd397
714,mb-dielectric-0715,Yb8 Cu16 As12,Yb2Cu4As3,As-Cu-Yb,36,616.9286,8.8827,1.0,4505c441f25626b7556c24b168a366ed97fe31d9a1113da621e40a7a587998fb
715,mb-dielectric-0716,La8 Te4 O24,La2TeO6,La-O-Te,36,556.0488,5.9894,2.037765,c18c06c912970608bed3e5a9cfbcc2a89e77b6c945c11acefe8d2b870e53000d
716,mb-dielectric-0717,Li2 Tl2 P2 H2 O6,LiTlPHO3,H-Li-O-P-Tl,14,204.8589,4.7225,1.824285,48b2540daaa3f98e00449f9fcf81b83e4b6f5004d09735aeeb75aea4af574289
718,mb-dielectric-0719,Be2 Si2 N4,BeSiN2,Be-N-Si,8,67.7259,3.1929,2.138745,e63463452461e6f3ea5709424f782fbed0acc422fa9812230509294923a827e3
720,mb-dielectric-0721,K2 Pr2 Si2 Se8,KPrSiSe4,K-Pr-Se-Si,14,425.759,4.0869,2.301644,1751aa639d609ec87f360a40abf1d4b95f6053f10b24a8c54f03213779a0db5b
721,mb-dielectric-0722,Li4 V2 O6,Li2VO3,Li-O-V,12,108.2962,3.4599,2.219064,e6648f10ba211e75c1390fe9ba89f763efcf2c3a9fcbb99bf6b1bb26728bda4e
722,mb-dielectric-0723,Ca2 P1 I1,Ca2PI,Ca-I-P,4,123.5885,3.1982,2.413785,dba64a57e85c1e436e5cad73c1d46ce794ef677939f43d041b2032c4c32cd88a
723,mb-dielectric-0724,Sm6 Nb2 O14,Sm3NbO7,Nb-O-Sm,22,318.5713,6.8386,2.235001,d19a9437fbbde3a66690adb94cb1534687422c733c105cc641f618b45664b678
725,mb-dielectric-0726,Na8 Zn4 Si4 O16,Na2ZnSiO4,Na-O-Si-Zn,32,420.0991,3.2171,1.662393,1cfb76c8a2b12dcc2f3a7fc5b2b6901756de791952853ba02b4a5d304f71f4ee
727,mb-dielectric-0728,Sb8 S8 O36,Sb2S2O9,O-S-Sb,52,776.5507,3.8631,1.852096,1cd11b8c4e698b588f4f9ef2f1735751a3b5e0d67a947169a066f7cc7290c9de
728,mb-dielectric-0729,Cs1 Ge1 I3,CsGeI3,Cs-Ge-I,5,234.166,4.1573,2.386246,9e7b754fda0d6d5a917ce123b722d2653edd41daf37ab0daf8a41628f17b28f8
729,mb-dielectric-0730,Li1 Mn3 O2 F6,LiMn3(OF3)2,F-Li-Mn-O,12,160.8216,3.2808,1.780223,2070ec3bdc4ded3156443d3d06d739588911fe45c5e1b75266b6954c27b07282
731,mb-dielectric-0732,Nb2 Cl4 O2,NbCl2O,Cl-Nb-O,8,183.3942,3.2562,2.139926,342fa0dd3de4855b8066bb5256bf6260a71b1b17469f03f86575bfe3f89e56e8
732,mb-dielectric-0733,K12 As4 Se12,K3AsSe3,As-K-Se,28,971.7719,2.9329,1.986111,3c6980004e7e4ce6f21f0a613ecdeb1e5ae02a7fb6582a07bbac4133c555282a
733,mb-dielectric-0734,Ba3 V6 O18,BaV2O6,Ba-O-V,27,450.6201,3.7057,1.93496,63f9b3b908ac8a481285425e7ef75a93e5fea4fba87e73d271d9a77746874dcb
734,mb-dielectric-0735,Na2 Mg8 As6 O24,NaMg4(AsO4)3,As-Mg-Na-O,40,465.1732,3.8336,1.766085,0552cddb0b453eaaaad6144bd40e96cbfdfd676c7ff76ec35f04543ffdc700d6
735,mb-dielectric-0736,Er8 Te4 O24,Er2TeO6,Er-O-Te,36,477.359,7.7658,2.009071,ed80eee463f9528be32f20843c458730add624626b6ff9829ee8767812aa7546
736,mb-dielectric-0737,Nd5 Cu1 Se8,Nd5CuSe8,Cu-Nd-Se,14,351.2852,6.6955,3.332206,c0e6c19e4b8540f48fa23800e09296f78c3f2953d22b718c6ac0c2823a76894c
737,mb-dielectric-0738,Sm5 Cu1 Se8,Sm5CuSe8,Cu-Se-Sm,14,341.759,7.0308,3.328011,144a44b775dce8601344f2f7194b8c7c1a8ec7383ec131f5b6791a21a69e713c
738,mb-dielectric-0739,Pb2 W2 O8,PbWO4,O-Pb-W,12,190.7633,7.9219,2.168356,6bed704b5877b231111d93e3782ea6ac93163083f411be8511b8b342cce722c9
739,mb-dielectric-0740,Li2 Fe2 P4 O14,LiFeP2O7,Fe-Li-O-P,22,268.7828,2.925,1.773189,8456f997477f07884595bc5366145e76b323a83f8401adf5ddf68f200960af40
740,mb-dielectric-0741,K1 Rb2 Zr1 O1 F5,KRb2ZrOF5,F-K-O-Rb-Zr,10,202.4866,3.3807,1.484222,93d4b8d9529f65b13862239e0cf812718d97650b2203ed10ab31d1b165a38141
741,mb-dielectric-0742,As4 H24 N4 O16,AsH6NO4,As-H-N-O,48,541.2227,1.951,1.532336,98b466680544d456b62ecc92d6f2a58c1fcf4a29dde45aa51666afd430210b5f
742,mb-dielectric-0743,Ba10 Cr2 N10,Ba5CrN5,Ba-Cr-N,22,563.6519,4.7647,3.848759,3b18bdb84afc56ca6f3fe2e8e24ae873b28424981079be27e5206a470e36053b
743,mb-dielectric-0744,Li8 Fe4 F20,Li2FeF5,F-Fe-Li,32,352.586,3.103,1.556248,3f80f8fd67234b6c14ae1701a2dd8cc9c536f57f2020067c0fca3a8b51038a11
744,mb-dielectric-0745,Y6 Tm6 O18,YTmO3,O-Tm-Y,30,448.2142,6.7984,2.014772,df01c19ac0795f87c35fdc3037eaf92d8906fa81399e913aa84d6d9363eec573
745,mb-dielectric-0746,K2 N2 O6,KNO3,K-N-O,10,179.0882,1.8749,1.431217,d5fa6319068d07fdaaa9e426ef7fec10e5b9dda65b5cd3d20a44ecff525a9aa5
746,mb-dielectric-0747,Rb4 Fe4 O8,RbFeO2,Fe-O-Rb,16,294.7157,3.906,1.920797,96764d63dc9f28436ad482ade38099791999eaba2234122a50560c74d892f592
747,mb-dielectric-0748,Li4 Mn1 Te3 O12,Li4Mn(TeO4)3,Li-Mn-O-Te,20,227.4295,4.8006,2.418347,5f7d492fe9ff8206ce8101e2686c9f77313846ad290d1f7da573d2006552c360
748,mb-dielectric-0749,Be4 H16 N4 F12,BeH4NF3,Be-F-H-N,36,387.1579,1.4419,1.355113,2203df9be86ea3570f04580adff912ed001418d980657743eaaa529da0525f8c
749,mb-dielectric-0750,Si6 O12,SiO2,O-Si,18,324.5382,1.8446,1.418685,f98e8beafcb65ae506be508ba34f32711ced44f84886afd422fc42839bcd6640
750,mb-dielectric-0751,Ca10 P6 O25,Ca10P6O25,Ca-O-P,41,550.1866,2.9777,1.70849,617916d2e98d5830a4e75a761f9b5751f25049ee10ffda41f9f57996b94f3796
751,mb-dielectric-0752,Li6 Cr2 O8,Li3CrO4,Cr-Li-O,16,175.3014,2.592,1.848744,438acb4d7c9931dfd457c3edc35936cc8241ece7f0213f0acda508a70215716a
752,mb-dielectric-0753,Li8 Fe4 F20,Li2FeF5,F-Fe-Li,32,408.4615,2.6786,1.461061,b6b75b00e56dab70850090a3e8f2e803532a3e7bdb9e462f6286e51cfb09a30f
753,mb-dielectric-0754,H14 S2 I2 O20,H7SIO10,H-I-O-S,38,414.3871,2.6129,1.575119,56c02ec6653d4ebfbbe2bc23b39381e4ffc3be9417f97f9cc3d063be1bd259a9
755,mb-dielectric-0756,La8 Al7 B1 O24,La8Al7BO24,Al-B-La-O,40,434.6387,6.4754,2.215852,9f4907e44940827147ee079759792a8c4e27b81b8ff004db7be81d59b5eb6c2e
756,mb-dielectric-0757,Ba2 Pr1 F7,Ba2PrF7,Ba-F-Pr,10,183.588,4.9616,1.560817,7b211a6675131867ffa10f22202d12df3b9d69e378d68b5ad1344438dbcf6d32
757,mb-dielectric-0758,La7 Sc1 Al8 O24,La7ScAl8O24,Al-La-O-Sc,40,433.9281,6.1884,2.238973,a1dbb74bd394cde8634ef004e5ed5d7cd1855f9fb0204b2dc5573c0543a73f69
758,mb-dielectric-0759,La8 Al7 Ga1 O24,La8Al7GaO24,Al-Ga-La-O,40,448.0743,6.4996,2.188378,4dc3a236014cae1f22eb37ccc936873a39fbe9180de1d8625e317eab2e9308ed
759,mb-dielectric-0760,Nd6 Ga2 O12,Nd3GaO6,Ga-Nd-O,20,304.2478,6.5325,2.067522,1d84813049de7ad9121702588bda27c2491b9c29ad64f701fefc409cb959c497
760,mb-dielectric-0761,Li4 S2 O8,Li2SO4,Li-O-S,14,165.0748,2.2119,1.519825,ed90a20053013c5943104e4f72988d195dfd06a271a390cdbd6cc31ec5249f59
761,mb-dielectric-0762,Mn1 Tl2 Ge1 Te4,MnTl2GeTe4,Ge-Mn-Te-Tl,8,259.2478,6.7046,3.818792,94605c4afb0655a0b0ad3ac0e3a933f72683f8d6d61eecb8035be925f4868363
763,mb-dielectric-0764,P2 H16 I2 N8,PH8IN4,H-I-N-P,28,377.56,1.9525,1.63054,3eae3406665c4d7f3c051a5dc74c862c5ee4aa5ae2804d9a74403e45e80a48bf
764,mb-dielectric-0765,Ta18 Fe4 S12,Ta9(FeS3)2,Fe-S-Ta,34,621.7485,10.3231,7.531189,569a733e30413422fbe847368323a478fc61f3cceafc5ee9bd83b9f65295d4f7
765,mb-dielectric-0766,Ba6 As28,Ba3As14,As-Ba,34,1006.0926,4.8223,3.256634,f9d89668977798af4e52afdf0cadc1ad023036d390293b82e02e362df15d7eff
767,mb-dielectric-0768,Na8 P8,NaP,Na-P,16,349.266,2.0525,2.850945,54343af5fdfeb59026db6eb516c9e2a5340c7790df3852a699085338e59f50f1
768,mb-dielectric-0769,Li2 Zr4 N6,LiZr2N3,Li-N-Zr,12,169.7832,4.5265,3.043565,e1a8469c0688a9794e567fec08fe6a24e4a3feeb6abdf540602e2a73386d61af
769,mb-dielectric-0770,Mg1 H8 Cl2 O12,MgH8(ClO6)2,Cl-H-Mg-O,23,267.3082,1.8342,1.481441,79001e4c238a5d9148b2fefffa0d443e43163e92752729880fb0bf5cb7336ef5
770,mb-dielectric-0771,K4 Sn2 Te10,K2SnTe5,K-Sn-Te,16,584.0942,4.7472,3.904351,6f7ff2d97f982682929f6e80c2520a3b9cc6df7f109eadecc7050308319c1853
771,mb-dielectric-0772,K6 Li4 Nb10 O30,K3Li2Nb5O15,K-Li-Nb-O,50,677.4843,4.0967,2.307668,31d61c920f01f231ca3f89e751e0d765bbfc042d0e18bed2f83e56c393db0630
772,mb-dielectric-0773,Li2 V2 F12,LiVF6,F-Li-V,16,251.5849,2.2688,1.4723,b18658e34e64281f9fea900ed917ed5608e7456054f73c161fcac370a1391ba8
773,mb-dielectric-0774,Cr3 Sb1 P4 O16,Cr3Sb(PO4)4,Cr-O-P-Sb,24,295.0243,3.7015,2.012838,c552a49e91a8a3e1f0049e03211001bef7d8a8189d9b106dfd98ef064bd3419e
774,mb-dielectric-0775,H14 C6 N6 O10,H7C3N3O5,C-H-N-O,36,344.6828,1.5908,1.568651,ac241254d39b06bb2ff038254c5483b64fd76f7183945977966621aefb551765
775,mb-dielectric-0776,Cs3 V1 H8 Cl6 O4,Cs3VH8(Cl3O2)2,Cl-Cs-H-O-V,22,462.4919,2.6369,1.594116,21e85b3a95883b2b9d99446fb62d0695f02be9113f6a96c7f8294e34cd462096
776,mb-dielectric-0777,K1 Ca1 C1 O3 F1,KCaCO3F,C-Ca-F-K-O,7,104.101,2.5232,1.546876,45e6075144f2084efbc6904d8a773eea2511aa5dd87a54885e4dcfe00fcdcfe7
777,mb-dielectric-0778,Li4 Cu2 P2 O8,Li2CuPO4,Cu-Li-O-P,16,167.8854,3.4104,1.78757,1a7b5ec0e73ce7eb42d34ffbfaff921f1665bf13498c5afdeda3d957a46b4f28
778,mb-dielectric-0779,Li2 Ag2 F4,LiAgF2,Ag-F-Li,8,109.5257,4.6334,1.712383,b3888e00f0920a1fc653565b4c1873232cfbc99ad2f6cb24167e82deb0706de0
779,mb-dielectric-0780,Li2 Co2 O4,LiCoO2,Co-Li-O,8,73.7363,4.4082,2.550713,caae04be68a5a9da5a5b5c53231113e265abb17386bf54b77213b77e32aaf746
780,mb-dielectric-0781,Ga2 Ag2 Te4,GaAgTe2,Ag-Ga-Te,8,253.8996,5.661,4.42749,c9c1ee0f42b87a1266b97bf6ef4c10e524062dc985e1709a8fdd14b233aeb964
781,mb-dielectric-0782,Sr4 Ca2 I12,Sr2CaI6,Ca-I-Sr,18,835.7923,3.8812,1.881931,1f1307d5c0c2d61d77522ff5f02255e249ed99e0c9903b550b7a8b9848a91488
782,mb-dielectric-0783,Cr4 P12 O36,Cr(PO3)3,Cr-O-P,52,620.2787,3.0938,1.754136,ad0c570bfd1757ef328761c464e80eb3c795d92713c69834d2f6e8c4741302ed
783,mb-dielectric-0784,Ca8 Si4,Ca2Si,Ca-Si,12,332.0529,2.1652,3.970222,42b4c95aadc746b59e5913ac8a225c6ab22780184ab9769bafb265773194fcc9
784,mb-dielectric-0785,Bi1 Te1 Br1,BiTeBr,Bi-Br-Te,3,113.7196,6.0815,3.010745,8b342667661a791d7b5fedbf4fc7ef09f079d8cd9fc47bb696a0862a7fbf47d8
785,mb-dielectric-0786,Hf12 N16,Hf3N4,Hf-N,28,341.2256,11.5138,3.118178,5a269c1092819dc1a235b6d73566e93d1c1dad43c49ced5312c842c3dc6130f8
787,mb-dielectric-0788,Ba6 Zn6 Ge6 O24,BaZnGeO4,Ba-Ge-O-Zn,42,695.7773,4.8597,1.847972,2cf4c617d48f7eac50df8c5ffea55cd26cec859405b2cdf526a6dac0a3765a6b
788,mb-dielectric-0789,Ba24 W8 N32,Ba3WN4,Ba-N-W,64,1441.1004,6.0088,2.345894,376859f5301c28eb1ae9b3f36a7d4fb64241ce7692650501d531de25ac1ea297
789,mb-dielectric-0790,Ba6 W2 O12,Ba3WO6,Ba-O-W,20,367.4141,6.2534,2.046926,f5b5865b33e244baa9ff07112e66438204006984d02ee9154c390a3065a774d5
791,mb-dielectric-0792,Sm12 Nb4 S12 O16,Sm3NbS3O4,Nb-O-S-Sm,44,747.8499,6.2543,2.592334,4109cdde0fd4fe08f0b76919d8784b859f9fe42495d631e8ab8d7a9e4f9b1b91
792,mb-dielectric-0793,Na12 Mo8 N20,Na3Mo2N5,Mo-N-Na,40,641.3067,3.427,2.458869,c0424d9e916030aa86c9d0514717835ba8e05c1e7e599eba4c83baec477b44f0
793,mb-dielectric-0794,Li4 Si2 O6,Li2SiO3,Li-O-Si,12,122.5562,2.4379,1.663291,77b64f272fc4be3c01f1226b6a138c40bd15828e4ebc6ce955c60d5c4fbe4286
794,mb-dielectric-0795,Li4 Fe1 Sb1 W2 O12,Li4FeSb(WO6)2,Fe-Li-O-Sb-W,20,211.4129,6.009,2.292162,4d5f2b4b0764a48f8833e5a1a9c1a7b4e336f6640d423d8c0fbc2ca9a46daec0
795,mb-dielectric-0796,Li4 H4 Se2 O10,Li2H2SeO5,H-Li-O-Se,20,244.3901,2.3761,1.533775,6141f39a42cde28f3fbe2b23c52154f44490864e54dab823a22f1395154ab052
796,mb-dielectric-0797,Ca4 Al4 H20,CaAlH5,Al-Ca-H,28,265.6035,1.803,2.202457,54ea671803335dd33269ed279436a05c61b17df45c9dc71337c1a55b3efcf106
798,mb-dielectric-0799,Li20 Si2 P4 O24,Li10Si(PO6)2,Li-O-P-Si,50,514.4359,2.2688,1.587255,d5fe9ac904ff6d3ac2ce88b04c821819e462ce5e841fb589bbc89c5bde0ddf07
801,mb-dielectric-0802,Zn4 Sb2 N6,Zn2SbN3,N-Sb-Zn,12,160.9144,6.0801,7.23874,a8ca550c3654a1438765fc6f721bdde44dc520414edbc53b3bf83346950763f2
802,mb-dielectric-0803,Li4 Cu2 P2 O8,Li2CuPO4,Cu-Li-O-P,16,170.2743,3.3625,1.782356,a8db066866eb6f24e7ab9c76f36592dcd11b734b57c9b0f3cee7693e29c8922b
804,mb-dielectric-0805,K1 Li1 Mn1 S2,KLiMnS2,K-Li-Mn-S,5,109.6867,2.4995,2.130183,9e2d80ca19f035a9cc43af62fec996cf19c9c09db37c62f46048c9487f77e00d
805,mb-dielectric-0806,Li4 Mn6 Ni2 O16,Li2Mn3NiO8,Li-Mn-Ni-O,28,278.9263,4.3505,2.553738,58f3365bf838c56930b88499a7ec0043ef80f7ac1b6f470d5e11bcc5e82c6b75
806,mb-dielectric-0807,Rb2 V2 Cu4 S8,RbV(CuS2)2,Cu-Rb-S-V,16,377.0057,3.4511,2.37428,7938bdb950dcef7e2a8decd618232847ca990a55a056430731fc65c4d3d79620
807,mb-dielectric-0808,Li2 Tm2 O4,LiTmO2,Li-O-Tm,8,98.989,6.9742,1.935648,bc34b81ae1e2a7fff1a760a9dad1aecf6d7ed8a5fbae48c1b86f5813d2c9b57a
808,mb-dielectric-0809,Li2 H6 Se4 O12,LiH3(SeO3)2,H-Li-O-Se,24,270.8575,3.2355,1.759902,6b47da527ee8c8a24924806202f237e8ff25e4c566e9fe9ac276187dc9432277
810,mb-dielectric-0811,Rb4 V6 O16,Rb2V3O8,O-Rb-V,26,475.4818,3.1554,1.831111,22987b513a0ae5787d453dd1470614daba0f6797434980e7f8a2b63da8e43050
812,mb-dielectric-0813,Cs4 Be8 F20,CsBe2F5,Be-Cs-F,32,523.7706,3.1186,1.387118,c72a0492f629136af7f3c4b131382ef5ba0d4661406574bf3b2009d122b50240
813,mb-dielectric-0814,Rb32 Si32,RbSi,Rb-Si,64,2293.2629,2.6311,2.41575,71d055ccfdf59c47d12ff39ceed06f3517218a94765d3ccd19ba65b981fbf628
814,mb-dielectric-0815,Na5 Fe2 P2 C2 O14,Na5Fe2P2(CO7)2,C-Fe-Na-O-P,25,307.2612,2.9,1.661009,3c2949a54af71063424a56ab3371c0695b6c31e08f5845b09270853e6597e4d5
816,mb-dielectric-0817,Sr1 As2 S4,Sr(AsS2)2,As-S-Sr,7,196.2205,3.095,2.458669,465cdd911ed85ed39e321b7fece494ab69012fead9793aa4ef3ae899d262e05e
817,mb-dielectric-0818,Na8 Sn4 O8,Na2SnO2,Na-O-Sn,20,344.2224,3.7953,2.074174,4d31637dcafde239c0bfba1691f6c68f66911a75472015cbc77bccb98add5e0a
818,mb-dielectric-0819,Sr4 Al6 W1 O16,Sr4Al6WO16,Al-O-Sr-W,27,447.6114,3.5324,1.649018,10dc5a7b6c14566a350207ab29e1e96b4d4d02bb00f64f344658e4c8a829e972
819,mb-dielectric-0820,Li2 Mn1 Cr3 O8,Li2MnCr3O8,Cr-Li-Mn-O,14,148.0519,3.957,3.464085,0f00d55e87e5701b5a595eef85bde92a27b72081ea57e91d68fa221d99a953e9
820,mb-dielectric-0821,Li6 Mn1 Fe1 P2 C2 O14,Li6MnFeP2(CO7)2,C-Fe-Li-Mn-O-P,26,279.358,2.7485,1.648692,581ea38d7f176ee68b81a29001e45d603746f5a6b3ff5aa18794059b2dc83d90
822,mb-dielectric-0823,Li2 Al2 Si4 O12,LiAl(SiO3)2,Al-Li-O-Si,20,308.7722,2.0015,1.472277,76468bc5ef8b95bdda9ed5e5b9aa54b65e647114a880bcd7af79f987cf0b0200
823,mb-dielectric-0824,Li12 Nb4 O4 F24,Li3NbOF6,F-Li-Nb-O,44,470.9295,3.4375,1.611856,dd3eb9348c996f23d206fea45aebbc96de1ba5fed468ca6aa848d6f3979b92ed
824,mb-dielectric-0825,Ba12 B8 N16,Ba3(BN2)2,B-Ba-N,36,715.8851,4.5429,2.126598,237c5a97cb7b40e7d0a37f4543d462bbbc6dbcd8cca1dde700b6a568ce4abf85
827,mb-dielectric-0828,Ca3 As1 N1,Ca3AsN,As-Ca-N,5,108.5313,3.2002,3.011976,f8e30f426afd5f6c35bfecc7614514fdedeba2f1a5dbcedd1dc863a14717c148
828,mb-dielectric-0829,Li12 Cr4 B4 O20,Li3CrBO5,B-Cr-Li-O,40,374.2881,2.9037,1.915645,5e2d3cd0dd6ef21fcb1af41c5233809e7d4255671e0b10f162b9afabbfad3def
830,mb-dielectric-0831,Cu2 Hg1 I4,Cu2HgI4,Cu-Hg-I,7,242.3378,5.7236,2.693994,91bacad02988a5b4b9dce41002335205dab0053ad1288432f174b1fe28f2d0a3
832,mb-dielectric-0833,Na4 Fe2 O4,Na2FeO2,Fe-Na-O,10,135.0295,3.2914,1.948881,e00b2ee9b92f82db3b06abc0c7f5a96af831024275068d47f9de048712c014da
833,mb-dielectric-0834,K2 F4,KF2,F-K,6,129.0232,1.9844,1.40226,985509f800ac9d85919dd704124383d31525469e8c0fa1e58e11feef820be3ed
834,mb-dielectric-0835,Li6 Fe1 O3 F3,Li6Fe(OF)3,F-Fe-Li-O,13,152.6502,2.2026,1.56535,81e3f54face64f9f91ae3ec49461d28b6899ee5fd320fc72500abbf7f061e9d0
835,mb-dielectric-0836,H16 Pt2 O12,H8PtO6,H-O-Pt,30,227.0104,4.3764,1.990178,65d41e031d4aac62c1c4ffd92b63f552955127a5cbdd60e8616aea5543dd7592
837,mb-dielectric-0838,Na1 Y2 F7,NaY2F7,F-Na-Y,10,147.0863,3.7683,1.50638,b52b5ff0532e075f62e4f2c6ac8c265291ae5063ea5e84c708d3eb192650497b
838,mb-dielectric-0839,Li12 Cr2 N8,Li6CrN4,Cr-Li-N,22,205.8452,2.4147,2.360329,60a9171c302db76f506b90b41f70cb5021c7f48a6b5fb8ae3821a6311303c9fb
839,mb-dielectric-0840,Na8 Ga6 Si6 Cl2 O24,Na4Ga3Si3ClO12,Cl-Ga-Na-O-Si,46,742.3833,2.7415,1.559554,4c3f7e894786d788f235b0479a2349731f714bb7a475aad6eccfed3f0b9b8685
840,mb-dielectric-0841,Sr6 B2 N6,Sr3BN3,B-N-Sr,14,248.4878,4.2193,2.755386,d52a537d5b5eaceccd761de02c75ea22086c9835a63a6c94a22aa368cae98365
841,mb-dielectric-0842,Na3 P1 S4,Na3PS4,Na-P-S,8,173.2517,2.1872,2.040749,a147e04cba09d17edb8053953e10db653444d407b75d382f18c55dcac488e28c
842,mb-dielectric-0843,Na2 Nd2 P2 C2 O14,NaNdPCO7,C-Na-Nd-O-P,22,369.725,2.8943,1.840982,1af91c513b5f43da43af8c996669a1a19843d0b803086dc445edd5b83155ec02
843,mb-dielectric-0844,Mg4 O4,MgO,Mg-O,8,98.213,2.7258,1.742572,42d57d549fa6bae503dea4414a6d81949349536589b9eba74838fae45f3672da
844,mb-dielectric-0845,Ag4 O6,Ag2O3,Ag-O,10,132.9283,6.5891,3.832269,09ee5615d5352eb55291c46bc2e1d2a1316a2ceb4306dc25a877d7679e339897
846,mb-dielectric-0847,Rb2 Ge4 N6,RbGe2N3,Ge-N-Rb,12,166.5763,5.4383,2.410619,d477ad29a7c66a8fc4d8838f15ea1a8311cf48725c63472ae7581689f5755a7c
847,mb-dielectric-0848,Ba4 Ge4 O12,BaGeO3,Ba-Ge-O,20,356.8195,4.802,1.794409,dffd39c2f21b3df231b9a54918aabebd863d289dd109f9ba901e372992764825
849,mb-dielectric-0850,Li2 Fe2 O4,LiFeO2,Fe-Li-O,8,74.6201,4.2185,2.311773,76e2dd2b2dd6009c7e55c6345335c6b6ca5261c1641c4dd45af65cc901efead2
851,mb-dielectric-0852,Al6 In6 Se18,AlInSe3,Al-In-Se,30,832.2298,4.5335,2.634723,ac4d3831915672199a5dd3e6399cf93126cf6dd445f1022ae7057c767fdf5195
852,mb-dielectric-0853,Al2 Os1,Al2Os,Al-Os,3,42.2482,9.5979,4.159647,b5be3fac42b0f6e3c00bff570dec83eb46e84fb7779939cae722aaa96c4d0b64
853,mb-dielectric-0854,Na1 Nb6 O15 F1,NaNb6O15F,F-Na-Nb-O,23,310.8225,4.4845,2.553615,eb9d711ddd424dda10f73a1652473a7286614b806ea2ea3313a5c9b1a7510b20
855,mb-dielectric-0856,H20 N4 O4,H5NO,H-N-O,28,257.9676,0.9024,1.431863,0921995459aadab24096b2ef150ac7e5d4488f9309f665d1c27d2093a11eeae4
856,mb-dielectric-0857,P4 H4 F8,PHF2,F-H-P,16,248.8021,1.8682,1.526549,6cc4be433e4b883a7d7937eff130c94963107dc2ea4b5d02e81db65272ccf2fd
857,mb-dielectric-0858,Li1 Mg1 Bi1,LiMgBi,Bi-Li-Mg,3,80.3345,4.9656,3.606464,518677fa294b08284d430370161378a7e01247057b10efc7a1821256b442fe55
860,mb-dielectric-0861,Li4 V4 N8,LiVN2,Li-N-V,16,184.845,3.0866,3.117084,fc21db2b72db2492761b43d772f5f5e56388a303a0270937efdff6fefbd08409
861,mb-dielectric-0862,Na24 P8 O32,Na3PO4,Na-O-P,64,823.5935,2.6443,1.533334,c474a419da0c43b0c998e83f4ddde6c02fbea34d58b777dc2357b2df6a0e0a06
863,mb-dielectric-0864,Cs8 Ti4 P8 O32,Cs2Ti(PO4)2,Cs-O-P-Ti,52,980.1107,3.413,1.633902,7bcba6af326c628bb7d6bd55b68302261413bc2162b1c2d5086529e2e1b09e02
864,mb-dielectric-0865,Ba2 Sn4 H4 O8,BaSn2(HO2)2,Ba-H-O-Sn,18,313.8212,4.6644,2.09477,03693b533df8a64927cfaa16808a104954653511faff7cd15dc89b6f11e5fa29
866,mb-dielectric-0867,Ca6 Ga2 N6,Ca3GaN3,Ca-Ga-N,14,228.793,3.3673,2.566029,a403c5c2e9d83b92caa7043f1ed04c30b702606d48f9363c1f2e0c97c0cf3efe
867,mb-dielectric-0868,Bi2 O2 F2,BiOF,Bi-F-O,6,93.565,8.66,2.25622,17eb847602e433c68fbbb04b39771661178f7eac00920b59450ed42a86680a48
868,mb-dielectric-0869,Ca8 Sn4 S16,Ca2SnS4,Ca-S-Sn,28,740.3845,2.9347,2.326734,0801e394b2eca01d72148408b20e01894febb5734b19ba3386cc4078757a67da
869,mb-dielectric-0870,Re2 Pb2 Cl2 O8,RePbClO4,Cl-O-Pb-Re,14,262.4395,6.2369,2.03272,77f70b8b4d1f31da8cbc34448a8a1c9036ec59d44ebd1a40f92e76e382626212
873,mb-dielectric-0874,Na6 Zn2 P2 C2 O14,Na3ZnPCO7,C-Na-O-P-Zn,26,315.4058,3.0468,1.612045,08b32f609fb308c263f9aa9ce76f060bf33692719bd348cd15a10fcafd8515b8
874,mb-dielectric-0875,Te4 O8,TeO2,O-Te,12,188.7792,5.6155,2.362825,4367e8c80f308f5cad97638c336d64ad163e42789a14235db8a39016fcbb35ca
875,mb-dielectric-0876,Ba8 Na8 O12,Ba2Na2O3,Ba-Na-O,28,572.5461,4.2765,1.9778,300facb7cf7f902cb702d10c4a9f28d3c74d8f11fb01639015096034f6766b7e
876,mb-dielectric-0877,Li6 Be2 P2 C2 O14,Li3BePCO7,Be-C-Li-O-P,26,267.3431,2.2959,1.589889,37ddd563dbe134083c631b99255016c3f4e4ea2e432837828b4d10a923502ba7
877,mb-dielectric-0878,K4 Ge2 F12,K2GeF6,F-Ge-K,18,283.3864,3.1036,1.409515,a75fbfbbc5fff9a83b1b220f35a7b2d44a8bbf911f25a5dc593ddc9591a7d0f9
882,mb-dielectric-0883,Ca6 Sn3 S12,Ca2SnS4,Ca-S-Sn,21,474.0656,3.4375,2.766558,e9173dfb2c5ee8a8e784ab99218a22d06c1271b35fa0101344384f6158e14bf5
883,mb-dielectric-0884,Pb4 F12,PbF3,F-Pb,16,266.6416,6.5812,1.858224,6af9698b13e1eb0ddb455075729db0d5afbd03f5dc2e66336e2db67976a69399
884,mb-dielectric-0885,Re2 H8 N2 O8,ReH4NO4,H-N-O-Re,20,239.3615,3.7218,1.623124,6d8dcc50114c221b0a894f2bb0b6942903702b68b352f85e8b617a0baed395be
885,mb-dielectric-0886,Li2 Ag1 F5,Li2AgF5,Ag-F-Li,8,106.8937,3.367,1.961364,ea41906ca61721f7c5263aa177ca66e2ced8be55012dd6504b6941c5ed9adf00
886,mb-dielectric-0887,Mn1 Sn3 P4 O16,MnSn3(PO4)4,Mn-O-P-Sn,24,334.2624,3.9293,1.875361,d66237cc5274e0d6ac0053b356faf6d370df6a1e1910998dfb7303d43a209607
887,mb-dielectric-0888,Li4 V1 Ga3 O8,Li4VGa3O8,Ga-Li-O-V,16,182.5475,3.7829,1.869468,f05d0ee6ddf696256e80e3eca842bddafaf63bc4f3149d1fb2c749178e131d53
888,mb-dielectric-0889,Si4 C4,SiC,C-Si,8,83.9632,3.1719,2.668955,8de7778a88cab06aa4b34066f636e88d6fa9c3c2782828a8c6bc6df9b4131fec
889,mb-dielectric-0890,Ba2 H6 Ru1,Ba2H6Ru,Ba-H-Ru,9,131.8103,4.8095,2.104737,73916d199f405eebbcbda105474dddcc18fc7d313b607330f9f5478060f59f28
891,mb-dielectric-0892,Sr2 H8 O6,SrH4O3,H-O-Sr,16,155.5505,2.9816,1.663467,fafaf3af9a8f65928705440f7a12a30c07ad0c2885488d9a9c1b75ae14faf1ca
892,mb-dielectric-0893,K1 Ag2 As1 O4,KAg2AsO4,Ag-As-K-O,8,130.08,5.0265,2.051233,ba4ac2a1df1ae54684d37d82d6d5da6e7b918b57b5d3cb1079684d06d8d307cf
893,mb-dielectric-0894,Li3 B3 F12,LiBF4,B-F-Li,18,242.7106,1.9241,1.288005,1d39baa7fd3d0d66f89010e7aa76475a4d7404578307baa10950abb0293fe4a5
896,mb-dielectric-0897,Sr3 C3 N6,SrCN2,C-N-Sr,12,211.1521,3.0114,1.774528,37288c3841437466215e23fee8a197a0526fa17eff546c4104b15bb2b51ca63e
899,mb-dielectric-0900,H8 C4 O8,H2CO2,C-H-O,20,215.0688,1.4214,1.443851,aaac94b5305071b7c59acdad1282b8793bb922ef49f1a650406972cc883a6d02
900,mb-dielectric-0901,Li7 Cr2 O8,Li7Cr2O8,Cr-Li-O,17,184.3487,2.5273,1.961179,f1244037136b0082a6e41db37631b14e6d97c821bd4280858c3c9b1178c01792
901,mb-dielectric-0902,S2 O4,SO2,O-S,6,151.9292,1.4004,1.555351,735b0febb5668cf6fd6435e5314aec6457221e65bb1f86986d76f1ae4d5bd369
902,mb-dielectric-0903,Na4 Sr1 Si3 O9,Na4Sr(SiO3)3,Na-O-Si-Sr,17,231.477,2.9256,1.618125,9c290f6799117eb9ca21c91fd27e813a906b26b6c456c67fecf4c32c8b244358
903,mb-dielectric-0904,Rb6 Te6,RbTe,Rb-Te,12,590.1361,3.5972,2.060343,83390e4c51db5eb4b8c585eae2acdd5141244d56ac1ae36c53ab2e691946e771
904,mb-dielectric-0905,Cd2 Si2 P4,CdSiP2,Cd-P-Si,8,173.7481,3.8696,3.284507,baedacd574697cdba3c23af88c46c20215cadef08fe14a9689529ac73d023ec1
905,mb-dielectric-0906,B4 H16 N4 F16,BH4NF4,B-F-H-N,40,379.1129,1.8369,1.366138,9b304d21761e200365158285ee4a33d99061a738a5c81a9b4177f037c689fa19
906,mb-dielectric-0907,Li6 Yb2 P2 C2 O14,Li3YbPCO7,C-Li-O-P-Yb,26,286.6795,4.0412,1.629584,c3c422f063eaea514808af821090248b6bfe0e3c0a40dfc464889e8be8105272
907,mb-dielectric-0908,Li6 Zn2 P2 C2 O14,Li3ZnPCO7,C-Li-O-P-Zn,26,278.7228,2.8741,1.644781,34c21ef79e63189d87d725ae9744625f83cd5e34cb891d5fd20f317b13ef0986
908,mb-dielectric-0909,P2 I6,PI3,I-P,8,406.9525,3.3597,1.908,ffa51c77c82e51e65a7a793d02af0d4babd4c95c3fdb9757df836e3adb6949c9
909,mb-dielectric-0910,Li4 Sn4 P4 O16,LiSnPO4,Li-O-P-Sn,28,436.963,3.3536,1.775619,5179395cedcb63e58f33fd296f779798e58f92a2056d2c193bc4f6e97549cd7c
910,mb-dielectric-0911,Ga2 Hg1 Se4,Ga2HgSe4,Ga-Hg-Se,7,190.5799,5.7147,2.929372,9937e84c62358088f60ff37ef8f1659af4500568d7fd40e9c099bfdfe59fb3da
911,mb-dielectric-0912,K4 H4 O4,KHO,H-K-O,12,176.0759,2.1165,1.550806,03d61aa860d31f552a9b4de3430d1c9d7a3e2169a2a952bdf048b040411b3296
912,mb-dielectric-0913,Sr2 H1 N1,Sr2HN,H-N-Sr,4,80.4254,3.9282,2.36688,34ead0fbed0ca6e06ffdfa3553bc50dded726f7e3dd27de4c56081ed8ee1bad1
913,mb-dielectric-0914,Ca2 Pt2 O6,CaPtO3,Ca-O-Pt,10,118.7651,7.9181,2.703446,6148e43a4dea10dde248c614bfac21c487716abda63cdc06ffbd2c7d6d969d23
914,mb-dielectric-0915,Hg6 Te4 Cl4,Hg3(TeCl)2,Cl-Hg-Te,14,450.2469,6.8441,2.579562,1cf8ffe2d641544debdf26c2a8927dc16688ce353b5a73c440b1db77cd09f654
915,mb-dielectric-0916,Li4 Cu4 O8,LiCuO2,Cu-Li-O,16,183.2597,3.7145,2.453675,e6b5adfc7375be2a5ecf8c91bf1216b10647b76094449b5dfff19cd85646d141
918,mb-dielectric-0919,Fe4 H4 O8,FeHO2,Fe-H-O,16,143.6887,4.1073,2.453266,35cc9af72a6fa462934707ea8dc154562b336b4515418f898836ae4feb9f579b
919,mb-dielectric-0920,Ba1 Ca1 Ga4 O8,BaCa(GaO2)4,Ba-Ca-Ga-O,14,202.9544,4.7806,1.879895,828b0fdc1e8aff8af2a539016e4134849de524d503028023b7a101ed96fb1a14
920,mb-dielectric-0921,Er2 Ag2 Te4,ErAgTe2,Ag-Er-Te,8,236.1633,7.4578,3.350477,742053a94730f6e968f2a0a7ec756e8ebf324e4e81cc2b2866f4102bfea95a5c
922,mb-dielectric-0923,Ca6 Te6 O18,CaTeO3,Ca-O-Te,30,542.8141,3.9587,1.837552,450ace5fe525389bd4e80b3fb0980fcd70b6b899b5b0802d0710490806096a21
923,mb-dielectric-0924,Na9 Re3 O15,Na3ReO5,Na-O-Re,27,375.5935,4.4455,1.76885,e5ad09edf6e9df5ba5a889ed376eba9227630afa214a154dd24514c9f43b43bb
924,mb-dielectric-0925,Ba3 Ge12 O27,BaGe4O9,Ba-Ge-O,42,581.2533,4.9013,1.863505,6a26e685699d8908113ebf63a1daa21db0b8ca7623d0ed9ce6afb1d97ba6ec6c
925,mb-dielectric-0926,Li2 Ag2 F4,LiAgF2,Ag-F-Li,8,93.1354,5.4488,1.830239,bb22b1d868a6aeb22a65eb79cfd44128a520636ec7227089b353790ea87ba688
926,mb-dielectric-0927,Ba2 Mn2 F8,BaMnF4,Ba-F-Mn,12,201.6923,4.4172,1.552889,523399bd5190792856780345d1c58a8d623c3849d778cdc33dae190f43726633
927,mb-dielectric-0928,H12 N4,H3N,H-N,16,133.9306,0.8446,1.477986,2e7501dc10ef2d3e23a99a9bbff30b4d4875a961d4ec298ba7cc44ed3b7abebd
928,mb-dielectric-0929,Pr4 Be4 Ge2 O14,Pr2Be2GeO7,Be-Ge-O-Pr,24,291.8642,5.5128,1.96548,46867152d59712478806075972620c8119640e1a5e6f1a4545f40a0f1546d892
929,mb-dielectric-0930,Cs2 Nd2 P8 O24,CsNd(PO3)4,Cs-Nd-O-P,36,592.0789,3.3264,1.590862,eba64aeb5dcd25a962c9484af97264d9ed3f76f64a07730df559d49559ae8787
930,mb-dielectric-0931,Mn3 Cr1 P4 O16,Mn3Cr(PO4)4,Cr-Mn-O-P,24,286.2573,3.4613,2.211995,ae7141fa4c3d7132f54eea1a824c6a180786160079592b53a896d3be210b9ac1
931,mb-dielectric-0932,Y2 Se1 O2,Y2SeO2,O-Se-Y,5,88.3628,5.4267,2.350477,e176b76a4bc741747154238dab194bb8b1978c630de6305ccb54d81760ea6efa
934,mb-dielectric-0935,Lu8 W4 O24,Lu2WO6,Lu-O-W,36,460.7719,9.0783,2.115554,bde5a4cda35021e04f74293c3413e90f64edc002886830908dc8ccc71f2a90b3
936,mb-dielectric-0937,Ni1 H12 Br2 O14,NiH12(BrO7)2,Br-H-Ni-O,29,291.9132,2.5859,1.606653,2ed1eb0e81cda1dd525c2a8330dfaf3793da04bf1ebd53972ab823c42789ec5c
938,mb-dielectric-0939,In2 Cl2 O2,InClO,Cl-In-O,6,128.8775,4.2847,1.861729,4e82177457dd1fee007be2d93b23f393bc1ddb544c93adf0566a75bb5398fe09
939,mb-dielectric-0940,Li6 Ca6 P6 O24,LiCaPO4,Ca-Li-O-P,42,511.7432,2.7644,1.65811,ec3540e9b79d8ad25278e56ca43b8c45e7a14579b81e9a282efc7cade2bf635b
940,mb-dielectric-0941,K2 Pt1 Cl4,K2PtCl4,Cl-K-Pt,7,215.1722,3.2034,1.826553,38f0f81291b882fb0cf1067488d7a890f6b2e4afe59bf133b78b7e77778fe6ee
941,mb-dielectric-0942,V2 Zn4 P4 O18,VZn2P2O9,O-P-V-Zn,28,377.0688,3.4147,1.731954,cff9dfd3f503b7406037cb6ab653775bcf1c45fd35d5657f5b5fae60abcbaa5a
943,mb-dielectric-0944,Hg3 Br6,HgBr2,Br-Hg,9,305.121,5.8841,2.131402,b273672746675362795d8610ab1c6032113e907fed3c320ed6994fa2e415efa9
944,mb-dielectric-0945,Mn1 H2 O2,Mn(HO)2,H-Mn-O,5,48.8804,3.0219,1.754242,f39eb9146ffc21e33c7856b8f959cfe7b2d8faa4e1a316ecba823080c2f08efb
947,mb-dielectric-0948,Ba2 Sr1 I6,Ba2SrI6,Ba-I-Sr,9,374.7537,4.9791,2.106683,4aa59e8ef685dfb97340345d2cd41f0f5b512defdd6f21d4a911145fb6ca00df
949,mb-dielectric-0950,Be4 H8 O8,Be(HO)2,Be-H-O,20,135.7159,2.1058,1.627957,7ff4dece5c4e0f203262c785ee418d93824d98bf1b77f555b4b4cb8ec119ee9b
951,mb-dielectric-0952,Li1 Mn2 F6,LiMn2F6,F-Li-Mn,9,114.6714,3.3423,1.60669,1601a6cda52bb3a9f78378d9464dfa92cb6e6debcd7f00ef717202574af1c789
952,mb-dielectric-0953,Si23,Si,Si,23,515.3801,2.0813,3.47023,cbea38ca1b3f0a36daf346b46c7613d36039dcc9938151a70b660f9760338da5
953,mb-dielectric-0954,Si10 O20,SiO2,O-Si,30,639.7146,1.5596,1.352775,7f302c03d7c4956bbbe78609af382d9a382bec4f9bfa416dfa204f398315222d
954,mb-dielectric-0955,Tb4 Pb2 S8,Tb2PbS4,Pb-S-Tb,14,311.1259,6.9737,3.112475,f68a83a3a13fdbdb338eb017ca82ef1a8123b1c4c9073cede014663a242cc35f
955,mb-dielectric-0956,Rb4 I2 O1,Rb4I2O,I-O-Rb,7,297.021,3.4197,1.713954,442adf89fef762b11168197b4a97ce9c1d3f5dfd7669f74e2eb2866232c8e2e6
956,mb-dielectric-0957,Ca2 Sn1 S4,Ca2SnS4,Ca-S-Sn,7,180.9083,3.0027,2.339929,7881a6f36a3b4a7f6be8700081a74fd9fde9b7541ae641355b5eb1dd70d82b49
957,mb-dielectric-0958,Dy2 Ag2 Te4,DyAgTe2,Ag-Dy-Te,8,239.8586,7.277,3.356027,6d0bccdb7504db0944aa88209a26575a85313bcfbd7f37d5fd12bd2e057fad93
958,mb-dielectric-0959,Cr4 H4 O8,CrHO2,Cr-H-O,16,145.8843,3.8702,2.094149,6f9a36b8854c7dd0cce570e50ae7a7d2291a896685a9259a8a9435a126d157fb
959,mb-dielectric-0960,Rb2 Ni2 Br6,RbNiBr3,Br-Ni-Rb,10,301.2558,4.2319,2.036328,14372ef00390f8fcf639290e961bd32ead06dfe9f1a450a1c14c19ca0ea7ecac
960,mb-dielectric-0961,La6 Cu2 Ge2 Se14,La3CuGeSe7,Cu-Ge-La-Se,24,625.8645,5.8669,3.002826,45c15b880a35494e32ee74ba968b36a518ce70eeab936905ea4248862c67a4a4
962,mb-dielectric-0963,Ca3 P1 Cl3,Ca3PCl3,Ca-Cl-P,7,186.4808,2.2935,2.090367,bd8a50bfe2efafb9efa94891c8e84aef93fe5b186e6752d4dee6e5c2fb0f3ddb
964,mb-dielectric-0965,Tb6 Cu2 Sn2 Se14,Tb3CuSnSe7,Cu-Se-Sn-Tb,24,595.293,6.7602,3.123933,b3f9af2da2e5288b7d89786029f4810353f22111addbac0c22e09d2f331be60b
966,mb-dielectric-0967,Ca4 Zn2 Ge4 O14,Ca2ZnGe2O7,Ca-Ge-O-Zn,24,340.0446,3.9344,1.821151,7249ab7e8c20108bd5e979135da9a2537bdf10684c87eea58afe7c9c97c30e3c
967,mb-dielectric-0968,Sr3 Cu6 Ge3 S12,SrCu2GeS4,Cu-Ge-S-Sr,24,506.568,4.0872,2.802965,732bee705a965dba7904337084603e77d8070b5d236893864af2465f049fb096
972,mb-dielectric-0973,Nd6 Cu2 Ge2 S14,Nd3CuGeS7,Cu-Ge-Nd-S,24,529.1534,4.9793,2.781345,4f9ae670d220a3285acc7326ab43bf4579ade04710fa86a62c06d2c63c76f5d4
973,mb-dielectric-0974,Cs2 V2 Cl6,CsVCl3,Cl-Cs-V,10,295.0369,3.2667,1.75619,0f85670a66c6edd76b047f1aa27aff240135db7ead08fd870f484272bd6de418
974,mb-dielectric-0975,P4 H4 N8,PHN2,H-N-P,16,156.5535,2.5454,1.934611,12cd522288c9120be0a4edcfe8e59697b6ba1474c6ab0281902434fc78a33795
975,mb-dielectric-0976,Ge4 Pt4 Se4,GePtSe,Ge-Pt-Se,12,227.7411,10.1112,4.844982,ca512d230dcfeb4362cf36b722e2d49f2e2a9a716630aceb4a874e4f5b2c8e11
976,mb-dielectric-0977,Na6 P2 S8,Na3PS4,Na-P-S,16,352.4146,2.1505,2.019813,e1e4b8ea3d5d6675257b173970ed9f3e6bb8904a31371859d1789ef99c354623
977,mb-dielectric-0978,Pb4 O4,PbO,O-Pb,8,188.001,7.8857,2.291842,dbb73d2463736d46dfcf3f422bc1739474f66a1015bfe6712da3a168dc2314f4
978,mb-dielectric-0979,Ba4 Na1 Cu1 C2 O10,Ba4NaCu(CO5)2,Ba-C-Cu-Na-O,18,273.6386,4.9752,1.932617,be4fd807f72cc2761b8a81c46c293bff22530d3a3a826c9ebc6a7f5b7147a265
979,mb-dielectric-0980,Sr6 Si2 O10,Sr3SiO5,O-Si-Sr,18,263.5115,4.675,1.863357,1589b8ddbd8c5721b708a963f96c422b55d7608fac6ca48a04a54eaf66e45a29
981,mb-dielectric-0982,Si2 H16 N4 F12,SiH8(NF3)2,F-H-N-Si,34,293.8736,2.0133,1.409373,a7c5412ebd7a0a97f557a308f3ad2e256afa2e54db2c5c8a08235f8c2198b43b
982,mb-dielectric-0983,Li4 As4 H8 O16,LiAs(HO2)2,As-H-Li-O,32,380.7154,2.5799,1.578371,1190ee50b603bca6fcafc53a9382229d841d2c7fa2181da64c6d98b19f42d897
983,mb-dielectric-0984,K2 H2 S2,KHS,H-K-S,6,144.1203,1.6631,1.673619,8da756f06d72a66d71270cfecc37dafa04b97c4db3f4ef4115d421d0652242ed
984,mb-dielectric-0985,Na10 Sr1 Sn12,Na10SrSn12,Na-Sn-Sr,23,732.2664,3.9504,3.897981,283eb52f320f79d815db2b5108232b20dfe2cc511344b5397ad23d1c9e7b8e76
985,mb-dielectric-0986,Na2 H2 S2,NaHS,H-Na-S,6,105.9737,1.7569,1.811169,b0536d5589a1c96be5c0b17abbcc2709219edb54b51f3b257ba6295228540515
986,mb-dielectric-0987,Hg1 H12 Cl2 O14,HgH12(ClO7)2,Cl-H-Hg-O,29,308.4134,2.7329,1.534166,cf127889faef407909464828354ee5c4f6f130ca8d3702f9d03a3350201b449a
987,mb-dielectric-0988,Zn2 O2,ZnO,O-Zn,4,49.7187,5.4379,32.973171,ff1d4f775762058f246eed8d614b7bd66b2fa009a48754ae63bfd13f85044882
988,mb-dielectric-0989,Li4 Mn2 F8,Li2MnF4,F-Li-Mn,14,162.3596,2.9622,1.456251,677fe474874d7d7971eb34be5e420faab619caa29ac78bdb086a09f4a0c00a48
989,mb-dielectric-0990,Ca3 Ta1 Ga3 Si2 O14,Ca3TaGa3(SiO7)2,Ca-Ga-O-Si-Ta,23,293.568,4.4715,1.865799,3333b57e2c636be35050828d2533dcd38ebdaa338da417719c4bb3d5d14d2e08
990,mb-dielectric-0991,Li4 Cr2 C4 O12,Li2Cr(CO3)2,C-Cr-Li-O,22,245.5316,2.5144,1.641145,27e4d7c6e4ee90da6bc4c69339ae94ed1b99c5bd4658cec4128974b4c4c069c3
991,mb-dielectric-0992,Be2 Al2 H10,BeAlH5,Al-Be-H,14,128.4556,1.0609,1.878772,bde4f8a297df3f62b3bb48e49d5a7c5b18bd6d2c21178a301a4d7056f2c8a84f
992,mb-dielectric-0993,Na1 Sc1 As2 O7,NaScAs2O7,As-Na-O-Sc,11,150.1883,3.6462,1.844404,a25682cb9b7dd4282cdbeec631956634e9f39d1d17b396a2bb18051d232ca154
993,mb-dielectric-0994,Sr2 B8 O14,SrB4O7,B-O-Sr,24,207.4947,3.8871,1.777485,e95423a9bcefb34e43abd1180a8fa4ca6ea3de1bd293029c28b5e6c3fbd8722c
994,mb-dielectric-0995,In2 Sn2 Br6,InSnBr3,Br-In-Sn,10,392.5375,4.0039,2.288504,ab454cde83292aa8d13d111b8196ff3e82413ba6edde0c53b347cd31d2bd6b00
996,mb-dielectric-0997,Li2 Re2 O4 F8,LiRe(OF2)2,F-Li-O-Re,16,212.2137,4.7128,1.604695,ff94364eeeb5211a9ab7bb1eb9a916ea2cba272bb0ff5587f2f519089c3a310d
998,mb-dielectric-0999,Cs2 Ta2 N4,CsTaN2,Cs-N-Ta,8,176.0407,6.4495,2.499849,6893c23715526e5f689f7143291648a894cb0ac8e1ef10f19bdec4f4de5e2829
999,mb-dielectric-1000,Na2 Hg1 O2,Na2HgO2,Hg-Na-O,5,81.3279,5.6878,1.902223,bbe8619e6b85b35ab5eb05498440159bf03fa42712d8937b7d22a6f4a747e2a8
1003,mb-dielectric-1004,Y4 Be4 Ge2 O14,Y2Be2GeO7,Be-Ge-O-Y,24,269.0829,4.6959,1.944409,3d0c6eeb685f7137e9267214dae96002f13e0d2ba46bd16c7f17278092be73d1
1004,mb-dielectric-1005,Li1 Fe5 O8,LiFe5O8,Fe-Li-O,14,152.7889,4.5012,2.325154,2d6d19dca5e444d329049681b4cc590c4262905119554c9f8123348e38d67b62
1005,mb-dielectric-1006,Sc2 C1 Cl2,Sc2CCl2,C-Cl-Sc,5,104.0486,2.7582,2.590723,699f5369803504004ddb5e6580b331e37bdab9d725cc353b7c1da63cc8212b00
1006,mb-dielectric-1007,La2 I2 O2,LaIO,I-La-O,6,169.1927,5.5316,2.11399,a1b1daf20ac81b947b50b0e261ba3b6d7b43ecfc529e604a95d0d100d613a2f0
1007,mb-dielectric-1008,Mg4 Zr4 N8,MgZrN2,Mg-N-Zr,16,217.4198,4.3852,2.642286,c81880730e4b29e0b4c12051645720e4fb96cee835723485f638164def38432e
1008,mb-dielectric-1009,W1 Br6,WBr6,Br-W,7,263.7383,4.176,2.208181,b171bcc0144757b0aba2141735ad06e5a5c9ac771694a560cd5f292eadadea98
1010,mb-dielectric-1011,Bi8 Se12,Bi2Se3,Bi-Se,20,606.0968,7.1763,4.035839,f91d52d5521f9adcebc63d731074f491818d74b1c74b5e4b01abaf29b2260ec2
1011,mb-dielectric-1012,Ag6 Sn2 P14,Ag3SnP7,Ag-P-Sn,22,452.4672,4.838,4.017006,dc8986569a472eac0cd8a12b802ef860ac340e7addaf7ddf6ba157a97f35f7fe
1012,mb-dielectric-1013,Rb2 Te5,Rb2Te5,Rb-Te,7,287.2048,4.677,4.089173,3180f59860601d7c07b33aa8a2a7a8b2cdb874578504632e577d1c36f5515fe3
1014,mb-dielectric-1015,W6 O18,WO3,O-W,24,377.6321,6.1167,2.406658,1eaa3783e8a7198461e8ef9688f14910cca8709513b07bc542a16ddeaf27b924
1015,mb-dielectric-1016,Re6 Cl18,ReCl3,Cl-Re,24,681.4745,4.2773,2.00516,0dc302644845d0ea413d5345246ddab4f7870738c0e0a8d0fb40fefead4ff340
1016,mb-dielectric-1017,Hg2 Br2,HgBr,Br-Hg,4,139.4811,6.6786,2.317398,370904a4869d3a713e73a22a374e4809aa52dd32b25b860e6ccf35e00bc8a968
1018,mb-dielectric-1019,Si12 O24,SiO2,O-Si,36,506.1533,2.3654,1.53048,26b8fbe4cebe02335cdf9b73934cd90e817d23fb697022a59a88941be4da3a51
1020,mb-dielectric-1021,Zr2 Mn2 O6,ZrMnO3,Mn-O-Zr,10,127.1146,5.0728,2.221733,e005d11b6f969995e21da09293b9b010358167c9bf8be8a0c6a06f0b22db6cfa
1021,mb-dielectric-1022,Li1 P2 W1 O7,LiP2WO7,Li-O-P-W,11,129.7308,4.6684,1.739958,8f9476c8761a29c6c2412db7e0195671233138fced4b22b8e4243db700060057
1023,mb-dielectric-1024,B2 I6,BI3,B-I,8,419.2485,3.1015,1.664732,718b8cf1081e199ab225701a4669ea041f04e81c1ab10d92d707d700507e188a
1025,mb-dielectric-1026,Sr12 Ga8 N16,Sr3(GaN2)2,Ga-N-Sr,36,597.9727,5.0911,2.479927,660fed7752287b315de1cafba6b9bb98c98fbbd130cc1e4b853522f63fdd4a3b
1026,mb-dielectric-1027,Tl1 I1,TlI,I-Tl,2,78.821,6.9793,2.883574,d9660afecc8a56c948ba44c6c73024a2c7cd99b6c01c650b3cdea81248b93631
1027,mb-dielectric-1028,H32 Se8 N8 O20,H8Se2N2O5,H-N-O-Se,68,722.2738,2.5197,1.682753,70b7f13119a61526c6737bc0c1a1fd0ecc8b138e078e968234ca1b1c58a8711d
1028,mb-dielectric-1029,In2 I2,InI,I-In,4,156.3957,5.133,2.908321,fd3be7ea55c543e9902220407ac81b0d360f9bc32c32d9b59f636613f7dce979
1029,mb-dielectric-1030,P4 Br12 O4,PBr3O,Br-O-P,20,719.6816,2.6459,1.577918,5cd8c9a0cae67ac043c12fb405618ff3ab8632915444ecc1c0341e6a2b5f41d3
1030,mb-dielectric-1031,Mg1 I2,MgI2,I-Mg,3,118.6431,3.8925,1.916594,3c89d898c7f148312a1179fe0377c974206e58d8fecc75982c440a5fbfdc1211
1031,mb-dielectric-1032,Cs2 Ga2 S4,CsGaS2,Cs-Ga-S,8,264.9857,3.3433,1.90314,5d58e952c10539a0a4699f96784b5e3d0e509980cba84f1751866de81d90aa95
1032,mb-dielectric-1033,Cl8 O16,ClO2,Cl-O,24,439.2036,2.0402,1.762385,9b9f63a7f68e69a8823023ffc75b4f1e70bd8a88b04b61d5eabfa7a7feae3150
1034,mb-dielectric-1035,Li4 Mn4 Nb4 O16,LiMnNbO4,Li-Mn-Nb-O,28,341.393,4.2567,2.131849,2b92993a11758d3beb2fc5d90ab9d712f27b55bf995f507af392a01ce4b8e8db
1035,mb-dielectric-1036,Mg1 Cl2,MgCl2,Cl-Mg,3,76.9298,2.0551,1.607859,f4521050982d1e40023ad6ca32370ef95a1e3922de3f995df7756ea2accb2d21
1036,mb-dielectric-1037,Ho6 Cu2 Sn2 S14,Ho3CuSnS7,Cu-Ho-S-Sn,24,510.1986,5.8682,2.819181,0f69deac3ac343b3447b148f2a4f990b307c8f66fb849a7317996c4c5966bc24
1037,mb-dielectric-1038,As2 I6,AsI3,As-I,8,356.591,4.2435,2.404024,df30e9fc3235dff5dc110ed78564421ce2fe82e88b48dfc3f27a8e3978a97c83
1038,mb-dielectric-1039,Te2 Mo1 W3 Se2 S4,Te2MoW3(SeS2)2,Mo-S-Se-Te-W,12,357.05,5.529,1.0,f71833f18f116d6f63e6fcbb23797b81db7d198d1cea7cfdeffd8307f54f4f68
1039,mb-dielectric-1040,Si4 H12 I4,SiH3I,H-I-Si,20,465.2653,2.2558,1.655798,f64f7517ab17ae7c976ded7a8887974ffca47a62d09ece90facb0c3887bc3d7b
1041,mb-dielectric-1042,B2 Br6,BBr3,B-Br,8,349.832,2.3783,1.490302,fe6ca4de725be9967ef0eaa9f6f822d0c078c39c2bd5a13c85d41cf9acf3df16
1042,mb-dielectric-1043,K2 Li2 Mn2 P2 C2 O14,KLiMnPCO7,C-K-Li-Mn-O-P,24,338.1596,2.5138,1.782221,df187b167bf5dbe224964f4195141ece8bcbbba57397d93f0722390e29b11026
1043,mb-dielectric-1044,Ti1 Mn3 O8,TiMn3O8,Mn-O-Ti,12,141.3838,4.0012,2.623761,ace78f3981c5ac68ac4a03c6024ab6b48fc30e92f0cb0df3473e38f06e994e2f
1044,mb-dielectric-1045,Ba2 B4 S8,Ba(BS2)2,B-Ba-S,14,311.6445,3.0607,2.172183,fd4e4d73c26d83045a680ba9586023fa1cb1f22850a23cb410b776534a0521eb
1045,mb-dielectric-1046,Nb4 Fe4 O16,NbFeO4,Fe-Nb-O,24,328.004,4.3082,2.302865,58e5a841639e9b13aac786e9bb96a32456e48a487ccf20e1a7efbc02434842b0
1047,mb-dielectric-1048,Ca4 I2 N2,Ca2IN,Ca-I-N,8,185.06,3.9673,2.382171,627b33224344dc157c967b97e5a73e0f6913114f30ca3c6e431e1fa3f556565e
1048,mb-dielectric-1049,Ca2 As1 I1,Ca2AsI,As-Ca-I,4,126.2158,3.7099,2.497687,9541ffee84ac585791c9722806aa68bcfa73370b8699faf97306cb5f7cd2f8a9
1049,mb-dielectric-1050,Bi4 F12,BiF3,Bi-F,16,233.0412,7.5809,1.881666,9bdb1c20cb3d842e9be538157aa383b11c0d9a7d57015ea8a55c1c5fb657ff1a
1050,mb-dielectric-1051,Co1 Cl2,CoCl2,Cl-Co,3,65.4367,3.2948,3.956008,3f8e7f9405bb75715e2ecc53d62b42fcbf877827b0079c422453b4fd9b2d6b82
1051,mb-dielectric-1052,Li2 Co2 Si2 O8,LiCoSiO4,Co-Li-O-Si,14,176.0102,2.9804,2.084468,9a9a869741ba4abe1fa4a1e0782982f4b6c5f64528e1f0dcff8fe3bf03ad9da7
1052,mb-dielectric-1053,Ba3 Zn3 O6,BaZnO2,Ba-O-Zn,12,210.884,5.545,2.048317,74e696a6be4f51facd353886abb1c0247b024e9945fa52b20b5a7a3ccae4e48c
1053,mb-dielectric-1054,K6 Ta6 Si4 O26,K3Ta3Si2O13,K-O-Si-Ta,42,579.2207,5.2997,2.013362,6476590d7ee4995b2ce372241c645d6617e8b696b3b3c8b8d0d121dc2083520f
1054,mb-dielectric-1055,Zr2 S1 N2,Zr2SN2,N-S-Zr,5,74.4172,5.4117,3.089381,466de9d9f6557b68fd1a854ca67cb02bd68385a9c1013dfc453d75f56ef41dc2
1055,mb-dielectric-1056,Na1 C1 N1 O1,NaCNO,C-N-Na-O,4,59.1621,1.8246,1.46861,cbb745599dff2f609404b0af132b06710f2401e88320faf0ac1c6993377c0571
1056,mb-dielectric-1057,Nb2 Cl8,NbCl4,Cl-Nb,10,301.5175,2.5853,1.889709,2d0db5bc9ff763ec7b56a53b820b5ad65ec42d13868d8e8a5fe61d9ccf77ba0a
1058,mb-dielectric-1059,Li2 U2 O6,LiUO3,Li-O-U,10,130.559,7.4523,2.35264,04cd1c22f9d20496ce3913ded8a69c05c15976173c83c1b10266cf1b9ed05aad
1060,mb-dielectric-1061,C4 O8,CO2,C-O,12,195.3845,1.4961,1.365772,770502553a8de0ab6aacbce9f06ed9089ed1aac487fd7f5a9d1776d2f5469330
1061,mb-dielectric-1062,La2 Br6,LaBr3,Br-La,8,258.0997,4.8718,2.100952,22ceeb2ccac99fe0de28c5f2ca4bb241c2c69a1ca5503016c34698db9feb9912
1062,mb-dielectric-1063,Bi8 O12,Bi2O3,Bi-O,20,341.5959,9.0603,2.574749,a7266e1dbfd20bce0b9ca34c780a4a65be6a7a8ac32e745516b8215ef244ae08
1063,mb-dielectric-1064,Mg4 Si4 N8,MgSiN2,Mg-N-Si,16,173.7281,3.0741,2.090972,13a8cf03c8646f8982b53e74d6a6fc1dd5616d2e2fc9c794718d548bb7160703
1064,mb-dielectric-1065,Cl4 O14,Cl2O7,Cl-O,18,298.6909,2.0336,1.478964,68cf45ce84ed3b885ddc871f8421b9a4fc535fd4be27e0f2ed78c7c10c254655
1065,mb-dielectric-1066,Fe8 O8 F8,FeOF,F-Fe-O,24,278.3885,4.3349,2.139403,59f3d3bdb3693414a74254cbb3e483f96620cc9e34ba9c2744721bd3a4f39415
1066,mb-dielectric-1067,Be2 Cl4,BeCl2,Be-Cl,6,160.0494,1.6583,1.518881,fb7bad9b0a4fb4d49a768661638d6d95564849d4ccc0c56e2ed2034186002f4a
1067,mb-dielectric-1068,Ge4 F8,GeF2,F-Ge,12,214.7916,3.4213,1.70087,26ec33b228d4afdc6be6b6fe5eb66ad1ceff9beb356161fe69428d45c4428b1a
1068,mb-dielectric-1069,Na5 Sb1 O5,Na5SbO5,Na-O-Sb,11,149.5613,3.5163,1.819986,734142220a847c37de3247b48896dfb1f6c9501b15e8473159d4bf39b7fe1a34
1069,mb-dielectric-1070,La1 Cu1 O2,LaCuO2,Cu-La-O,4,73.1195,5.3244,2.188991,1c2d8b1f96244025b11432f74f6de9d628a39d13784e89f71955c0cdbe518514
1070,mb-dielectric-1071,Cr4 O1 F11,Cr4OF11,Cr-F-O,16,200.2109,3.591,1.864304,6c64f878da97bd02ab87d6c39b6a538de20bd290cb80e4a2e6eea1a5b742e84a
1071,mb-dielectric-1072,Te8 I8,TeI,I-Te,16,712.6559,4.7441,2.901551,4a78d26a1a4db289aa239dbbb45a06ff27cea6d22da97b16f9a85dd2d599bc36
1072,mb-dielectric-1073,K4 Na4 Ge4 O12,KNaGeO3,Ge-K-Na-O,24,367.6818,3.3009,1.682401,cc96c44aed2f32d13dd5ec57c7a345b61221ed35f77b1505d4e44d87e429d17b
1073,mb-dielectric-1074,Sb2 I6,SbI3,I-Sb,8,388.6944,4.2932,2.365093,9ccc9cf035ff9ee73c8bb7b9ca1a4404a4503e1639df2f3b79a9eb48d0a91d2c
1074,mb-dielectric-1075,Rb2 Li4 H12 N6,RbLi2(H2N)3,H-Li-N-Rb,24,257.6953,1.8999,1.670146,3ea7a214f30dd1c543b2ff132a69fe5de3e4745a066bebb4edcaff53a611dd27
1075,mb-dielectric-1076,Rb6 Sn8 Au2,Rb3Sn4Au,Au-Rb-Sn,16,651.4679,4.7319,3.370262,f8ca289ceba89f5f32fa53404ef584e5315d14156cdc85ee4cbe5aeeea884c64
1076,mb-dielectric-1077,Mn2 F6,MnF3,F-Mn,8,117.0464,3.176,1.869773,0b52f2bc37c3845974c813fcab4a4f3591a007c7e3142973d8897cb4c506326d
1078,mb-dielectric-1079,Ga2 Co1 S4,Ga2CoS4,Co-Ga-S,7,147.2189,3.6843,2.914581,3e4c8c98e22e59a4b057b3db911f6fa9ecdaff232a1e325a62006a4bca9c7216
1079,mb-dielectric-1080,Li1 V1 P2 O7,LiVP2O7,Li-O-P-V,11,121.3445,3.1724,1.824145,fadd91cb372864196cd89c49843b1adc25f79883fa3801394b38fd19bb3a2982
1081,mb-dielectric-1082,Al2 P2 O8,AlPO4,Al-O-P,12,214.8908,1.8847,1.418856,279e19c8f7775a17a16e4934f756778b9b6f1d26f6ed48cca6894199e63c9805
1082,mb-dielectric-1083,Cs16 Nb16 N32,CsNbN2,Cs-N-Nb,64,1402.1817,4.8095,2.766257,f1ddabc49eba47c9314a514f587e4126d3373db950b045277bd7a61e800f7f5a
1083,mb-dielectric-1084,Hg2 S2 O8,HgSO4,Hg-O-S,12,163.7521,6.0165,1.978532,c7a6520cc4ab9cb241b5e5248db6d6b507b7c679c173b68aef068d6428bb1e0e
1084,mb-dielectric-1085,Zn1 Te1,ZnTe,Te-Zn,2,59.1456,5.4188,3.002871,21115c65be78ca36dacb79b9284f07a1671cbd7ed641c6d71a3bd20f540cebad
1085,mb-dielectric-1086,Na4 Hg1 P2,Na4HgP2,Hg-Na-P,7,187.9348,3.1322,2.454557,a5bbbb7c400176ca6d59e901443c33747aa35a3314ce67d37f9e799f12d0290e
1086,mb-dielectric-1087,Na4 Br2 O1,Na4Br2O,Br-Na-O,7,157.0535,2.8311,1.730238,e86ad68566d51a7f156eb8368d99ffab791a9446e1daa53315cc9c4f8a217ba4
1087,mb-dielectric-1088,Ba2 Pb1 O4,Ba2PbO4,Ba-O-Pb,7,129.6728,6.99,2.278211,686e92f97f73d0ea0b5bf12cc776a3f82d606d62d319948fbd1ce84c368320b4
1088,mb-dielectric-1089,Na3 Cl1 O1,Na3ClO,Cl-Na-O,5,93.4704,2.1393,1.697742,ee5a6ee07ef267e53c49691b9d3d92bcbee74e4700d8e8b99cbb1216485945ad
1090,mb-dielectric-1091,Tl4 Te2 I12,Tl2TeI6,I-Te-Tl,18,794.0591,5.4279,2.504263,d21b90b95569a4ed3b8d515a19c78e7a0e13741bbd87af92605989e3d47e68cd
1092,mb-dielectric-1093,Tl9 Sb1 Te6,Tl9SbTe6,Sb-Te-Tl,16,541.5835,8.3606,4.638824,8b1ed80e7d2c715e56265c9bbdb0ca411df0a460e851c220a46a263e5a37c944
1093,mb-dielectric-1094,K1 Mn1 F3,KMnF3,F-K-Mn,5,77.518,3.2353,1.491642,686a9baa33cda7a2bbad97112d06ef2956f557e55e23bb54d2c561ccac34ebbb
1094,mb-dielectric-1095,Li1 Mn1 P2 O7,LiMnP2O7,Li-Mn-O-P,11,121.6522,3.2189,1.976274,1336101372f25ff7795e7db3ab4a2ceafde4bd25572f610fc489bf3f6a33ec2c
1095,mb-dielectric-1096,Na4 Li12 Si24,Na(LiSi2)3,Li-Na-Si,40,706.068,1.9974,4.036872,e5fb8cace904caa5d61808a8a4fb677ef040501fe6006db548f8235818160539
1096,mb-dielectric-1097,Li2 In2 Te4,LiInTe2,In-Li-Te,8,272.9414,4.5867,2.679538,8868d5c2bbfa526a39195d5398e96b043d52162e37db2610da8f05feb38dd46b
1097,mb-dielectric-1098,Li6 Br3 N1,Li6Br3N,Br-Li-N,10,191.4255,2.5622,1.863999,3a249e461ae3ced2bd8c083b17ea898f6e895b69ba50aa37bc7eaecf5531858f
1098,mb-dielectric-1099,Be2 Ge2 P4,BeGeP2,Be-Ge-P,8,142.4033,3.349,3.25941,d3d11cdfbb0c3d8f8fd0084fb364433d86b1068539dcc3c0a28c128acdb78d62
1099,mb-dielectric-1100,Ba8 Br12 O2,Ba4Br6O,Ba-Br-O,22,770.0527,4.5057,1.848415,67a86134d85197b352aafb6b35217d71c446c9a0e19c0f79bb7e09862c53d71a
1100,mb-dielectric-1101,Zr1 Ni1 Sn1,ZrNiSn,Ni-Sn-Zr,3,58.5114,7.6236,4.686844,3bdb0a1708d2cdc6569cf1ee5bd3cf06d32c0357a5e2597375d280a62534f721
1101,mb-dielectric-1102,Cr2 P6 O18,Cr(PO3)3,Cr-O-P,26,366.8603,2.6154,1.648274,ff3481c873228092f9a1402cd7d4a782bb1564353ad7193562300dd67850c813
1106,mb-dielectric-1107,Y8 Ge8 O28,Y2Ge2O7,Ge-O-Y,44,595.07,4.8564,1.935135,e36337b21c2207f525d38338cf7632f08618699961b2e9614ebc6aeeeefe3ea3
1108,mb-dielectric-1109,K2 Li2 Si4 O10,KLiSi2O5,K-Li-O-Si,18,245.9883,2.46,1.571602,505a5d63c45f285bc79d24baec59ff4d6224198e27999f7b3583226736838e1d
1109,mb-dielectric-1110,Ta2 Tl2 Ge6 O18,TaTl(GeO3)3,Ge-O-Ta-Tl,28,453.3143,5.4745,1.893784,0e66e40440dd35df156329b89ef268d624692f547e4962ce8b3d07cceb68e06d
1110,mb-dielectric-1111,Pr1 O1 F1,PrOF,F-O-Pr,3,46.455,6.2878,1.921747,8b199f41bcdbb59f77a81a837b3096a242f406fb3f55c3477d8a531806bdaf32
1112,mb-dielectric-1113,Cr1 Ag1 Se2,CrAgSe2,Ag-Cr-Se,4,86.3301,6.1125,3.898136,c0505a70b461e8d754450bda91894a418fc5c2af7239d06ee8da9e00a5b3ee6d
1113,mb-dielectric-1114,Rb2 Pt1 Cl6,Rb2PtCl6,Cl-Pt-Rb,9,264.7678,3.6297,1.756179,4a8204b32b1398e39ddc72a50a6483cf008bdb552ae932569dbe7da53b20f47f
1114,mb-dielectric-1115,Pr4 Se3 O4,Pr4Se3O4,O-Pr-Se,11,228.9735,6.2695,2.735405,e1b73767981d2eaf0c4d85628c565dab163731ef1fe0432bb85ed3194b93898a
1116,mb-dielectric-1117,Li3 Ti1 P2 O8,Li3Ti(PO4)2,Li-O-P-Ti,14,142.7705,3.0081,2.059442,ea24574da6862d228d21dbc768f152dfe530876462c3e4d8df6e0548b25e8b18
1117,mb-dielectric-1118,Rb4 Br2 O1,Rb4Br2O,Br-O-Rb,7,268.6915,3.1993,1.66642,93834cb6cc314df8e50d3623c2076019a5aab1e96ade65f35af4fc943f88918a
1118,mb-dielectric-1119,K30 Mo14 N38,K15Mo7N19,K-Mo-N,82,1664.5444,3.041,2.2718,4e69714cf9249b6d2c8d067d70787ef7dffda49cde974a862cd6ffa01bb048c5
1119,mb-dielectric-1120,Ta2 As2 O8,TaAsO4,As-O-Ta,12,160.453,6.6207,2.297964,720689254594144caf07712e8c79f0e88a1845633eb9d67014869befcfc0db28
1120,mb-dielectric-1121,Li4 Ti3 O8,Li4Ti3O8,Li-O-Ti,15,145.0287,3.4276,2.308953,ca84633b73161280bc60799e5db6ee4c8bada0ab7f37dc7e0e5ba7673faff02c
1121,mb-dielectric-1122,K2 Ta2 Ge6 O18,KTa(GeO3)3,Ge-K-O-Ta,28,447.322,4.3207,1.789677,e818f5179f0f5f510addac8a096eb1f3d6ac49c1f4691c17833839b7cc2aff6b
1122,mb-dielectric-1123,Cd4 P8 O24,Cd(PO3)2,Cd-O-P,36,497.053,3.6128,1.671342,765b5f99bd403c276a7f5e8d2d33e99245ad5a3b899bb54586241cf093b3e5f0
1123,mb-dielectric-1124,Rb8 Co4 Br16,Rb2CoBr4,Br-Co-Rb,28,1042.3948,3.5013,1.77144,d89267ff1f9abf060e9f64f24f8eb5946718dac82132153ee9aab8ac20591a5d
1125,mb-dielectric-1126,K2 La2 Ge2 Se8,KLaGeSe4,Ge-K-La-Se,14,437.368,4.3015,2.377312,274cf31df80bae1d6ed0ce310fbb371bd1d8c6bf45b166bd11f6b892bc52c3f0
1127,mb-dielectric-1128,K12 Hg2 S8,K6HgS4,Hg-K-S,22,688.8302,2.7165,1.947015,166193f11a0701ef20d5da1f83c4c52abb59e2a7734285c6d2986efcb4817886
1129,mb-dielectric-1130,K6 P6 Se18,KPSe3,K-P-Se,30,926.4811,3.3009,2.346743,8b073f9c1e3fea27d5a7f4eff1382ae5191e0902708d31a056dbb396c3013560
1130,mb-dielectric-1131,Zn8 S8,ZnS,S-Zn,16,324.1054,3.9952,2.424665,b7cd20518d22088732bc53ad343ea4a3bc82f7c5c07062f3e5b8adca096cb65c
1131,mb-dielectric-1132,B4 Cl4 F24,BClF6,B-Cl-F,32,482.8504,2.2045,1.438518,4b597dca457eeec9207221e4743247021db543bedae8950acf4e8cd5fea7a81e
1132,mb-dielectric-1133,Cs2 Pt1 Cl6,Cs2PtCl6,Cl-Cs-Pt,9,299.5626,3.734,1.704093,caeedbe6a01d734c2e2d04e4b079cbebed2930a32259b64ae379e5a8ccd97a71
1133,mb-dielectric-1134,Be8 P16,BeP2,Be-P,24,380.8258,2.4753,3.141974,16efee0d7fcf1bf128196432e340a8d737a31c16b9a92953dd425042f2df2bb3
1134,mb-dielectric-1135,P4 H12,PH3,H-P,16,395.6718,0.5707,53.793499,39cb97e9fb00301293f8385ed14cae275910973e2f40d8787cbe2c2fb843775b
1135,mb-dielectric-1136,Dy6 Cu2 Sn2 Se14,Dy3CuSnSe7,Cu-Dy-Se-Sn,24,590.3212,6.8775,3.127658,4de5118271a761534325d2e9cf875789a1abf1b747f454c808898bdefc8c285b
1138,mb-dielectric-1139,Ta2 I4 Cl4,Ta(ICl)2,Cl-I-Ta,10,365.3605,4.5964,2.075836,f687bfb1067fa8a2ef4399dade092aed62b69dba400b845bb9818eb3d37a997e
1139,mb-dielectric-1140,Rb1 Bi1 S2,RbBiS2,Bi-Rb-S,4,117.7107,5.0584,2.729729,433797cf6240acc3057b6d0db6741885b8ef0e8b7307ae0a4abad7c05b0b53d2
1140,mb-dielectric-1141,Cs2 Pb1 Cl6,Cs2PbCl6,Cl-Cs-Pb,9,318.7154,3.5727,1.716244,cedc1fbce0d0d66dc31454ca0dc2e3b999bcfec7e9ce36db53c4da0a2b2548b4
1141,mb-dielectric-1142,Fe6 P24,FeP4,Fe-P,30,434.9185,4.1175,4.441396,26aa6adcdc4dae18ff67149e8e2d1d655f435d25fdad9664b93f86cf5b10d5cc
1142,mb-dielectric-1143,Cu4 Hg2 Ge2 S8,Cu2HgGeS4,Cu-Ge-Hg-S,16,326.8952,5.3701,3.308633,d66bbdf94fb2cc63c521d7b5d2ba578d1e23027f51194e0933782c1fa8fd9e09
1143,mb-dielectric-1144,Te4 Mo2 W2 Se2 S2,Te2MoWSeS,Mo-S-Se-Te-W,12,387.5779,5.5355,1.0,425ed25ffcbbd0aeb3c1724306a713fbd682ab7faecabf56a217a5e9cabc1821
1145,mb-dielectric-1146,Mg4 Ta2 N6,Mg2TaN3,Mg-N-Ta,12,161.9875,5.5679,2.293177,29455c24f29b39b37f8e7a6aa5082e3a77fb2a11c2318c0e4a1ba74fa06bd7fe
1146,mb-dielectric-1147,Na4 Cd4 P4 O16,NaCdPO4,Cd-Na-O-P,28,373.38,4.0982,1.711059,c6bd501073f27f8149ba7877362578d56973d201a9cdf929f18652c54829e4af
1147,mb-dielectric-1148,K2 Pt1 Br4,K2PtBr4,Br-K-Pt,7,251.9953,3.9069,1.927,1d53cf194505ad21700ca8ce15ae42fb21ffaaa10f8a7f1243e9a54e34bb51b3
1150,mb-dielectric-1151,Na12 P8 W2,Na6P4W,Na-P-W,22,523.8869,2.8253,2.530437,d39cafc8ebf1b1677e5a92ca76f913ff7699a8a81a65af64716e672b4e8012a8
1151,mb-dielectric-1152,K6 Re3 H27,K2ReH9,H-K-Re,36,447.2325,3.0462,1.656273,71af33417dd841cc7c73d6fdb6fd8a58bd589516be7412a8813352eb909312e4
1153,mb-dielectric-1154,Cs2 Pt1 Br6,Cs2PtBr6,Br-Cs-Pt,9,337.2104,4.6305,1.876547,aa2616a4486ddffa0a45b15f68c5b22ab83c577eb575feb05046154848c78728
1154,mb-dielectric-1155,Ba1 La1 Mg1 Bi1 O6,BaLaMgBiO6,Ba-Bi-La-Mg-O,10,142.7399,7.0441,2.264318,1fa916a6b2400963f3466b8cd456bc180be02456f440529fa006d1c3b596fe53
1155,mb-dielectric-1156,B12 Pd6 O24,B2PdO4,B-O-Pd,42,401.4079,4.7666,2.175391,0958a9eefc45f87934bf9e10f05b46a5d54603dd78d61aa184d459b50573c977
1156,mb-dielectric-1157,Sr1 Al1 Si1 H1,SrAlSiH,Al-H-Si-Sr,4,76.9107,3.1024,3.638294,5270410dc238e0024a8d3b65574b5315c0b2f80d091d92f71a5cca680d04c002
1157,mb-dielectric-1158,Al2 Zn1 Se4,Al2ZnSe4,Al-Se-Zn,7,174.3452,4.1451,2.505207,433ce53446d4c3fb252ae852e7d03692b9c472b6349c79bdbf7ba76d4d88813e
1158,mb-dielectric-1159,Re1 Ag2 Cl6,Re(AgCl3)2,Ag-Cl-Re,9,236.5732,4.3144,2.039986,9c6403661012e73f9839e09185e09b90f9398b49df6b0691a8451ce03aaa68e8
1160,mb-dielectric-1161,Rb2 Pb1 Cl6,Rb2PbCl6,Cl-Pb-Rb,9,291.0407,3.3711,1.752729,c706d65b17691d13fad36795789a58835d33b2abebde21ef00b752e6af914836
1162,mb-dielectric-1163,Zn4 H48 Se4 O40,ZnH12SeO10,H-O-Se-Zn,96,923.4691,2.2762,1.553913,bdcbd66e5c256f2cf65bcca479f2b683c550a4b1534fcd56f377d61005e1a06d
1163,mb-dielectric-1164,Ge4 Cl16,GeCl4,Cl-Ge,20,774.1751,1.8399,1.4723,83603cf7018c058f9c2b0cf42341820da1280557f271e7464cb0bb5bdf2c7114
1164,mb-dielectric-1165,Cs2 Au2 Cl6,CsAuCl3,Au-Cl-Cs,10,327.0962,4.4291,2.656168,629cf43fcd41a3f56f2f90c91e107a975f653e7a6fadb1ce59488ffb18c76144
1165,mb-dielectric-1166,K2 Mg1 F4,K2MgF4,F-K-Mg,7,108.692,2.727,1.411911,221549e772a87c7633da187f806457ba8416d98fa8ab77f287bb5779ca17e088
1166,mb-dielectric-1167,Na8 Sn2 S8,Na4SnS4,Na-S-Sn,18,440.5027,2.5553,2.02139,74229a9e46f9e583011becc1aec0bc0d6a7263977418654d4918b9815018e3c0
1168,mb-dielectric-1169,K2 Ca2 Bi2,KCaBi,Bi-Ca-K,6,251.0005,3.8127,2.707346,60fc65f455cff527d5f3d548895ec6a9437ea7ebdf911d65b9592c3b2762c016
1169,mb-dielectric-1170,Ti4 Cl16,TiCl4,Cl-Ti,20,809.4597,1.5564,1.507205,0e035c43ecd3a8b5d31906f575816b1cd668863c5fdc079ec7989069d3f756e2
1170,mb-dielectric-1171,K4 Zn2 Br8,K2ZnBr4,Br-K-Zn,14,496.0716,3.1012,1.664932,5450db6e79dc44fcd05e9549c60915021938ff97f9f02e403695246a2cf5c3f0
1171,mb-dielectric-1172,Ag4 Pb2 O4,Ag2PbO2,Ag-O-Pb,10,186.1784,8.1152,2.708524,03fb171591c7a43dece59ac8ca5307b58b91cebf9e30904efb079a8eab11da2d
1172,mb-dielectric-1173,K2 Sn1 Cl6,K2SnCl6,Cl-K-Sn,9,268.3262,2.535,1.660323,92d69abc07e4ef0528f9f3d6c2d326e21c238c050b84865e325b44ddaed21cfc
1173,mb-dielectric-1174,Ba2 Be4 Si4 O14,BaBe2Si2O7,Ba-Be-O-Si,24,277.7231,3.8687,1.739378,4e1bfbd557ea8dcb00818225cee1a126e390b0e3e8fcd618ac9cca3796dd7b95
1174,mb-dielectric-1175,As2 Cl10,AsCl5,As-Cl,12,423.5658,1.9773,1.593842,0bbcfce0f078e70a792cb37ea37e9e7c20133c6ab06f314c6e53e65aa0d54597
1175,mb-dielectric-1176,K2 Pt1 Cl6,K2PtCl6,Cl-K-Pt,9,249.3439,3.2366,1.784293,b998eb0c6bd49146cb4537cf275aecad44c5782453ce10f227ff35fd71b74a99
1176,mb-dielectric-1177,Li64 Si32 N64,Li2SiN2,Li-N-Si,160,1504.8166,2.4711,2.065149,b905b4d8161d4756dd0a73aecaf20d64873e2c3fddc8b054f6aa973bea40e8cf
1177,mb-dielectric-1178,Li8 Al4 Fe4 O16,Li2AlFeO4,Al-Fe-Li-O,32,352.9867,3.024,1.837095,2df7c731f452581f446a6e2d46adaa6915f62ce18e421cc17c53d3f8d8c1960c
1178,mb-dielectric-1179,Al4 O6,Al2O3,Al-O,10,114.1177,2.9673,1.681109,3a539e25b959dd869cba4006cd3bc96a0a3cb3cb3ee602a8bbf14c40e6e0f2a3
1179,mb-dielectric-1180,La3 Ge3 B3 O15,LaGeBO5,B-Ge-La-O,24,299.2572,5.0332,1.919441,33d23c1e3e937ef95927be5745e60ffdb479e9847c26fbb46fa8cf1ef0ce61b6
1180,mb-dielectric-1181,Mo4 P8 O32,Mo(PO4)2,Mo-O-P,44,664.0751,2.8594,1.904567,a958b0c8ff3ae4ae0373f798bd470a908118b40a8d6e44642a197fb9c3db9b49
1183,mb-dielectric-1184,Ag8 Ge1 Te6,Ag8GeTe6,Ag-Ge-Te,15,412.4523,6.849,4.637979,6acc6635d2fc0adeb995a0a1acd43e5204a1361446069675244ee17ede3256d5
1185,mb-dielectric-1186,N4 O10,N2O5,N-O,14,178.3751,2.011,1.741647,a36afba6415fc015be5ceb09b03dc87e3a2935dcdf0d2cffda169e8789d30c72
1186,mb-dielectric-1187,Ba4 Cu8 Te8,Ba(CuTe)2,Ba-Cu-Te,20,523.9027,6.5878,3.523398,6d2340893ce2939276f81ff15bf45438f148715a5c151a6299499a70c52d5666
1188,mb-dielectric-1189,Al2 H6,AlH3,Al-H,8,68.2764,1.4595,2.119591,61bab63766548df843e35c1e1a98238e458bc118a58a82f5636ebb5c737a3dfa
1190,mb-dielectric-1191,Li20 Sb4 S4,Li5SbS,Li-S-Sb,28,539.3234,2.3219,2.467517,0f7c93b53daaf179cb7f3b39e002bb122ff8e54972938384c1b70fb65551b739
1191,mb-dielectric-1192,Ag1 Cl1 O4,AgClO4,Ag-Cl-O,6,88.5502,3.8878,1.678491,ef586645d547e2a001c0f45c1dcebb47a6a6d0193cc2958067d046f2024e765b
1192,mb-dielectric-1193,Si6 Cl12 O6,SiCl2O,Cl-O-Si,24,672.4773,1.7037,1.465947,02d624f0990d890cbc0104a5fae669ec3c03675bf17267c9875f8fceade2ad97
1194,mb-dielectric-1195,Rb2 Mn1 Br4,Rb2MnBr4,Br-Mn-Rb,7,250.6845,3.6133,1.795812,2138290d59b486dedd64d69d3416fc10df9aa681903e8b2a0ba5189be7f387b7
1195,mb-dielectric-1196,Re8 P32,ReP4,P-Re,40,637.2334,6.4647,4.28081,c2d0274ef225f26132ef598e9b6498595b061b691286fcd4b026662ffdff8254
1196,mb-dielectric-1197,Li4 Al2 Fe2 O8,Li2AlFeO4,Al-Fe-Li-O,16,183.9717,2.9011,1.925713,5ee4f0787b60a4eeef4c2b454031b1b973b91e98440b0fb195a334cd88702ac0
1198,mb-dielectric-1199,Li4 Fe4 Si4 O16,LiFeSiO4,Fe-Li-O-Si,28,358.9015,2.8661,1.769241,38256e79f8e3ad4e636295b8115e3dc428ee0de69a228d1df5534bfeb2821b8e
1199,mb-dielectric-1200,Li1 Nb1 Te3 O12,LiNb(TeO4)3,Li-Nb-O-Te,17,225.6865,4.9638,2.112812,763edc35d0e09550c4608009a0d8cdaad8ea2fa1726d4154c93eef6bb2e22446
1200,mb-dielectric-1201,Li3 Co3 Si3 O12,LiCoSiO4,Co-Li-O-Si,21,296.1042,2.6575,1.961085,4ebfbccc73965008758a1a3ff147e6a17ecd2765eb48aeb51502e06697da0702
1201,mb-dielectric-1202,P4 Cl12 O4,PCl3O,Cl-O-P,20,590.0044,1.7262,1.5,14b5e4942a72aafe5056371a9d504e7487c5e772df7e4a02ba156e41eeb31ec4
1202,mb-dielectric-1203,K2 Tb2 Ge2 S8,KTbGeS4,Ge-K-S-Tb,14,370.327,3.5775,2.167976,28eb9fe26e8f3a606bc378d9f768cd2078d6c58db80cff46c12309f7852c1f3f
1203,mb-dielectric-1204,Pt2 S2,PtS,Pt-S,4,76.47,9.865,3.803105,94ecd7f034e400bd8146557eb636f1fc242e59e82c6e65d6b89271473e647230
1204,mb-dielectric-1205,Ga1 Cu1 I4,GaCuI4,Cu-Ga-I,6,242.607,4.3866,2.165167,4c207d31a981b34615e0c04c37aab2f575134adfcdc078876569507d7f38b256
1205,mb-dielectric-1206,Ca1 H1 N1,CaHN,Ca-H-N,3,35.8032,2.5552,2.138927,0c33259356af44c653f0265bdd8a3195ace24c80a0af4effdc0876da2dfe7444
1206,mb-dielectric-1207,Rb6 Os4 Br18,Rb3Os2Br9,Br-Os-Rb,28,937.9432,4.8013,1.97872,da5c0edfc9e09e96d3b7b0742c4d500854e8a4a2317c7eee43ad247f2f71e325
1207,mb-dielectric-1208,Li4 Mn5 O10,Li4Mn5O10,Li-Mn-O,19,206.047,3.7269,2.37009,abfeba73563804275a015522f87ba00e2e108a723843014312f116c4e690209c
1210,mb-dielectric-1211,Ge12,Ge,Ge,12,258.0888,5.6084,6.274543,f3c0b3f1913424dc50d3bea084c6fe262f8a7beb8e92b63d8ce502e9f61fb07f
1211,mb-dielectric-1212,Rb4 Sn2 Te10,Rb2SnTe5,Rb-Sn-Te,16,625.9441,4.9218,3.49141,cf12178a3d9224cccb316472f0335dc35224b62d41aa72d4fa9c6dd674b751ce
1212,mb-dielectric-1213,Ga4 Te2 Se4,Ga2TeSe2,Ga-Se-Te,10,303.9147,4.6439,2.611182,6538fb13898c090d3777e2c814262da31cce91a9a72d33017225285999282983
1213,mb-dielectric-1214,Rb2 Au2 Br6,RbAuBr3,Au-Br-Rb,10,364.9137,4.7521,2.545175,b4d4cd0ac1ec5dec2630a89dcb5a2c0a03c2cec82d58b8e847f8900cd5f34206
1214,mb-dielectric-1215,H12 N4 O16,H3NO4,H-N-O,32,294.0465,1.8303,1.5433,772feb10c446e62e58d8d3d6a91bb56698d1c318a972217490ab3b17c126e9b3
1215,mb-dielectric-1216,Zn8 Ge12 O32,Zn2Ge3O8,Ge-O-Zn,52,581.3441,5.4469,2.01098,bafb2aaa13cef2aaad3eadcaaf9a91f49ed29c5496aab3cc40c8fdb340bdbbc0
1216,mb-dielectric-1217,Ga4 Te2 S4,Ga2TeS2,Ga-S-Te,10,269.3254,4.0838,2.506574,a73b6664a1481bc6ac24a36f32d8ad8308cf27fd4c53898e0ccb64afdf6a004d
1218,mb-dielectric-1219,Al2 Bi2 Br12,AlBiBr6,Al-Bi-Br,16,619.878,3.8328,1.852926,042c602588a5e6efe8be4eca6ceb6ccae880fb11dd7bd2fcc57fcb8eb451a90a
1219,mb-dielectric-1220,Mn4 O2 F6,Mn2OF3,F-Mn-O,12,150.3173,4.0403,2.60579,71eeec1412ebe88cbb150197b361851175b91b5d001afc9f8916b3ba71002d6e
1220,mb-dielectric-1221,Li1 Co2 B2 O6,LiCo2(BO3)2,B-Co-Li-O,11,118.3422,3.4016,2.196911,38281ad422eb6a1ab2a5c725eec704c60654d1267c87a30c24ebff911dc08309
1221,mb-dielectric-1222,K2 Mn1 Cl6,K2MnCl6,Cl-K-Mn,9,242.9132,2.3642,1.859776,57e6a08e80effc2298682943c5f225046e4661a1956d260dc96109626ec21d9b
1223,mb-dielectric-1224,H28 Se8 N4 O24,H7Se2NO6,H-N-O-Se,64,690.8349,2.6438,1.679516,0efccdea9f543000b8f7afa1c2f5f222dc78943e026e40eac1134dbafc3c08a1
1225,mb-dielectric-1226,Lu4 Ga4 O12,LuGaO3,Ga-Lu-O,20,218.7536,8.8871,2.104029,3f08f329c2c63d4ccb5fffc5285e61ed0cb9237d4ccc75a82d3965de8ad90cd3
1226,mb-dielectric-1227,Ca3 B1 N3,Ca3BN3,B-Ca-N,7,104.175,2.7586,2.325276,5edadf5723cda2f4efc3a1bcdb421e887d1eaae4cd78210b4a62947679be552f
1227,mb-dielectric-1228,Li4 Ag2 F6,Li2AgF3,Ag-F-Li,12,141.9189,4.1829,1.627478,5428ced7a08d69205e057c3e66167fbd31e3239490f3d100bc44f00293f9adf6
1230,mb-dielectric-1231,Ta4 Cr2 N2 O10,Ta2CrNO5,Cr-N-O-Ta,18,209.3088,8.0587,2.596554,ab11c0a1099b7fa7f4ef259a5691da5f3c45389bb56d4c69f21e543b5e9a5ad5
1231,mb-dielectric-1232,Bi1 B3 O6,Bi(BO2)3,B-Bi-O,10,119.9171,4.6722,1.852602,303d01693de3e2749d9f3f4b8cc7a7860d4dcae2c15babba4e1052aebbe07d54
1232,mb-dielectric-1233,Pd3 Pb2 S2,Pd3(PbS)2,Pb-Pd-S,7,150.5172,8.8014,8.521519,951c3667a93dbf8f868918f224864e5e7195dde71c3ee94442cbbae5b40090fc
1233,mb-dielectric-1234,Na1 N1 O2,NaNO2,N-Na-O,4,55.8878,2.05,1.55938,44f3985c6dd2cd5acfa4b822e85dd69d4ce361030080b8a1fb9de3f0ca2aa833
1234,mb-dielectric-1235,B1 N1,BN,B-N,2,19.1197,2.1554,2.109719,1c6f49b2f4f7880e6f54333a82de32d58238e29ad588fafc3ab627035191d422
1235,mb-dielectric-1236,Ba1 La1 Mg1 Nb1 O6,BaLaMgNbO6,Ba-La-Mg-Nb-O,10,134.7839,6.0299,2.273993,4bd823410c5c1be835e4a8206f466b0eaf0aa50606042b0882f348141949915f
1236,mb-dielectric-1237,Ga12 N4 O12,Ga3NO3,Ga-N-O,28,374.5982,4.8083,2.036567,31dcd233528185c450663fd861d1377c2d058f5ecf08d7ec852346924489c3a3
1238,mb-dielectric-1239,Rb4 H8 O4 F4,RbH2OF,F-H-O-Rb,20,292.8692,2.7778,1.423493,abd2191c8ff39efb1e59fef8be674ea9d617c848b28450d45f3c3afb14ceeda1
1239,mb-dielectric-1240,Mg4 H8,MgH2,H-Mg,12,120.5621,1.4501,2.013455,a0d6d5ece17c06375e9fcb9e598779819edf07f2b1185c862ace7ced44f4742f
1241,mb-dielectric-1242,Sr4 H8,SrH2,H-Sr,12,179.4499,3.3178,2.018911,3abda68fefe176d51f76c83388029e8a10b92f1378f933ecbd58b068c84d0fcd
1242,mb-dielectric-1243,Re2 H6 O10,ReH3O5,H-O-Re,18,210.1047,4.2556,1.681988,9db109e5c0528411f164fe1b0da3f031115480f10e73ba9cabf72ffedae548e1
1244,mb-dielectric-1245,Pb2 S2,PbS,Pb-S,4,205.8287,3.8606,2.423584,508f9faf9b5dbe167950e95de7085cf3d1614208387dc42cf645127cc5c99a0d
1245,mb-dielectric-1246,Li6 Cu1 B4 O10,Li6Cu(B2O5)2,B-Cu-Li-O,21,205.7517,2.4892,1.725187,67e3ce8953505c03aea07d9a4a914b593c1198d803a12862f74f7f60afb0d4da
1246,mb-dielectric-1247,Li10 Sb2 S8,Li5SbS4,Li-S-Sb,20,375.4927,2.5183,2.432618,47872db6a3ed85eebb849ce673189fbd0b5199869bb2c246435e057eec051c6d
1247,mb-dielectric-1248,Ca2 Sm4 S8,Ca(SmS2)2,Ca-S-Sm,14,307.2581,5.0699,2.778484,63edc1d29d4a0a4d10f3ea3e4006efe4ab5c302e71a02b7fec40325dd6eea301
1248,mb-dielectric-1249,Na2 Bi2 Se4,NaBiSe2,Bi-Na-Se,8,217.0267,5.9663,4.828912,85311a06cb71471052673199875fc514bbb20a85f93042f7eb3084184a49d192
1249,mb-dielectric-1250,K1 Mg1 H3,KMgH3,H-K-Mg,5,65.1379,1.6934,1.884339,1132f9ef2b33d658ec72a46c5bbac39789a7ecc06d840a1589bea07a84993e5c
1250,mb-dielectric-1251,Y6 In6 O18,YInO3,In-O-Y,30,434.5361,5.7716,2.109298,bc72dc614e8d9308285938d890b91d43a0f96dcecdfd821fbdb946589cc88b4f
1251,mb-dielectric-1252,Re2 H6 O10,ReH3O5,H-O-Re,18,223.1971,4.006,1.653511,0e0ca46817d4023d57bbe3d5f117648388deda20b7dfd8220105a42aed1a521d
1252,mb-dielectric-1253,Re4 H8 O18,Re2H4O9,H-O-Re,30,388.081,4.4538,1.763199,80bb3b25927d49a5082498b0e50f0e285e69b1253d03f179fe2e4c52915235a9
1254,mb-dielectric-1255,Cd2 Br4,CdBr2,Br-Cd,6,204.8833,4.4126,1.881388,b54358ddec5c21d79415fe0e30875a0c0a01fadd6de2a64120e7c8dcf46b9c95
1256,mb-dielectric-1257,Li2 Cr2 O4,LiCrO2,Cr-Li-O,8,72.3103,4.1765,2.253474,d1f94d694d381e5cca2a8b03efc11b310969e5c0cae8d4f7254ff4d4847e84be
1258,mb-dielectric-1259,B8 Pb2 O14,B4PbO7,B-O-Pb,24,212.079,5.6757,1.968811,46e80f7c2a1909598d9f3e213d5d5d02ab100c8a90db4be173f4f6c295350958
1260,mb-dielectric-1261,Zr3 Ge1 O8,Zr3GeO8,Ge-O-Zr,12,136.7759,5.7584,2.304401,b2e1a45e5955bf64ebdc83ce3f3201a4bf2d5e26f54492e8c62a0b9f1407a6f8
1261,mb-dielectric-1262,Zn3 Te3,ZnTe,Te-Zn,6,177.2564,5.4243,3.033266,3a8bd527c0a0993f08806bb2e723211286794ffcd66eda17516ec83859d83d47
1262,mb-dielectric-1263,Mg2 Si2 N4,MgSiN2,Mg-N-Si,8,86.5142,3.0865,2.115018,863a8850f258fb0d39b0201f5847e24f444e2b36ada42ddecfa41e494c695bca
1264,mb-dielectric-1265,Cs4 Ce2 O6,Cs2CeO3,Ce-Cs-O,12,298.7426,5.0462,2.029841,aadd626c7acded76d0f60dacf455cac1b76f51eb61ffb654cdaae01a84b62f34
1265,mb-dielectric-1266,Mg2 Fe1 H6,Mg2FeH6,Fe-H-Mg,9,66.0816,2.7768,2.344834,5dc69f91cba0ac5b33b956f6c5372a47f86f8c7cfdfeed9860a3b37f379fd3e7
1266,mb-dielectric-1267,Nb2 S4 Cl4,Nb(SCl)2,Cl-Nb-S,10,248.9815,3.0404,2.153128,43fb071894a8fb4f30b8f34ad28cdfe33cb789e40ddd93bea47aa6e4ca961889
1267,mb-dielectric-1268,Hf4 O8,HfO2,Hf-O,12,140.2621,9.9678,2.193399,7a7f9f2998cb9abc743660a05ec1c173824e0a6576efe48657bca70cbf8eef4d
1268,mb-dielectric-1269,Y2 Ag2 O4,YAgO2,Ag-O-Y,8,136.5293,5.5649,2.21046,6b681f322474d423d5635248383c122df0bf46db498443570c397e9f1621dce9
1270,mb-dielectric-1271,Na2 B2 F8,NaBF4,B-F-Na,12,151.0703,2.4137,1.324387,4c4d3db0855db79a6b29bd66faea6e1ebf284d89f0a10d2e2e39c2d4e2eba0fe
1271,mb-dielectric-1272,Rb2 Ge2 Cl6,RbGeCl3,Cl-Ge-Rb,10,339.236,2.5891,1.672689,fdf02b223910e36afa611c167ff2199a34ce72dd289f0577ec914005d9ba4331
1272,mb-dielectric-1273,Sr2 Ca1 I6,Sr2CaI6,Ca-I-Sr,9,413.7122,3.9204,1.889791,3cb1a810b3edc45c12fc36cc677fdb9e3f6d79bee76eca2af462965d91cca138
1273,mb-dielectric-1274,Ba2 S6,BaS3,Ba-S,8,206.5102,3.7555,2.435121,5bbcb753b68dbc94e1175050c4fe1a572d586f522aac7545959cb2046df581a0
1274,mb-dielectric-1275,Rb6 Ge8 Au2,Rb3Ge4Au,Au-Ge-Rb,16,554.626,4.4546,3.005606,b808b4d2e5059ddc9983a00a000a161c9b67f225df2443eb444ccce8487be3f0
1275,mb-dielectric-1276,Al2 Ag2 Se4,AlAgSe2,Ag-Al-Se,8,202.9422,4.7911,2.6409,ceed82485c5f09c7bf2d88c8ab560d090ea5787c27d8df75ab69c75882b86da9
1276,mb-dielectric-1277,Li2 H12 Cl2 O14,LiH6ClO7,Cl-H-Li-O,30,290.1199,1.8366,1.492202,d9a071d6f51154fdbf7f7cbb9f8f23c50e7f31ca377ab53b14c93a92e4c12b98
1277,mb-dielectric-1278,Mn4 In4 Br12,MnInBr3,Br-In-Mn,20,596.8529,4.5568,2.290997,a64f678e31a6f0fa5a1e81687af3972f33ff543f11f290794082710f066a9b75
1279,mb-dielectric-1280,Zn2 Sn2 Sb4,ZnSnSb2,Sb-Sn-Zn,8,262.0652,5.4193,4.723657,5069f327c0344e0210d04c2ff3728f434c221eb5c9e6bb4b646205cc37cafafc
1280,mb-dielectric-1281,Na4 Si2 O6,Na2SiO3,Na-O-Si,12,159.5806,2.5403,1.593331,cdcac5da1753ecfa7090748ee5c3bdb24d7804bc26c6448e149c8cbf2221eddd
1281,mb-dielectric-1282,Na1 N3,NaN3,N-Na,4,60.0351,1.7981,1.520307,04a40ee3f57643269db128ab65faa71ee2d7e01f99cd65972fe5ab7269fccd4c
1282,mb-dielectric-1283,K1 Ag2 P1 S4,KAg2PS4,Ag-K-P-S,8,188.3611,3.6503,2.394121,6f9dec898b4596d9525bb660e12ea0e3c6e752aa20246a0d0e6b0b8b4580bec1
1283,mb-dielectric-1284,Ba2 P16,BaP8,Ba-P,18,408.5695,3.1304,3.343202,2dbdb9fafd4b7a2b1b50c6a7b57ebb2099bd01f8d50c731820bd937a594c8e1b
1284,mb-dielectric-1285,Nb4 O4 F12,NbOF3,F-Nb-O,20,337.9966,3.2602,1.788093,2bab7ee0297cf98c1f56998ba5a87db96da1a09303c608be274bf29ebd260a2b
1285,mb-dielectric-1286,Ba1 Li1 H3,BaLiH3,Ba-H-Li,5,64.9046,3.7684,2.23189,a1d4ab291eeac36e9c4ce44aceee1f47fc757d4516b7bd07d5773f4fbb116d0c
1286,mb-dielectric-1287,Tl1 I1 O3,TlIO3,I-O-Tl,5,96.3953,6.5337,2.110463,4dd4b1c0d9b3b2a17bb42d98032e0cf9b7902ad98d4fc21a36d07041fe7a48a8
1288,mb-dielectric-1289,K4 Zn2 Si4 O12,K2Zn(SiO3)2,K-O-Si-Zn,22,327.4188,3.0001,1.62867,af2d50cc84e8c6922b8c8e90837c3916bd8b155c10522d8ea2de5a6ae54e0264
1289,mb-dielectric-1290,Rb6 Sm2 P4 S16,Rb3Sm(PS4)2,P-Rb-S-Sm,28,806.6806,2.9858,1.977518,7a7c095c0ab5ddbed37a99034897ff1e6d3e0834d9242492e1e31d694e5a91ca
1290,mb-dielectric-1291,Si4 N4 O2,Si2N2O,N-O-Si,10,121.6885,2.7342,1.860612,f86531908de332d63895cb89b6037317557fe406cf6a1cec554691c7e906369c
1291,mb-dielectric-1292,Y4 Cr4 B16,YCrB4,B-Cr-Y,24,234.6428,5.2127,6.438866,f094a8aa17eac07c0a31fa1fde4b9fbb413962bbbac866f6eda0c29995d3aa6f
1292,mb-dielectric-1293,Cu2 Hg1 Ge1 S4,Cu2HgGeS4,Cu-Ge-Hg-S,8,163.9332,5.3542,3.677025,29dfe61577f212d0f5b2063dfeffe978416d724109616719c2c152779ec93980
1293,mb-dielectric-1294,Na5 Li3 Ti5 O14,Na5Li3Ti5O14,Li-Na-O-Ti,27,292.5133,3.401,2.110827,340f05c1675249883f5375a680301e45f78cedb66067e1f09b0d2f829cbcf01b
1294,mb-dielectric-1295,Pt1 Pb1 F6,PtPbF6,F-Pb-Pt,8,114.8064,7.4673,1.868191,89ef3bc6e1ea91284a9fb6239a60a4a26847ca8233f35e0422dbe77121e3ee51
1296,mb-dielectric-1297,Ba2 Pb2 O6,BaPbO3,Ba-O-Pb,10,165.4916,7.8772,2.979499,13b5c3098cd66a6d39813632069944b609a09d7a8bee162567287c29dc67430e
1298,mb-dielectric-1299,K2 H2 F4,KHF2,F-H-K,8,112.5887,2.3038,1.376633,12e76c21d83c2cf269174345ffadeb2b4183a59cdd0691c57264bd92b365e93f
1299,mb-dielectric-1300,K8 C8 O24,KCO3,C-K-O,40,644.8,2.0418,1.487728,8fbeac6bb0971a5a4854e266b09d896e5e4034bef7c3b42fa4e91f174e940958
1301,mb-dielectric-1302,Lu8 Ge8 O28,Lu2Ge2O7,Ge-Lu-O,44,561.9826,7.1767,1.924028,fe14b764ce5a0eb0e61cc956ab47e7c3225fb9f0573611e050702fec56dd05b3
1302,mb-dielectric-1303,Dy6 Se8 O24 F2,Dy3Se4O12F,Dy-F-O-Se,40,652.8681,5.1598,1.7929,7c9337344107572fd2ba87f334c129794ac91e7dd54480234c4bc7618df12846
1303,mb-dielectric-1304,In2 Hg1 Te4,In2HgTe4,Hg-In-Te,7,261.5628,5.9716,3.33781,0d7fad729e42be20ae5aeb127b9f0e39588657d588210984f5d46af7d038e223
1304,mb-dielectric-1305,Li4 Nb1 Fe1 W2 O12,Li4NbFe(WO6)2,Fe-Li-Nb-O-W,20,215.0654,5.6842,2.363099,13f17a4d8a72ad0fb498d7f649fca0427058f96dd23df1ea05239c7d61b34e0b
1306,mb-dielectric-1307,Li6 Cu2 F8,Li3CuF4,Cu-F-Li,16,182.9037,2.9118,1.526375,a58b8894f11f1056b9aba973628acbb1475b66c22e64f22031ec9b38d430490b
1308,mb-dielectric-1309,Ca2 H2 Cl2,CaHCl,Ca-Cl-H,6,102.0782,2.4902,1.94068,7d03290a692b0571e49872f8b26a47082d935e54f51b61b4ea61eda0f9f86257
1309,mb-dielectric-1310,Sr2 H2 Cl2,SrHCl,Cl-H-Sr,6,119.9143,3.4365,1.873245,01d4df08f9ee548060a88e0fa0b98db2dc79fc02dc358fdeecd8e9afaca29cd0
1310,mb-dielectric-1311,Fe3 H10 S2 N1 O14,Fe3H10S2NO14,Fe-H-N-O-S,30,282.9038,2.8159,1.820842,759c9e26389246db23eeed484d95858d8b13f61f08edd3a5a9cb6796df3f47d6
1311,mb-dielectric-1312,As3 H5 O10,As3(HO2)5,As-H-O,18,200.038,3.2358,1.729162,5ba181f2c3a4a89617f4d09aa54f43606957e6a12230b9aa1e99d00c172cf052
1313,mb-dielectric-1314,H8 Se4 O16,H2SeO4,H-O-Se,28,361.5592,2.6633,1.593842,382af3d6964532d53fa6dfab20fb5259bd4eecd8bc7103620bc2a0a4ffb9fea6
1314,mb-dielectric-1315,Tl4 P20,TlP5,P-Tl,24,587.1605,4.064,3.283596,53ce99211066ccd1c3e23e0d8c7958d16f27bd3e611a03565b02d11a9de8169f
1315,mb-dielectric-1316,Li4 Fe4 Si4 O16,LiFeSiO4,Fe-Li-O-Si,28,355.9787,2.8897,1.790884,6beaa4310834d22c8e3e081353afda292549112927ba2d5409cdbcca34c8f541
1316,mb-dielectric-1317,Si8 Cl8 O12,Si2Cl2O3,Cl-O-Si,28,641.2829,1.8134,1.463216,791366c7437a672d41aa5b4f1b4ee56fc91660d8d6bd205b69ddc05df727d800
1318,mb-dielectric-1319,Sc4 Bi4 O12,ScBiO3,Bi-O-Sc,20,282.419,7.1011,2.406602,83ece08fe59c8d761d5996bc3594153b383284c2a20e01cf9352bcfe3ee80a0c
1320,mb-dielectric-1321,Zn1 In2 Se4,Zn(InSe2)2,In-Se-Zn,7,198.6666,5.106,2.7739,99e83345e73230c36cbf3eb86047e718305054a767a4833712aa845136727509
1322,mb-dielectric-1323,Li1 Bi1 F6,LiBiF6,Bi-F-Li,8,114.2107,4.7967,1.562583,488116912d3cd6d3e708f3f1fef823f679b7fac6d637545eaf956f007be83a3f
1323,mb-dielectric-1324,N4,N2,N,4,173.5262,0.5361,1.181408,4145a7994009116c737277ebc7d1ee4c2a3482696ac4f030272d6b05aee30c2d
1324,mb-dielectric-1325,Si6 P4 Pt2,Si3P2Pt,P-Pt-Si,12,208.7677,5.4292,4.356952,c22aa76b0b3c63af83216cafe498912fc0fac64f62243d40ca748429779edeb2
1325,mb-dielectric-1326,Rb1 Bi1 F6,RbBiF6,Bi-F-Rb,8,151.9711,4.4629,1.47684,e0001563d45474521fe13c437a162c69eef647a879cf3aaba472340321b31037
1326,mb-dielectric-1327,La2 N2,LaN,La-N,4,88.1626,5.7602,2.653585,1c1b339852190927f32da5a6ed7acfea8cb1e1bfb2a77d9d86dfe57a30be46d0
1328,mb-dielectric-1329,Na2 P2 N4,NaPN2,N-Na-P,8,88.253,3.0849,2.009401,9b8557e5bf995d777c41bfa2cf9370997a67f096a699de9f0288bbeae3ac55f8
1329,mb-dielectric-1330,Al3 P3 O12,AlPO4,Al-O-P,18,247.0586,2.459,1.571729,960bbee9b277aa1e5bf8b9f110ae362fe67da9a76d84495b2c6915bbdf659322
1330,mb-dielectric-1331,Mg1 H12 S1 O9,MgH12SO9,H-Mg-O-S,23,206.8346,1.7057,1.524139,63973c04a2c96252e42ba327924652087193a6979cbb92bcc0a5df6176f3b028
1331,mb-dielectric-1332,Mn8 Si2 O14,Mn4SiO7,Mn-O-Si,24,285.5415,4.1852,2.429519,4c24aab3fb6487dab352dd638eebf1072847c0473683ad30335b7a0cab0a750f
1332,mb-dielectric-1333,Na2 H2 O2,NaHO,H-Na-O,6,67.817,1.9587,1.530381,975205cfbc5dd7e7e50f03d57f6147f19f70a2f98b348a06144c89773db5f037
1333,mb-dielectric-1334,Li8 Mn8 F24,LiMnF3,F-Li-Mn,40,496.5098,3.1805,1.481,b55b04a9c4a59ae22aa2217be556838d42084c0f5f84174c34ede885f119a1ff
1335,mb-dielectric-1336,Na64 Ge32 N64,Na2GeN2,Ge-N-Na,160,2125.8344,3.6652,2.227327,6b276d197cff8614ad5316e3b7cdd791b21704f2e19c1eb9b885275cb9587d17
1336,mb-dielectric-1337,In12 Se18,In2Se3,In-Se,30,922.6273,5.0378,2.778106,854d62206f406a3dd7f508b78d24f193e0d099641a0f16757353ec627606e14d
1337,mb-dielectric-1338,P4 H12 O16,PH3O4,H-O-P,32,343.4752,1.895,1.489183,920c87384819861c957e78ffeab8ff14b9d00016bc96b3614623594db63e255f
1338,mb-dielectric-1339,Cs2 K1 Zr1 O1 F5,Cs2KZrOF5,Cs-F-K-O-Zr,10,212.4961,3.9629,1.535105,43e7dbabd5d951f01d32494d48632826d4df67b605b2309cd8daa98e6e875835
1339,mb-dielectric-1340,Si12 O24,SiO2,O-Si,36,811.0264,1.4762,1.333542,4613f242f85da4dc1fbc215975bd68f24395cce305b3241ad28d917beb47d96b
1340,mb-dielectric-1341,Na8 Si8 O20,Na2Si2O5,Na-O-Si,36,487.6135,2.4812,1.545182,a24eea151e2a7c939170ff1bbc9ff3755030284ae9c7791c9986678ef9b81946
1341,mb-dielectric-1342,Na2 Cu2 P4 O14,NaCuP2O7,Cu-Na-O-P,22,310.4783,2.7863,2.046351,9590a33b2a399c84efb5039630ff1a3616008538fb0ab6504329518e999a787d
1342,mb-dielectric-1343,Si1 Bi12 O20,Si(Bi3O5)4,Bi-O-Si,33,537.8159,8.8176,2.492757,2e00afca11ede103ea7baa9fa923c8d3d8a7ab63d87174c3ef98930f2e08fa21
1343,mb-dielectric-1344,Zn1 In2 S4,Zn(InS2)2,In-S-Zn,7,168.8537,4.1629,4.609313,524c91692c7407dbf7d75e841f1a8fdd666143f1acb898b2c977b1cd99e6f981
1344,mb-dielectric-1345,Ge2 S4,GeS2,Ge-S,6,152.31,2.9822,2.357605,9d1de542d7b508a90ad7d12f427a116218e0f8837b112ea5c0df9e8ffc30675a
1345,mb-dielectric-1346,Ba2 Nd4 Se8,Ba(NdSe2)2,Ba-Nd-Se,14,392.5456,6.2746,2.976921,819963764bb512fbf5c5b8d6ec4c70e70d37dfb0e95acaff06cc5931dc16b5f6
1346,mb-dielectric-1347,K2 Li4 As2,KLi2As,As-K-Li,8,190.9644,2.2244,2.526993,695824d6473400a4a5b58c3a948680fdbda863b5adde20988ca961f733c41575
1347,mb-dielectric-1348,Rb2 Nb2 Ge6 O18,RbNb(GeO3)3,Ge-Nb-O-Rb,28,459.7706,3.9027,1.845039,ec955e59f49a8805c8988a5797ee2c5e8632b2e98a3ade05be0d907155def442
1348,mb-dielectric-1349,Al2 H6 O6,Al(HO)3,Al-H-O,14,108.5318,2.3869,1.620937,efe40514a00fa859cdf0a3d2e21cfa1dca29a409dd72df832dc1e758a43b5ef6
1349,mb-dielectric-1350,Al4 Pd2 Cl16,Al2PdCl8,Al-Cl-Pd,22,731.8096,2.015,1.623268,5a19845f3a055e2fbb2bd81ca662a9cda98433492b0ead41eb924134103534bc
1350,mb-dielectric-1351,Rb3 Au1 O1,Rb3AuO,Au-O-Rb,5,177.2691,4.3967,2.530833,6aaa2f9d334a027f9ee24ddf6f2e6c89965a8431797c47174df3b93c6ed8b9a8
1351,mb-dielectric-1352,Zr6 Ni6 Sb8,Zr3Ni3Sb4,Ni-Sb-Zr,20,381.5188,8.1547,5.895507,f0a1d258931b45077a2b689462c4e639db46a79e7dc68c6a32d00680d23e0c22
1352,mb-dielectric-1353,Y2 Cl6,YCl3,Cl-Y,8,282.0114,2.2995,1.615343,067fd31db54484c0843407fb10a3feb09db0e7e3e7b45bd20d44eb9031cda5fa
1354,mb-dielectric-1355,Sr2 Li2 Pr2 Te2 O12,SrLiPrTeO6,Li-O-Pr-Sr-Te,20,257.0027,5.9322,2.012444,6e592398809d46219c5114d7c74fef6e072df429ee50a7bc648ae55d09dc16e3
1355,mb-dielectric-1356,Sr4 Pr8 O16,SrPr2O4,O-Pr-Sr,28,470.1769,6.1231,2.109091,7ab365bbbfe169c0c941689a7ed5da12f2808a09cb06dc171747b734f73297d9
1356,mb-dielectric-1357,Rb1 Ca1 H3,RbCaH3,Ca-H-Rb,5,93.8457,2.275,1.773427,37d6a574de46f92f3b4382fff648ae601d0521b47e2ebd6b5bede6b910be9847
1358,mb-dielectric-1359,Ba2 P20,BaP10,Ba-P,22,511.8786,2.9006,3.106382,b0c27be271d392e3c69751c9164e04ebb69be03578067654c43a3c2dbf28ec52
1359,mb-dielectric-1360,Na3 Ca3 Al3 F18,NaCaAlF6,Al-Ca-F-Na,27,364.6293,2.7876,1.397736,c22a25f3ee0edf59986a3a6244676278d25970f03e50c2147f8cf62bbd3f83ae
1360,mb-dielectric-1361,Rb1 Au1,RbAu,Au-Rb,2,74.1955,6.321,2.300652,f948c089152cafc42457b0b4d55f6fbf7a27e61a2ef5a6b15c5493b39a44284e
1361,mb-dielectric-1362,Ga2 Cu2 Te4,GaCuTe2,Cu-Ga-Te,8,225.1419,5.7303,3.874712,9cd2b0e29cb9405c7e24e569b35464675e972478786ec3d94d6cf9a640c07890
1362,mb-dielectric-1363,V1 Ag3 O4,VAg3O4,Ag-O-V,8,127.9713,5.6905,2.311094,8daabcbe09554db4277db08c4667949f4f020bcb362e249f420d740a919bd4f5
1363,mb-dielectric-1364,Na4 V2 P4 O16,Na2V(PO4)2,Na-O-P-V,26,350.3683,2.7191,1.644248,47f9b3f97f41f08f087e2594ec0705e66b4320f11a9e55ea4c168832c1732b81
1364,mb-dielectric-1365,Al1 As1,AlAs,Al-As,2,47.1257,3.5907,3.083958,24ebd466eae58b075425ae31cfe974472d67af15ddd3875748973578029ab030
1365,mb-dielectric-1366,Mg2 H4 Se2 O10,MgH2SeO5,H-Mg-O-Se,18,202.6127,3.0369,1.645398,83400cec74ccdd753f810d2a6e0e761c106c57918e70e0ebae3e45ceafbc6059
1366,mb-dielectric-1367,Li5 Br2 N1,Li5Br2N,Br-Li-N,8,141.2322,2.4517,1.931099,df1bdf5a9291c9596f7f78e710a0ba2d873f16b4b60aaaf3dc28778ef047f866
1367,mb-dielectric-1368,Li4 Cu2 P2 O8,Li2CuPO4,Cu-Li-O-P,16,169.3934,3.38,1.786345,cf341b42480835a406f7e149b94953c35812efafa5ce1a6ac19735d3dff00c74
1368,mb-dielectric-1369,Zn2 Si2 As4,ZnSiAs2,As-Si-Zn,8,178.3682,4.5308,3.626916,f43688b4836ae75d6633bb50ab88078752596c9b41bef58896943ec25948b783
1370,mb-dielectric-1371,Sn4 O2 F4,Sn2OF2,F-O-Sn,10,199.2772,4.8566,2.084471,fb29df4588d1a83f6bb63643a334d0951a928dea9ed66f5b5acb720e308ac15a
1371,mb-dielectric-1372,Li2 H12 Br2 O14,LiH6BrO7,Br-H-Li-O,30,307.8171,2.2106,1.559701,f219de9d307c8a15ae1a4914cf251a8bf258be7e68b5a9ed0b7848668a280ce4
1372,mb-dielectric-1373,Mn1 Se1,MnSe,Mn-Se,2,52.5765,4.2289,2.636811,96fc7cabfc891b9ad618165615cbab11f1491fc38080db7b779e833fda498304
1373,mb-dielectric-1374,Cs1 Sb1 S6 O18 F6,CsSbS6(O3F)6,Cs-F-O-S-Sb,32,539.524,2.6131,1.498332,aba37cd1bf88652812945911076803e5ad4b826f881d36a3617de462b638ece8
1374,mb-dielectric-1375,Tl4 O2,Tl2O,O-Tl,6,149.8612,9.4133,3.53261,33509da82e13292a710bc9a2f64cae5a183630bc462adc5593e19a8ecaa850f4
1375,mb-dielectric-1376,Sm5 Ag1 S8,Sm5AgS8,Ag-S-Sm,14,306.3256,6.0507,2.956436,3414f8621dabb0ca9b8578fc76e7410b1f55b902f62d90787602619fdc12e6a9
1377,mb-dielectric-1378,Li2 In2 Se4,LiInSe2,In-Li-Se,8,217.8943,4.2628,2.428508,bbf54a3cf6d2084b03d50b1900c6d2049670105ab8ba08b4462d5fd00c60fa44
1378,mb-dielectric-1379,Li4 V2 P4 O16,Li2V(PO4)2,Li-O-P-V,26,299.8162,2.8221,1.988345,ad2424687679c64ed8953b2e808f21d9f54bb30f2c2899f0d075d0b21d83a2c4
1379,mb-dielectric-1380,Ba6 Mn6 O18,BaMnO3,Ba-Mn-O,30,441.7366,5.4191,2.252355,61da748e8683b349225e8b28ef8bc17898a85d8d9036b129b93f7a5b0322509e
1380,mb-dielectric-1381,Y1 Ag3 Cl6,Y(AgCl2)3,Ag-Cl-Y,10,262.0059,3.9626,1.930975,222d20ddccd57f9ac74626cc9e936c1a0037200547d09ed28c58b6f7b7228a62
1381,mb-dielectric-1382,Ta6 N10,Ta3N5,N-Ta,16,208.8441,9.7461,3.290998,00a9d889078d0bfff5583b99120f3fa8411a988bf047f4da2491a5025fd3492f
1383,mb-dielectric-1384,Cu2 H2,CuH,Cu-H,4,32.1241,6.6738,3.655201,f6e5d499914503ade5bcada9324c91278aaaf5c167a6972e47541f47fac2fcf3
1385,mb-dielectric-1386,Rb4 H2 Br2 O2,Rb2HBrO,Br-H-O-Rb,10,280.4921,3.1714,1.566738,60ab11930637351a789272d0d29984753b32122a14448add48d0c5ff0e9e2738
1387,mb-dielectric-1388,K1 Cl1,KCl,Cl-K,2,65.0332,1.9036,1.582403,b1e3293dea3e3c01beb0ed8f3133813a023f64b708b794ec94dc3a9df92c0736
1388,mb-dielectric-1389,Li2 Nb2 O6,LiNbO3,Li-Nb-O,10,111.4421,4.4059,2.601542,99597043c5886a691dfe6519bdcb3f50b95cbc480ede699d3ab5cbfec6325800
1389,mb-dielectric-1390,K8 Si40 N56,KSi5N7,K-N-Si,104,1231.7077,2.9937,2.025107,9c0f6d5e954c321a70795e758e6d9bcece0b60ccdfe14b4b60ed2ddbc5f48bc4
1391,mb-dielectric-1392,Li2 Fe2 Si1 O6,Li2Fe2SiO6,Fe-Li-O-Si,11,157.9388,2.6248,1.797799,51df969e4c404cfba02b8e40fae42cb534284ad2e41fff8e016d4cf2c8b30453
1392,mb-dielectric-1393,Pr4 Cd2 S8,Pr2CdS4,Cd-Pr-S,14,323.8093,5.3588,2.930445,971705ed34ef9723830e5f2db8b8166199b98cb01edff73667efca455e97033f
1393,mb-dielectric-1394,H24 O12,H2O,H-O,36,288.7027,1.2434,1.445914,54974a72570a3101a709ec53f7aa25a5b32604ac2a803264b62b9bcdd2eb95cf
1395,mb-dielectric-1396,Na2 Ru2 N2,NaRuN,N-Na-Ru,6,90.4762,5.068,4.443109,f1f0cfc787f86881c1d7fff4c2c743b3a9411533706ace7ab922852b0faecc5a
1396,mb-dielectric-1397,Ca8 Sn4 N8,Ca2SnN2,Ca-N-Sn,20,350.8861,4.2948,17.40704,4b2c4446d01e390fa6996eb53f37efb511ad9275e496e6b77a08e2161e0fbf37
1397,mb-dielectric-1398,Rb4 Co2 I8,Rb2CoI4,Co-I-Rb,14,643.1062,3.8085,1.912764,07f2ac7ffbad6017b8f7a74d03dff862462652d37ef31922108afd12fbee2f30
1398,mb-dielectric-1399,Li4 Sn4 P12 O36,LiSn(PO3)3,Li-O-P-Sn,56,775.7952,3.1042,1.730454,098d6353b76ee93f5cb640007ca295cf9bb5821a5e28d734fb4c4bb2f3c92b30
1400,mb-dielectric-1401,Ta2 In6 O14,TaIn3O7,In-O-Ta,22,286.9551,7.3769,2.394629,4d7cd3d5400f482070eaff910fbdfd31513fbd6dbea1e6eb7d6026b67c7b62a6
1402,mb-dielectric-1403,Na8 Ta7 V1 O24,Na8Ta7VO24,Na-O-Ta-V,40,496.5421,6.3054,2.425115,32e41588dac9fac926b85a6f43d63e466fdd873b3018879c7162b6b330abf0a4
1403,mb-dielectric-1404,Cu4 O2,Cu2O,Cu-O,6,78.8329,6.0282,3.24145,77e46fcb5eeaa4c94d01287e4d3672aa45b291f88513311b350e2192fe9f9056
1404,mb-dielectric-1405,Nb8 Si4 Te16,Nb2SiTe4,Nb-Si-Te,28,782.6494,6.1469,3.966106,f626aa2882d0feec7c4e7cf8a8e58e266af483466538d356bf3c7b2b6f2bceda
1405,mb-dielectric-1406,Nb8 Ge4 Te16,Nb2GeTe4,Ge-Nb-Te,28,825.891,6.1834,4.082932,b7bad2066551676b7d2a38138a4bfcb5c47afb5f794f445b34aec65241482402
1406,mb-dielectric-1407,W1 Se2,WSe2,Se-W,3,167.874,3.3805,2.156283,3eb0d38ed76555d73fb6692060f4e44dc02eacd70da2049ab29109573fa96bb3
1407,mb-dielectric-1408,Ca2 Pr4 S8,Ca(PrS2)2,Ca-Pr-S,14,321.404,4.6514,2.773072,a3e2ce2fc595b64f7a78c38d89464e715a61020cf8b2f3707a9db62b42bc25a1
1408,mb-dielectric-1409,Au4 Br4,AuBr,Au-Br,8,255.0772,7.2097,2.192335,42c0f4ac476d6f06288c403abccc85fbca2132288b1d7d5ac849ac04927e064b
1410,mb-dielectric-1411,Ti1 Cu4 S4,Ti(CuS)4,Cu-S-Ti,9,157.1499,4.5469,3.129364,d678b977e9d3c724f2988d3242b925548c74b4dab90ab03d2e14e273854e5c2a
1411,mb-dielectric-1412,Si24 Ru16,Si3Ru2,Ru-Si,40,560.0805,6.7929,4.521283,1f1912d9ff5bdfe6406052b2c64d2e06f232a26f37dc7f5064fb10864a0cb36b
1412,mb-dielectric-1413,Li1 Sn2 P4 H3 O16,LiSn2P4H3O16,H-Li-O-P-Sn,26,302.3149,3.4454,1.693729,b7e24f587af87b5ae3083b2fa0ca1e330e052d930a3bd3b277bb2f5b27cfb7bd
1413,mb-dielectric-1414,Si1 C1,SiC,C-Si,2,21.0006,3.1704,2.645778,ba1db9e73263417a3331411829ecde95088b91358c99c6d9b99a44d339c9a67f
1414,mb-dielectric-1415,Ca2 Cl2 F2,CaClF,Ca-Cl-F,6,106.1219,2.9583,1.737386,bdbb0fc64076c1211539fd8c1a6052d91021d3a8c7876d19839022991e572fbf
1415,mb-dielectric-1416,Fe2 Bi2 O6,FeBiO3,Bi-Fe-O,10,129.736,8.0079,2.688245,663523578b8db472bc8804dcd7ae1b2d6b2ab3a19cd5b4c9edee7dd569e2d5ff
1416,mb-dielectric-1417,Dy1 Cu1 Se2,DyCuSe2,Cu-Dy-Se,4,93.3091,6.8331,3.177078,6c5b3265ef3a273104cd8c5b40b25bd6eb9cbc552b1f90d3a6948c5e3bb4b89e
1417,mb-dielectric-1418,Hf4 O8,HfO2,Hf-O,12,134.7667,10.3742,2.238892,34375f3e8f6eb0de0a3963daf6a4948e8f714c789426cd1e3edad5cbf915bbbc
1418,mb-dielectric-1419,K4 Ag2 Bi2,K2AgBi,Ag-Bi-K,8,297.6813,4.4073,2.970067,7b1bb701ccdc28ee0bdd36bda8969a5cbd19b274ae5e667d1fd2226b97234b95
1419,mb-dielectric-1420,Mg6 Si4 H8 O18,Mg3Si2H4O9,H-Mg-O-Si,36,369.9776,2.4875,1.589339,c0bd425f9f5fe9a48ef29282af5dfd3355bfa9b00d036bbd3010f18c06b71b51
1420,mb-dielectric-1421,Na8 Re2 N6,Na4ReN3,N-Na-Re,16,271.3648,3.9186,1.978806,ecb897618a47be7364af3bdc67e2e057d8fe03add1e7df7126fc46a746e9057e
1421,mb-dielectric-1422,Li1 Zn1 N1,LiZnN,Li-N-Zn,3,30.0596,4.7705,2.796061,f6a6c530746c8043d4e701470d5b125654d5e7d3290477b3dc724460e5f6dcf4
1422,mb-dielectric-1423,Tl4 Zn4 As4 O16,TlZnAsO4,As-O-Tl-Zn,28,479.2797,5.6642,1.921298,50e1f2e318cedce205f0c6845334c37e9cd06da061ea4e4febbf98b3d85b85ac
1423,mb-dielectric-1424,Na2 Tl2 O4,NaTlO2,Na-O-Tl,8,113.2664,7.605,2.459043,032bf92fc76c3414ed18acc2cfe2c21d864d570fc70048765d286916e8f4afe3
1424,mb-dielectric-1425,Li2 Zn2 Sb2,LiZnSb,Li-Sb-Zn,6,124.9563,5.159,4.307759,37a1b988a68b9b21b8bea8f7cec6a4503aec63c1306a38ad88576a5bf972ef31
1425,mb-dielectric-1426,H16 S4 O20,H4SO5,H-O-S,40,412.3606,1.87,1.486046,12c233ddd6e7509a2e8d52c62916b7850240b9e6ccdbe82b883475a3594af8d5
1426,mb-dielectric-1427,Ta12 Ge4,Ta3Ge,Ge-Ta,16,281.4579,14.5249,1.0,b9e3881b3181d67ad43440d515a4ff5e6f854911eb20564a4bd2bdf405f42599
1428,mb-dielectric-1429,Cu4 Sn1 P10,Cu4SnP10,Cu-P-Sn,15,274.4439,4.1303,4.121486,ceb6040ae9126d65f30601e50dc2148721752cd1146ea3649079083366fe489d
1429,mb-dielectric-1430,Dy1 Sb1 Pt1,DySbPt,Dy-Pt-Sb,3,72.3752,10.9978,4.848775,a8cab9a17a3f77ae75257ac4d91ba9d2b8028a300251791f1ce6f04a5240d448
1430,mb-dielectric-1431,K6 Te6,KTe,K-Te,12,527.6804,3.1475,2.213653,c271cb4a845d5820531b160c30ae1a796e8a80729039c13c3b4d3cbb2302f745
1431,mb-dielectric-1432,Al1 P1,AlP,Al-P,2,41.7553,2.3048,2.85237,0c4d8b5f6335058a2bca3d0651f873a8a52cd4f6c80f7e7737d76895f0047482
1432,mb-dielectric-1433,Li4 V1 F8,Li4VF8,F-Li-V,13,153.777,2.4911,1.463042,7f871b67db504ef4229ee1a62ede7b8b801b0bbbbeacbceb9c2c50085954b2d2
1434,mb-dielectric-1435,Zn8 P16,ZnP2,P-Zn,24,484.8215,3.4896,3.135974,e363f417f48a7fd85d19e706ceeada1a7a03ca0a5eda4c488c391c2dd211c864
1435,mb-dielectric-1436,Ba8 Mg4 O12,Ba2MgO3,Ba-Mg-O,24,441.996,5.2139,2.003748,746c12cc9527f16bed0365d4568603f27e1731f7ee9dd5c33347610f8a4edeaf
1437,mb-dielectric-1438,Li1 Cr1 P2 O7,LiCrP2O7,Cr-Li-O-P,11,118.158,3.2728,1.835315,a93e0cb0a5b8afffff593a9d3874b6756a2853efd58b7385b01aad643b58291b
1439,mb-dielectric-1440,Sc2 Cu2 O4,ScCuO2,Cu-O-Sc,8,104.3678,4.4709,2.430306,bc909a80b80b3bfdc4dbc38333da315c821b7493be17664c362d93263c4aa08f
1440,mb-dielectric-1441,H8 S4 O16,H2SO4,H-O-S,28,328.3338,1.9841,1.479752,f1b655dbb699deebda503b5cd6edf811c842c6e59d94b71224a0c45c06ebb10b
1441,mb-dielectric-1442,Mg2 Si2 P4,MgSiP2,Mg-P-Si,8,169.4177,2.2414,2.933594,66e4d7a5711436834406c7f0036c13a83cdb99099d59c2eea90ac90d1dfdfb64
1442,mb-dielectric-1443,Er1 Cu1 W2 O8,ErCu(WO4)2,Cu-Er-O-W,12,160.4541,7.5183,2.290188,3270836aa90828d6d59de47cb8924c2083633c6474f3cb50f9485860bc92fdd6
1443,mb-dielectric-1444,Mg4 B16,MgB4,B-Mg,20,179.152,2.5044,3.4071,7db10b8dd0241e946451d42128a241b7d1a058ecdad7e5884664d9036dc1e732
1444,mb-dielectric-1445,Na8 Ga6 Si6 B2 H8 O24,Na4Ga3Si3B(HO3)4,B-Ga-H-Na-O-Si,54,738.954,2.6616,1.573368,56c53a56cd25878e5b75461f1cff3888d182894b57df03a0639fac3fe2e7943c
1445,mb-dielectric-1446,Os1 Cl2 O1,OsCl2O,Cl-O-Os,4,85.6514,5.3729,11.357104,7fd5ffc3aa4198204a4ce86866329b46c6f8ea5fff314bb87e490ade708b5858
1446,mb-dielectric-1447,P2 H2 N4,PHN2,H-N-P,8,81.4425,2.4465,1.919048,47a80580a52021e4b599bf3073d833f1592c2fd4b0a52007947fd06246a55393
1447,mb-dielectric-1448,H8 C2 N4 O2,H4CN2O,C-H-N-O,16,176.9993,1.1268,1.451455,7901b38186ecc8bbecb66dbdb5591cca95fa3b3f4af9de3a57af19502159a59b
1448,mb-dielectric-1449,Li1 H1 F2,LiHF2,F-H-Li,4,35.3832,2.1562,1.375863,bee03cd77570984c09b5532524db200cf251c82f81ecba65c6f4ba3ab99f40e6
1449,mb-dielectric-1450,Te12 Cl8,Te3Cl2,Cl-Te,20,690.6609,4.3633,2.984236,71a8a5ea119371370bce3a1569c61c3f67a18b35ced1929ce31fafdddade4b44
1450,mb-dielectric-1451,Ca2 H2 I2,CaHI,Ca-H-I,6,152.8918,3.649,2.025006,e9a394ea23f904da8f7147d4c726e7cb8714ac79b189b080a32fccf64b09e30f
1451,mb-dielectric-1452,Cr2 Cl6,CrCl3,Cl-Cr,8,199.7589,2.6327,2.005742,c4f51fd66c01d5ea53553439f1b2526f9df455ca67dadf3fcd488e344ff77660
1452,mb-dielectric-1453,Rb1 Ca1 F3,RbCaF3,Ca-F-Rb,5,92.17,3.2887,1.455013,d5542f5aebcd53c44b60636fa60f946b0bce4ae087266a4e7feebdaee43fdc69
1453,mb-dielectric-1454,Sr2 H2 I2,SrHI,H-I-Sr,6,172.1867,4.1571,1.967672,b71d07baff81d8d5a110824c232958b0b7dcde9ed360f0299673cc98626c7d58
1454,mb-dielectric-1455,Rb2 Sn1 I6,Rb2SnI6,I-Rb-Sn,9,416.3794,4.1917,2.178602,94ba7aa64a89269a7f9a9e78aa912ae50acbdc7f2e619d5fb436896a0b4ca6ef
1455,mb-dielectric-1456,H48 C16 S2 N4 O8,H24C8S(NO2)2,C-H-N-O-S,78,667.0793,1.2165,1.512593,a3902f97eb90bfa7a0400c44d7bb84f70706376535c0b48f0c1fc1c46aaa83a3
1456,mb-dielectric-1457,Li3 Nb1 S4,Li3NbS4,Li-Nb-S,8,227.5492,1.7659,1.743191,4695547a8e7c50fe5885895ce84b46ebfa07cf7f5c5e8b202480e0f476972d8f
1457,mb-dielectric-1458,I2 Br2,IBr,Br-I,4,201.1316,3.4148,2.13237,54fed55a2a0eb7c4cc3744f135be2c6644b854ce4afc187ac0fff4bf4a7cfc60
1458,mb-dielectric-1459,K4 P4 H12 O16 F4,KPH3O4F,F-H-K-O-P,40,489.0584,2.12,1.471734,b6fad7d5cc8d2ec4f62f9eb3aada76878c289a13e138cd1c9068ef31f2c41a68
1459,mb-dielectric-1460,Cs4 Br12,CsBr3,Br-Cs,16,696.8551,3.5516,1.794157,7ea6f812de28e9c95966b28158bc484abbe272125f19fd2d01d5b0d6981e5341
1460,mb-dielectric-1461,Co8 As8 Se8,CoAsSe,As-Co-Se,24,390.2078,7.2451,5.384298,3c7e7617ee29f4ff7450575dfefe668e7ff409d793b01a7c7adcdba166cb302d
1461,mb-dielectric-1462,Li4 N1 Cl1,Li4NCl,Cl-Li-N,6,77.0435,1.6644,2.010043,8879e930da298618c9281e46dcf44c34b1f1629cbe981fdafaa55bf650b76c66
1462,mb-dielectric-1463,Li5 N1 Cl2,Li5NCl2,Cl-Li-N,8,111.3834,1.7833,1.91094,c0f116bf7de643d0ee41c1327f002fc04e1ee6b36489973450fe2625bcd728ed
1463,mb-dielectric-1464,K2 Tb2 P8 O24,KTb(PO3)4,K-O-P-Tb,36,495.6743,3.4433,1.634613,f25680632c7c87dce31f82ecaf9672765eb64e2e2e94c741c21180b7732080c9
1464,mb-dielectric-1465,Li4 Mn4 P4 O16,LiMnPO4,Li-Mn-O-P,28,319.6977,3.2588,1.728799,f90ccfe6f8ac5f40691dd47ebc2f5cc17bd92503176024194a638252a16fc334
1465,mb-dielectric-1466,Cu2 H12 S2 O14,CuH6SO7,Cu-H-O-S,30,272.9266,2.5998,1.736517,6a810e770db6b8631f2dc87d275f7dc7cef9bd63815fc8805b03e9b04ffb0103
1467,mb-dielectric-1468,Te16 Br8,Te2Br,Br-Te,24,905.8374,4.9144,3.269658,6aa8e99c1180262982ae42751a6fc1703a717cae688df2b05296ccbf202f1a36
1468,mb-dielectric-1469,Na10 Ca1 Sn12,Na10CaSn12,Ca-Na-Sn,23,722.5968,3.894,3.973663,4f646245091571a0219dfe4ec348fba44812005c6f9b05e801fec5b414d553e4
1469,mb-dielectric-1470,In4 Te10,In2Te5,In-Te,14,527.9203,5.4582,3.478501,f3dbb57cdd1981f0a5946fc541d598d6ab62f5c0fad7a8bc0d503ef1fd19e458
1470,mb-dielectric-1471,Te16 I8,Te2I,I-Te,24,1003.9652,5.0559,3.485589,abe9c63935d08a0f90d16071f86aac85a430887b659f7d46da5817ca2bd24d60
1472,mb-dielectric-1473,Cs8 Se20,Cs2Se5,Cs-Se,28,1095.4838,4.0054,2.212149,c722d5826b597549225ea4aca2edcbb0e9fe1cd599fb4b18a5cb74ceae1b3ab3
1473,mb-dielectric-1474,Sr4 Ca4 Sn4,SrCaSn,Ca-Sn-Sr,12,424.5296,3.8553,4.255467,d081ffa37e479409be5c37d09e2b40a8d65e06510352b54caf8b0b911488044d
1474,mb-dielectric-1475,Na12 Co4 O8,Na3CoO2,Co-Na-O,24,417.6094,2.5433,1.905402,2d82b5ab3e53ad1199f9f9b435864909bd6ac27d2a304cd86f396ee7d554af6c
1475,mb-dielectric-1476,Sb2 Pb1 O6,Sb2PbO6,O-Pb-Sb,9,137.1403,6.6198,2.108717,ac4e3cdd67665e10b884eb05edc1eceac91b7ffa9ef756bb0d2814078989b731
1476,mb-dielectric-1477,Fe3 O3 F3,FeOF,F-Fe-O,9,111.1969,4.0698,2.043328,8a6c7f58c2bceb9e4a2c2d09d051c6a83f38c35f822b23e9aa15418aaeecebc9
1477,mb-dielectric-1478,Sr10 Ge4 N12,Sr5(GeN3)2,Ge-N-Sr,26,464.8431,4.7684,2.396396,1d6b89f96ddae4940cf3db124587311d7d0d114cff25030901012ea2e14ea480
1478,mb-dielectric-1479,Ta1 Tl3 Se4,TaTl3Se4,Se-Ta-Tl,8,262.1191,7.0315,2.705751,7c2d1945568eacda35f7138bffa0ec0ca01e745b2d73aafbbe325a08835cf3a1
1480,mb-dielectric-1481,Se4 F16,SeF4,F-Se,20,344.6495,2.9863,1.518552,9a08842a6e6ea7c75d5fb9f8136c20ddb1cbb37be07abdc9d09d7c5cb35d2e91
1481,mb-dielectric-1482,Li24 In8 N16,Li3InN2,In-Li-N,48,533.0437,4.0785,2.538686,78686562b2dece13e20be54e854e4e7f75219315347460b5c9131c32bec7dab4
1482,mb-dielectric-1483,Ir2 Cl6,IrCl3,Cl-Ir,8,202.8002,4.8895,2.106419,4badb34cfe5311e6425dc98bf032546e81aee44de902b30c6185bedba8270f88
1483,mb-dielectric-1484,K6 Se6,KSe,K-Se,12,431.117,2.7284,1.883386,5efc4548cf965784ae2266a1510f10311a61ed314ada8fce3b01d92d823feb9b
1484,mb-dielectric-1485,Ca3 Zr3 N6,CaZrN2,Ca-N-Zr,12,162.3704,4.8879,3.281948,d5ad3f7a0666ac0e71290830dc00c2f148737ab47df6c647c6ecdc6f52e9a3d0
1485,mb-dielectric-1486,Y4 Cl6,Y2Cl3,Cl-Y,10,274.9154,3.4329,2.556104,768de1b33db1515f1ac72f9feb170964875424a8d03c6b1b8b2acbcbdd89b106
1486,mb-dielectric-1487,Tl8 O6,Tl4O3,O-Tl,14,302.3093,9.5085,2.855404,c34a883600fefeffc67331a20ff476be0cd33f928d4912ea2d42aca98d03441f
1488,mb-dielectric-1489,Na12 Zn2 S8,Na6ZnS4,Na-S-Zn,22,484.9373,2.271,1.988708,5223cce1e38c6c5187989cdde801e711d91491e7110dc3a5390ab422d547db1a
1489,mb-dielectric-1490,Al4 B6 O15,Al4(B2O5)3,Al-B-O,25,252.9606,2.7097,1.641544,0ee7f1dd8abaf6d0b6381096ec89d3f8f1aa6411305bed1c7c57c89c98071c96
1490,mb-dielectric-1491,P2 H8 Br2,PH4Br,Br-H-P,12,162.1148,2.354,1.968163,7cb0f119aa7c00f1d375759b521f5456c2573398be7b499682fb81668070cf3a
1491,mb-dielectric-1492,K2 Pt1 Br6,K2PtBr6,Br-K-Pt,9,295.3198,4.2323,1.983004,7719edcec7fe5a9449876514abc00ce0ca699936da48ab8ddd0d3ca0b70de96a
1492,mb-dielectric-1493,H12 Cl4 O20,H3ClO5,Cl-H-O,36,412.2742,1.9087,1.4723,586bbe9f4a38ed35f12e05b9251adeeb5e13232fbaac4a21d4abb5b62f66165d
1493,mb-dielectric-1494,Sr12 B8 N16,Sr3(BN2)2,B-N-Sr,36,551.9629,4.0976,2.247276,9e15611bbdc1f3e35d295db0c666d79ee9087ad6d61a27b698ecff37795a9921
1495,mb-dielectric-1496,Ti12 Zn8 O32,Ti3Zn2O8,O-Ti-Zn,52,610.3686,4.3792,2.321874,de114680566259c3b909ba47dbe61761cfad30eb7c12206019cd070b037a7c40
1496,mb-dielectric-1497,Li8 Fe4 P4 O20,Li2FePO5,Fe-Li-O-P,36,376.7684,3.1856,1.839238,dcf9eabde831b5300a1fb3493af7fd6c07a09a52d50e940d8965859032295109
1498,mb-dielectric-1499,Ca1 Mg2 Bi2,Ca(MgBi)2,Bi-Ca-Mg,5,154.5801,5.4426,4.092799,a33732920e35c7b1d6a369d74f60128904ef34f2274982e4639462fbf31cdd59
1500,mb-dielectric-1501,Ba2 Au4 F16,Ba(AuF4)2,Au-Ba-F,22,391.1036,5.8018,1.6156,819544ee2d6b202b83848315e455830b8ba245a8300ebbbbc27db221a635cbac
1501,mb-dielectric-1502,Ba1 Mg2 Bi2,Ba(MgBi)2,Ba-Bi-Mg,5,175.9283,5.7,4.133849,4bbe7a64e8e8b1f610febf3f869af35f86bbc95ca25e80aa16da11c64532f873
1502,mb-dielectric-1503,K2 Tl2 O2,KTlO,K-O-Tl,6,148.7513,5.7933,2.229486,1381b58f31d83d219fbf3bdf59ef1a8065fcbbf9a5a3343cbe13cf4fed516473
1505,mb-dielectric-1506,Br8 O4,Br2O,Br-O,12,320.6812,3.6414,2.332243,a06f5b912a2a74bfb7b7f57716c21818d63c0e2ea08f32bb8441b90cd7666b0f
1506,mb-dielectric-1507,Cd1 Pb1 F6,CdPbF6,Cd-F-Pb,8,141.4249,5.0911,1.609969,2cd4e0189f888a158e094fab15ea84076c2539b12ba21c3a8849b0f02472d32b
1507,mb-dielectric-1508,Ag1 As1 F6,AgAsF6,Ag-As-F,8,150.9832,3.264,1.505656,62ac0a88aa0a42072f348230e587947e0cefe74b30b24da157b113f0409d01ae
1509,mb-dielectric-1510,Cr6 Br18,CrBr3,Br-Cr,24,737.1583,3.9426,2.161944,975dc824f7b7905b20014e7720443e9fc91ad72aec4f99b72d62b667f2da85f6
1510,mb-dielectric-1511,Li4 Mn1 Cr1 W2 O12,Li4MnCr(WO6)2,Cr-Li-Mn-O-W,20,200.7868,5.7426,2.912419,536c9dd6f944f13b594cc95d56f57cc9f83a5f56cd9d64439b8f3a4ab65d5f20
1511,mb-dielectric-1512,Re8 P20,Re2P5,P-Re,28,444.6056,7.8773,4.353772,a9762c5f03aa8be4e7962a249bf3f46ce697334c3cf2af43057c51705a236fb4
1512,mb-dielectric-1513,Bi1 F5,BiF5,Bi-F,6,104.1548,4.8462,1.570563,3017dd3cdb744c1f7f13f1c9c01ce38fc680638db188adf8bb6a7c134afb8658
1513,mb-dielectric-1514,Na4 Zn4 Si4 H4 O16,NaZnSiHO4,H-Na-O-Si-Zn,32,384.3783,3.1362,1.65169,09782ce09e6e5f11780e27db53b61f93ac1c84631d267281115313f53ea4b613
1514,mb-dielectric-1515,Li4 Ga20 O32,LiGa5O8,Ga-Li-O,56,576.4584,5.5716,2.023873,0c92600cc7890c13cd21c267f399a48473a0dc5134a8ef767669ae3f9964764a
1515,mb-dielectric-1516,Cs1 Sc3 Cu2 Te6,CsSc3(CuTe3)2,Cs-Cu-Sc-Te,12,356.2718,5.4088,3.442729,ddac664bd911b179c0308c84cbe9cc778a7d70edbf542b5499d4946b35135d17
1516,mb-dielectric-1517,K4 Al4 Cl16,KAlCl4,Al-Cl-K,24,747.3345,1.8477,1.53308,96eaa115d1fe6d8f29ab8e4cd44eb95bf12975239147b5b5bdb8040f92f88b52
1517,mb-dielectric-1518,H8 C2 N10 Cl2,H4CN5Cl,C-Cl-H-N,22,276.1146,1.4617,1.609726,b2ede0624fb2083bd6d8e5c24e8c953121d0b716a716664dff9ce3ea38f428a8
1518,mb-dielectric-1519,Rh2 Cl6,RhCl3,Cl-Rh,8,199.1447,3.4898,2.217055,bd5b594564de7667e0aa13f058f4f2a2a1f8438965bf5dc6ce5f39fbd0631146
1519,mb-dielectric-1520,Ca4 Mg4 Fe3 H22,Ca4Mg4Fe3H22,Ca-Fe-H-Mg,33,298.7863,2.4856,2.204676,1458f0ac80a12ead8d1fdcd5f3c08559c077a5f7ce8dfa7ce40101e12933ad15
1520,mb-dielectric-1521,N2 Cl2 O12,NClO6,Cl-N-O,16,230.7321,2.0936,1.631462,b26f54256e195e7cf875c52451ec3c7477104be01eafcbcc5a5b4bd2733ae21b
1521,mb-dielectric-1522,Li6 V1 Cl8,Li6VCl8,Cl-Li-V,15,275.6692,2.2662,1.750143,191cd05bde23bf7f32f6ad496df8aff106b8210005a46e745c6b3797a0644bbf
1522,mb-dielectric-1523,Li1 Co1 S2,LiCoS2,Co-Li-S,4,57.5901,3.7485,4.150614,44fa0bb9081ec2cfe3aa36c07511aa9c2be84d31e8a5ca31b995724559bb5c08
1523,mb-dielectric-1524,K2 Mn2 P2 H4 O10,KMnPH2O5,H-K-Mn-O-P,20,241.0475,2.8523,1.630769,736085ab3fed5cc4ca31619bbdadb3d5c7e0c72da17d9d87501f4a95d44c5886
1524,mb-dielectric-1525,Na20 Sn4 P12,Na5SnP3,Na-P-Sn,36,838.4173,2.5873,2.853945,19ac9e2f86f288ae6d0e327a836ea370daa30ef9b12800fad06f1ece6523ae7f
1525,mb-dielectric-1526,Ti1 Bi12 O20,Ti(Bi3O5)4,Bi-O-Ti,33,549.4766,8.6902,2.503843,8b022fbda145208b5a3c778bde4149162927d6c6e461a2f1246589f5e13d2d5d
1526,mb-dielectric-1527,La6 Cu2 Si2 S14,La3CuSiS7,Cu-La-S-Si,24,543.4963,4.4779,2.664318,2cbeb902a8b104fbb5cf57033eab481d3067aa2ec0bc076c2e6b5e2fd1e7266c
1527,mb-dielectric-1528,Sr2 Ge2 H4 O8,SrGe(HO2)2,Ge-H-O-Sr,16,187.5679,4.0064,1.748376,2e533a37c0a1c72e708d508714a282cc7bcd03cb053d56fc423cdf53805594dc
1528,mb-dielectric-1529,Na8 Zn8 H24 O24,NaZn(HO)3,H-Na-O-Zn,64,648.8948,2.8543,1.634197,40439e94d1aa36531124b96d4d5c5aa17a29b4cacad84aede73ff675912631c4
1530,mb-dielectric-1531,Li2 Y2 Se4,LiYSe2,Li-Se-Y,8,188.2576,4.4767,2.653074,41cb56b184e7cd50ee50ec2f0a4567a63276f7cebfc9e08fa85b878211ae5ecd
1534,mb-dielectric-1535,Na1 Cl1,NaCl,Cl-Na,2,46.0961,2.1053,1.577386,8cf0f1075191cfb7685810f2dab861f37dfbff9ed5d6dee17e96dbdd2704c0c7
1535,mb-dielectric-1536,Be2 Si2 P4,BeSiP2,Be-P-Si,8,134.6097,2.4436,3.078095,82271f47f1c4d6e000581537a15e0c3223bdd2155486e259aa1e184c3b5f4215
1536,mb-dielectric-1537,Ba4 Ge8 P8,Ba(GeP)2,Ba-Ge-P,20,513.8374,4.4539,3.575845,9181fbecd5447517c84348316ff41dbde968e2a0a7187d1cc2f6bf4df90032d1
1537,mb-dielectric-1538,Sn2 S2,SnS,S-Sn,4,194.7104,2.5717,2.549949,6e7b018d056b03e8b37222d952d1b623da699018bd61d7f47fa20b57cc87b52b
1538,mb-dielectric-1539,Cd1 Se1,CdSe,Cd-Se,2,59.9528,5.3005,2.935033,03a980fe0018a8c5c509454b89e5abd11481c832ed0a7f0c31a08c1e241d9260
1540,mb-dielectric-1541,Ag3 P11,Ag3P11,Ag-P,14,293.6678,3.7564,3.390526,69a4f410870c70673799cece35f9b3c4c001fe217bf83ab5f3fe02a785b8d32c
1541,mb-dielectric-1542,Lu1 Cu1 S2,LuCuS2,Cu-Lu-S,4,78.5148,6.4007,2.869165,630bcdacde778b794bb783ee86701a57f6807d1ea9042188092ac0f6c62693b8
1543,mb-dielectric-1544,Sb2 F6,SbF3,F-Sb,8,140.2163,4.2339,1.728907,6c6a44f3a5f5d333befd049ab0a5be866adea957822c335dd40f77cae53b9e3d
1545,mb-dielectric-1546,Na1 In1 Se2,NaInSe2,In-Na-Se,4,99.6871,4.9261,2.748967,ade0e4d62c3f2d994de06123ee7a1f5e81774124bb53b6e367f289eea44120ad
1546,mb-dielectric-1547,Cs2 Ti1 Cl6,Cs2TiCl6,Cl-Cs-Ti,9,294.9693,2.9634,1.726071,fece0d3633aeb9f12caccf69b94602ce4d442c8b0a73ba3fd57f51700febda83
1547,mb-dielectric-1548,Cs2 Se1 Cl6,Cs2SeCl6,Cl-Cs-Se,9,303.8775,3.0464,1.755872,ccd02f44525e93634279b7cec025878c7f5a49d1a839b0d35ae68a9c2b0e68b0
1548,mb-dielectric-1549,Zr4 W8 O32,Zr(WO4)2,O-W-Zr,44,821.1705,4.7472,1.903898,90d0604a0207c8979772b4dec906e3517344e42c8dbeca5996454b521f6ff8cc
1549,mb-dielectric-1550,Rb2 Zr1 Cl6,Rb2ZrCl6,Cl-Rb-Zr,9,285.1232,2.7657,1.674891,189289677d61b4247cc32c36714913477484bdd2a0654d22a508d69eb2e7c206
1550,mb-dielectric-1551,Er6 Ta2 O14,Er3TaO7,Er-O-Ta,22,291.9631,9.0399,2.134887,f9b958a46412f464f0b10852234e84f139fdc28008b8b3daeb1be44ff94d154d
1551,mb-dielectric-1552,Tl2 Sn1 Cl6,Tl2SnCl6,Cl-Sn-Tl,9,270.226,4.5485,1.876661,f37ce7fb6c9c9ab7e736b01e115f89765b19a292133bd83d1e585b31ef71b02c
1552,mb-dielectric-1553,Tl2 Te1 Cl6,Tl2TeCl6,Cl-Te-Tl,9,279.1042,4.4567,1.983832,fb45d16e6be440a0d9cf858af0d0904ccc9caba862cd60805293e9dd10d01b15
1553,mb-dielectric-1554,Y6 Cu2 Ge2 Se14,Y3CuGeSe7,Cu-Ge-Se-Y,24,569.8245,5.5696,3.138998,ce01bd10245d846e3e8da8541a7dbafe34ddef3a37cdd5759889d6590de7788f
1554,mb-dielectric-1555,Mg1 Se1,MgSe,Mg-Se,2,54.0138,3.1747,2.157275,3e7a101fd134c86ab7f287c1adae7e734bf44e00da87d33f882992f5926a7344
1555,mb-dielectric-1556,K2 Ti1 Cl6,K2TiCl6,Cl-K-Ti,9,251.9646,2.2327,1.790391,ca8b722d7c5a5cf36d914d73d3d1003f6c0f4e0e67f8c81215fadb5bc1a335a7
1556,mb-dielectric-1557,Li4 Mg4 H24 Ir4,LiMgH6Ir,H-Ir-Li-Mg,36,295.8667,5.1525,2.129,b3ca76373918b737b8e763ac5864cf933c668fb185e3841f847a17e9c77c1664
1557,mb-dielectric-1558,Nd6 Si2 Ag2 Se14,Nd3SiAgSe7,Ag-Nd-Se-Si,24,609.8997,6.1063,2.984012,2aa8410243adf40bd9ae6a0bb5b137c5329d1c9f11368d963d2b6a81c4dc7019
1558,mb-dielectric-1559,Li1 V5 O7 F1,LiV5O7F,F-Li-O-V,14,159.0636,4.099,2.623416,724cc640599197145fc7473b501570dc0a5e7bef63ea6888c160bfa05217e1e8
1559,mb-dielectric-1560,La6 F18,LaF3,F-La,24,327.1347,5.9664,1.746158,c6276b29fb2a1997bfd21ecf7cb11612f36043a49fa20a525d216eb0716a64cb
1560,mb-dielectric-1561,V1 B1 O4,VBO4,B-O-V,6,87.5154,2.386,1.918886,fc02000ac344597e7a1493d26383e2da28e6c6650ecc30ce27b84c45e53e1078
1562,mb-dielectric-1563,Rb2 H2 O2,RbHO,H-O-Rb,6,103.4366,3.2902,1.581394,3b26a1d14e28d6a3ea4204fa5bdfe56c2a70962cb3565c662a117e2d3dce250a
1563,mb-dielectric-1564,Na6 O3,Na2O,Na-O,9,123.223,2.5057,1.863084,20f868dca724d3e8c44546ad24fd8c7da89b79d1a4c1595e81a4a9e1449cf2aa
1564,mb-dielectric-1565,Be6 Cd8 Si6 Se2 O24,Be3Cd4Si3SeO12,Be-Cd-O-Se-Si,46,638.5726,4.3265,1.858547,e472882fa15c77eb9a207081b040499344ea1cfad863e020c065831fd1dec1ae
1565,mb-dielectric-1566,Hf1 Sn1 Pd1,HfSnPd,Hf-Pd-Sn,3,64.4213,10.4038,4.411199,45aa6c16c30ac0a704fc1d4c8f09933a7a1bc38b310b11d302874d3aa0f7b484
1566,mb-dielectric-1567,Li4 O4,Li2O2,Li-O,8,67.4797,2.2581,1.777545,feb3d977deddc3a059f69a6bfd2c63167628a523f55820cfb1ad9bfe10b6ee81
1567,mb-dielectric-1568,Y6 Ta2 O14,Y3TaO7,O-Ta-Y,22,309.7378,6.0008,2.103596,6dbb109c93f48d5aefe117b8cae733d2fd975261f760c2a505dbe0c490771eef
1568,mb-dielectric-1569,Cs1 Mn1 P3 H1 O10,CsMnP3HO10,Cs-H-Mn-O-P,16,243.3317,3.0147,1.710573,76d827c4352c7d0b24d7e32f06a1414e44f950ea97b65f2d0b26685acb1ca358
1570,mb-dielectric-1571,Ba4 Ca2 Si8 B4 O28,Ba2CaSi4(BO7)2,B-Ba-Ca-O-Si,46,636.2317,3.5114,1.667476,ab89439d4700dbecff77c01eb1a85efcbcc037e1ad29102dddab372e767eaf80
1571,mb-dielectric-1572,Li2 Mn2 F6,LiMnF3,F-Li-Mn,10,113.9388,3.4649,1.512373,7d10b0c5e8bc2ebafaf2688df3383c4d7543db283456295d2cb9828a2647ab99
1572,mb-dielectric-1573,Na16 Be8 Si8 O32,Na2BeSiO4,Be-Na-O-Si,64,707.097,2.7631,1.649507,5f2328433ab753bb3a47dea862b1cdad6285cbee9375a65e91fa8b6c319f827b
1573,mb-dielectric-1574,Al2 Cl2 O2,AlClO,Al-Cl-O,6,98.5836,2.6423,1.730782,c64a58fc3001761188f76135c03b923295b04a2d3c8e2c1aeb79dec2c4cb0a79
1574,mb-dielectric-1575,Ga2 Hg1 Te4,Ga2HgTe4,Ga-Hg-Te,7,236.1838,5.9792,3.407114,93403371ae5ed1190e7dbcb0b37692260320c1b07092b733e0219b3a09f0c9c2
1575,mb-dielectric-1576,K1 N1 O2,KNO2,K-N-O,4,77.8915,1.8143,1.426835,dd2b1a8b9303c8e24c03b8f2e9e4ec585acbfcd4527c537588b84875f1b13f44
1576,mb-dielectric-1577,Ba2 P1 Cl1,Ba2PCl,Ba-Cl-P,4,145.5285,3.8919,2.333228,466208413a86161d30f4feea2956406a94c0b0f5a6017ec5194909c7aaa430fd
1577,mb-dielectric-1578,Sr10 Sn4 P12,Sr5(SnP3)2,P-Sn-Sr,26,713.8776,4.0072,3.203228,5fe8224912498268da3d61b17e5177d8c14cc70e801c1e2219b1a9446c0cbb4a
1578,mb-dielectric-1579,Rh2 Br6,RhBr3,Br-Rh,8,239.1636,4.7577,2.474739,9ef0f00e02c65b4363a46c1d5c18faae732e9e487d225d1897e06579547d0d32
1579,mb-dielectric-1580,Li4 Mg2 Cl8,Li2MgCl4,Cl-Li-Mg,14,290.9385,2.0547,1.659418,da7b0b6b43b202b00a587eb824541a608d89288396628f1a337881557bbdc34f
1580,mb-dielectric-1581,K8 Sb4 S4 O16 F12,K2SbSO4F3,F-K-O-S-Sb,44,764.1365,3.0685,1.550543,21070022f98f43f27074783a6bf5a2ea8d51fe0cfff5fcc58f74310df3130d08
1581,mb-dielectric-1582,Ba3 B3 P3 O15,BaBPO5,B-Ba-O-P,24,319.6148,4.0386,1.689159,19c88660222660af846f683c721c048df872e1cafa0cb56432253dd12411fb87
1582,mb-dielectric-1583,Cs2 Ge1 Cl6,Cs2GeCl6,Cl-Cs-Ge,9,295.5937,3.0963,1.653335,8ac01fc549b8252b846aa4d2de83d30ea776a962eb1be81e877915ad6502b302
1583,mb-dielectric-1584,Cr1 O3,CrO3,Cr-O,4,63.7624,2.6041,2.180544,a3b1e1a42d526364bdb0a3c4a8b207783018df30f1083eaf0e8cfb208028b10f
1584,mb-dielectric-1585,Bi4 S2 O4,Bi2SO2,Bi-O-S,10,183.21,8.7377,3.27524,ae1579e66959c18eb0eb6c179a3a7d5d34cd64420341c1add7436c80ae306cff
1585,mb-dielectric-1586,Na1 Li5 N2,NaLi5N2,Li-N-Na,8,102.1655,1.3931,2.642864,fe7ded80d111bd7d33123e33767667990eb6b6a00d1a45b5a38be80823aeb074
1586,mb-dielectric-1587,Ti2 Si4 O12,Ti(SiO3)2,O-Si-Ti,18,217.1479,3.0593,1.906266,45418800d95e66ebe56d3dbbe7947350e54fee0fdc4e14b6fe646e3ee91e5286
1587,mb-dielectric-1588,Sr6 Y2 Rh2 O12,Sr3YRhO6,O-Rh-Sr-Y,22,322.7266,5.6667,2.204843,eb7b0063551753da86fd9a43e6431905907965029d6e3129fd9dd88680ade461
1588,mb-dielectric-1589,Tl2 Pd1 Cl4,Tl2PdCl4,Cl-Pd-Tl,7,228.0796,4.7833,2.095332,cf0736c6fb436e604ca8f4f4c61c2bcebd16e4bbda06b6ea3824308f079cac4b
1589,mb-dielectric-1590,Cs4 H4 O4,CsHO,Cs-H-O,12,260.0836,3.8286,1.610794,441da7fe56506a5f272fcc67bcd21dc9aa41447c319093070c67796ae2471531
1590,mb-dielectric-1591,Ca1 Zn2 N2,Ca(ZnN)2,Ca-N-Zn,5,63.3912,5.2105,2.984143,b14614755176abfd0aeaf33ae328ef81ed6300b1b29e73e7aa713728c58a3594
1592,mb-dielectric-1593,Ba4 Li1 Cu1 C2 O10,Ba4LiCu(CO5)2,Ba-C-Cu-Li-O,18,264.3849,5.0485,1.989894,9271d3404f5428518385445c797fc9db4150ab578bf374ddfa3de4b2778b3b93
1593,mb-dielectric-1594,Ga4 Te6,Ga2Te3,Ga-Te,10,331.8416,5.2266,3.41648,0ce77299b7840acc421fa86cc1e0f11b56209ffb929c5a6303aa41b607b51d9d
1594,mb-dielectric-1595,Rb4 Li2 As2 O8,Rb2LiAsO4,As-Li-O-Rb,16,284.5244,3.6978,1.623686,1396e205761b77f921012c46ea78dafc58fbbd3fe1dd153c45aa07d09b97864b
1595,mb-dielectric-1596,Tl1 In1 S2,TlInS2,In-S-Tl,4,99.665,6.3868,3.139213,7bd3191f0a750c21792194cb041700b83d4bb8690c217d8b561957a777a3cba5
1596,mb-dielectric-1597,V1 Cu3 Te4,VCu3Te4,Cu-Te-V,8,207.0927,6.0296,3.364356,08e0b21923e5d5d63bfbe49ad719e2ff260dff94b8afa5fed55e7239aa0eae2e
1597,mb-dielectric-1598,Zr4 O8,ZrO2,O-Zr,12,162.9544,5.0227,2.186448,725842e4329abba7a8bc3e5dcced9fd884b175c4c293e00927b3a40a2471b6f0
1598,mb-dielectric-1599,Rb2 Mn1 Cl4,Rb2MnCl4,Cl-Mn-Rb,7,212.7503,2.8698,1.68803,5d18bf12b7fa5fc1675750bca8f0fd45ffa013675285cebf29fc189ad159943d
1599,mb-dielectric-1600,Rb12 Mg4 H20,Rb3MgH5,H-Mg-Rb,36,803.2322,2.3629,1.67786,223fb4dca2a710bd7b42c9f3fca6e901e209a80e5da45678e4b5a9153d47c295
1600,mb-dielectric-1601,Ti1 Mn1 O4,TiMnO4,Mn-O-Ti,6,68.1029,4.0671,3.064484,6d49a9aa22e39621fb48abbef2bd9597150a06af859e39a31f45f04a41f84bb2
1601,mb-dielectric-1602,In16 O24,In2O3,In-O,40,546.2937,6.7513,2.213938,4d5f81bd002c75137b8b5a17d33d7c53adfd3d0f81562b6c96ae7c171e3fbd40
1602,mb-dielectric-1603,Cu4 Pb2 O4,Cu2PbO2,Cu-O-Pb,10,155.3614,7.83,2.968364,819db5bf63c907fd832112d2a9a927659b8fe3291891a82157252b724ebb81ed
1603,mb-dielectric-1604,Al2 Si2 H4 O9,Al2Si2H4O9,Al-H-O-Si,17,170.6677,2.5118,1.59928,54dca421d87f29b990f55e1e75641ce0206fb1d7369e69ac99b45c8959dbb330
1604,mb-dielectric-1605,Al2 Ag2 Te4,AlAgTe2,Ag-Al-Te,8,252.1551,5.1373,2.959575,79df11aa415284b5b62139d18df64aa4c9d319f5d7ec6590eb94b31a8b021a50
1605,mb-dielectric-1606,Si8 Te8 Pt8,SiTePt,Pt-Si-Te,24,496.9113,9.3774,4.854688,14b2fb8aaa9a82913ebc487c91632d4462853985ee639ed584df0a25b37e4330
1606,mb-dielectric-1607,Ba1 Hg1 O2,BaHgO2,Ba-Hg-O,4,100.1888,6.131,1.887122,afd5898a62f3d0e00283191c83f2232e2b3018e0be788a430efafa00be4c169e
1607,mb-dielectric-1608,Cs2 Hf1 I6,Cs2HfI6,Cs-Hf-I,9,432.4912,4.6294,1.949984,0d72d210fb9600ebb492cb89823bf9e2916cac1caa0dff72220c64e87c7214d1
1608,mb-dielectric-1609,Ba4 Sr2 I12,Ba2SrI6,Ba-I-Sr,18,998.0798,3.7391,1.793234,86f32a6950e3b157ff3bf8ba173a4898e4b4202d065c36911caacaea0e8f2d56
1609,mb-dielectric-1610,Li2 Fe2 P4 O14,LiFeP2O7,Fe-Li-O-P,22,266.6276,2.9487,1.789563,ab380cd709be36bc06dcb729e43dd49bea8041b56a1031bb7eeb934de4d9ac4e
1610,mb-dielectric-1611,Li3 Al3 Si3 O12,LiAlSiO4,Al-Li-O-Si,21,278.2541,2.2559,1.543496,d31cccdc11a60c57157b9e2fefebf660dc33f97a1c99e2e76dbff3750b720d5c
1611,mb-dielectric-1612,Cd1 Cl2,CdCl2,Cd-Cl,3,88.1459,3.4534,1.769945,d942a558a71b3683e992adc4d2c7677bb067ce3f11faf8567ef688253017993c
1612,mb-dielectric-1613,Li2 Mn2 P4 O14,LiMnP2O7,Li-Mn-O-P,22,276.2257,2.8353,1.823417,06a6ca1d143223f739e47477e76517f69318a1d83ebb4f21e86b3ff0c44f02cc
1613,mb-dielectric-1614,Li2 Nb2 O4,LiNbO2,Li-Nb-O,8,79.2238,5.527,2.948978,bdb739ad625f1ac0cb4824f3394fc85dbf65dcce6cdadd773605150d262a4a25
1614,mb-dielectric-1615,Na4 H36 O20,NaH9O5,H-Na-O,60,529.152,1.4066,1.448761,684caec85025ebe4d0a64a778f44dcb035b5b38d9a707676c077326806f841ba
1615,mb-dielectric-1616,Tl4 Se2 O8,Tl2SeO4,O-Se-Tl,14,297.6077,6.1568,1.939238,b3a80472ac8951789f9ba76753b9d809395cbe91ec55f9173ee07a928781ee3a
1616,mb-dielectric-1617,Sc4 Mn2 S8,Sc2MnS4,Mn-S-Sc,14,298.8467,3.0351,2.826836,14d481e145820e3442bccf68341ae2a2995da1af156370960c860918d2f31241
1617,mb-dielectric-1618,Li24 Al8 N16,Li3AlN2,Al-Li-N,48,431.4901,2.3342,2.145332,9546b4a178e19aacd9f246aa242a5dec06b08c22dcad1f29c177da9e765a4438
1618,mb-dielectric-1619,Cs2 Na2 Te2,CsNaTe,Cs-Na-Te,6,249.3566,3.7758,2.077924,04fcebef68adc731b50aa3324331d356964592cfff50ab64eab787b3905ebbb2
1619,mb-dielectric-1620,P4 W8 O32,P(WO4)2,O-P-W,44,649.3401,5.3871,2.188393,6608ed0b0838e6447472776db4eae5038b11864fb2636049131b22ebbccc459a
1621,mb-dielectric-1622,Sr2 H8 O6,SrH4O3,H-O-Sr,16,157.0126,2.9538,1.634882,5baa5eb9163c8d14e2bab05f86faa8fd587735862fcd9c50a9f98fceaded27d5
1622,mb-dielectric-1623,Ag6 As2 S8,Ag3AsS4,Ag-As-S,16,374.2165,4.6751,2.934739,4e85eeb45d9c969d466397d1e939b4a17293fbdf1d77781f87c101341a52b21f
1623,mb-dielectric-1624,B6 O9,B2O3,B-O,15,147.9721,2.3438,1.650243,5ab8850d461fa047842df74ba7c35c7f875cd3849ed421b1e6b4ba6d873180a7
1624,mb-dielectric-1625,La3 Ti2 N3 O4,La3Ti2N3O4,La-N-O-Ti,12,162.3907,6.3242,2.967317,20303cad69b27324207e2b4988e68a22ede3280d12c417dd2de20c189b4d1aae
1628,mb-dielectric-1629,Li1 Sb1 F6,LiSbF6,F-Li-Sb,8,113.0558,3.5646,1.416098,74deee408bf765933a2cc7f9a792efeaf52cbfdf4621662fd7a33fef8eb6cecd
1629,mb-dielectric-1630,K2 Nb2 Cu4 Se8,KNb(CuSe2)2,Cu-K-Nb-Se,16,429.1652,4.4491,2.457615,6dd257d548075622e8a850a9974caa98245afd4d3b18a4c8faf278d217a8c268
1630,mb-dielectric-1631,K2 Cu2 O4,KCuO2,Cu-K-O,8,145.0197,3.0834,2.03464,2baeedd924cb107c7d0bc458d9cf310a6bdccc097378f7a47a57fe701749f67d
1631,mb-dielectric-1632,Rb4 V4 P4 O20,RbVPO5,O-P-Rb-V,32,529.7806,3.1015,1.652179,ab5bd1d01a1d560649af0233d46a178c337ba8a44a1702c8e3a5ecdd3aa2a011
1632,mb-dielectric-1633,Li2 Zr1 F6,Li2ZrF6,F-Li-Zr,9,105.1679,3.4594,1.523761,b9b9971437a5e7f92802d3891747d7a21cfabcd310fdc12e9ce731aa7fb4247f
1633,mb-dielectric-1634,Ba10 Ga12 H4,Ba5(Ga3H)2,Ba-Ga-H,26,763.7712,4.8135,4.226701,529b0610d6566b170c4c5a180db794dad0db0039fbbc928abe5bd041977b4de2
1634,mb-dielectric-1635,Ac2 N2,AcN,Ac-N,4,101.0897,7.9177,2.627377,c326f8051c3a201411c7790db078852d8a6a0b9266a4992b51e7dc0fa9d9ae34
1635,mb-dielectric-1636,Ba2 Pd2 S4,BaPdS2,Ba-Pd-S,8,212.1826,4.8189,2.792495,f225bcb569d22a9c4df773e6b0375c7be2ec94282345ae6f6bdf33640d5b7902
1636,mb-dielectric-1637,Si1 Ni1 H12 O6 F6,SiNiH12(OF)6,F-H-Ni-O-Si,26,255.4325,2.0079,1.407362,900a0ca2f762043ea5f0dc7eae7671b44c081b605cf6134d0bf2f066130b1811
1637,mb-dielectric-1638,Cs2 Mn1 V2 Cl2 O6,Cs2MnV2(ClO3)2,Cl-Cs-Mn-O-V,13,296.8505,3.2978,1.776521,4083ea1362791ff7aaad075ecf8ce6b110e60ea0c6e6430d3a62996197273dc5
1639,mb-dielectric-1640,Tl8 Ga8 S16,TlGaS2,Ga-S-Tl,32,834.3379,5.3854,2.599038,4778ad6fe85ddee50ed59a511f56876e7c1b225606f70f8c0bb6d54f8441097e
1640,mb-dielectric-1641,Li6 N2,Li3N,Li-N,8,69.8615,1.6557,2.361638,eab8913169c71714e3a6240b6961877bc043a70149e23af77030543d362958d4
1641,mb-dielectric-1642,Na2 Sm6 Si2 S14,NaSm3SiS7,Na-S-Si-Sm,24,517.2362,4.6654,2.625547,0d66889cd599ce475b4ec0110f13f12c9636c660391c931d5adcd5f9533f91b8
1642,mb-dielectric-1643,Na1 H1 O1,NaHO,H-Na-O,3,31.9595,2.0782,1.563773,8b242ad707439d0082f1274a95f48cf281cb4ba529438e52bd707db8ab35f55b
1643,mb-dielectric-1644,Li10 Si2 P6,Li5SiP3,Li-P-Si,18,309.6225,1.6702,2.684861,381a1e0613b83982ad5c83e65fbed8808667dab47854bb65a3700b2895709c5b
1644,mb-dielectric-1645,K1 Cr1 S2,KCrS2,Cr-K-S,4,82.7304,3.1156,2.78262,bcdfdc3b0be9deb3d00584564cbde5aaefcadca2fd0fd6465ca070a3eac98136
1645,mb-dielectric-1646,Rb2 Pt3 S4,Rb2Pt3S4,Pt-Rb-S,9,238.7807,6.1507,2.46025,d26960e16bb9d12e351cbabdecc912198d064b5a1cc6c97fdb70e1e37c6809f9
1646,mb-dielectric-1647,Cu6 Se4,Cu3Se2,Cu-Se,10,177.8654,6.5082,22.780686,855da81d56f560a579e91d4b43d1a80e236f8f7973cce141c36403dcc2f5170e
1649,mb-dielectric-1650,K2 V2 Cu4 S8,KV(CuS2)2,Cu-K-S-V,16,362.5697,3.1637,2.426107,cfa45c42dfe60c92721522a482c63419004fec4247953c9da84a0129c563cf92
1652,mb-dielectric-1653,Mn4 F8,MnF2,F-Mn,12,146.874,4.2028,1.590311,45cd887485a8d280f44d4b172ef80cef76f8e531bab362d4ef6aca5d61e00f8b
1653,mb-dielectric-1654,Ba2 Y2 Si8 N14,BaYSi4N7,Ba-N-Si-Y,26,321.0271,4.5169,2.304846,b2625e0ed5949cc9e2e7294ea38754963ba63bc372c53a1d133758c0ca5b2d57
1654,mb-dielectric-1655,Ba2 Zn1 N2,Ba2ZnN2,Ba-N-Zn,5,116.3023,5.2553,2.680101,ec961c801ff4e32e817a8cd58aed5bee364f921dcace04e7c6f4e99fd0757d8f
1655,mb-dielectric-1656,Yb2 B8 O14,YbB4O7,B-O-Yb,24,196.3302,5.5531,1.781751,cff349c98685137f06c68668ca63b23b9cb6ff4525ca908007e024e6ad9e5d0e
1656,mb-dielectric-1657,Hf4 Mg4 N8,HfMgN2,Hf-Mg-N,16,211.22,7.2581,2.50984,3f671fb77bb4c2187a72981b9b8475b69dd2fb7e8595e9ac5c6185b5750e7d13
1657,mb-dielectric-1658,Ca6 Mo2 N6,Ca3MoN3,Ca-Mo-N,14,248.8137,3.4463,9.435219,de97bec7013afaf824c9c442a7ee64ca74024388da6199da412d043fb865189b
1658,mb-dielectric-1659,Na8 V8 N16,NaVN2,N-Na-V,32,481.7113,2.8114,2.530654,d3ad78b559f0e29078b44486b35cc46468dc9767d0dbd262c5bde33293214c07
1659,mb-dielectric-1660,Li1 Al1 Ge1,LiAlGe,Al-Ge-Li,3,54.5161,3.2459,4.069957,3e5de64c0c9cb4500b93094795f4eed65035e2d50f6b38a311a41e9deb8c212a
1660,mb-dielectric-1661,Mg4 Mn2 N6,Mg2MnN3,Mg-Mn-N,12,143.9547,3.3583,3.891251,8603c77496bc12b29bc7919ed8c992e5849cbc430061d518881b0ec7d9341ff3
1662,mb-dielectric-1663,Fe1 P1 O4,FePO4,Fe-O-P,6,101.9806,2.4557,1.706274,b3c8ffb8c011df41e56692ba3abd5b111d170094bec3efb13b60ca15b012c97b
1663,mb-dielectric-1664,Te2 Mo2 W2 Se2 S4,TeMoWSeS2,Mo-S-Se-Te-W,12,357.2149,5.1178,1.0,e23c8b46d7017bebd8bdd289698d3e054de64a357500fe800d3b78b896d62bb2
1664,mb-dielectric-1665,Li4 Sn2 Te2 O12,Li2SnTeO6,Li-O-Sn-Te,20,228.8296,5.1695,1.959075,4d6371bf08db4a64a84caac2d573e231b97ff5bbb55dbefe00fd1f48b53a296b
1667,mb-dielectric-1668,Ge3 O6,GeO2,Ge-O,9,128.9142,4.0435,1.762245,15f93606adebda70468dcbd4812ea67327af453747f67e25b50ef71e90fcf7d3
1669,mb-dielectric-1670,Na2 Ag2 N4 O8,NaAg(NO2)2,Ag-N-Na-O,16,247.585,2.9895,1.638461,8082b2dfed8310ed510d558c7eeb7d7e0a09860a1be4d1791d6dff688d275d39
1670,mb-dielectric-1671,Li4 Nb4 Zn4 O16,LiNbZnO4,Li-Nb-O-Zn,28,323.9854,4.7,2.144421,cc37abce12805bca32f9e5996078ea6d9a85f1b91b19045673bd1d8917a87991
1671,mb-dielectric-1672,Se32,Se,Se,32,1179.9973,3.5557,2.240461,c134d8d25a1200921d1e5341d256a17b265a4dc9aeac34afa2370b3b5e3a5225
1672,mb-dielectric-1673,Li4 H4 Se2 O10,Li2H2SeO5,H-Li-O-Se,20,238.0159,2.4398,1.551546,fea7a1a54eee4209f97856b8059623a5e6fbfe4f2f046d0877a2d5074797016d
1673,mb-dielectric-1674,K3 Mn1 O4,K3MnO4,K-Mn-O,8,154.0342,2.5466,1.686976,16fbe614fe19cd880db6a686ab3330ae38c8f012a8571b3a4bbe5ec0c77e38a5
1674,mb-dielectric-1675,K1 Al1 F4,KAlF4,Al-F-K,6,84.9474,2.7772,1.391522,c95f696eab6c9489c5853737253bb05d99d7384bc142d93deaffdc238ef0da7d
1675,mb-dielectric-1676,Cr1 Cd1 F6,CrCdF6,Cd-Cr-F,8,117.3209,3.9404,1.663135,bee95ffeb1ae8c91ac4b766092b08596ab57b3a8e76e080e61f79f8bf97c7f1d
1676,mb-dielectric-1677,Mg2 C2 O6,MgCO3,C-Mg-O,10,96.5904,2.899,1.663296,6e7f9dcf6c6cb38fa1873f61e35ceaada076437c0dece3cd45ba1100675c0490
1677,mb-dielectric-1678,Fe2 F4,FeF2,F-Fe,6,76.9425,4.0505,1.554563,a867cc9671612ca3e2bab2cc1f7bb9b2649182cb8703c54a96c3e5f820691df6
1678,mb-dielectric-1679,Li5 V1 O3 F2,Li5VO3F2,F-Li-O-V,11,109.469,2.6036,1.761261,8799ca6f0bf8a6d631da22aa33196586c3817b6f25fa7381f3ea743f12c4af4d
1679,mb-dielectric-1680,Si4 H4 O10,Si2H2O5,H-O-Si,18,242.7805,1.8903,1.461837,ef2326920b056224c394fac403785909ecf3bfaa2b734e84549f81f311d20cdc
1680,mb-dielectric-1681,La5 Ag1 Se8,La5AgSe8,Ag-La-Se,14,374.2503,6.363,3.111051,3bfb196edd62320d455b9d8601ee4e987d9c53af2bfb818acfa9e4156ee1c021
1681,mb-dielectric-1682,Li2 V2 O4 F4,LiV(OF)2,F-Li-O-V,12,154.3596,2.7513,1.67692,5c7c721384ccf3a7596c2da7e55ebf66c078c1ab85d743b2fca94997043454d8
1683,mb-dielectric-1684,Li3 Mn1 P2 O8,Li3Mn(PO4)2,Li-Mn-O-P,14,144.5341,3.0526,2.14641,d0dce0152e92748099c0f6252191936543fa4450ebd6994be7813315303e7ce5
1684,mb-dielectric-1685,Mg4 Ti4 N8,MgTiN2,Mg-N-Ti,16,186.7921,3.5625,2.937405,2f0e6fc9046bc11c1a288dfd25d8981c3320dd681c3c86eac0c7a80418219dd0
1685,mb-dielectric-1686,Ca4 P2 O1,Ca4P2O,Ca-O-P,7,153.6952,2.5742,2.71394,53748eebbee42865c715d6037807d9e301431c0d5a793d08a3e5a499aabd8a81
1687,mb-dielectric-1688,Er2 B2 O6,ErBO3,B-Er-O,10,117.2105,6.4055,1.844962,123b900699f22b5cce026943401d939683bf66cbc93cc8e77b7fc3a60a0b29f5
1688,mb-dielectric-1689,Ca8 Cd4 Sb8,Ca2CdSb2,Ca-Cd-Sb,20,604.8922,4.7886,3.664287,6bae5f5bd6360bf2ec524123eb2f093e28c15c3fe39de52712f7328a1cd18719
1689,mb-dielectric-1690,La2 S2 F2,LaSF,F-La-S,6,115.3406,5.4699,2.356366,d0e04e24a3a737cfeed9579edc5521a95dd75b49efc8ee866dd442453fe9897a
1690,mb-dielectric-1691,Cs4 Se2,Cs2Se,Cs-Se,6,309.8917,3.6949,1.919114,34f1317f5c21884ecdfdc8d4bf575aa5edb18ada5dbcffaa58054d06e67d662c
1691,mb-dielectric-1692,Li3 Mn2 Cr1 O6,Li3Mn2CrO6,Cr-Li-Mn-O,12,113.3359,4.0832,2.286369,70d6fb216a65b4d7812c018058888fb5cce545e8d65627f1dca7a44279f7e387
1692,mb-dielectric-1693,Cd1 I2,CdI2,Cd-I,3,119.4609,5.0906,2.175239,09b50c2fe6c1a57c7f39af015ee5e05992f7de7e8d17ec26045e7a31d0f2c4fb
1696,mb-dielectric-1697,Ca2 Mo2 N6,CaMoN3,Ca-Mo-N,10,143.8235,4.1111,3.186529,6809aeae554968afb02d10c705bf458f521682f69fa1750ec3792af94b30cabb
1697,mb-dielectric-1698,Ba2 Fe2 Si8 O20,BaFe(Si2O5)2,Ba-Fe-O-Si,32,473.8533,3.2626,1.652205,4168c19e7d59ebadcc77e2daa60987f77ea32c5a0e29d44758002e663ae0c392
1701,mb-dielectric-1702,Li8 Mn4 Si4 O16,Li2MnSiO4,Li-Mn-O-Si,32,356.5847,2.9972,1.730619,7b24a2370ab74f1bafc61a4406e05acd611c0637ac9621ff477480d596bb0cf2
1702,mb-dielectric-1703,Ba4 Y4 F20,BaYF5,Ba-F-Y,28,483.3702,4.4141,1.53194,412a2977b12168fab22b3c1a4a36591297935cbfcf29971eed4999f9dac1a8d3
1703,mb-dielectric-1704,As8 S8,AsS,As-S,16,492.03,2.8885,2.099047,ebcc36c6918a27a17f48b1428b2a207d2b3be0d910a70ac11c7dd434025fd358
1704,mb-dielectric-1705,Ca12 Al4 As12,Ca3AlAs3,Al-As-Ca,28,700.1572,3.5289,3.156369,748891b7823a335adec42518d1b9bcce3e407be1fbe88e899fc044c06fdf9ac6
1705,mb-dielectric-1706,K4 Zn1 As2,K4ZnAs2,As-K-Zn,7,262.2575,2.3532,2.260237,bf8ba04f159c50a4ea0854aa4d36c4aa3090189961c53c6b756244340c004740
1707,mb-dielectric-1708,Tm2 Cl2 O2,TmClO,Cl-O-Tm,6,141.6907,5.1656,1.711169,84bc2e8a765f2d9e2cfafd439f9785e1d90b882798af264d1d2f12188b698d30
1708,mb-dielectric-1709,Li8 Si2 O8,Li4SiO4,Li-O-Si,18,173.1606,2.2986,1.64212,d9f370ca9ca741cfb21abc7aa873d8648ea9772721ea3d1730ae18545cac093e
1710,mb-dielectric-1711,Os1 O4,OsO4,O-Os,5,96.1742,4.3895,1.574033,69e3145c42c52a6c86f0c781467a5862f4a51ec9b8915661fa5749afe877f956
1712,mb-dielectric-1713,Nb1 Cu3 S4,NbCu3S4,Cu-Nb-S,8,169.1862,4.0418,2.528103,b8889bf37ef21cb8865443dcd5a8332b2883526029d88204091d73e1560db702
1713,mb-dielectric-1714,Li5 Sn2,Li5Sn2,Li-Sn,7,127.0803,3.5558,10.53771,9b8c89da94171f0e1693ae61f61efaccb5b00c5d534fd1a6bba2d6b40974f27d
1714,mb-dielectric-1715,Na2 Ti2 P2 C2 O14,NaTiPCO7,C-Na-O-P-Ti,22,321.6658,2.3317,1.714961,81a643f05fa74bc8cda13bfe9aa560b5a4ea1de3864f0acac58eddb1e5c350f4
1715,mb-dielectric-1716,Na12 Mg2 O8,Na6MgO4,Mg-Na-O,22,301.3991,2.4929,1.770461,4d46731c9457370bcdc16f186ed82833c1b65f7d6e40a1a9237471c7af728374
1716,mb-dielectric-1717,Ca4 Sn4 N8,CaSnN2,Ca-N-Sn,16,271.579,4.5687,2.451491,dba061cbfe7f35984cbe7333d54d38bcb1b188f982cb052af2a0e726fbb0028d
1717,mb-dielectric-1718,Rb3 Ga9,RbGa3,Ga-Rb,12,313.8031,4.6774,6.198072,92c0d926e3698767fbb487b0197b12411d1bb472ba5b59464ce76a21ab069a31
1718,mb-dielectric-1719,K5 Nb1 C8 N8,K5Nb(CN)8,C-K-N-Nb,22,400.6795,2.0578,1.706573,82ce2eebeff0855294225584d21224b73e3fbe156d486b1792fd480fb09b0158
1719,mb-dielectric-1720,Rb2 Sn2 I2 O12,RbSnIO6,I-O-Rb-Sn,18,319.8377,4.4346,1.7406,94bc3781d49884f41eaaefa3e63454275141b313705aea8c97c887dad876eab0
1721,mb-dielectric-1722,V6 O6 F12,VOF2,F-O-V,24,315.6372,3.3124,1.950745,bed1825d3aa355106b593406cc151e04fa51f3bbfd3790c9631ca9b9db6e9beb
1722,mb-dielectric-1723,Cs2 Sr2 Cl6,CsSrCl3,Cl-Cs-Sr,10,368.9399,2.9425,1.592035,b6ace61b4f7d794c9b9c08925756ad46a741cea55ddaf5d8154758bb21692c21
1723,mb-dielectric-1724,Na24 Pb4 O16,Na6PbO4,Na-O-Pb,44,721.3563,3.7673,2.016808,409e86c2f6a38c903bd2fc16b9ecf7a14a02430e6cf9d02b99520747408c33ca
1724,mb-dielectric-1725,Li4 Mn2 F8,Li2MnF4,F-Li-Mn,14,164.9989,2.9148,1.450634,6f0a1e850f40a3df078db6495780d2054af7b9de830562d722a66e2b2922709e
1725,mb-dielectric-1726,Ba1 Ca1 I4,BaCaI4,Ba-Ca-I,6,266.8766,4.2623,2.003597,333b38d3e2dcced49dce0fd6cc973540413784a534de1733a00a02bd5996e512
1726,mb-dielectric-1727,Ca4 Sn2 S8,Ca2SnS4,Ca-S-Sn,14,348.6262,3.1163,2.379357,c2cc8b8c59584f3ca6ab9e957ecf04153d8be4ee0afb0701b3af05a1025787c5
1727,mb-dielectric-1728,Sr3 Te1 O6,Sr3TeO6,O-Sr-Te,10,155.9443,5.1799,1.901293,2b1e4a6b088acf89c0f544ea94255cc896fd9dd02f8b81cc19030a0064986f78
1728,mb-dielectric-1729,Tm4 Ga4 O12,TmGaO3,Ga-O-Tm,20,221.8766,8.5814,2.117266,0296ed0819ec9598259f002d4638311448f5c213c14ded3663953ddb46667e47
1729,mb-dielectric-1730,Ag2 Hg1 I4,Ag2HgI4,Ag-Hg-I,7,281.1623,5.4568,2.307342,d74c62a8058b6392020c87d6082df021a6245a4edf8705404480bc7aee5bb2d2
1730,mb-dielectric-1731,Ca4 Si2 B4 O14,Ca2SiB2O7,B-Ca-O-Si,24,249.4274,3.2203,1.773291,83d89aa7cdd528ae1ae8d5c71a7cd4a335b05c6a01465bf3f79aa4e6ffd40d03
1731,mb-dielectric-1732,Mg6 B14 Cl2 O26,Mg3B7ClO13,B-Cl-Mg-O,48,450.8438,2.8879,1.711322,d6d1e5356c92c81bf4a54cf373329a07940a72c2048abef567ca50047a87fca7
1732,mb-dielectric-1733,Li56 V8 N32,Li7VN4,Li-N-V,96,886.4114,2.3312,2.260098,b3780f1ce793eb92b0034c427e8c50691a36588252bb44e9a805745dca9dcc65
1733,mb-dielectric-1734,Li4 Be2 Si2 O8,Li2BeSiO4,Be-Li-O-Si,16,149.3455,2.5568,1.657406,7177a6ee99b5b809ceee46ec7c44f33469dd70cdff2bc9a64e94eb7801b6d349
1735,mb-dielectric-1736,Li2 Mn2 P2 O8,LiMnPO4,Li-Mn-O-P,14,155.9172,3.341,1.736272,bad4e2187ab3b52de8bd4275ae3c2952dc4b4a1236ce46b005873c3f0d05704b
1736,mb-dielectric-1737,K1 Zr1 Tl2 O1 F5,KZrTl2OF5,F-K-O-Tl-Zr,10,200.1866,5.3924,1.716611,992ef5ded5740e50b4cb58e21503573ac6127ddf7c31dbf247d4f8e37b1e4627
1737,mb-dielectric-1738,Ru8 O32,RuO4,O-Ru,40,750.7494,2.9208,1.618428,84ece6540bedf5b08ee98b67fcd68384a352238869fde9f7f69debddac53c346
1738,mb-dielectric-1739,Tl9 Sb1 Se6,Tl9SbSe6,Sb-Se-Tl,16,488.9165,8.27,4.128559,a09c205cb66148f91a87d54f61e3fc4bfc3c3612b8c1614dea729fd46fbaafe6
1742,mb-dielectric-1743,Sm4 B4 S12,SmBS3,B-S-Sm,20,399.8941,4.2748,2.608874,2f0f199532a0e92304c46ad7a4dea22d901ee471df908b8d3084716601cf6068
1743,mb-dielectric-1744,Al4 H4 O8,AlHO2,Al-H-O,16,119.9425,3.322,1.759072,dbd4741e5e15749dea8d2f9c603ae12ababfd6c37f07a09b30af1ff5697a0513
1744,mb-dielectric-1745,Y6 Sb8 Au6,Y3Sb4Au3,Au-Sb-Y,20,494.5838,9.0292,5.201601,b2a03768ee003e92ee2e6385fdf28696c5f19f86b1cb4efa25a8c5335501f386
1745,mb-dielectric-1746,Li4 Fe4 P4 O16,LiFePO4,Fe-Li-O-P,28,269.8739,3.8827,1.832668,0e89feb63a4fc88ae0eca2f3489f930acbae2c98e21baeac7d2806293e4fc04b
1746,mb-dielectric-1747,Na8 Zn8 O12,Na2Zn2O3,Na-O-Zn,28,374.4468,3.9876,2.01793,0f68dd5d1cf350d3bdb8141528ed99cb63ae335b0329d414d587705bab88bff3
1747,mb-dielectric-1748,Li1 Mo1 P2 O7,LiMoP2O7,Li-Mo-O-P,11,130.0143,3.5356,1.768197,749f4d7e192e0eea2502bc430a0149e49a9255db6639d43a9cab0ddb8efbbb8f
1748,mb-dielectric-1749,Tl3 V1 O4,Tl3VO4,O-Tl-V,8,169.2757,7.1423,2.271348,46f50b3b6fa1e2b26a1cee01f78d14547674eaf3ddcc605d7a9ac0a766d833fe
1749,mb-dielectric-1750,H16 S8,H2S,H-S,24,497.2995,0.9104,1.439852,077d2162ad2f3615a8afc6f8e161b30f85885aa562800877822c1638d0f31020
1750,mb-dielectric-1751,Ag4 S2,Ag2S,Ag-S,6,128.1323,6.4228,2.968742,354b31b5d0956e6a40c2c3c4d268c67ac15c7e129b419ef69afdd43cb6bc01f9
1751,mb-dielectric-1752,Ba2 Ni2 F8,BaNiF4,Ba-F-Ni,12,183.4975,4.9231,1.580721,788820e13d3ed4b0e4c6729aee161628bf87fdfadfbc8af5f1b05f81cfe8af5c
1752,mb-dielectric-1753,Tl9 Bi1 Se6,Tl9BiSe6,Bi-Se-Tl,16,489.5381,8.5554,4.091579,6da46d3b07bb26648a23860f7329328d2496e666d255052ac9349f78af9a8c01
1754,mb-dielectric-1755,Na6 Si6 B6 O24,NaSiBO4,B-Na-O-Si,42,446.2292,2.8107,1.622594,810483e4086380ed393e7eca955ac7e7badc03eafbd3631ed3fd7aa77ed7facc
1755,mb-dielectric-1756,Li2 Fe2 O4,LiFeO2,Fe-Li-O,8,77.2971,4.0724,2.195674,e647e6af1397d652e475b74fe8608b9a2d3eee7dcd9bc9727fbb4536c5d6648a
1756,mb-dielectric-1757,Ta4 Ga4 O16,TaGaO4,Ga-O-Ta,24,264.6394,7.8978,2.27926,8f223f26b79e3e4452a14598ea1933c7cc5e480c1fca7fae7a0658879958589a
1757,mb-dielectric-1758,Rb4 P2 H6 Se2 O16,Rb2PH3SeO8,H-O-P-Rb-Se,30,461.6027,2.9634,1.533297,2b36dc37f4cc77cee227aa7e1f8699f9ee52ffc285f26920876b2e1be0a1cc90
1758,mb-dielectric-1759,Rb2 Th1 F6,Rb2ThF6,F-Rb-Th,9,162.78,5.2736,1.527477,bfb5f92a17f1152a6caf8c19668ee82589d65e35a7e7880519d14bf804335ad4
1760,mb-dielectric-1761,Mn1 Al2 Te4,Mn(AlTe2)2,Al-Mn-Te,7,226.088,4.5486,2.8586,e4e400fc32cbf5296a13890ae8fa1cf223db88085db0f134c028f22b57f96343
1761,mb-dielectric-1762,Na2 Cu2 O4,NaCuO2,Cu-Na-O,8,115.3492,3.4128,2.338007,bfcebd2a3fbbc9f760e5ed880f1d262cd1626c6a236ef70e0021ffd3fe0d5690
1762,mb-dielectric-1763,Zn4 Si2 O8,Zn2SiO4,O-Si-Zn,14,164.9609,4.4876,1.851617,bd55fc1c7055d792fd3abd3b26ad8475fd463b7266e6e932bfe4fda3d690b389
1763,mb-dielectric-1764,Zn4 Sn2 O8,Zn2SnO4,O-Sn-Zn,14,169.7233,6.1349,2.136374,a415695f690ac690b59f98f9b11559475b67be4120272cd38de220b3d32c10d9
1764,mb-dielectric-1765,Pt1 Se2,PtSe2,Pt-Se,3,74.9463,7.8213,3.909135,aa0b0d2439442a61ec508408982760f0c030d5253d0a01f551f65877c4b7a767
1765,mb-dielectric-1766,Cd2 Se2,CdSe,Cd-Se,4,119.8934,5.301,3.110305,cc918c68e98b9929a34d1e2b2cd90294b07f40bd575b739c17e592bcf2e2e5a2
1766,mb-dielectric-1767,Pb4 O6,Pb2O3,O-Pb,10,153.1091,10.0298,3.242582,d901a83fbefc77d095d0148616ed381ec3a08a06b5a36a2c9844e417b16c2220
1767,mb-dielectric-1768,Rb2 P2 H4 O8,RbP(HO2)2,H-O-P-Rb,16,223.6124,2.7098,1.506288,7f56066cae39bb289d13730398e3902f12566bd1b30ad30f0df67ac7500bc587
1768,mb-dielectric-1769,Ti3 Te1 O8,Ti3TeO8,O-Te-Ti,12,216.2022,3.066,1.97436,08a5d0f532f99e12ff5d5358c48a9e356e30c135267e90b1f1486389793a15df
1769,mb-dielectric-1770,Hf6 N4 O6,Hf3N2O3,Hf-N-O,16,226.2654,8.9752,2.31825,1e5aa54360b02f73fea1e90d77b305bb8753eb01a3703fa339aee925fba5f8cf
1770,mb-dielectric-1771,Li16 Sb8 S16,Li2SbS2,Li-S-Sb,40,832.2842,3.1886,2.795452,67c5146cb2779c50b29b8e92277859ddaf560abf6d9e4aa326160a8acb8e97e1
1771,mb-dielectric-1772,Li2 As2 S4,LiAsS2,As-Li-S,8,161.5271,3.0017,2.920904,1639e410eb0ca6bb27561667aea15ce124f70888db488223fad79e26d8990bfd
1772,mb-dielectric-1773,Br2 O4 F2,BrO2F,Br-F-O,8,148.3009,2.9314,1.595303,7d21ff41ac49913475bb154648e7c6cb032a72111f94293690d453f10e35c290
1773,mb-dielectric-1774,Sr1 Al2 Te4,Sr(AlTe2)2,Al-Sr-Te,7,239.4394,4.5216,2.709381,9f0f676296d9bd64632b3d3bd4d989093c2eccec89242627df41d4c4a9655528
1774,mb-dielectric-1775,Li10 Ti2 P6,Li5TiP3,Li-P-Ti,18,300.2846,1.9409,3.055161,eeee94b15ff6ec4cb35815351e22028a70de2377fbba70edd8d1c24636489af3
1775,mb-dielectric-1776,Ag2 Au2 S4,AgAuS2,Ag-Au-S,8,216.4858,5.6602,2.51207,40cdfdb39ba8a33fc70ac40a135743f7b8a597390c18067fd1a76c1bd87fab2d
1776,mb-dielectric-1777,Li3 Fe3 P3 O12,LiFePO4,Fe-Li-O-P,21,318.1752,2.47,1.631904,307a11af23af99c66a61cb3ea99f21a562e35c76325d085a23e9357c91a236ef
1778,mb-dielectric-1779,Cs4 Li2 As2 O8,Cs2LiAsO4,As-Cs-Li-O,16,317.5921,4.3049,1.68112,d05468a56c1de16ae83781e39783d6e173cfe21ee5b0a34a4f7d24a55e6b700f
1779,mb-dielectric-1780,Li10 Re2 N8,Li5ReN4,Li-N-Re,20,221.9152,4.1445,2.088428,f6d65acab2cd4a82bddee9663778a470e491fc2a5cdec435b75059f1f02de65b
1780,mb-dielectric-1781,Ba1 Al2 Te4,Ba(AlTe2)2,Al-Ba-Te,7,254.61,4.5763,2.61178,27b110ae9000662f21e5d4ee059ccb053d9f8975f9672067d8502d0f682768c4
1781,mb-dielectric-1782,Cs2 Cl2 O6,CsClO3,Cl-Cs-O,10,211.6535,3.3949,1.551181,a719865281b693c53f5b3069e881434d1ec2cace7fa0ab0f0ef464b392f3ea01
1783,mb-dielectric-1784,Ag4 S2,Ag2S,Ag-S,6,125.3948,6.563,3.945262,63d0f3b078f24bf535c9e4a475f5f564fd95e7cd77b7140225b80edc9c7cc0b0
1784,mb-dielectric-1785,Li2 Ti3 Co1 O8,Li2Ti3CoO8,Co-Li-O-Ti,14,150.1892,3.8079,2.341924,c885bdd21740fa0f1da0ee0b91b769138382933b877025f0856532dfeae6c3da
1785,mb-dielectric-1786,Na10 Be4 Si4 O17,Na10Be4Si4O17,Be-Na-O-Si,35,397.0741,2.7194,1.604361,03c55e40d0cda5f890fc2bf3ce80b1d26952a247706bfd5b2493ada09a85e8c2
1786,mb-dielectric-1787,Zr4 P6 H8 N2 O24,Zr2P3H4NO12,H-N-O-P-Zr,44,553.7859,2.911,1.764494,55d044f6ec7ee0bf7945903112f83c198ffe7cb9bf74d2d80e2f4741eac339b8
1787,mb-dielectric-1788,Fe4 Ge4,FeGe,Fe-Ge,8,101.8879,8.376,9.805194,d581dfcaa1cc194331fe23aecbd0edb2dfa68eabd6d0b45c4a7ef6089cdde828
1788,mb-dielectric-1789,Na8 Sn2 O6,Na4SnO3,Na-O-Sn,16,276.9418,3.1019,1.946152,4c7f778171ecaf44addb0b07c7492aac330350642520dfcbb52b8ed6a381fca3
1789,mb-dielectric-1790,P2 H12 N2 O8,PH6NO4,H-N-O-P,24,216.8819,1.7614,1.536144,e36e07b11101982d545f5ff2f1248f7dd7f548612b88c0112ba79d4883b37f90
1791,mb-dielectric-1792,Tb8 Ge8 O28,Tb2Ge2O7,Ge-O-Tb,44,598.4536,6.3833,1.939755,7b1a52cacdc4b3ea3d910c1c31208e34cceebba902be4e4218a9374ed6f37b21
1792,mb-dielectric-1793,Na8 Ga6 Si6 I2 O24,Na4Ga3Si3IO12,Ga-I-Na-O-Si,46,776.286,3.013,1.60388,b5964a750fe0a35db64816cc7edc7c84d4b7684288ebbe422bbcac957bd0dfb2
1793,mb-dielectric-1794,Li2 Se1,Li2Se,Li-Se,3,54.5356,2.8269,2.079663,93d83bf0cc1500bc84ecadf670045ef0325db1c43e51890e3d7ad63ecdcf406f
1794,mb-dielectric-1795,H28 N4 O24,H7NO6,H-N-O,56,512.6855,1.5166,1.474056,510eba9b0d2355841dd412534c96e69ab601ee605c2e1bac5107d6019891aeb3
1797,mb-dielectric-1798,K1 Zn1 As1,KZnAs,As-K-Zn,3,82.7052,3.6025,5.313628,7bb443ddba7ada1ca8bc9a234208aabd48761106a18c2135d55bfc3e2f187bee
1798,mb-dielectric-1799,Y1 Cu1 W2 O8,YCu(WO4)2,Cu-O-W-Y,12,163.2384,6.5931,2.269638,6dea61c206e24594e1bff8d7f596a98ef2e649b04cd53e1b361c1ecb16a45b3a
1799,mb-dielectric-1800,Cs1 Li1 H4 S1 O5,CsLiH4SO5,Cs-H-Li-O-S,12,158.4011,2.6831,1.559375,64d75f5a623a601ee95c5b0b47dc187e0f0274e20f14e18c174d612cf05aad11
1800,mb-dielectric-1801,Li4 Fe2 F8,Li2FeF4,F-Fe-Li,14,159.3066,3.0378,1.458997,b6840efe5c03d69277ea64947d615922bf4ddbe0f7e3ec8c60fc9055a72d82f6
1801,mb-dielectric-1802,Al2 P2 O8,AlPO4,Al-O-P,12,188.2614,2.1513,1.514238,07fb5d3541f1519913b116af93c0bb23064497fe2d501778fff32fe0edd1321b
1802,mb-dielectric-1803,Si2 Sn12 O16,Si(Sn3O4)2,O-Si-Sn,30,575.6797,5.0094,2.318973,0357643066fe11817cb2b4b53c588319b859e2b45c849d1d8dfffc6d84ef8e87
1803,mb-dielectric-1804,Y8 W8 N24,YWN3,N-W-Y,40,630.6234,6.6307,2.653021,b677a619a4250fe89783de567a88ccef5464ab9e6b573aba6601bdfe84adb356
1805,mb-dielectric-1806,Mn8 Be6 Si6 Te2 O24,Mn4Be3Si3TeO12,Be-Mn-O-Si-Te,46,619.7433,3.4866,1.905946,efa19075bcec3f924b18eb4fb3580bfeb50a00103158fd33fb6506684442ca7f
1807,mb-dielectric-1808,Li2 V2 P2 O8,LiVPO4,Li-O-P-V,14,153.5445,3.3061,1.776708,83f5efcc1a46c4321e2112ce507e43db76cbd8c9632d633e18f3789c06171d09
1808,mb-dielectric-1809,Ga4 S6,Ga2S3,Ga-S,10,227.7268,3.4365,2.421509,f9bc03bd0178befb91dc25555099cf56d447bcff83becc5d6bdf5b0368de6b7e
1809,mb-dielectric-1810,Co4 As4 S4,CoAsS,As-Co-S,12,174.2313,6.3253,4.877563,21b8802dcfd1f127cf0d0e0a20aa4c99477f99ea51f772311ef008c3b7537488
1810,mb-dielectric-1811,Mn8 Be6 Ge6 S2 O24,Mn4Be3Ge3SO12,Be-Ge-Mn-O-S,46,626.6351,3.6504,1.83624,cdc138adb3b99fdc65c018e9bd9cd30ec2f149d2f1728e80dbd4b49006b4053e
1811,mb-dielectric-1812,Li12 Mn2 S8,Li6MnS4,Li-Mn-S,22,375.8349,1.9868,2.077418,2e0c2dc963d2194fe7c39740c76364b43a560bd83c2466a44ed02ea24a9419f0
1812,mb-dielectric-1813,Li4 Fe4 Si4 O14,Li2Fe2Si2O7,Fe-Li-O-Si,26,285.7509,3.4139,1.80792,238f0cbc8d44947e633add9b43ea284148aa111ededcdd6c20c36218f42c0a17
1813,mb-dielectric-1814,Li3 V1 Cr2 O6,Li3VCr2O6,Cr-Li-O-V,12,111.7224,4.0391,2.148304,717c92ed060882bc496cda4f3e4a0899746aeccc7e1782cd4b3b036a24cec4c3
1814,mb-dielectric-1815,Na4 Fe2 O6,Na2FeO3,Fe-Na-O,12,146.3224,3.4005,2.27358,e5fc97cf2305a638f7a8241fc0b88eecebe63e5bb7945d467159f4e105457afb
1815,mb-dielectric-1816,K3 Ta1 O8,K3TaO8,K-O-Ta,12,192.4201,3.6783,1.620901,166b2ad7493711f1b25f2b8be2bbe667de5f0fdf0f414f39adb1fadb45c63716
1816,mb-dielectric-1817,In6 Te3 O18,In2TeO6,In-O-Te,27,348.1195,6.4858,2.142334,9b3e71a55b6f6da1d163b55c4c48aa17b631c3f09efd074a8a348823b23ec087
1817,mb-dielectric-1818,Ca4 Ce4 O12,CaCeO3,Ca-Ce-O,20,301.4083,5.0287,2.301826,919b0399465ae95e70e1ef58a56605f615011edbfa5151b8d5a904cb0bd47c6b
1818,mb-dielectric-1819,Li2 V2 F8,LiVF4,F-Li-V,12,172.1708,2.5824,1.484588,4c8dcb5760a6a09a6ca62d7e2b337d45aaee6fadedb40e1c8434cbb4151e5fd2
1819,mb-dielectric-1820,Li2 H4 I2 O2,LiH2IO,H-I-Li-O,10,158.1396,3.1892,1.82789,2288cbd4b867f60e4e585161c5d99ef36b49219ef718d21b61b3310fce54cb29
1820,mb-dielectric-1821,Sb4 Os2,Sb2Os,Os-Sb,6,132.3513,10.884,4.679174,b8767e917f7a54c328e9515ad154e0a60ce862ff1d48a9358b7346340fd1df55
1821,mb-dielectric-1822,Zr6 N4 O6,Zr3N2O3,N-O-Zr,16,237.0655,4.8988,2.448499,48525ef540707627187416e97812b081ad5fd606387619cd8942fdcacb7ab841
1823,mb-dielectric-1824,Li6 Ge3 F18,Li2GeF6,F-Ge-Li,27,298.0857,3.351,1.444881,42127952a7dc9c366a31ce051c113b4cd986821b7853603735d64e9a439c4709
1827,mb-dielectric-1828,Cr1 Fe1 Bi2 O6,CrFe(BiO3)2,Bi-Cr-Fe-O,10,126.5728,8.1575,2.678956,8a10db2e74da0e9020d1e37ee3921dfca28b2c63cc0535f857a48b52f000dd45
1828,mb-dielectric-1829,Li4 Mn6 Te2 O16,Li2Mn3TeO8,Li-Mn-O-Te,28,315.2128,4.5757,4.047787,99407b4439f1759de1d8f950e6bf6f2e8a23a2635f90554dcaaf7b041c8e5262
1829,mb-dielectric-1830,Pr3 Ge3 B3 O15,PrGeBO5,B-Ge-O-Pr,24,293.8529,5.1597,1.911038,fb68979058f79fbb486cf354f3d82cfa5c65bb8661e69bb9d0a5f58a458fee4c
1830,mb-dielectric-1831,Na4 Co2 P4 O14,Na2CoP2O7,Co-Na-O-P,24,318.7907,2.905,1.605933,45a12d20acea5b6236f1fd5fb89afd687e1c8ae387c5387ad53d7fb6a6bcba7f
1831,mb-dielectric-1832,In2 H2 O4,InHO2,H-In-O,8,83.0366,5.9123,2.067868,02fc320721771af5d586db961387fd931076d7eee6750db46b7a438962eda4ea
1832,mb-dielectric-1833,Na6 Pb1 O5,Na6PbO5,Na-O-Pb,12,184.5358,3.8256,1.946895,3df48a4b98e0012080b7ccfa05967ad3f95b15a21e36872d69a3efa3567d4ce7
1834,mb-dielectric-1835,Rb6 V6 Br18,RbVBr3,Br-Rb-V,30,970.4935,3.8613,1.859925,63222315969c5c7830613e259b6d8f5079cfe5d62fe01bd8e9c01015fbf14a7b
1835,mb-dielectric-1836,Ba1 Ti1 O3,BaTiO3,Ba-O-Ti,5,67.7751,5.7134,2.420044,2d28ef8ed0f871457edec51451932a3760515f6d4eb29ba12427aecf1619b14b
1837,mb-dielectric-1838,K2 Bi2 F12,KBiF6,Bi-F-K,16,304.3304,3.9512,1.444417,f90b810a4029ff3e5763b66c5061659e40884d37f3957f39a44fc705085b6011
1838,mb-dielectric-1839,Sr3 Cu6 Sn3 S12,SrCu2SnS4,Cu-S-Sn-Sr,24,543.8842,4.2287,3.054131,e9f2bfab25632e162cb468394e02d2920a2347442bdf53d81b394128c622903a
1839,mb-dielectric-1840,V2 F8,VF4,F-V,10,147.2159,2.8636,1.560606,96ef45e71f9622e76c6a129374237599d9c66411e56d7ceb2ff4e41478c8f120
1840,mb-dielectric-1841,Na2 Ca2 C3 O9,Na2Ca2(CO3)3,C-Ca-Na-O,16,201.0311,2.5289,1.596516,3c4be2811b5d6ec48dc3231e1828af2ea9fd87259d8f327b79cbf9bedc9ff1cf
1841,mb-dielectric-1842,H2 F2,HF,F-H,4,38.5949,1.7215,1.31922,d3c00fb5beca178958e8170c40c223c56864ba9d80e32c9e0720fda288e543bf
1842,mb-dielectric-1843,Ba1 Ti1 O3,BaTiO3,Ba-O-Ti,5,67.3596,5.7486,2.546959,4e74d3c9f23aa12ea0ba96c490c7e157d0dccfe968818b0b5506e48dfba8267d
1844,mb-dielectric-1845,C6 N8,C3N4,C-N,14,140.3003,2.1791,2.073978,a1cd8c1542c20ec4cdf4f2f9faddad70649626c3dfa8b2c1c552214895f25d81
1845,mb-dielectric-1846,Mg1 Cl2,MgCl2,Cl-Mg,3,87.6402,1.804,1.559239,d3a13740f4aa6c771f53e4bfbc7652a768a891872391a29506ea7c5b8f840eb0
1847,mb-dielectric-1848,Li4 Zn2 Ge2 O8,Li2ZnGeO4,Ge-Li-O-Zn,16,181.5903,3.9491,1.808552,2abca1090082c9677aac243b8acb87fc2d0dd9af45669bf5573abfc8c4821bbc
1848,mb-dielectric-1849,Mo1 S2,MoS2,Mo-S,3,153.7206,1.7291,2.111161,f78c2dd5d25fdfa45169e5353e7867c65ffe63c7fbbd6dcf41ee5e3b641d1e78
1849,mb-dielectric-1850,Li4 Cr2 O6,Li2CrO3,Cr-Li-O,12,133.6097,2.8306,2.12904,9441728fbc74a774551b49f014a949f53955037e9694a25761a848d44780ffc8
1851,mb-dielectric-1852,Li3 Co3 O1 F7,Li3Co3OF7,Co-F-Li-O,14,157.8976,3.6452,1.583416,9a35980cdb0c3f57ee0a44dd3031f8c225cfcd45d7199eaf9907233f564e67e8
1852,mb-dielectric-1853,Si4 O8,SiO2,O-Si,12,159.7048,2.4989,1.562052,f3dd098fc7aff637d6c990f538c10d761b26b868999430294c9ff6e1769ad34a
1853,mb-dielectric-1854,Sm6 Cu2 Sn2 S14,Sm3CuSnS7,Cu-S-Sm-Sn,24,535.3362,5.3215,2.810224,92f63ff9f18eecaed4439e8f64cf7a94f58fbdddebd8a0442347cb3c19571a3f
1854,mb-dielectric-1855,Au2 Br2 F12,AuBrF6,Au-Br-F,16,286.9955,4.523,1.648975,f8bd82dccca39c215cec1bbe6faa12e847b7c982a207828cab2ceb4dcc438638
1855,mb-dielectric-1856,Sr4 Sn2 S8,Sr2SnS4,S-Sn-Sr,14,389.7522,3.5977,2.266101,811bc87cb79c3b6dce03a10094f6d0c7f0257000080bd56d948e01a1621fc51c
1857,mb-dielectric-1858,Li3 V1 F8,Li3VF8,F-Li-V,12,163.3265,2.2749,1.643859,919b4587a589801259bc80648e93cbe57a804a74035d5d417c5733eb33dc16cb
1858,mb-dielectric-1859,Ta4 Mn2 O12,Ta2MnO6,Mn-O-Ta,18,219.3093,7.766,2.407947,218278f1da970bda9908b9f208aee75d6e3e1c448c4366e28edbc34969d5cfd3
1859,mb-dielectric-1860,Si4 P4 Ru1,Si4P4Ru,P-Ru-Si,9,153.1281,3.6578,3.891915,a1b78a9b3b8e8808b8c6529b4124afc15b22c7aaa393d67c3b7aae06bcb2d684
1860,mb-dielectric-1861,Sc2 P7 Ru12,Sc2P7Ru12,P-Ru-Sc,21,297.3527,8.4859,1.0,2ac092a4e6518e2dbdef88d710c2bf5185ab7d8b31aa7d53a98b3dd6f8b22138
1862,mb-dielectric-1863,Mn2 Al4 O8,MnAl2O4,Al-Mn-O,14,143.2617,4.0081,1.865313,7f94dd27e3c90cb5f02e6bd1994e6326955e1b3ea92821456569b3267f4d4c16
1863,mb-dielectric-1864,Sm4 Y4 O12,SmYO3,O-Sm-Y,20,300.6167,6.3471,2.105234,7cc56c5319b37939efb7573106990efd4510d15630bfbb8670c113188a43c93f
1864,mb-dielectric-1865,Br2 F10,BrF5,Br-F,12,201.8986,2.8769,1.4776,afad32db67cc8682ea37650c10df09ffa111a9469f19d2afd9d6ad0ad967c1b4
1865,mb-dielectric-1866,Li4 Mn2 O4 F2,Li2MnO2F,F-Li-Mn-O,12,113.9607,3.4918,2.006911,5f7cff19cfd9109ef364342653b1d984474fb45487410d1c9040b88319db7692
1867,mb-dielectric-1868,Ba4 Na2 Nb10 O30,Ba2NaNb5O15,Ba-Na-Nb-O,46,662.6394,5.0228,2.350202,92008eb92fc93c20b8499b12ee6b0daa48eae445329e7813ed51f7df193520cf
1868,mb-dielectric-1869,Mn8 Pb16 O32,Mn(PbO2)2,Mn-O-Pb,56,898.1722,7.8882,2.73616,18b81f98c49cc292a30c237eed0161db48ceb238abd0f2529b0c20bb88bfb6c0
1869,mb-dielectric-1870,Cs1 H1 S1 O3,CsHSO3,Cs-H-O-S,6,104.6607,3.3949,1.547183,9fc19a7bfe4c9562bee128284dc2605ef1e87a83c64988827fc624f819404903
1871,mb-dielectric-1872,Sm2 Ta2 O8,SmTaO4,O-Sm-Ta,12,163.5919,8.0251,2.254087,b9b18d871930248aae6a859e2a1ff6f5ad70886d78ce9704a21dfccafc30fccf
1872,mb-dielectric-1873,P3 Br1 Cl14,P3BrCl14,Br-Cl-P,18,520.8858,2.1332,1.881173,68038a7bae8d3a006cdc1e03352cf46f1d4d348609d22245ec9e5e1d1f0fd4c7
1873,mb-dielectric-1874,P2 H4 F6,PH2F3,F-H-P,12,155.0702,1.9272,1.405754,d9e4c3ffce6881ac4392ea46e73a73f700388da8d421bf6b366d0329bc35d6cc
1875,mb-dielectric-1876,Hf3 Sn1 O8,Hf3SnO8,Hf-O-Sn,12,148.9328,8.7209,2.150406,efc478a4412d09a89aa6958042f5b9e30077a087775090d9dbeec5df3aa1ebfa
1876,mb-dielectric-1877,Li2 Sb2 O6,LiSbO3,Li-O-Sb,10,121.5614,4.8275,1.859707,060f93183f8a7d7361e594cc60fc78db8867828bdf539828f328424b34294589
1877,mb-dielectric-1878,C4,C,C,4,136.2347,0.5856,2.568618,c42e4b8903b42ea8ddbd3b5be062de1c518f81c0e19673994ac9628aa709882a
1878,mb-dielectric-1879,Ge12 S24,GeS2,Ge-S,36,994.3269,2.7409,2.163985,b15b04b18b3901db6ef9b6a147b6e020073eba7b1f89279e36e1ab6fbfb9d549
1879,mb-dielectric-1880,Li2 Mn2 O4,LiMnO2,Li-Mn-O,8,77.8464,4.005,2.277067,123587a14a01dafac3cc97ba06d111e065e8fb552e9123f634cde5a9a5a52d90
1880,mb-dielectric-1881,Cs2 Sn1 Br6,Cs2SnBr6,Br-Cs-Sn,9,354.5759,4.046,1.790323,6b5e592fca52283706fa8110c28cb57fcf2b6051b8d5643a1f3705814a61fd01
1881,mb-dielectric-1882,Cd1 Te1,CdTe,Cd-Te,2,72.8272,5.4725,3.051113,5100706c308722181d7eecb620f07711b01a9ec3c36d16beac7b6ba36dba0659
1882,mb-dielectric-1883,Cr1 Sb1 O4,CrSbO4,Cr-O-Sb,6,79.2162,4.9838,2.055018,726c29120f0dd5e0e399aef2d12ae5424a6e2075051e027085f2fdbd253af708
1884,mb-dielectric-1885,K1 P1 H2 S1 O3,KPH2SO3,H-K-O-P-S,8,119.8676,2.1078,1.634411,c177c8cadc1d4229a065f28f7808d2c6b4566910bf4a400a4e9cf5b6cd7b2043
1885,mb-dielectric-1886,K4 Ge8 N12,KGe2N3,Ge-K-N,24,324.0812,4.6401,2.323667,8f9fe3a3c04bd122df554b0ead0c448589a3268a6243b1edc05f780433f9cd07
1886,mb-dielectric-1887,Li2 Cu2 O4,LiCuO2,Cu-Li-O,8,87.46,3.8916,2.545845,9ef6a9eeba49ee28d042bba66f3917b30e023a3775b94cd64e38e6b2c3fd3afb
1887,mb-dielectric-1888,Th2 H1 N3,Th2HN3,H-N-Th,6,86.3637,9.7502,2.835411,bfce06488db279799161c6ea5f4b03eb5e56d2cecfac04220829e8ed570ed4c1
1888,mb-dielectric-1889,Li12 Nb4 O16,Li3NbO4,Li-Nb-O,32,310.2288,3.8052,1.99123,5b83b599f8e156263c9c96c26f26aa77500bc22e639abfdb12a8aa5812be3a6c
1889,mb-dielectric-1890,Cd1 Cu2 Ge1 Se4,CdCu2GeSe4,Cd-Cu-Ge-Se,8,191.2199,5.4534,4.322704,83f6a7ebd6231b5931eabfca916aadcdef64c82eee4b41d3a927a929a6612321
1891,mb-dielectric-1892,Be6 Cd8 Si6 S2 O24,Be3Cd4Si3SO12,Be-Cd-O-S-Si,46,627.3143,4.1559,1.829359,7a74a37528d8e83122992333f80acdc80e0586046e9111cce5e44c6113dd19a9
1892,mb-dielectric-1893,K2 Si4 N6,KSi2N3,K-N-Si,12,137.5582,3.3146,2.114653,254f0c3439c9c50316eb3fb66227b197fb01ae09bf4a9ea84cd9d493a2fa0bd7
1893,mb-dielectric-1894,Zr6 N4 O6,Zr3N2O3,N-O-Zr,16,236.6654,4.907,2.459638,79ce232080259f782d499c70414db73bead39a11e2758f827ee90eaf9fa1660e
1894,mb-dielectric-1895,Li3 Fe1 O1 F4,Li3FeOF4,F-Fe-Li-O,9,94.5136,2.9633,1.682817,160515e1840ca13532788d8ff840986f3bdbd064cb8c9c4733c8a6e75e9ac584
1895,mb-dielectric-1896,Mg6 O6,MgO,Mg-O,12,147.1764,2.7284,1.740348,9b8aaf98c91b0193e56ef49358ec8cc927035239d91c4f49fc900c84a2504e06
1897,mb-dielectric-1898,Li12 Ga4 Si4 O20,Li3GaSiO5,Ga-Li-O-Si,40,424.1814,3.1103,1.702124,c9aa470e7b87b690a995574730bee44f7685d0ced87c762415450f5690a27dcf
1899,mb-dielectric-1900,La4 Se3 O4,La4Se3O4,La-O-Se,11,234.5085,6.0648,2.749806,efa9bc73662f4dd112053bed83304695809005119b135276ec996707e240f137
1900,mb-dielectric-1901,Cs2 Pr2 P8 O24,CsPr(PO3)4,Cs-O-P-Pr,36,598.8451,3.2704,1.587752,80c2dad0668f6032133dccee912a8b0d381d4bd1a2e4188e711c01744a172b7b
1901,mb-dielectric-1902,As2 H12 N2 O8,AsH6NO4,As-H-N-O,24,233.3219,2.2628,1.6,e324d1808e1b0cd9cf18683d6e2ef6c5c290613195ed6e85a6508abd091684ab
1902,mb-dielectric-1903,K1 Br1 O3,KBrO3,Br-K-O,5,92.1589,3.0091,1.654972,e421d671357a5d54c41b5d03f6d6a685befdf839f5fabe0b0ed2a0983469840c
1903,mb-dielectric-1904,Zr6 N8,Zr3N4,N-Zr,14,158.0177,6.9293,3.642286,d7428ad3170b3526aa6c84f6e6c8b67e951253af52a24adebc45b0907d7c8ccd
1904,mb-dielectric-1905,Li3 Sb1 P2 O8,Li3Sb(PO4)2,Li-O-P-Sb,14,155.8048,3.544,1.88859,293f2ae0bacb793b6e63203052d3ddde8bce1d3c85c168c8c3389814baf83e2a
1905,mb-dielectric-1906,Ca12 Mn2 N10,Ca6MnN5,Ca-Mn-N,24,415.6035,2.9202,2.59664,9bd2f3e608a136fef946a2560e3f2aeb16dbe48787f521e1b0fff09098099dee
1906,mb-dielectric-1907,Li2 H2 O2,LiHO,H-Li-O,6,58.8402,1.3517,1.506885,aa892503e3b5e7066dc1cb1176241c6e857d839db49b5b655bc7bbca41eafed4
1907,mb-dielectric-1908,Cs1 H3 O2,CsH3O2,Cs-H-O,6,79.8289,3.4931,1.638534,1062b3e16fff2ec7fe1955951aacc65a6b4e32291e5472dcf161964ced131da4
1908,mb-dielectric-1909,Sr12 Al8 N16,Sr3(AlN2)2,Al-N-Sr,36,577.3261,4.2897,2.35529,9fb980a3402e7af5b866ffb6c245dfa056754bdc1986db2c8a5a40801ae54c42
1909,mb-dielectric-1910,Zn2 Sn2 O6,ZnSnO3,O-Sn-Zn,10,117.5701,6.5568,2.236973,8e6b62165d9d60f2b22afae3ad90d9ce07c4c5aa82f3fa1ea39e6a049173b97f
1910,mb-dielectric-1911,Cs2 Si1 F6,Cs2SiF6,Cs-F-Si,9,186.095,3.6396,1.402106,ed6c97f7b38e3ec24d3ff6ec7fc8ca6fc66d68346fa847fe56b4045a4aadc490
1911,mb-dielectric-1912,K1 Al1 S2 O8,KAl(SO4)2,Al-K-O-S,12,170.8868,2.509,1.526799,1fbf34c00093c16ec6c86ab3e1611d95e6d18c3a1efff08ffbc291fa85310c0e
1912,mb-dielectric-1913,Li20 Ge2 P4 O24,Li10Ge(PO6)2,Ge-Li-O-P,50,525.9566,2.5004,1.60773,5f457f82b215648bfbe4db6c150b429a22cd6493ea8f8c5a6a841a4b17055bc3
1913,mb-dielectric-1914,Ba1 Si6 N8,Ba(Si3N4)2,Ba-N-Si,15,183.6289,3.779,2.179595,a023160291e9aa9af52d7b4457d303b6f415966da656f66889aa8fa757379dae
1915,mb-dielectric-1916,Ag1 I1,AgI,Ag-I,2,73.2755,5.3203,2.243256,e9a0df952082fa9a2cfdac05bec05cb00165eaeeae4df7cbd472649829545151
1916,mb-dielectric-1917,Li9 Fe3 O2 F14,Li9Fe3(OF7)2,F-Fe-Li-O,28,301.1585,2.9112,1.5776,aa80eedf62e6fd65e1635789c988ea93514b01e9f18cd0634750051397fa0851
1918,mb-dielectric-1919,Cs2 Co1 F6,Cs2CoF6,Co-Cs-F,9,185.3563,3.9305,1.54507,7ff8a0ee85305d4db16ec16401059f8acba4f64fa90c6767678d0852c635c7f6
1919,mb-dielectric-1920,Pt1 O2,PtO2,O-Pt,3,40.9922,9.1988,2.728125,383a6e917dccaf1ce73005a48e96c7cc6d3f306ea563f5010195395516739e3f
1920,mb-dielectric-1921,Li10 Co2 O8,Li5CoO4,Co-Li-O,20,196.3724,2.666,1.944307,28034a1c4fdd8fee6d285db91b80a42abe19f1baee77296d4a50cbcf90e3c0c7
1922,mb-dielectric-1923,Ag2 I2,AgI,Ag-I,4,140.5363,5.548,2.174999,a3fdcd232e33a68244eedf4b10771fab39bf08da40dcd269d8df891f80adbf18
1923,mb-dielectric-1924,Cu2 I2,CuI,Cu-I,4,110.061,5.7468,2.494011,c19901a9633bed55831de3d50d26ad8f245b86ac3c0cda018918b75d82ddc500
1924,mb-dielectric-1925,Li2 H2 O2,LiHO,H-Li-O,6,56.8857,1.3981,1.496864,1f7eff00eddac910eb2599e453183ce5fca77775ea1f11ef3046454360bf60f8
1925,mb-dielectric-1926,Rb6 O3,Rb2O,O-Rb,9,312.8161,2.977,2.261624,7fbc16da688fd12e5515646e96d748922e47dc6593c9154e654753e67f9611b7
1926,mb-dielectric-1927,Fe4 O4 F4,FeOF,F-Fe-O,12,138.9125,4.3437,2.171239,7b2d6cca472499c23aabe891b7416d6b03d9a72f0b356f77b89984f5d85a926d
1927,mb-dielectric-1928,Ba2 H2 Br2,BaHBr,Ba-Br-H,6,156.9747,4.6172,1.973073,4d42e05d1d8e79e0cf917c2cb4136355fd3271756ce63c7d6da6787be2c2c355
1928,mb-dielectric-1929,Li2 V1 F6,Li2VF6,F-Li-V,9,95.7033,3.1026,1.610689,036e6878a3988d23c768426366603e4ede28a5a41370b92b72d2f2e5942e7a5c
1930,mb-dielectric-1931,Cd1 S1,CdS,Cd-S,2,52.4182,4.5768,2.494014,41ed60dbbaebd61637188d1244e6d5cd71eeba2fffe628220989ba655063dd3a
1931,mb-dielectric-1932,Al2 Cd1 S4,Al2CdS4,Al-Cd-S,7,163.0829,3.0,2.238301,65f02e09e1994f364c8467bd1d9e24ccfe5f2d89ff9d228f705039a56c617047
1932,mb-dielectric-1933,Tl4 Zn4 P4 O16,TlZnPO4,O-P-Tl-Zn,28,444.6567,5.4487,1.825853,18a9ecf265e5947bda896c4df02529561167c23b1587936ebc1dead2b8e4f9c5
1933,mb-dielectric-1934,Li2 B2 O4,LiBO2,B-Li-O,8,59.0699,2.7971,1.711242,2f9c6ca610182f2110d2b771b58bf170f1d7c2ad7ed72735d1ac7ee904bbb835
1935,mb-dielectric-1936,Li2 V2 F8,LiVF4,F-Li-V,12,137.8092,3.2263,1.574989,9ffb04464ba77c5b505378d1cf7345cdcd75eae3e3f32343e9f38c086ec4eba7
1937,mb-dielectric-1938,Li2 Fe1 F4,Li2FeF4,F-Fe-Li,7,99.7554,2.4257,1.387433,6e2a3ec6e0701b0b9ef89d03441788ca7c968825614c9858e7c781046a9651e4
1938,mb-dielectric-1939,Na4 V20 O32,NaV5O8,Na-O-V,56,646.8374,4.1659,2.4852,3fa0ff8e51611c1f188c53765438a1d6926f8addafb129c41b579507a2d954c5
1939,mb-dielectric-1940,K2 H2 O2,KHO,H-K-O,6,86.0727,2.1648,1.595413,1990145eddfab822d5f434d7bcc005f190a4a0c7f1e10c2d818d16822f5f7077
1940,mb-dielectric-1941,Ca2 H2 Cl2 O2,CaHClO,Ca-Cl-H-O,8,130.1924,2.3606,1.697009,57b2dd07402495b00d384b372e39f8879d17ba729ca2f54ad7bbedb12d8e7a96
1941,mb-dielectric-1942,Li6 Fe6 F24,LiFeF4,F-Fe-Li,36,413.8513,3.341,1.602589,0f8f59db32da4279237359a4194d6b4916fd442e91c15daff841efeab5707fee
1942,mb-dielectric-1943,Te4 O12,TeO3,O-Te,16,217.63,5.3593,2.068897,c52508f168b5169baf454378844649510c82a940545e81fdba55fa8327e75aed
1943,mb-dielectric-1944,Li1 Ti1 V2 O6,LiTiV2O6,Li-O-Ti-V,10,112.162,3.741,2.337362,79f451cff790b3b61d3b183f7c2b123719d28d4ab0dd099633d2dd39fc9aadd6
1944,mb-dielectric-1945,Cd8 Si2 S12,Cd4SiS6,Cd-S-Si,22,533.8727,4.1686,2.418397,72e100dd172c66744882e4a26fc5da3ac42dab6c53fbc896dabf4443218a2cb8
1945,mb-dielectric-1946,Al5 Cu1 S8,Al5CuS8,Al-Cu-S,14,250.5877,3.0149,2.6069,5f7c7b62bd4eec4bdf1ab15955b4f13a6ef291b9efd89eedfa3fd0141277b913
1946,mb-dielectric-1947,Ba2 H6 Os1,Ba2H6Os,Ba-H-Os,9,134.0297,5.8345,2.105446,9b7a896777fcc9fc29c1010456396ce5e67f4292385bb83b33819f0152f402f4
1947,mb-dielectric-1948,Ti1 Co1 Sb1,TiCoSb,Co-Sb-Ti,3,51.1768,7.4161,4.523425,c435e5a2241006af0c8e95501533c2f1ff80e4e855ecc35aab806aac052d6e93
1948,mb-dielectric-1949,Mg2 Ge1,Mg2Ge,Ge-Mg,3,66.3203,3.0359,4.048456,66f3d1b0dd8d8c14b8ffbbdfa7ad487862ab100e407be2d95b04567ef14fa4c1
1950,mb-dielectric-1951,Li4 V2 O2 F6,Li2VOF3,F-Li-O-V,14,149.9962,3.0514,1.734881,2544f921a7c1289231c298931149833a0864f921e01037b0185461a842fcf015
1951,mb-dielectric-1952,Li5 Co1 O1 F5,Li5CoOF5,Co-F-Li-O,12,133.9835,2.5361,1.528077,ed9cf8c9839c5a6398aafabfac9808c8839d994e1bde7e3777e330283daa809a
1952,mb-dielectric-1953,Na2 H6 S2 O10,NaH3SO5,H-Na-O-S,20,224.4693,2.0429,1.472169,7de076af0e6967c1cd92968ffdcb96dcc9c30c272a24f58ec3aae0543f04af5d
1953,mb-dielectric-1954,Li1 Mg1 P1,LiMgP,Li-Mg-P,3,54.4435,1.8977,2.637789,bda288b9344f25da24449cad3ae2d9fa9c54a3b10f57d439a590eaed33b3f99a
1954,mb-dielectric-1955,Rb2 V2 N4,RbVN2,N-Rb-V,8,141.7215,3.8531,3.909561,deb5c22d6dc075ee7550bb3a96350377ae519603534f6744a8f66aa063b2b1b7
1955,mb-dielectric-1956,Si3 O6,SiO2,O-Si,9,126.234,2.3711,1.533714,6759bc0bee3db5b978349dc424a5ad3ef8361dce77ea52255963a9d23afa5ecc
1956,mb-dielectric-1957,Na1 H1 S1,NaHS,H-Na-S,3,52.5936,1.7701,1.820349,945dae778a5cb81ac905964e42e808be36c81d048b1144c3009ec2331c743fa6
1958,mb-dielectric-1959,Be2 C2 N4,BeCN2,Be-C-N,8,49.4794,3.2913,2.19178,02acdfc983587b52b45790f69003cbefa71df2607e4a1a220502dfb9b200a3aa
1959,mb-dielectric-1960,Li5 Bi1 O5,Li5BiO5,Bi-Li-O,11,121.779,4.4136,2.004308,c59ce79c2890199869be3aaf63d7308ccb644184d632da41d9e188715424def6
1960,mb-dielectric-1961,Fe2 P2 O7,Fe2P2O7,Fe-O-P,11,128.4008,3.6939,1.761549,4459dfe0a786c79e42ebebfca2dda88bce14716bb4b64416dac9795e9348e5ea
1961,mb-dielectric-1962,Li2 Co2 P2 O8,LiCoPO4,Co-Li-O-P,14,172.7704,3.0919,1.694225,1a6bc0c6f1e3b62f501dcda4d0d290c123541691df369c6832dae80a3e005817
1962,mb-dielectric-1963,Zn4 Sn4 N8,ZnSnN2,N-Sn-Zn,16,223.1872,6.3132,12.604127,ec4481dd4c1ffaabef954fa998c957e1186e2b364fd7cd71650acbb879557992
1963,mb-dielectric-1964,Cs4 Ti2 S6,Cs2TiS3,Cs-S-Ti,12,385.577,3.5303,2.203648,600d5fa3a2008ed4efcf7e8823362117b15f706036326429d904b129da05c0e8
1965,mb-dielectric-1966,Rb1 Be2 F5,RbBe2F5,Be-F-Rb,8,120.834,2.7276,1.35466,35aca2c1547c68057b59ffef828ef4d3f27b4601e31e3c42b86308c6fc55c2dd
1966,mb-dielectric-1967,Li5 Ni1 O1 F5,Li5NiOF5,F-Li-Ni-O,12,133.079,2.5503,1.496757,09e3110d0aeddacc2d8e109879da5f7f5b382434e187cc1c0e732549fdb152d6
1967,mb-dielectric-1968,Cd2 Sn2 P4,CdSnP2,Cd-P-Sn,8,210.0153,4.6344,3.610408,b1732ad793d3175dfc908d3495a4d00e28322c864f6db3ceea6368f03eba0a27
1968,mb-dielectric-1969,Nb1 V1 O4,NbVO4,Nb-O-V,6,70.5163,4.8944,2.624735,ec30bdb2af43487456b2692db53d59cc062235ae4ca2b9d640cc0a1c7f3cb6c0
1970,mb-dielectric-1971,Li4 Mg4 N4,LiMgN,Li-Mg-N,12,125.8851,2.3877,2.259552,d632919803c459be7cbdfb72ad6c4f16312a5722d770ab3d32d2eb19106abb4e
1971,mb-dielectric-1972,Na2 Zr1 Ni1 P4 O14,Na2ZrNi(P2O7)2,Na-Ni-O-P-Zr,22,276.2409,3.2688,1.720022,bd798214a81ad3e694ceb10ee2942d951b343dc2bd4a196246e9765b328a5be8
1972,mb-dielectric-1973,Zn4 Si2 H4 O10,Zn2SiH2O5,H-O-Si-Zn,20,239.6637,3.3384,1.672948,d01ce2e96b8c1e7f40ec84cfae9232f7c00eab200b895c82f2b948b21197ee28
1973,mb-dielectric-1974,K2 Pd1 N2 Cl2 O4,K2PdN2(ClO2)2,Cl-K-N-O-Pd,11,224.0452,2.5758,1.72427,44587f6a23a0cf038cd5f2167d1396c5d07d6339b5355566edc775c2d7880cc7
1974,mb-dielectric-1975,Hg2 B8 O14,HgB4O7,B-Hg-O,24,204.379,5.7821,2.095744,042b522225a8e47628140fa9d61b23b6fe932d53abcdc4b91118b1d6e7841cb2
1975,mb-dielectric-1976,Zn2 Se2,ZnSe,Se-Zn,4,94.8044,5.0574,2.687492,9cde95d38efd95d20e812cc440dbf3f3722bcf2ad225e0f7b9495f4fb66c1867
1976,mb-dielectric-1977,Cs1 Br1 O3,CsBrO3,Br-Cs-O,5,109.8063,3.944,1.638152,fb23b8cb692ea2841e48dd2e6ce63c0c0d8a021371bc7d4f0ab4c747cc3af29f
1977,mb-dielectric-1978,Ca3 Zn1 Ge5 O14,Ca3ZnGe5O14,Ca-Ge-O-Zn,23,292.5991,4.3859,1.900835,d02895a0795b2154853f42eb776efec3b0a1b77e81ea9482e5f785afce79a680
1978,mb-dielectric-1979,Sr4 Si4 N8,SrSiN2,N-Si-Sr,16,226.1219,4.2216,2.183123,72dbc67526bb99a8e7caddec15f36f91dc9a7be1e2e72279e85b0bdc390ba85f
1979,mb-dielectric-1980,B4 H8 O4 F12,BH2OF3,B-F-H-O,28,317.6225,1.7947,1.329035,60858c5ea6d0e93472eb0a0a27239d33e1f0648ea2dc9bea911e4d3945b7809a
1980,mb-dielectric-1981,Hg29,Hg,Hg,29,896.8246,10.7708,4.332966,11df9a9b2b926a125121f91c8196154cc1487bda08391c1260657abcd29ebae3
1982,mb-dielectric-1983,Y2 H2 O4,YHO2,H-O-Y,8,94.2686,4.295,1.911706,a02793d17febed4eb95d145160dc4e19c0f8db9d1abc6aace82d693f9a93c104
1983,mb-dielectric-1984,Cs4 Ag4 O4,CsAgO,Ag-Cs-O,12,344.385,4.9524,1.92978,80b6b1c819c9a8c490ede81e6d9dd3590f62204861baade10d036dbcc8739913
1984,mb-dielectric-1985,Re6 Te14 Br14,Re3(TeBr)7,Br-Re-Te,34,1155.2397,5.7816,2.523027,cc85233e20feef882a68f890958a542d18abf01d38200af5b81ceac7511fe576
1985,mb-dielectric-1986,Ba1 Ca2 I6,BaCa2I6,Ba-Ca-I,9,427.5119,3.8023,1.872524,1e60cda0dfb8ba59642401e28ea5bf780f48c432c0e77778ec06c975ed72c545
1986,mb-dielectric-1987,P4 H16 N4 O8 F8,PH4N(OF)2,F-H-N-O-P,40,430.1785,1.8375,1.437591,95e80da32f30e85499cf6269f4cb77ad2146bb4a5ddab3800a2ebaa9f58b9f55
1987,mb-dielectric-1988,Li4 H8 Br4 O4,LiH2BrO,Br-H-Li-O,20,268.1935,2.597,1.694796,972607f1cf94dcd1aabd168483a74f3e22886bd7964e69caf5c347c740b2dd56
1988,mb-dielectric-1989,Cs1 Pb1 Cl3,CsPbCl3,Cl-Cs-Pb,5,188.335,3.9365,1.912302,82058042bb30e7870d132680a5a96b54aa5505ab399e6311f7a0b6b936efb769
1989,mb-dielectric-1990,Na2 Sn2 P2,NaSnP,Na-P-Sn,6,157.0337,3.6518,3.269899,378808675ad6c194890d57758db0ffd077ac6bef68f3cd52b1e9d1fbf957f345
1990,mb-dielectric-1991,K8 Zn4 Cl16,K2ZnCl4,Cl-K-Zn,28,848.8203,2.2334,1.578195,34b5a0f7a548ce9586154e2f72047e570dbac00b0ce3af6fda7f8dc4448f8b8f
1991,mb-dielectric-1992,Li1 Cr1 S2,LiCrS2,Cr-Li-S,4,63.7299,3.2066,3.19976,e8979488c5a9d04efd907fb7caa14db55afa20b0b255c772d602085ff99fd40c
1992,mb-dielectric-1993,Cu1 As1 Se2,CuAsSe2,As-Cu-Se,4,97.8117,5.0317,4.555184,7d81e943d833544a40a79f6ba49aee7e0c13bedb4960d47f68554adbdb3e05bc
1994,mb-dielectric-1995,Ga3 P1 O7,Ga3PO7,Ga-O-P,11,126.2351,4.6321,1.853468,0d534d64e1702cd2e91b5d1e37fc1f7048f37c145c42e8071bf17676b4d69e15
1995,mb-dielectric-1996,Ba1 Al2 B2 O7,BaAl2B2O7,Al-B-Ba-O,12,183.8688,2.9343,1.578462,022466062c9fb14b11f35956e71c254ab99d0e963a27933b439dd7b38741231a
1997,mb-dielectric-1998,Li4 Fe4 P4 O16,LiFePO4,Fe-Li-O-P,28,363.1246,2.8856,1.633667,4a066341efde86052dfe7aceb98aaf7e00360f991094b44bb5969202f422184b
1998,mb-dielectric-1999,Na2 Nb2 O6,NaNbO3,Na-Nb-O,10,125.9004,4.3233,2.305034,bba44aa3e64db7cdbfcf5bf73139da3da028a0f3c40ccd38490ed9ab13a4a795
1999,mb-dielectric-2000,Nb2 Zn4 N6,NbZn2N3,N-Nb-Zn,12,156.621,5.635,2.764012,82c560add7c43ccb6fc59ca15f474e6e4d400033192dddf01c45d89b0e408ef5
2000,mb-dielectric-2001,Ta1 Cu3 S4,TaCu3S4,Cu-S-Ta,8,172.3207,4.8167,2.461746,0f2b1b6965db749016114364cac9d5dec64768e70ae28c0ce8c91954d0e8d632
2001,mb-dielectric-2002,Ca4 W4 N12,CaWN3,Ca-N-W,20,297.1488,5.9445,2.970092,61f3c04ac932f388d841f6771fdef8c110caf5ea55a36512979294bdac88630e
2003,mb-dielectric-2004,La6 Si12 N22,La3Si6N11,La-N-Si,40,512.712,4.7888,2.342863,d5aa7a395e4c340942fc5caf02796ff55d527d5006404b265bdce45dfbd953bd
2004,mb-dielectric-2005,In2 Cu2 Te4,InCuTe2,Cu-In-Te,8,249.1222,5.7799,3.981081,0d42d29f26c26130adb3e67bc536dc2e077a704ab753d83c60ac65010cdbe2cd
2006,mb-dielectric-2007,K4 Zn2 Br8,K2ZnBr4,Br-K-Zn,14,500.2884,3.075,1.658998,f90aec6680d2b95aeee1e06f949719753c22ac3c11a2c1c8e9517c2a5d4e726a
2007,mb-dielectric-2008,Ba1 Li1 Pr1 Te1 O6,BaLiPrTeO6,Ba-Li-O-Pr-Te,10,131.2741,6.4357,2.099238,858d311a032f1da8eecfa284fd75d4b5adbd29fcf548da533ebe478e290ff963
2008,mb-dielectric-2009,Li3 N1,Li3N,Li-N,4,44.8826,1.2886,2.449898,50212f1db265f888d120fdb0100e009f4129868c8a61285ea3fb1301bbac36ae
2009,mb-dielectric-2010,Ge4 N4 O2,Ge2N2O,Ge-N-O,10,133.6019,4.7054,2.108757,d6eb6479ef5d364fb556d27181332edb3bad3519a030cf5e47221d4e622b0f7a
2010,mb-dielectric-2011,Si2 S4,SiS2,S-Si,6,138.9425,2.2042,2.248986,1fc685b9666bfa24c28f3b332a87eace6f1e53584fba129c28c6e6c32fffc3d0
2011,mb-dielectric-2012,Na4 Mo4 P8 O32,NaMo(PO4)2,Mo-Na-O-P,48,677.6669,3.0274,1.729687,3cbd0bc10d614d734ca49e27c0217625188b35446c8dc1eaea4ea8fffc7a2e11
2012,mb-dielectric-2013,Pr1 N1,PrN,N-Pr,2,43.0957,5.9691,2.845011,1c2e50415625ec3b4a9a7f215fa9296411e65ac91d32ea8e610396c443fa4221
2015,mb-dielectric-2016,Li4 Te4 O12,LiTeO3,Li-O-Te,20,247.8469,4.8919,2.201988,ae65a10379073b4374ca6a27ac1b50e8531aee302ae42b0d0e3096807f02e2b6
2016,mb-dielectric-2017,Nb4 Sb4 O16,NbSbO4,Nb-O-Sb,24,344.4617,5.3734,2.477512,5e40b1bb3dd8b7071d3d6d6d27bd9ad4b116d7427bee803f726650711d739904
2017,mb-dielectric-2018,Li7 Sb1 O6,Li7SbO6,Li-O-Sb,14,131.6647,3.3591,1.791917,b18709052be05959fd26484d852aa3cb0304c73984962fadab42fdb4d395eb36
2018,mb-dielectric-2019,Li4 Cr4 P8 O32,LiCr(PO4)2,Cr-Li-O-P,48,604.7796,2.7334,1.936447,f6d3b97938469ebfe0d280f48d158f9308b4c47bc19b0c56471f3270bb634f85
2019,mb-dielectric-2020,Br2 Cl2,BrCl,Br-Cl,4,151.5968,2.5272,2.007512,f2193bd5a2a4de7730f552131b2b9e6c04b282129f1193383bf99254f57209ba
2020,mb-dielectric-2021,Be2 Si2 As4,BeSiAs2,As-Be-Si,8,155.0514,4.0041,3.301709,71dc3438f746831673c1d4a6deb68f77a357de79c0b326e873513edf631e96b1
2021,mb-dielectric-2022,Cu4 O6,Cu2O3,Cu-O,10,104.6127,5.5585,4.816341,6fcd1370baae5cfebce21744a26b45cb61410aec0a134016eb86b46924809f6a
2022,mb-dielectric-2023,Ba10 Ti4 N12,Ba5(TiN3)2,Ba-N-Ti,26,540.8807,5.3199,2.707734,8268e9bd11c0ac47e0152a01d1b4fc4e6b26d806b05e9b40ae8602f737619047
2024,mb-dielectric-2025,Ba1 La1 Zn1 Ru1 O6,BaLaZnRuO6,Ba-La-O-Ru-Zn,10,132.9923,6.7263,2.645107,4ab0e469824747888176af1a463238e3517b0056b213c221d42bf11e0971dec0
2025,mb-dielectric-2026,Ba12 Ta24 N48,Ba(TaN2)2,Ba-N-Ta,84,1448.3069,7.6394,2.556293,b770962f81866b66b44a690293ffb0bb2d5c550c349bfc08d79a873711b7e409
2026,mb-dielectric-2027,Sn1 H4 N2 F2,SnH4(NF)2,F-H-N-Sn,9,87.9476,3.5638,1.676902,faad9e0a5317028b97b9c701f6c46c5762bb9bcc245c7e57c3b739787862e913
2027,mb-dielectric-2028,Li2 Mn1 Si1 O4,Li2MnSiO4,Li-Mn-O-Si,8,87.2949,3.0607,1.749006,b8052a1210ced3869df77c15772b85f92ea3e2bf6baff361d56728a3ec54e436
2028,mb-dielectric-2029,Ta4 Pb4 O14,Ta2Pb2O7,O-Pb-Ta,22,317.4624,9.2927,2.607616,8d36cb393dec5b76d225f0b1e2be0ca70779e5cd4920764529c90272669862b9
2029,mb-dielectric-2030,Ba3 Si6 N4 O9,Ba3Si6N4O9,Ba-N-O-Si,22,319.8193,4.0525,1.80935,171201ddcb343213e7d7c8fe00d5bfbce671205fd812eefea1da9cab5e323c73
2030,mb-dielectric-2031,Si8 O16,SiO2,O-Si,24,339.8621,2.3485,1.526106,13ff633b10bc7eb27fe81e0b666811e99c3bd0c3eeb39b29ee3b32d4696af747
2033,mb-dielectric-2034,Y2 Bi2 O6,YBiO3,Bi-O-Y,10,160.1129,7.1744,2.357556,1ab7bb230b93b46d06414561fd5cb7eace14b30a279b1728f498e8347b8a07d7
2037,mb-dielectric-2038,Re4 H8 O18,Re2H4O9,H-O-Re,30,364.6408,4.7401,1.876323,5931f662e14118db3db6f4ba32b48ebf5d5feea608ba69e514c3ddb8feaa49c5
2038,mb-dielectric-2039,Mg2 B4 H16,Mg(BH4)2,B-H-Mg,22,220.58,0.8129,1.539482,8f8e729f1d9e3a7158f80b17b0e07a7e6f330c662d8e63d43863fdb582e827f6
2039,mb-dielectric-2040,Li4 Al4 Se8,LiAlSe2,Al-Li-Se,16,382.5424,3.331,2.225058,2401180ae5eb5efe8ba95adce0b829d5b5822bb71668c64943561269302dc7e6
2040,mb-dielectric-2041,Sb4 Br12,SbBr3,Br-Sb,16,776.3262,3.0927,1.678567,51e392fc0c36591a386540f32b2e8d1a86bc435ba6cf7097852f2f7218be3361
2041,mb-dielectric-2042,Li4 Mn2 F12,Li2MnF6,F-Li-Mn,18,229.5826,2.6445,1.531955,d22dfa97e09e5a3c47993e9641c5d603e941be2a6e66ccc64d54a0870036482d
2042,mb-dielectric-2043,Li1 Co1 Si1 O4,LiCoSiO4,Co-Li-O-Si,7,85.8266,3.0561,1.984583,6948dac49a60faa6bb9074542358aa573f1284d2fc2e4e0d280556e5b6f41cfd
2043,mb-dielectric-2044,Ca4 H8 C8 O16,CaH2(CO2)2,C-Ca-H-O,36,457.9609,1.8871,1.543035,2e3d3ecc2866639e22892bf1fdb3918a9ebb522cef35c163302a43f023f19bcd
2044,mb-dielectric-2045,Li2 Mn1 F4,Li2MnF4,F-Li-Mn,7,97.2588,2.4725,1.395594,ff3153216f026cc58003b4477cf9f11f1b78380363d9757e3418d0d2a031f123
2045,mb-dielectric-2046,Li6 Mn2 C6 O18,Li3Mn(CO3)3,C-Li-Mn-O,32,349.9141,2.4277,1.833563,2595f3df4e82a45164b782a27d33b124ade4ba482d3352668b23a590db2d4517
2046,mb-dielectric-2047,K2 Th1 F6,K2ThF6,F-K-Th,9,149.1113,4.7243,1.515765,2ab5e65983c1a3ed06acd1bedc67814e19e9de24981849e00a3b14b303cec61d
2047,mb-dielectric-2048,Al8 H24 O24,Al(HO)3,Al-H-O,56,450.8638,2.2983,1.60141,fde6bc9d79006ad972cb5950d2bf7a87f312c2bf9f6ec12e09f0d3f401ff3352
2048,mb-dielectric-2049,Sr4 Ta4 N4 O8,SrTaNO2,N-O-Sr-Ta,20,268.894,7.7705,2.705981,9f79c6b5c023890e025e6e0096b5d7a562da99d5c15dab8adf1968b203714ce4
2049,mb-dielectric-2050,Na12 C24 N36,NaC2N3,C-N-Na,72,946.3271,1.8747,1.705706,8eb370afea0ebda4cb059cb163c19acbbb1ca32114d36cf8334d7cf506825c48
2050,mb-dielectric-2051,Ag2 Bi2 S4,AgBiS2,Ag-Bi-S,8,182.5118,6.9325,5.713662,22231d184108ff467d4fe5c25f4e0d0512b98595ac4948ad50e5223b3c68c322
2051,mb-dielectric-2052,Ag2 N2 O6,AgNO3,Ag-N-O,10,136.2269,4.1413,1.849484,9cc3d9976f3511c3fcdba49fdf600e2f368c2df6a0c68c3cabdbee4bd39ee0fd
2052,mb-dielectric-2053,K4 I2 O1,K4I2O,I-K-O,7,253.4773,2.7921,1.719546,7ee3a11646bf6ca1ff7075b110c9e560a70a6d5c66751386b8a8c4c1b1149aff
2054,mb-dielectric-2055,Al2 Cu2 Se4,AlCuSe2,Al-Cu-Se,8,177.3921,4.6514,2.894535,d9bf256646e3601c0838e0484472b5ea7269937cc61b92b6a8e8bbbba665dfb0
2055,mb-dielectric-2056,Cr2 P2 O8,CrPO4,Cr-O-P,12,145.1497,3.3627,2.009426,8b67742b1c30a086a7828258c39b7a79d0997943667df04eb8be1e0de98836fd
2056,mb-dielectric-2057,Ba6 Ga2 N6,Ba3GaN3,Ba-Ga-N,14,333.9325,5.2086,2.893517,81cd5a0e786625e180ff80fd086c28eb10c13b444921974d9c67f0188a4bf495
2057,mb-dielectric-2058,Bi2 Te2 S1,Bi2Te2S,Bi-S-Te,5,169.8826,6.8933,4.223403,336ae3ef696897b3fb517df6008ae8a39263e9fe39a0229db17c49bb60e5fb25
2058,mb-dielectric-2059,Sr8 Zr8 O24,SrZrO3,O-Sr-Zr,40,591.9999,5.0903,2.157176,a31efa1941687916826d095a571c274cf6e8dd26acec970389933835e34e5d4f
2059,mb-dielectric-2060,Nd4 Ga4 O12,NdGaO3,Ga-Nd-O,20,239.7124,7.2587,2.19795,32098b90908092fb3420c6e9cede47b868092eaedf3cb6e74ccb2d3f92765ead
2061,mb-dielectric-2062,Ga1 N1,GaN,Ga-N,2,23.4805,5.9214,2.46467,a736e97e79abbc58a5dd3f7820e531e4e535b6d450276fcf74993c725c5f3b8e
2064,mb-dielectric-2065,Sr1 Ga2 Te4,Sr(GaTe2)2,Ga-Sr-Te,7,238.3953,5.1368,3.073688,664e2aa2abf3e9d15dfb98f8d18205202f00221f17069c52ed01ce4fdc4b5472
2065,mb-dielectric-2066,Cu2 Hg1 I4,Cu2HgI4,Cu-Hg-I,7,243.7513,5.6904,2.812106,639bff6e76432ee4c50760beb9e2e9eec0498480859c52e473e04db8648027d3
2066,mb-dielectric-2067,Pr2 As2 O8,PrAsO4,As-O-Pr,12,180.5653,5.1468,1.892729,a6fa9817632e49ee245043870da452e4462f7cbb6b566b9df326b5d65fff13cd
2067,mb-dielectric-2068,K2 Sn1 Hg1 Se4,K2SnHgSe4,Hg-K-Se-Sn,8,242.2079,4.8905,2.507528,a203083c7eb1be626d4964c8c830a1303337ce1c0ec6310e9cfdff4ce97b35d8
2068,mb-dielectric-2069,Cs1 Li2 I3,CsLi2I3,Cs-I-Li,6,235.2628,3.7232,1.783904,e55694a135b04366e057a27213964ed9c2af664c69cf693748cf570eceebe62a
2070,mb-dielectric-2071,Zn10 S10,ZnS,S-Zn,20,405.1654,3.9949,2.436082,3fbc8cd204ec0ec977601c76db6488ab50fd1228b2c6dab54832c441c810e558
2071,mb-dielectric-2072,H16 S4 O20,H4SO5,H-O-S,40,408.6265,1.8871,1.496153,72347c3e4ca216a290c9bdb26df2cab24cc7435f263da63ee3a8a8a66219232f
2072,mb-dielectric-2073,Ca2 Sn1 Hg1,Ca2SnHg,Ca-Hg-Sn,4,114.0343,5.8168,15.01249,c8e154aea38a7f25e4a712d41ea841f0e4cb8111152b90b1a0c5757e515355b5
2073,mb-dielectric-2074,Li1 Mn1 P1 O4,LiMnPO4,Li-Mn-O-P,7,91.9294,2.8332,1.621345,95b6f1e11a46a51280d93737b49f01d182fb4e535f1c48e74953865d2abc9f96
2074,mb-dielectric-2075,Li4 Mn4 F20,LiMnF5,F-Li-Mn,28,344.2274,3.027,1.663446,526ea77be8d743e3f039cd64f0d97261111c53409e38fac73b26b988178116d5
2075,mb-dielectric-2076,Si4 O8,SiO2,O-Si,12,193.784,2.0595,1.489316,ef77916952882e4749af82bc1172b9148650af6e21483161452e2a5df7ab3574
2076,mb-dielectric-2077,La2 Bi2 O6,LaBiO3,Bi-La-O,10,174.44,7.537,2.389687,5695f536c932e9dce3fe66167ef4e6bbb2bce07fec4afc17472b3baae47d2fd5
2077,mb-dielectric-2078,Mg4 Sn4 N8,MgSnN2,Mg-N-Sn,16,229.1618,4.9572,2.517424,e24f890382371db80f748439406c40228edbc5d89f5ffcfd33b4d6467ab25338
2078,mb-dielectric-2079,Mg5 H8 O9,Mg5H8O9,H-Mg-O,22,189.318,2.3996,1.631666,d4e44729e0764c1a122d36d0e98ead99587fc3e03254b3d40d9bf37f28f4858d
2079,mb-dielectric-2080,K2 Ca2 P6 O18,KCa(PO3)3,Ca-K-O-P,28,435.571,2.4101,1.535036,87abfb9c12577ea005db9ca70ec19b758d825302e6d51c765206ec8678caf9bf
2080,mb-dielectric-2081,Na4 Ag4 O4,NaAgO,Ag-Na-O,12,216.0279,4.5154,2.112908,841a3543ea769dd09caf3073e5a84adc2e816946e76230782c22b8c84df34294
2081,mb-dielectric-2082,Ag6 Sn4 Ge6 P12,Ag3Sn2(GeP2)3,Ag-Ge-P-Sn,28,599.9751,5.3404,4.869993,5b27fea7d855b6f3d1e4bf43bc59a135a57ccd9a4a03fd26ea366d7ce251fbcd
2084,mb-dielectric-2085,Mg2 Al4 O8,MgAl2O4,Al-Mg-O,14,135.6887,3.4821,1.77309,b4e13953ba869935c9374f20a8edbba365c57e23a9c8f3bdb29f0e1f65d7699e
2085,mb-dielectric-2086,Li12 W2 N8,Li6WN4,Li-N-W,22,222.7335,4.1975,2.192427,c8739c86b9d36d56fc913cecaad46bfe01874d53331e0d7b3b940ae3c6c4f95c
2086,mb-dielectric-2087,Li2 Cr1 O2,Li2CrO2,Cr-Li-O,5,50.4402,3.2222,2.014792,277c1d0fbef74277553ebe48a36857f6becadb49d655259df24db4cc790d221d
2087,mb-dielectric-2088,Mg16 Re8 N24,Mg2ReN3,Mg-N-Re,48,622.8997,5.904,3.248483,0169d0a7ff5e3547ab5a4d6b4ce8f53d4d60b21a504379e41ec9dbaa24d44c0d
2088,mb-dielectric-2089,Li4 Fe4 Si4 O16,LiFeSiO4,Fe-Li-O-Si,28,307.9567,3.3403,1.910243,cfa7c9d5a2eb3fc5e6ee9c944930b3ef7d1cf16320809d49177fd675bb25ecc9
2090,mb-dielectric-2091,Cs2 Nb2 N4,CsNbN2,Cs-N-Nb,8,182.3837,4.622,2.767569,f92145269c90fea511164b1f0d0d0219252dfee96dba66c2e66678c63193a5d3
2091,mb-dielectric-2092,Mn4 F8,MnF2,F-Mn,12,162.8216,3.7912,1.541428,31dbaba658cc03c30b53c43fd44e6781d8fb0cc940f91437cbbec9a0bb1b3724
2092,mb-dielectric-2093,Fe8 P8 O32,FePO4,Fe-O-P,48,781.6162,2.5633,1.72826,4cfb6a85d51207d32040222850df3f83f583108d1793a89f8bce7fd04fcecc6f
2093,mb-dielectric-2094,Li2 Cr1 Fe1 O4,Li2CrFeO4,Cr-Fe-Li-O,8,73.6264,4.1887,2.263949,5929dfec28293ff9cc66d8c30147612aa1be3353d88289cecaebab35bfdee2d3
2094,mb-dielectric-2095,Al16 O24,Al2O3,Al-O,40,378.8199,3.5755,1.781474,fe0309fef11e15ef59a4d9c43c2ebe8f963f3a580d65d14abace4b1ebff37af6
2095,mb-dielectric-2096,Li4 Co4 Si4 O16,LiCoSiO4,Co-Li-O-Si,28,337.0982,3.1124,1.975288,f1065cf9d726b944a4cfd8f5245a40607815c93fb8c8dc0ffe01a558219e2d8b
2096,mb-dielectric-2097,Er4 Ag4 Se8,ErAgSe2,Ag-Er-Se,16,398.1351,7.2246,2.947586,bf87ad680255667c83e18f5b3beb43cc8f6d2cf45e24292c0685a08eac57ebf1
2097,mb-dielectric-2098,Be2 H16 N4 O20,BeH8(NO5)2,Be-H-N-O,42,432.4364,1.575,1.458685,dd2ae08a06f7204357293eab4cfed81607cc0304f37fda93301443d73a8554d7
2098,mb-dielectric-2099,Ti3 Sn7 O20,Ti3Sn7O20,O-Sn-Ti,30,361.7255,5.9428,2.323392,c35030bc6a9eb6e6609bcd49fb5bc22cb6d6b95f69c35e4322099e82a9b00829
2099,mb-dielectric-2100,Sr4 Ta4 N4 O8,SrTaNO2,N-O-Sr-Ta,20,269.9682,7.7396,2.74906,4878ab04e5a1d095de7f5138a174d34f9606f20a55180ea268e86196f024313d
2100,mb-dielectric-2101,Si8 O16,SiO2,O-Si,24,462.1884,1.727,1.393676,712b68d99c2a140cf87af966211e6d474b3a69aa22cf5a72e9091ac92d53a4f4
2101,mb-dielectric-2102,Hf4 S4 O4,HfSO,Hf-O-S,12,185.0586,8.1315,2.65522,10d34eb3a45dd57c7586dfe93b53ca0062f8e379f6af5fa9f7f83e36c22a9469
2102,mb-dielectric-2103,Si5 O10,SiO2,O-Si,15,315.0728,1.5833,1.35843,4e9f99bfb59780d9f22ec7e0ca8ea354be624d3025bb8c375706457d2121ed65
2103,mb-dielectric-2104,Si8 O16,SiO2,O-Si,24,463.2299,1.7231,1.39248,260ca1faa677b3f450e692f47cfc5437d98cd040125fd2b46afcd2a82642b74c
2104,mb-dielectric-2105,K3 Ga9,KGa3,Ga-K,12,302.5935,4.0872,6.120909,d686c1ab7e0269261a80234c41a246e4d7e1d3c03f1999fd93109a8f4a61ab37
2105,mb-dielectric-2106,Rb4 Li2 V2 O8,Rb2LiVO4,Li-O-Rb-V,16,286.9629,3.3888,1.68066,b65a5f85c3bc4b3e37eefa88aad21b690a5b731c30625b7945698761ea8f8ece
2106,mb-dielectric-2107,Pb4 C4 N8,PbCN2,C-N-Pb,16,272.7672,6.0202,2.389185,184ce1d9ccbca021c81f7551f8f6698d6d3cd2e8734f2e4cf4f05d3befae35c6
2107,mb-dielectric-2108,In2 Ga2 S6,InGaS3,Ga-In-S,10,234.9575,3.9681,2.637837,e3523951a2af2d5f3a0fec5a740127ee07555b241183c840d21f0341c17bf2b5
2109,mb-dielectric-2110,Sr1 Ge1 Te1 O6,SrGeTeO6,Ge-O-Sr-Te,9,126.1483,5.0529,1.860457,fbe60b851a1cde14670d00169ccddd65fd7bc7b6b574efd18209cd0d0306a3e8
2112,mb-dielectric-2113,Li2 Mn2 F8,LiMnF4,F-Li-Mn,12,138.9292,3.2958,1.583804,a27df146e9334577b8c97ffa418ad62badf1945d04d2bc62e065cff6c7e55b8c
2113,mb-dielectric-2114,Li2 V2 O2 F6,LiVOF3,F-Li-O-V,12,150.9653,2.8792,1.789215,325baaf3d89192760b085163c0a9a29d7f78f03346a30c05886565169b1a75e5
2114,mb-dielectric-2115,Li6 Cr2 O8,Li3CrO4,Cr-Li-O,16,151.686,2.9955,2.122476,67675c6f61d3772ed2a1b33fed09c085be7de4553ad7f8d815912a3b73f826b6
2115,mb-dielectric-2116,Al2 Cu2 Te4,AlCuTe2,Al-Cu-Te,8,223.8497,5.1293,3.15687,53ed2a3013644517d42b1ce76b6dded75527122101d5b6277edfe7601f949a4b
2117,mb-dielectric-2118,W2 O4 F4,W(OF)2,F-O-W,10,198.4068,4.2489,1.766387,2fa107f1acc7848571fcda4f6b0e5704ed3c988cc08c89f754e2218951d1d67d
2118,mb-dielectric-2119,K4 Se6,K2Se3,K-Se,10,320.1108,3.2688,2.611328,5f0ec5be7ae7d5f7fb8cacc589923e3eb88af5714f0bb92a8fc0341beb7beacc
2119,mb-dielectric-2120,Nb2 O4 F2,NbO2F,F-Nb-O,8,127.6209,3.7448,2.396929,bea1c21b313f7b4589fb13d7571c318b7a95ca8cc83123aa77753bd7781b28b1
2120,mb-dielectric-2121,Rb1 Cr1 O2,RbCrO2,Cr-O-Rb,4,54.6339,5.1506,2.148057,af7a12b8a755dc045c5af5ff64468216668988a7109b8ec9967b29732343dda7
2121,mb-dielectric-2122,Cs3 Ga9,CsGa3,Cs-Ga,12,324.8096,5.2464,6.651138,590961450bf3aec1056c7b9665a738f513429c7013b737ab1badf4328694efcc
2122,mb-dielectric-2123,Rb2 H2 S2,RbHS,H-Rb-S,6,164.7644,2.3894,1.654791,a07baaf18f2d3fe902daa1355f5f214696a91d2419de7f3e8079f7f3390b3124
2123,mb-dielectric-2124,Na12 As4 S12,Na3AsS3,As-Na-S,28,643.6611,2.4775,2.111487,d4469bcf8e29abb123f7ab136a5d1e04ad6e0467d35f1db7192aaa2570dbb099
2124,mb-dielectric-2125,Lu2 H2 O4,LuHO2,H-Lu-O,8,83.0651,8.3151,1.914057,20bd607f0e93c56e66e87fc5726671147a217631ed2ba9eb2343f431471c3bf1
2125,mb-dielectric-2126,Li1 V4 O5 F7,LiV4O5F7,F-Li-O-V,17,207.9158,3.3839,2.144943,e3ba4819260066b961e9b33f5d9910b0aaf2351613e49b8bf4478102f7e5c617
2127,mb-dielectric-2128,Ca10 P6 H2 O26,Ca5P3HO13,Ca-H-O-P,44,545.9609,3.0556,1.713147,720e0a123da0f63bd225db9db1d36fb0e80272be664811204513a4af8cca0b82
2128,mb-dielectric-2129,Na2 H2 O2,NaHO,H-Na-O,6,68.2784,1.9455,1.536897,d48976a971d06df70fd1548b7f00d091b4de9c5393dc99b86f0147f7ca91fefe
2131,mb-dielectric-2132,H12 N4,H3N,H-N,16,113.2123,0.9992,1.54902,c2b4141eb9cb7686ea7bd6b719696c6df1e0841b64f9b276ab28eef0ed82a483
2132,mb-dielectric-2133,Li6 Ga6 Si6 O24,LiGaSiO4,Ga-Li-O-Si,42,508.9285,3.3035,1.674381,56a5f71db5fec0e733190c8742838eba611b0c114beba0a9e7df3dd8af20f492
2133,mb-dielectric-2134,Na2 Cd2 F6,NaCdF3,Cd-F-Na,10,151.1963,4.226,1.510643,325cc2905c15d8189e0684b9c54b0037611dfd643cc9ca88874e63e810c05e1a
2134,mb-dielectric-2135,Ba3 Ti3 B2 O12,Ba3Ti3(BO6)2,B-Ba-O-Ti,20,263.9583,4.839,2.252334,89568a857accf15076136268d0dc10e44227bc0e633fbdabd26abc895ba71d22
2135,mb-dielectric-2136,K2 Al2 Si2 O8,KAlSiO4,Al-K-O-Si,14,209.7946,2.5037,1.558758,1a6e884180adc3a5dad2c701845737c5105e9593b790980edac6be38c4852c63
2136,mb-dielectric-2137,K3 Sc3 H12 C12 O30,KScH4(C2O5)2,C-H-K-O-Sc,60,806.8891,1.8282,1.556565,6bbff55b1c53a88ecf0f6b6b4ec1b43910c7e44c66a84047a8c95c51935b3eea
2138,mb-dielectric-2139,Li1 V1 F6,LiVF6,F-Li-V,8,122.386,2.332,1.479584,520ca2ea08f048b8b88499a3388947ac3a74a0f6938d66db831fdf8291c64db5
2140,mb-dielectric-2141,Ag8 Ge4 O12,Ag2GeO3,Ag-Ge-O,24,358.265,6.2363,2.819709,dddd6e45bae853dff38e28ee7f134821d68fc4655490a44feed41f9dc55a7188
2141,mb-dielectric-2142,Ba8 Nb4 N12,Ba2NbN3,Ba-N-Nb,24,499.9108,5.442,2.557974,6b537768f6398fe6b10ef886b6a431c5e8c2787caf1fbec7fc701c945d85588e
2142,mb-dielectric-2143,Si4 O8,SiO2,O-Si,12,166.5586,2.3961,1.572621,3814207851691721c5756095e89ccbde7a1de33ba386842f5fabdc6a616af15d
2143,mb-dielectric-2144,Ca4 Si10 N16,Ca2Si5N8,Ca-N-Si,30,368.0576,3.0015,2.080218,c55ce68d123e0edb2704e571b35c5903c7cf57b8c00dff994a344c3d48adf58b
2144,mb-dielectric-2145,Sr4 Tm2 Nb2 O12,Sr2TmNbO6,Nb-O-Sr-Tm,20,293.1094,6.04,2.157643,51764556d137c1bdb4840bb5164599185f7d71371dc7362607e4dbe750f81b69
2145,mb-dielectric-2146,Cu2 W1 S4,Cu2WS4,Cu-S-W,7,169.6238,4.2995,2.296427,bb27ce774dfee9e771d35be3ff24911da08d551cd840472820f4399c2856a42b
2146,mb-dielectric-2147,H4 S32 N4,HS8N,H-N-S,40,1070.0536,1.6855,1.833688,26067c152db367312f114c7d37ccfef6b8fe5f6da3531f38fd62867107ae4a6a
2147,mb-dielectric-2148,Cd3 I6,CdI2,Cd-I,9,360.7569,5.0571,2.162116,6c6ae42bf93c15b2075c6410c1b0faa3b84d72e8be8b052fa8fc50c90d828937
2148,mb-dielectric-2149,Si8 O16,SiO2,O-Si,24,379.489,2.1033,1.476755,88165ff8a3d88d91faaa24754798fb27ca3f50fc11c86eedc766b4679f1f467a
2150,mb-dielectric-2151,Ba1 C1 O3,BaCO3,Ba-C-O,5,79.438,4.125,1.681364,0a3d458fda744ce12e3e630afebe34d2311971ee0a65f58123be7f384184a816
2151,mb-dielectric-2152,C2,C,C,2,11.4103,3.4958,2.41448,9ee3c1fe3ca2c4f74431959f75f80518827b7440df514f3dac440f3f5f23f9dd
2152,mb-dielectric-2153,H11 O8,H11O8,H-O,19,205.944,1.1214,1.50406,e753d84b9634554a9e48251932660d7e0976754a5822cdac0dc23155302f4960
2155,mb-dielectric-2156,Li8 Cu4 F16,Li2CuF4,Cu-F-Li,28,336.8924,3.0249,1.528008,0a5852586c387c58faf6a29f70569b0c1bf1e674cdaa3deb077b65a008d9d84e
2156,mb-dielectric-2157,Cs1 Sn1 Br3,CsSnBr3,Br-Cs-Sn,5,203.9205,4.0009,2.429964,0ae0d523984cc65449727e8ffda46df4a2630e711b68f898598a4ea07f1d2d94
2157,mb-dielectric-2158,Li4 V4 O12,LiVO3,Li-O-V,20,293.7831,2.3939,1.850572,b4e251f6020c32d05ecc7c3acb219a5cd0a76ee8629d88c194edc038ce55e13c
2159,mb-dielectric-2160,In4 Sn1 S8,In4SnS8,In-S-Sn,13,319.1231,4.3423,3.017311,35b16c21e4d3ceca0a9daadddc5ce7c69988bc6a0be1029654af856011fdc4f0
2160,mb-dielectric-2161,Li4 V2 Si1 Ge1 O10,Li4V2SiGeO10,Ge-Li-O-Si-V,18,193.4692,3.3505,1.89704,64d0854e023b7baed5281a19a760c2e81ad9b13daa7d647d092d168b439a7677
2162,mb-dielectric-2163,Li3 Fe3 F12,LiFeF4,F-Fe-Li,18,256.7065,2.6931,1.488671,c49c99323252f057efd0f9c845e305f25a4b085f37975d17c734670df270c928
2163,mb-dielectric-2164,Ga2 Bi2 O6,GaBiO3,Bi-Ga-O,10,125.0498,8.6766,2.472057,1da198c9dea23f7b960d4c28538ab8985c47e1c4210bffeae25521267a8d91d2
2164,mb-dielectric-2165,Ge8 Te8 Rh8,GeTeRh,Ge-Rh-Te,24,486.3469,8.2803,5.264979,522f91ebd3fc4fad19e566f69af7b94bb23c2db45664c84ea38bcf97a22a4569
2165,mb-dielectric-2166,Li4 Mn2 O1 F7,Li4Mn2OF7,F-Li-Mn-O,14,158.1116,3.0103,1.60779,f09f323c583dd2a4089028b8b067c0debe737f93b90a6765b330a5d1d64a7e89
2166,mb-dielectric-2167,Mn6 O7 F5,Mn6O7F5,F-Mn-O,18,200.8848,4.4357,3.500829,b63d2189bddb10b2020bb0beec13a5e8448279c10033201f04722d6fbb5d1e64
2167,mb-dielectric-2168,Y2 Br6,YBr3,Br-Y,8,313.4661,3.4816,1.76673,36d770cb1a72539145a9c5752dcb04e52ba03e1985d32d7937e6a1c0fb62fc5d
2168,mb-dielectric-2169,Nb4 H4 O12,NbHO3,H-Nb-O,20,235.8738,3.9962,2.271399,aa7463140c3c7e761b463dc96c87c6ec75c664f2d96c313d33d1221011d9e1b0
2169,mb-dielectric-2170,Te4 S28 Cl8,TeS7Cl2,Cl-S-Te,40,1304.8388,2.153,1.920937,5b1dc1dccea292ec7df954e04eef240fa459e8e773226b272d48188b30511214
2170,mb-dielectric-2171,Li2 Mn1 Si3 O8,Li2MnSi3O8,Li-Mn-O-Si,14,186.9427,2.4967,1.597969,b7db42917f900922461fb98c5ff2ed7032ef62db643830fa3ec21efd592e3afd
2171,mb-dielectric-2172,Ti6 Bi8 O24,Ti3(BiO3)4,Bi-O-Ti,38,505.9785,7.6894,2.61625,24463fbaa1f86eec9e2e4291e24dc368efaa26805b2b2f817232e753e13d5f7b
2172,mb-dielectric-2173,N4 Cl4 O12,NClO3,Cl-N-O,20,343.4439,1.8848,1.609865,df9ab80c9fe7a1ee46a1ed4aadf71d028ef477310a22c1de5821296630068c51
2173,mb-dielectric-2174,Sr12 Co2 C4 N14,Sr6CoC2N7,C-Co-N-Sr,32,562.4537,4.1729,2.394384,401a46ab2b67d01aca55959525f0ec79da0c739ec12d173aebb8f3727418bac9
2175,mb-dielectric-2176,Na3 Sb1 Se4,Na3SbSe4,Na-Sb-Se,8,216.8091,3.8798,2.453045,fdeee951c3226ffd13b91d50e2753e19ad105e74b60268d1ef37fd4de78a109e
2176,mb-dielectric-2177,K4 P4 H12 O12 F4,KPH3O3F,F-H-K-O-P,36,466.5787,1.9943,1.464127,0bfc6870530873bb12ce083e4818f6e3bfa4d2203b7181af0c331ac91b4f0695
2178,mb-dielectric-2179,Ba2 Hf1 O4,Ba2HfO4,Ba-Hf-O,7,119.8386,7.1658,2.099526,ec9143501e431ebe6f9f4d32abfe7e655dd1984c4b7c0d9a3c8b15cfdd4425b8
2179,mb-dielectric-2180,As4 Cl12,AsCl3,As-Cl,16,582.0853,2.0686,1.571416,3a8999823def407e8310cd90957ec0d37207ba77fe6b7f1be05e74c42ce6bb31
2181,mb-dielectric-2182,Mg2 Te2,MgTe,Mg-Te,4,138.2618,3.6488,2.343217,bcdb3ac8463cc760db8be0b6d21d005e1f5f9644da1898e3957865fc2bf9e658
2183,mb-dielectric-2184,Sc1 F3,ScF3,F-Sc,4,67.3561,2.5134,1.493625,d7a4944abaa9369dd53d166e27bdd624c8b23c6ff141ce90176c37206ae9ddc5
2184,mb-dielectric-2185,Sc4 Ti2 O10,Sc2TiO5,O-Sc-Ti,16,205.4961,3.5195,2.189687,2e28bae7aa67d8daa6375dcd6f6120656cf437022f633127adf6f01c234fb650
2185,mb-dielectric-2186,Cr2 Cl6,CrCl3,Cl-Cr,8,213.6503,2.4615,1.937782,ebcb2b0b18c05302cfdc3f5646374e748dc10c04121a965bec56abefb3c3c153
2186,mb-dielectric-2187,Si8 C8,SiC,C-Si,16,168.0462,3.1697,2.664145,ebb4d85230eae89ad1f57dd1a1cf4901cc05a18ecc48dd13857d60ccc84ace05
2188,mb-dielectric-2189,Li2 Mn2 O2 F4,LiMnOF2,F-Li-Mn-O,10,107.578,3.5772,2.158453,aa80cc329816f60c2db979abdc9eb5b0888af87a15079ca07cf762ca5e171f17
2189,mb-dielectric-2190,Cu1 Cl1,CuCl,Cl-Cu,2,39.4674,4.1653,2.387677,d3d9434314cfb5ce4cb2f312ec0e2e5dd71f18076c9c94fd53a7f7c0deebc897
2191,mb-dielectric-2192,Li1 Cu1 P2 O6,LiCu(PO3)2,Cu-Li-O-P,10,134.701,2.816,1.691026,db298461ddb198fcf9719812e365033e7f52b22b50db09ba7124318cfe0ad8ee
2192,mb-dielectric-2193,K2 Na1 Al1 F6,K2NaAlF6,Al-F-K-Na,10,140.5594,2.8608,1.403211,43653cda9f2e613c8b71be3ed822a63042761a4049b724b8669e283b64a2839a
2193,mb-dielectric-2194,Sb4 S4 Br12 F24,SbS(BrF2)3,Br-F-S-Sb,44,1039.2171,3.2439,1.606374,76fa9c389bbd15b93c92fa2e1e65c97a71da29b42583914543c6aedeae2540e1
2194,mb-dielectric-2195,Cr2 Bi2 O6,CrBiO3,Bi-Cr-O,10,125.3441,8.1865,2.667102,b352d2321eca0a4285e6cc67a929ebf736550331470e12d8c9958b9bb8829dff
2195,mb-dielectric-2196,Rb2 Ni1 F4,Rb2NiF4,F-Ni-Rb,7,120.0263,4.2282,1.501444,be907a389b69674311d9df3bb93074f45d0a8eb6e36680d5a24ad19cc9dd3b27
2196,mb-dielectric-2197,Sr16 C4 N16,Sr4CN4,C-N-Sr,36,690.6761,4.0248,2.310685,4e0f54925e12bc5beb1d4ee0fa824aa392bc34cedcd0ff46a9ed29bec41f00aa
2198,mb-dielectric-2199,P4 H24 N4 O16,PH6NO4,H-N-O-P,48,482.5989,1.5831,1.486542,3d9e331a9c5740f8b6470eafa5ce26a3742342efe57b40375ac18c05fc1d5636
2199,mb-dielectric-2200,Ti3 O6,TiO2,O-Ti,9,167.3646,2.3772,1.954877,98e4d12f1d7d60dde74d4bdaf9a5b5ebfa2dbb7f828f26221a74c57b472288de
2200,mb-dielectric-2201,Li12 Cu4 F24,Li3CuF6,Cu-F-Li,40,412.8955,3.191,1.745954,c92282ba73fef1f85979f76911b520065d26dbddb05fe5311ca7782b0fb6ff70
2202,mb-dielectric-2203,K2 Na1 V1 O1 F5,K2NaVOF5,F-K-Na-O-V,10,150.4469,2.9041,1.508884,4e8d3f592e9a76d3235971656d6271df41a216f3e0ca834742c985cc64e31123
2203,mb-dielectric-2204,Co2 O2,CoO,Co-O,4,48.7399,5.1058,2.334982,72d999d3817732940a11f086b116cfe23393c0098ef5c84c760c73685a2602b2
2204,mb-dielectric-2205,Te4 O8,TeO2,O-Te,12,200.9723,5.2748,2.213538,65f74e3fe99f51ceb36d8d857cfb5bcc0b0143f829b24d83c3a130ff45ebef23
2205,mb-dielectric-2206,Ba4 Fe8 O16,Ba(FeO2)2,Ba-Fe-O,28,461.3138,4.5069,2.020502,4a753fa1afa6b72dbb73d20785f5a9d67915b7b15bd7faabac4e41fafbc2d56b
2206,mb-dielectric-2207,Hf2 Se1 N2,Hf2SeN2,Hf-N-Se,5,75.6323,10.1863,3.100339,b3d32672dab8dd86891577324d329e82bbbcc92b7731157477ddfef5daf70eda
2207,mb-dielectric-2208,Th6 Sb8,Th3Sb4,Sb-Th,14,422.2477,9.3058,5.888459,64d0b7dcc3262bc176c97451eee06b6c468a60287dcc12194937f34e98402058
2208,mb-dielectric-2209,Li4 C1 O4,Li4CO4,C-Li-O,9,92.1564,1.8698,1.548699,af2b6239cc3d68e8ff932e8460eae2264b6676d79545701709e4a0a700d3c7ed
2209,mb-dielectric-2210,I4 O4 F12,IOF3,F-I-O,20,356.2503,3.727,1.640935,61ca3a27f52f2eac27814119328496b7c35e49c06e6ea3b9e5ae50bb7a66c06c
2211,mb-dielectric-2212,Zn1 Ga2 S4,Zn(GaS2)2,Ga-S-Zn,7,151.3976,3.6536,2.43077,a88df1e6c31c328d92fb4639fb9ed7ac908c1cd2c347ff6f45e14bfa4b7b6603
2212,mb-dielectric-2213,Li14 Cu2 O8,Li7CuO4,Cu-Li-O,24,211.536,2.7652,1.879504,57dc427f53c3223ba08a4e67dacd5d97a3ec3957bba821975db17d25f28ca241
2215,mb-dielectric-2216,H24 O12,H2O,H-O,36,357.638,1.0038,1.365922,0f0265256a5eb989307300f93888434679d6258db1ffa43cc0edbeacfdd92754
2216,mb-dielectric-2217,Mg4 Ge4 N8,MgGeN2,Ge-Mg-N,16,193.4302,4.2909,2.241992,13616707e042f83277f16d6a55c6f7eb37d1df11e5fe0ad90c6ba40471beef80
2217,mb-dielectric-2218,H24 O12,H2O,H-O,36,302.4723,1.1868,1.427646,6deb8f2f324e45920978cdae9fdc539456c83f50960da31d50ec0a60dd6651cb
2218,mb-dielectric-2219,Rb1 Al1 F4,RbAlF4,Al-F-Rb,6,88.2617,3.5453,1.424309,b307035103f48c8349d5f8a83b9f4a398fad44586a63ce72797d51dbe37e3c08
2219,mb-dielectric-2220,Sm2 Al1 N1 O3,Sm2AlNO3,Al-N-O-Sm,7,84.8919,7.6229,2.403132,1a1f6d51605d291b4962d1c41da9a23b766eef14169f716d71022b11cd60dea7
2220,mb-dielectric-2221,Be12 F24,BeF2,Be-F,36,725.3563,1.2914,1.199166,48c43d5655d88c765570cc2ba5516e79cee08f9664c9bfe211879991f01b11e4
2221,mb-dielectric-2222,Cd1 Cl2,CdCl2,Cd-Cl,3,83.5918,3.6416,1.802207,672b09bb814043474a410fbe51d3185a5ff79716dcc5699508a66852c3cbcde9
2223,mb-dielectric-2224,Ni1 Pb1 F6,NiPbF6,F-Ni-Pb,8,114.1686,5.5253,1.681668,574cdf1babfd2adfcf36121c0f2927fba89eab83d1f1d8d68a9dbc762560fcf3
2224,mb-dielectric-2225,Fe2 Te2 Br14,FeTeBr7,Br-Fe-Te,18,680.7781,3.6235,2.064253,34e2296845d123d0974c04e1c2b9cc05f0a6b098db3e76be3862d0ceb0aa9258
2228,mb-dielectric-2229,Li6 Cr1 Co1 P2 C2 O14,Li6CrCoP2(CO7)2,C-Co-Cr-Li-O-P,26,276.0463,2.7824,1.676562,ac7e9fa37549a17d9cb876ba4c1eec9ac6c8caefaaeb7dd5e812421ca5ddec9f
2229,mb-dielectric-2230,H4 C1,H4C,C-H,5,61.5125,0.4331,1.284857,f969add62362ccdc0587e4a22a02f460584ce6beb92f52770fd357759020abb9
2230,mb-dielectric-2231,Li7 Os1 O6,Li7OsO6,Li-O-Os,14,128.1189,4.3395,2.016831,da898be775c6441706a848228ed70104b1d1471bd830d5d8c4b28fc9e19ac977
2231,mb-dielectric-2232,K12 Mn2 Se8,K6MnSe4,K-Mn-Se,22,742.2104,2.7088,1.99968,b635ce6d610e9577865f3492bf6354868fb4cd210126c80a578019995ee3603b
2232,mb-dielectric-2233,K4 Zn4 P4 O16,KZnPO4,K-O-P-Zn,28,431.3537,3.0717,1.596562,2e55bf9a05aae91d418dfd5f183071d38632cf370db7d3cc075be4b1b5fb340c
2233,mb-dielectric-2234,P6 N10,P3N5,N-P,16,200.9141,2.6936,2.004495,2c35e30ac5d90bf79e1ec1891067d15017493300ad036e0a6590f44075745fc1
2235,mb-dielectric-2236,Si4 O8,SiO2,O-Si,12,183.2905,2.1774,1.491947,25a11067ce0175b147ff711c1a025311c26d01901e552535458ca6b4202bae78
2236,mb-dielectric-2237,Be6 Zn8 Si6 S2 O24,Be3Zn4Si3SO12,Be-O-S-Si-Zn,46,550.925,3.5987,1.795404,9a02c2e216610cf741a8b514edebe91a521b01eb06ad4b6ad2cd6469fc663bba
2237,mb-dielectric-2238,La2 Ta2 N4 O2,LaTaN2O,La-N-O-Ta,10,133.4231,9.0571,3.469678,b3da79be9932b66d03aab977243dc788b808a026d0c70389addcf5a280700dd3
2238,mb-dielectric-2239,Ca3 C3 N6,CaCN2,C-Ca-N,12,178.3807,2.237,1.829662,87818c2e32da62a6e14423914ffeb7ba263a6d4cb2aa28a0dfccb685f73a25d8
2239,mb-dielectric-2240,Cd2 Ge2 O6,CdGeO3,Cd-Ge-O,10,154.9191,4.996,1.920446,150eb5877baa91e62d96f91ddaabcef6b623574227d18893b235fed806fb86bf
2240,mb-dielectric-2241,Ga4 S6,Ga2S3,Ga-S,10,225.0086,3.478,2.459932,8cc5f1f7796005fa7a2c0d303d79a75ec8d8a0cd9c89ff03f9ae41badceb9132
2241,mb-dielectric-2242,Cd2 Te2,CdTe,Cd-Te,4,145.5211,5.4775,3.097692,20b5ec8474b49ca7dc1079edd408731330c95a1456b9cff691949f8d0feb734c
2242,mb-dielectric-2243,Ga5 P3 S3,Ga5(PS)3,Ga-P-S,11,241.8849,3.6915,2.825551,ffb1f3816ab31ce93ece10702818b0434890ec28008d98ac75de3e6323cffd7e
2243,mb-dielectric-2244,Li4 Al4 B8 O20,LiAlB2O5,Al-B-Li-O,36,419.7158,2.145,1.550699,71a53e314dae2d1a707c6e931d71ce81228fe8d62127a682648abe1a4ddb0f0e
2244,mb-dielectric-2245,Mn1 In2 Te4,Mn(InTe2)2,In-Mn-Te,7,250.3782,5.2724,3.199146,668de5838795b98cf0215bcb27d139b068e4b86d8754d0255136a49b9e8d090e
2245,mb-dielectric-2246,I8 Cl8,ICl,Cl-I,16,719.776,2.9965,1.943022,83c2f3e67746f72804aa704085e6df1a562aebfc3a6d8f5bda82a798d9ac68a3
2246,mb-dielectric-2247,Rb2 Sb4,RbSb2,Rb-Sb,6,254.5522,4.2922,3.051721,59b677c6a22e871b3d10e9e887adad82e56374a90b934cebdd698a6c8c39a9a4
2247,mb-dielectric-2248,Tm4 P8 O26,Tm2P4O13,O-P-Tm,38,522.2716,4.2589,1.658186,5959d1b6eecf5321f2205049a0f9ca8302b899ae84ea2cc391bfac9d682c1f3f
2248,mb-dielectric-2249,Fe6 Cl18,FeCl3,Cl-Fe,24,620.1892,2.6058,2.281593,53b1925ccc202033bb92d32eab8e3341ff2c0cfb0f08412d30a99ccb0336cbe2
2249,mb-dielectric-2250,I8 Cl8,ICl,Cl-I,16,704.1213,3.0631,1.947391,37f17347245217f8e10913442c74234318e88c47ab44ca19cf96e2d8ac090351
2250,mb-dielectric-2251,S4 O12,SO3,O-S,16,247.9766,2.1445,1.510298,11294285075bd22f8b669ec36f6e15a3c68dabe01335f036ef1ac0107ed47c57
2251,mb-dielectric-2252,Ga2 Cu2 Cl8,GaCuCl4,Cl-Cu-Ga,12,318.4505,2.8688,1.818047,4535c5249b77a0fc35458dfc47abf0636e848831c60ca0573a3d55f5f854c4ec
2252,mb-dielectric-2253,Ca1 In2 Te4,Ca(InTe2)2,Ca-In-Te,7,244.3437,5.3016,3.230638,905c80eceb1c546c61e70e75a55d8fe197e03e6d40e5045cea00c8cd09b609e6
2253,mb-dielectric-2254,Cu4 I4,CuI,Cu-I,8,222.9873,5.673,2.52098,e345d09b5d56905e7233ae8cde09ef7294f9a531d5e4591ebfe5adf25eeef77f
2254,mb-dielectric-2255,K4 Ga6,K2Ga3,Ga-K,10,288.9251,3.3032,5.591005,11819e2a02dcd37474f4f89f4880d3813eb764c2ae6938e176b2f27e6b531d42
2255,mb-dielectric-2256,P3 N3 O3,PNO,N-O-P,9,104.6588,2.9026,1.848926,f6c1da985d3387424f338be42ce61f31ec0c498e81cee12c723e43f0ac9ec988
2256,mb-dielectric-2257,Tl4 Ag4 Te4,TlAgTe,Ag-Te-Tl,12,349.7215,8.354,4.206305,3ef6c752a53c3d9d2c1974ca18091e22bfce9b2baddb35297b18007fe149d8fb
2257,mb-dielectric-2258,Be2 Ge2 As4,BeGeAs2,As-Be-Ge,8,162.5401,4.73,3.618263,79477b9e5abc82e1b3952b9d2cd8d2fe310590d72f2771ef24a98005744dcba3
2260,mb-dielectric-2261,Bi2 Se1 O2,Bi2SeO2,Bi-O-Se,5,95.6585,9.1815,3.571149,e06cac77cb7138f40a00748e5b634dc92ef6e432b42891ce192844ed01f9ec79
2261,mb-dielectric-2262,Li4 C1 O4,Li4CO4,C-Li-O,9,81.7776,2.1072,1.633659,b26caf67abfc818caf496172f30c23acdd6e29956f076376cd500c622ad08d1c
2262,mb-dielectric-2263,Al5 Cu1 Se8,Al5CuSe8,Al-Cu-Se,14,299.9156,4.5962,2.949792,c5ff52c3c82c0d355438bfe2ab539c40c711ae8e14bc76eef156d315af943317
2263,mb-dielectric-2264,Dy4 Ni4 Bi4,DyNiBi,Bi-Dy-Ni,12,273.5763,10.4442,5.01671,1ce8f9961397bbff291ea85155d6e7bea765974102c54f9e00f6e4fd18d099f5
2264,mb-dielectric-2265,Sn1 Au5,SnAu5,Au-Sn,6,114.5173,16.0017,1.0,50a1fd644bb49f31401096a04c990ee501ec4fc425b271a95ce19c5fa340cf72
2265,mb-dielectric-2266,Sm1 O1 F1,SmOF,F-O-Sm,3,43.1745,7.1291,1.907438,c768ffd0faf7a7f2334076f31368a33b8bef46305f7dafcb8f95560109be0933
2266,mb-dielectric-2267,Al4 Cd2 O8,Al2CdO4,Al-Cd-O,14,152.3075,5.0233,1.933602,d9eb4113a30c99aa2a58db734c42828d4b06e8ce0a31f06f6080590f14130a16
2267,mb-dielectric-2268,Ca3 B3 P3 O15,CaBPO5,B-Ca-O-P,24,264.3666,3.05,1.703331,d8de83e9eb4ae384090223d1a1493144a9e03b0973707186276e67b3cd632d0d
2268,mb-dielectric-2269,Cd2 Ge2 P4,CdGeP2,Cd-Ge-P,8,185.2465,4.4282,3.575811,6df91d6e39021dd92843036bfc9f726016e9100e39ba615621033a6058453c6b
2269,mb-dielectric-2270,Na12 Mo2 N8,Na6MoN4,Mo-N-Na,22,329.0549,2.926,2.161537,51837d21b26dd84aa81e2b9990da0d20c4b6a0d918b472dc62c6012b0f77348c
2270,mb-dielectric-2271,Ti2 Mn1 Al1,Ti2MnAl,Al-Mn-Ti,4,60.9646,4.8389,13.348395,76e41058048ffa997f1d4e29ca2f444afff51c409a309e5e76e5f0f66326f60a
2272,mb-dielectric-2273,Al4 Co2 O8,Al2CoO4,Al-Co-O,14,136.9309,4.2903,1.902521,399945ea5a589ff0b45364a04d12b56a7a516fe374f6fc2aff6c184efac60182
2273,mb-dielectric-2274,Mg3 Si2 H4 O9,Mg3Si2H4O9,H-Mg-O-Si,18,184.339,2.4962,1.590807,5c36958ba910d6e2ef7bbe52bf8a32e121d8878c6ee347be9edaaa67f4350bbe
2274,mb-dielectric-2275,Li2 Nd2 S4,LiNdS2,Li-Nd-S,8,180.263,3.9668,2.492974,eb0267b50efc58ebb36038df938cc57eae15854b4c260f7426d4eabf3a0d22e9
2276,mb-dielectric-2277,Cd2 I4,CdI2,Cd-I,6,240.292,5.0615,2.096699,1354aff56c7cff0357649cfbde8cb5df74106dcd48b233811b0b765289be1b7c
2277,mb-dielectric-2278,Ca4 Cl8,CaCl2,Ca-Cl,12,341.2808,2.16,1.669331,d0d45908f308a1c60af5e9a51e48cf873b20541098fb29bf411d7cf5ab5221b2
2278,mb-dielectric-2279,Sr3 B3 P3 O15,SrBPO5,B-O-P-Sr,24,287.8235,3.6243,1.678964,81f8911d20083c4f55b44f6773d017b4ef3138424a35789eef393b3725b09ff4
2279,mb-dielectric-2280,Rb2 Mn1 Cl6,Rb2MnCl6,Cl-Mn-Rb,9,262.1272,2.7784,1.800245,4f993fe67c49f2d6f6d6c103be8dcc0a0c43ea333128dce7fadcf106c816248b
2280,mb-dielectric-2281,Cs1 Cu3 O2,CsCu3O2,Cs-Cu-O,6,130.6429,4.5191,2.141147,1dfb14aef83429e295f9d809a07c4410c1b21457c24d791a0c4d8167b2614e5b
2282,mb-dielectric-2283,Mg1 S1,MgS,Mg-S,2,46.2527,2.0238,2.009768,a9860b2d36e27a9842a5e05acca028b12dd37d42a9b8de11408e92408a74cb53
2283,mb-dielectric-2284,Sn3 P1 O4 F3,Sn3PO4F3,F-O-P-Sn,11,201.5983,4.1851,1.862301,fb82128da462f3cd2d768e96b1ddacd9d16d446741ff8792330942bff19b5679
2284,mb-dielectric-2285,Zn2 Ge1 Se4,Zn2GeSe4,Ge-Se-Zn,7,179.1151,4.8143,2.748108,f1248b0f7536de86c05632f7a25a2bbe5bf7cf4977ba72529ac070476a814ab4
2285,mb-dielectric-2286,Li2 Ta2 W2 O12,LiTaWO6,Li-O-Ta-W,18,283.789,5.4736,2.160201,40c21aaa49b062777579bf78c248ee68bde67cb26e238ff34be69eb1a884b627
2286,mb-dielectric-2287,K2 Zr2 P2 C2 O14,KZrPCO7,C-K-O-P-Zr,22,395.573,2.3953,1.574672,f5c13eb45e2e40f60ae8f7fd9806e1a04029bd293d5fc33068fee3cd15545942
2287,mb-dielectric-2288,Ga2 H6 N2 F6,GaH3NF3,F-Ga-H-N,16,148.7192,3.2101,1.532796,6d5037c8d2efb5e804c50a0b6815358ba81103378b59aedce3e37e00958a130d
2290,mb-dielectric-2291,B2 As1 P1,B2AsP,As-B-P,4,51.2841,4.1289,3.091783,834350b986f3cc12cc3a6764ca67eabd6f80fa12aa05d52051d5a1e7fadde4b8
2292,mb-dielectric-2293,Nb3 S1 Br7,Nb3SBr7,Br-Nb-S,11,311.6698,4.6359,2.470604,adfced921f0ed73554db9d843b7e919a441d7943e395060ec1ed197c502d216d
2293,mb-dielectric-2294,K1 V1 F3,KVF3,F-K-V,5,75.4392,3.2365,1.503716,08cc923298c45fc43cf17cfb551d41885dd5e8dabc3b57f3a96e8791c9aab06b
2296,mb-dielectric-2297,K12 Mg2 O8,K6MgO4,K-Mg-O,22,429.1344,2.4989,1.789232,64f6050ba5f126ff9893c7cae5ffe9a2d9cd0d7ec5689c0501622bbd3bb2ef2f
2297,mb-dielectric-2298,Cs2 Mn2 I6,CsMnI3,Cs-I-Mn,10,424.3288,4.4499,2.00933,50773588443a176b41b966c632fe1dd0b2057026325b3e7bae2b3e7ac9c605a0
2298,mb-dielectric-2299,Pb2 I4,PbI2,I-Pb,6,286.7096,5.3401,2.278669,bd2dcd57f68673245b6236445500dad4fec502c74259b615da1a3ed515970bbc
2299,mb-dielectric-2300,Li12 Ga4 Ge4 O20,Li3GaGeO5,Ga-Ge-Li-O,40,445.0442,3.6294,1.764021,f2c8c69d75fbfbd48732e1a1f2fbc811c9cf654e69eba0e02e3d5beb9f60562e
2300,mb-dielectric-2301,Mn4 P4 O16,MnPO4,Mn-O-P,24,338.1384,2.9447,2.196182,b62fd935f65f975726e16a267199cd1cd790caecf1e765aa8be0362cc118fd92
2301,mb-dielectric-2302,S8 Cl8 O16 F8,SClO2F,Cl-F-O-S,40,834.8177,1.8859,1.435734,38b27878c13fbfa010bb88ebd52b0e58cfb8070cab177cb8e4bf99021b0f880c
2302,mb-dielectric-2303,Li21 Ta3 O18,Li7TaO6,Li-O-Ta,42,400.8878,4.0452,1.858145,ebd8057532f0d61563669256e68e64e812ccd3eedda153ec54516ed2c5d2c40c
2303,mb-dielectric-2304,Be4 B2 O6 F2,Be2BO3F,B-Be-F-O,14,145.5318,2.1869,1.510739,cd9fe288ae24c6e3b87518e0d85db1f81c77c6abd33600480e9c7647b4e5401e
2304,mb-dielectric-2305,Lu2 C3 N6,Lu2(CN2)3,C-Lu-N,11,168.406,4.6344,1.936474,3ebada3fbfc86fccf1b276b9296c0275bcf91609c9d9c9baa37f5bb6a9ad0cab
2306,mb-dielectric-2307,Sr2 H5 Rh1,Sr2H5Rh,H-Rh-Sr,8,112.3612,4.1851,2.831341,ac1533fd916e0d2121037a11e53b8b93de340ea814bb06fe45677bd1f3f9e9d1
2307,mb-dielectric-2308,Cs2 Mn1 F5,Cs2MnF5,Cs-F-Mn,8,182.6534,3.7796,1.559887,68521f198307bb1c39a5603ea36ac66b94da6892b79fd091560a221bfe4c4259
2309,mb-dielectric-2310,Li1 Mn2 P2 O8,LiMn2(PO4)2,Li-Mn-O-P,13,185.6248,2.7442,2.437206,1864f56824fbd328fc8f0ce5c0e066810325533e1ff4dae497ea30b5b20578ae
2310,mb-dielectric-2311,Zn4 H8 O8,Zn(HO)2,H-O-Zn,20,213.642,3.0911,1.649219,95a1d1dfb70fa0aac5724fe1ac70af1f49a70cd57392cafda01b1f46289e0de6
2311,mb-dielectric-2312,In2 Cl2,InCl,Cl-In,4,124.1828,4.0188,2.404926,5405700765d73de8cde68c8697b59550e6f12ca60c4bbf2b0b1e07ac148dbe36
2312,mb-dielectric-2313,Sr2 Mg2 H8,SrMgH4,H-Mg-Sr,12,150.3121,2.562,2.039844,2bc11374cb2f1d31275c4b31b52dc2ccc05c686233fb00f6734ebe526776937a
2313,mb-dielectric-2314,Rb2 P2 H4 O8,RbP(HO2)2,H-O-P-Rb,16,217.7487,2.7828,1.524518,a4ca707edb5c5d4e328ad2cdda5c408bd9ca137df673ed050b3476de8ef150a0
2314,mb-dielectric-2315,Si6 N8,Si3N4,N-Si,14,136.572,3.4113,2.16628,211b10840159ee8faa7122c73168813c106a3e65234652dc80b2450353b6e876
2315,mb-dielectric-2316,Cs2 I2 O6,CsIO3,Cs-I-O,10,219.3561,4.6603,1.790595,0893a1d66495038b4b6044bab1cced37adf0eadc07b01dced0094a475685d8ba
2317,mb-dielectric-2318,S4 Br4,SBr,Br-S,8,305.5449,2.4341,1.818061,ce7785c5b8edd86e0ccc577eaca480cdfc43acb04b48b643a0c3016eb900ebce
2318,mb-dielectric-2319,Fe4 P4 O16,FePO4,Fe-O-P,24,391.842,2.5565,1.731938,e379c98b069df5e77d19c665a8eabdce32005ed04005eb0fa4c44d39ccbd20e3
2319,mb-dielectric-2320,Fe4 As4 S4,FeAsS,As-Fe-S,12,173.8396,6.2216,5.001766,709cde27000a906ba282770ad3a24038cabd54d71ca241ad68d7af72f04299df
2320,mb-dielectric-2321,Yb2 Y4 S8,Yb(YS2)2,S-Y-Yb,14,291.0855,5.4663,2.78185,590c7a975317b378e35ee0f6efd95b50a8001b142e744345e3a3760da849dd2b
2321,mb-dielectric-2322,Li2 Nb4 Zn1 O12,Li2Nb4ZnO12,Li-Nb-O-Zn,19,225.4938,4.7344,2.371352,dd91fa6c5e639e6c1c7a604c2411294f2023a4c5831c002d2db920d42948d612
2323,mb-dielectric-2324,Na1 Te1 H6 O6 F1,NaTeH6O6F,F-H-Na-O-Te,15,144.9124,3.1126,1.62178,7ba231e33e8454992a34c981806c8583f77fbad1cc85f3e06b87a6ab46ee39cd
2325,mb-dielectric-2326,V2 O1 F7,V2OF7,F-O-V,10,147.6496,2.8214,1.584789,6e092e188dec21fc5d6c3b6cf0768a77283e6f9301b8b9b525676cc6d7394b7b
2326,mb-dielectric-2327,P4 I4 Cl32,PICl8,Cl-I-P,40,1354.8877,2.1644,1.749952,290afcf33083358ac7c5ed3700e0468825745fb2814ee3074578256838d915e5
2327,mb-dielectric-2328,Li2 Mn4 O2 F6,LiMn2OF3,F-Li-Mn-O,14,179.5909,3.5101,1.693982,c8c6925bde0619a84d992d9be01c42f75046fa748ecc137e2375f6bf6deafe12
2328,mb-dielectric-2329,Ca4 Ga4 O10,Ca2Ga2O5,Ca-Ga-O,18,225.5871,4.4107,1.983124,f3b6ba4cd04cb9d92d700d3991ba0eb838550a2f84045e00839334c8186f0b8e
2329,mb-dielectric-2330,Li3 V1 O1 F5,Li3VOF5,F-Li-O-V,10,128.5583,2.3606,1.487315,4ab11265fb7917b16f0365a44ed314a9c7e54363bbb2075d9a357e23500491a1
2330,mb-dielectric-2331,Li4 Fe1 O2 F2,Li4Fe(OF)2,F-Fe-Li-O,9,96.2471,2.6501,1.699176,cf170aa3bb0319f97e95c496f0244ecf8fa273beaebe924d53b4ed2c213b7cdf
2331,mb-dielectric-2332,Li1 Y3 W1 O8,LiY3WO8,Li-O-W-Y,13,198.2392,4.9044,2.035382,eb4e64d87ef9419df940107b585ac39b7150a74ae4df951bffac5c8af69b885d
2332,mb-dielectric-2333,Li1 Ga1 As2 O7,LiGaAs2O7,As-Ga-Li-O,11,130.4513,4.3089,1.892008,b2986665eae466ca714fedca08455d1a9590d3f29fdac9743d73a33a8cfc2f5b
2333,mb-dielectric-2334,Cs1 Li2 Br3,CsLi2Br3,Br-Cs-Li,6,181.3783,3.5384,1.714053,b5285b5b42cec2a22bf3300060d15578e9528a31f7b7c74c365434245b569111
2334,mb-dielectric-2335,Cu6 I6,CuI,Cu-I,12,336.5501,5.6381,2.330824,1219401687c94531b3dd101d96ef1f291bf7a46a92483ac0b109ca2842f16948
2335,mb-dielectric-2336,Ba3 I6,BaI2,Ba-I,9,391.8805,4.9722,2.083935,c510669d891d51ce11744c9d3a150345f3826a7df5b1cb61af75244a70899306
2336,mb-dielectric-2337,Be4 H8 Se4 O16,BeH2SeO4,Be-H-O-Se,32,346.8828,2.9485,1.698781,6094be058d11bc928a6e227dbb0f2944abed377ff2d5cc4c66009b9003b38ea1
2337,mb-dielectric-2338,Rb1 Br1 O3,RbBrO3,Br-O-Rb,5,98.2305,3.6069,1.646267,20bb50fc40a668bf9c3b3ae0d64b129e98ed54142b02d6acff86688a4ad72469
2338,mb-dielectric-2339,Cd2 I4,CdI2,Cd-I,6,244.115,4.9823,2.138633,5f7d83990f32c013e18f047f2467ec516e5ecaad386977b7fcc04e3bd92fbebe
2339,mb-dielectric-2340,Si6 O12,SiO2,O-Si,18,331.0327,1.8084,1.414331,be11e276370bb590c7a21cfb6169d288447afa7941970ecd28032f4652ab8fd4
2341,mb-dielectric-2342,Ca3 Sb1 N1,Ca3SbN,Ca-N-Sb,5,115.8005,3.671,3.721406,32f232cbc90521a016836acb73378681d383fc288b942d2bdfe4e34f6070f7d0
2342,mb-dielectric-2343,Mo2 F6,MoF3,F-Mo,8,125.7087,4.0404,1.586373,0b5c933683c01a188109d37c34ee16c374c2af68d6d24e3d7995d07505b88108
2343,mb-dielectric-2344,La2 Ta14 O38,LaTa7O19,La-O-Ta,54,694.3522,8.1767,2.375065,3e144ea74e683251cec2481e6ff002a24e16a401dc5ee2821fe516c0e7fb759b
2344,mb-dielectric-2345,Ba6 B12 O24,Ba(BO2)2,B-Ba-O,42,622.1054,3.5706,1.64266,9bd5b99ef409df564f44562d0febed0113eee31317de01c7bfd0fde7b7d013a7
2345,mb-dielectric-2346,Li4 Si2 Ni1 O7,Li4Si2NiO7,Li-Ni-O-Si,14,145.0419,2.9151,1.724856,859a1632c062467b35ebbb7fc27e654b7e1e0c3d4e0be8354ce7ed88c2099203
2347,mb-dielectric-2348,Li4 Mn4 P4 O16,LiMnPO4,Li-Mn-O-P,28,311.1069,3.3488,1.745217,75a0be06868e7f740dd7d408c5ab4ee30b8c885d876ee00acae1498e56918932
2348,mb-dielectric-2349,Ho4 Ag4 Se8,HoAgSe2,Ag-Ho-Se,16,401.0983,7.1327,2.950632,2f37b50d8a3b3387d6f618478bfb75407640075bd3d53631978ead17969c01bc
2349,mb-dielectric-2350,Al4 Se6,Al2Se3,Al-Se,10,260.8664,3.7027,2.434216,4f4793e8230111ae67bbaf512f0a0c90e6cca773581f557df09d8032bb5bda84
2350,mb-dielectric-2351,K8 Mg8 O12,K2Mg2O3,K-Mg-O,28,437.849,2.6518,1.727618,7a7ee753b7f80cc5bfb354064698511bfc56218579e1e0f866d7d196da2a7c32
2351,mb-dielectric-2352,Li2 Ge2 P2 C2 O14,LiGePCO7,C-Ge-Li-O-P,22,271.3774,2.8705,1.621542,73ca5a4cb03b57e4c73208bc688377f1c0c820045533edab3ac9a5aedb7510bd
2352,mb-dielectric-2353,Cr2 F4,CrF2,Cr-F,6,83.1948,3.5925,1.592482,5e00b4207d633f9e7f84e1fe374dc0e88f004a684afd5e2e4e998feb9b986a56
2353,mb-dielectric-2354,Li1 Cr3 O4,LiCr3O4,Cr-Li-O,8,86.5029,4.3562,2.278065,f1e7af9798569409bca304e667027567b6d95524d6c4fa732df653994c9024f1
2354,mb-dielectric-2355,Li2 V3 O4 F4,Li2V3(OF)4,F-Li-O-V,13,148.8084,3.4224,2.186512,9eb724344166871bee9bf0f6a737a20367a71c6a7d7c9fe0b8c5635133f89de1
2355,mb-dielectric-2356,P4 H12 C4 S12,PH3CS3,C-H-P-S,32,605.1798,1.5608,1.843638,d515335a816b05bd57d385c5b01333344cbc7e0ff7ac35710a6d7ba3cb37f585
2356,mb-dielectric-2357,Bi14 Te13 S8,Bi14Te13S8,Bi-S-Te,35,1167.6585,6.8845,4.248686,432d62bdda7a8486bcfabe4fdbe38a3ebbd0c13da5bc2709fcdfc639a4d11792
2358,mb-dielectric-2359,Ba8 Sb8 O20,Ba2Sb2O5,Ba-O-Sb,36,781.1448,5.0863,1.996372,b10037b6064c55de2636176353484e144bdd5c6ba61f98ee6b036d81e4fa2e1e
2361,mb-dielectric-2362,Li2 H6 O4,LiH3O2,H-Li-O,12,94.6952,1.4717,1.510075,cbca7a7cb577179eeb891ff297bc83ab824be0d98cdba2769aecc872032836ff
2363,mb-dielectric-2364,Zn5 S5,ZnS,S-Zn,10,202.5019,3.9965,2.422396,1d1a1d6e7103e39b2037a7cdeb25e4716724adb5c50007789dcc98c9d4fb0dd0
2364,mb-dielectric-2365,Mn1 Pt1 F6,MnPtF6,F-Mn-Pt,8,115.5029,5.2333,1.843596,8bed6ac8214dcd44c0005819981463427352eaab72e4835271c27258a7eb8a70
2365,mb-dielectric-2366,Cd2 Br4,CdBr2,Br-Cd,6,194.6536,4.6445,1.876222,2f1595c3ec362bedb561f3dcb49bc00d950a7351ad52bfe4f02018dec6d08942
2367,mb-dielectric-2368,Hf8 N8 O4,Hf2N2O,Hf-N-O,20,237.3927,11.2196,2.890935,c314f9f470c221b07282d65cdc3bfb0f4545eaa4a30c09d334de729a871e1daf
2368,mb-dielectric-2369,V1 O2 F1,VO2F,F-O-V,4,68.2389,2.4806,1.805043,a039bb2e273ce957924a9ccc576d823a47fd635539dbaadbbcf32d056803bf4a
2369,mb-dielectric-2370,Ca12 Si8 As16,Ca3(SiAs2)2,As-Ca-Si,36,871.6324,3.628,3.300657,9d285b911d7531e6147dec451bc548bda30ba3bc1ddc09b8bae1ddbd4492122b
2370,mb-dielectric-2371,Li6 Cr2 Si2 O10,Li3CrSiO5,Cr-Li-O-Si,20,168.8943,3.5572,1.931685,043f7e6de7cd4db6363830aecad4d07269f982ab1ae5b24bd834e2b2988bd701
2371,mb-dielectric-2372,Li16 Ta16 N32,LiTaN2,Li-N-Ta,64,655.9566,8.7448,3.307678,1386f456202936842377b869102bd02275783395e4f5ea057e5edd0f69b0913c
2372,mb-dielectric-2373,K2 Li1 Al1 F6,K2LiAlF6,Al-F-K-Li,10,126.9787,2.9569,1.431433,05b8a20c4397f6b6b7531dabd8e2235ba4ce8802cc11c284e70e06b42b4bd789
2373,mb-dielectric-2374,H20 S2 O16,H10SO8,H-O-S,38,364.9855,1.5481,1.455946,bd1bcb3233447d04c2bb8ece447f83ccd18d1562ded579000953aa1f663ac41b
2374,mb-dielectric-2375,Cd1 Ga6 Te10,Cd(Ga3Te5)2,Cd-Ga-Te,17,567.4805,5.2868,3.276335,c41b0b05f4c3857d47d8c51ba514ee13f73512f74126f1a3dae2bd28c63628fc
2375,mb-dielectric-2376,Al1 Sb1,AlSb,Al-Sb,2,60.5606,4.0784,3.46553,f6207b90a266e5ca508ebe90c6b5e98a34c1b0270ef4ef0a29b8ac3dcc733151
2377,mb-dielectric-2378,Hg6 Te4 Br4,Hg3(TeBr)2,Br-Hg-Te,14,488.0383,6.9191,2.618786,ff1531d110d2db5a935a3632a16c7c5b7e5b4d521d4980f00e501f1e76c73f11
2378,mb-dielectric-2379,Rb3 Nb1 O8,Rb3NbO8,Nb-O-Rb,12,214.3585,3.6975,1.64772,7c9796fe18aae7ba4057c246790ef8323aa9e9e31e7a10e8f654357e4785b4f0
2379,mb-dielectric-2380,Sc4 C6 N12,Sc2(CN2)3,C-N-Sc,22,304.984,2.2866,2.163073,6315eb12d7dc1ed0d9b0b813b553090d964015039b5cc20346ba12c090e63456
2380,mb-dielectric-2381,Na1 Fe5 O8,NaFe5O8,Fe-Na-O,14,157.0721,4.5481,2.31463,1a22890b1d0943c7478f909aceef37e20839bb6bf2ef18b7ba1465a7d0b4cba2
2381,mb-dielectric-2382,Te4 I4,TeI,I-Te,8,343.4275,4.9223,3.13486,3f14170f83f4c0808775d6f8f79ef22be07ae771af12e44b3480d0a58abaa1f6
2382,mb-dielectric-2383,Cs8 S4,Cs2S,Cs-S,12,510.0803,3.8789,1.980067,b5d8ff36b4555c7cf6d85df34beb942820df08b6d8b7aafa1a6e82eb5f1b4c1d
2383,mb-dielectric-2384,Li56 Bi8 N32,Li7BiN4,Bi-Li-N,96,1038.2136,4.0125,2.474596,5ad32db9e0402515936ff7ad160b4ba01253c201a2e0df8b849f827572c1965c
2384,mb-dielectric-2385,Te4 F16,TeF4,F-Te,20,341.1501,3.9639,1.610279,091bc056081645e031af6eb2abaf1f403ba3cfc86f41ca8d8d0bb1769f0bc8bb
2385,mb-dielectric-2386,Fe2 P8,FeP4,Fe-P,10,141.9476,4.2053,4.571316,bc00cc863a12cf63be7fbaf9647c14298887ce1e28b919ed0dc1dbfab42dd849
2386,mb-dielectric-2387,Na8 Mn8 O12,Na2Mn2O3,Mn-Na-O,28,405.7729,3.3369,2.109023,566ff26c5204e3fa4802d83fe7ae09421b1a8ea799248a26e79fd55c062814d8
2388,mb-dielectric-2389,Cs2 Ni2 F6,CsNiF3,Cs-F-Ni,10,183.9217,4.4889,1.518532,41bfafc4edc4ced554f687fcd2ccc032d154fb8df3aaa4a4ef1578a3a558d298
2389,mb-dielectric-2390,Pb4 Cl8,PbCl2,Cl-Pb,12,333.7353,5.535,2.170944,61ea281ac84b94afe3c5a5956fdcfb76ad67c758a2e8ba42111e0796198539ee
2390,mb-dielectric-2391,Li4 Mn2 Si2 O8,Li2MnSiO4,Li-Mn-O-Si,16,175.8421,3.0389,1.784584,d42529bcc8fa5ff59446c5114d323e6975bfe7a104e254478033f7ad017522c6
2391,mb-dielectric-2392,La6 Si2 Ag2 S14,La3SiAgS7,Ag-La-S-Si,24,556.6065,4.6368,2.663271,1d8cc1e96e387287088a20ebe4682f27fca9645b40ab1f242805d4243648ed4f
2392,mb-dielectric-2393,Na6 Sn2 P2 C2 O14,Na3SnPCO7,C-Na-O-P-Sn,26,359.568,3.1649,1.726084,79173ff6cf5f0571c0a25ddb8e82358cfa46b52120eee10bde4ea5a874b81d30
2393,mb-dielectric-2394,Rb4 P2 H6 Se2 O16,Rb2PH3SeO8,H-O-P-Rb-Se,30,470.2583,2.9089,1.524261,a8a86bfc3267ab98de01ffbeefbdb4ed0227db665a897c4b6249f0d283bd1d16
2394,mb-dielectric-2395,W4 O12,WO3,O-W,16,231.4067,6.6545,2.531536,cdca8d13700e6a8b6f4930f9a16bc98e7b1b6f404ee5e42a162dde6f9fc658c6
2395,mb-dielectric-2396,V2 Zn4 N6,VZn2N3,N-V-Zn,12,142.415,5.2185,3.002096,cbd56d82fa349130f8738c7e136268006ee657c2ef21166a1ee76c235472ce28
2396,mb-dielectric-2397,Rb1 Sn1 F3,RbSnF3,F-Rb-Sn,5,112.2503,3.8636,1.643628,ece7ee94bb506f8b24df54f5a9aca75b4dddc2b693dea0bf683b48a8479953c4
2397,mb-dielectric-2398,Ba6 As12,BaAs2,As-Ba,18,553.9478,5.165,3.838655,6a270c230bfe8639231705cd88d0b517a47dc04365ca09dac26d4be8c50072c4
2399,mb-dielectric-2400,H6 Pb1 C1 N1 Cl3,H6PbCNCl3,C-Cl-H-N-Pb,12,194.1771,2.9557,1.895589,90f6ec6bad0bd66c3e12b121a9dcbef9f7ceb14a9e58ff0a0aa3955c93bb4f44
2400,mb-dielectric-2401,Sr2 W2 N6,SrWN3,N-Sr-W,10,147.7227,7.0476,2.853103,8b5b214f569229fc251eabcac254b8b144e38c8c0429c06f0e18e5340e6da92c
2401,mb-dielectric-2402,Si4 O8,SiO2,O-Si,12,179.5028,2.2233,1.501777,3e3d86533225b75ee5dfd518d7083d607da031427d545c093f9b004c00d49a92
2402,mb-dielectric-2403,Ca2 B5 Os3,Ca2B5Os3,B-Ca-Os,10,142.2996,8.2257,1.0,ca645329935f4b55f008dd0d65f757890ffbec007a6d8662c940e78f0f3f2a6e
2403,mb-dielectric-2404,Rb2 Ta2 Ge6 O18,RbTa(GeO3)3,Ge-O-Rb-Ta,28,456.3206,4.573,1.797044,ad7f2d7659c9a6b9cc2b42f14628a64a861ca3c15dfaba890a071c43560f38cc
2404,mb-dielectric-2405,Li1 Mn3 Cr1 O8,LiMn3CrO8,Cr-Li-Mn-O,13,142.931,4.0865,2.686267,ac034bb0caae2cf6f68ac6d178f6491d2c9c56beac82a75f2fd173f3a64bc707
2407,mb-dielectric-2408,Ba2 Ca4 I12,BaCa2I6,Ba-Ca-I,18,835.0315,3.8933,1.905531,cc29941ae383bf825f3164c764e4d6d60ca3b4db589bf67064ab40a876256fbd
2409,mb-dielectric-2410,Ge1 Pb3 O5,GePb3O5,Ge-O-Pb,9,160.2481,8.0229,2.554288,8265151e329e90cf5cd09be1a3429d7114081d4d10449cca51ba3ce64728f9bd
2411,mb-dielectric-2412,Si12 O24,SiO2,O-Si,36,694.6939,1.7234,1.389004,de65cfad5db00e0d2136d689cd13013787f480d312a512ddc2ced315a3f58e6d
2414,mb-dielectric-2415,Mg1 Te1 H12 O9,MgTe(H4O3)3,H-Mg-O-Te,23,213.484,2.3957,1.607132,fd3ae266e8bb413fa2883876ad606fb3293149b9e0149cde57137442300cd3d7
2415,mb-dielectric-2416,Ge2 Se4,GeSe2,Ge-Se,6,177.8237,4.306,2.671937,e507c2a043afe0237a410888dc420397b7abcc8ed8865246049a942bf9315094
2416,mb-dielectric-2417,Na8 Al6 Ge6 Cl2 O24,Na4Al3Ge3ClO12,Al-Cl-Ge-Na-O,46,763.8238,2.6882,1.558623,849b0068f83788ff84a857fa16e0c8d61598530bdaeef58c2fcb1e00ce5a3def
2417,mb-dielectric-2418,Ti4 Zn4 N8,TiZnN2,N-Ti-Zn,16,196.8968,4.7663,2.814824,5e0b3ebb8395d8601ebb7dcdee7ea89dc4db1d5d28bcd905eb7116afd4c3d52b
2418,mb-dielectric-2419,Sr8 Cl12 O2,Sr4Cl6O,Cl-O-Sr,22,580.2697,3.3149,1.744167,8a1bfb14fe6b8ca88fb5dd688b8734376d313bb72939f1f0d71f32b51be11986
2419,mb-dielectric-2420,Cs3 Tl1 F6,Cs3TlF6,Cs-F-Tl,10,259.9172,4.5813,1.50798,b6ea0835ff8c0332b5300fa7697985ee1b9ca6c5da7965cb9e3a2ce43c3ed878
2420,mb-dielectric-2421,K2 Mn2 F6,KMnF3,F-K-Mn,10,153.9027,3.2591,1.494083,3f68b23012267cb9b4cb935c7f85848d5044b7191a3219ae16b10109a743a7ab
2422,mb-dielectric-2423,Bi4 O8,BiO2,Bi-O,12,178.9187,8.9461,2.766044,9b5d279886c735c9ee460a596094ec04a4c331642041216c1d1b78e72ac206e9
2423,mb-dielectric-2424,Na8 Al6 Ge6 Br2 O24,Na4Al3Ge3BrO12,Al-Br-Ge-Na-O,46,779.0076,2.8253,1.572809,bc64d089c886df7f6c7ba4b5b174f66373ad62822718276e82d29c9ec2690c10
2424,mb-dielectric-2425,V2 F8,VF4,F-V,10,144.2116,2.9232,1.614311,ea2836a141c02bb29e70161100b78bae38dd0f51979d19e007354bb98d7e5ec0
2427,mb-dielectric-2428,Li8 Mn4 O8 F4,Li2MnO2F,F-Li-Mn-O,24,224.6777,3.5422,2.042873,d8b02dfb567e22e9b4707d28324ca76ebad1c1e340ca2f6185cd3694bc7bd0c5
2428,mb-dielectric-2429,Mn1 Br2,MnBr2,Br-Mn,3,87.4752,4.0765,1.974842,fdcb9342a30a53a225ac2fbeb167e438646fadad0d9b06ac5fe499bc99564da1
2430,mb-dielectric-2431,K8 Al6 Si6 Cl2 O24,K4Al3Si3ClO12,Al-Cl-K-O-Si,46,822.6548,2.2165,1.506736,dad2ce44a52347afe8d638b31d016515941082cc929ac635bc76a3d99ae63fff
2431,mb-dielectric-2432,Li8 Co2 O8,Li4CoO4,Co-Li-O,18,185.8912,2.6923,2.048992,4ac9c29d7425acb33ec773094cd3b1a6f4e1fcfe8a66984a193f153b8ca5932c
2432,mb-dielectric-2433,Pb2 I4,PbI2,I-Pb,6,280.3659,5.4609,2.312646,e7c01f622b4c56963a833295b28ca701b1fd705b158d33e2a850074781c6aef7
2433,mb-dielectric-2434,Al11 N1 O15,Al11NO15,Al-N-O,27,254.9927,3.5868,1.811102,6b0a026bf86d3436755b9f167b58a93b356cf68c82667b5a184df523687aca67
2434,mb-dielectric-2435,Rb2 S2,RbS,Rb-S,4,153.7474,2.5388,1.684142,237921d37fc1e4c62471abc1a5ffb59079e70d9262db807948d9cb10b02f9e23
2435,mb-dielectric-2436,Li8 Ni1 O5 F1,Li8NiO5F,F-Li-Ni-O,15,128.5992,2.7532,1.980755,0c6b73259263236171954b90828c48e6821a70dcdb8b1afc554864bdffabe7be
2436,mb-dielectric-2437,K8 P12,K2P3,K-P,20,594.2724,1.9126,2.177001,42cba6f16828c3e6cd3d45ad6807e98de7c478e9942ae4f4e9d46014b6a4044d
2437,mb-dielectric-2438,V4 O4 F12,VOF3,F-O-V,20,309.7153,2.6579,1.603639,1bb468ec2909d4b25bcbb8d0436ec13a3a72e9961ae02e7202aef34aa0befb6d
2438,mb-dielectric-2439,Tb8 Ti8 O28,Tb2Ti2O7,O-Tb-Ti,44,626.2611,5.5743,2.082242,1be628b7dc79604a2bbb44e1ea1af1f32c90b783999d3210d6b35dd714f7e27e
2440,mb-dielectric-2441,Ir4 Cl12,IrCl3,Cl-Ir,16,387.8868,5.1128,2.183728,3bf34caab99c407b1ff87638d7479b6778c2aaeb5323924fc7dda47e1a63f294
2441,mb-dielectric-2442,K3 W1 F6,K3WF6,F-K-W,10,196.8588,3.5017,1.416566,56a9644ef6d726553b63e4db461a2635561de49bb10446407271f029535ad164
2442,mb-dielectric-2443,Rb2 Mn1 F6,Rb2MnF6,F-Mn-Rb,9,165.026,3.4198,1.468891,a15709aa7d0416689311295c77876f5548da364a23ba1514af71db043afd002a
2445,mb-dielectric-2446,Re6 Se8 Cl2,Re3Se4Cl,Cl-Re-Se,16,383.5266,7.8792,3.084207,f9924ee4c336e94c8f09a999ab2514252b4f82deba2380d3e77565c82d6f621b
2446,mb-dielectric-2447,Zn4 S4,ZnS,S-Zn,8,161.4404,4.0104,2.427138,6519e1ccbab8b06042d394578015d608db109880f3be14ef78e447fc3ec4c73c
2448,mb-dielectric-2449,Si4 Os4,SiOs,Os-Si,8,110.1847,13.1605,4.893936,fa9088f9da079df1bd786a0e872c7d50990c1d1af4aa216d69b6ee23ee196813
2449,mb-dielectric-2450,Li2 B2 H8,LiBH4,B-H-Li,12,84.2023,0.8592,1.737412,e85081b7c356dfac10eee5184e2f16b0e9b91c52bcea7f542651723e53fe1e42
2450,mb-dielectric-2451,Al1 P1 O4,AlPO4,Al-O-P,6,96.2805,2.1033,1.461594,560d7363f5fe17d54541cd613857afa095d1d07edd5296938b6322df4955f743
2453,mb-dielectric-2454,Ca1 Sn1 F6,CaSnF6,Ca-F-Sn,8,155.394,2.9149,1.375083,b9b714410c49ab9ef070dca74d3cbde7d2ad7fa6df495cf2afcebe0c85feab0f
2454,mb-dielectric-2455,Pt6 Cl12,PtCl2,Cl-Pt,18,516.2082,5.1338,1.78879,004b012be96c53ade1dbeddd502bcdb6a33193dceb7c53fe1bf240e55e567d96
2456,mb-dielectric-2457,Y4 Be4 Si2 O14,Y2Be2SiO7,Be-O-Si-Y,24,259.3378,4.3018,1.901353,4c2bde00d47c351700521d68df054570e9607fa62d016f9256a0bba78e57aadd
2458,mb-dielectric-2459,Cs4 Pb2 O6,Cs2PbO3,Cs-O-Pb,12,284.835,6.0748,2.115319,04aa2eab14c4b85befbe6f8ebaed18f7fcd807b298e6ffba9c3ff3c6470acac6
2459,mb-dielectric-2460,Nb8 P4 S40,Nb2PS10,Nb-P-S,52,1371.1477,2.6035,2.269778,b12ddbb95a86c0d84bfd80437d562a08d659cfe758ad3394b64487adcd635e83
2460,mb-dielectric-2461,Zn6 B2 P2 O14,Zn3BPO7,B-O-P-Zn,24,274.9157,4.2282,1.801705,46f19567ee550d965d3daec663ab3537fae54c34bc6b84d76f62acbe88201d02
2461,mb-dielectric-2462,Ca4 Ta4 N4 O8,CaTaNO2,Ca-N-O-Ta,20,251.3376,7.0569,2.622583,a4c5a25433ddbea10f6ffae68c72718117579bf622045b6b08b6ee0aee109c30
2465,mb-dielectric-2466,Nb4 S12,NbS3,Nb-S,16,327.3983,3.8364,3.067138,af310d97438db5e19836f8670d3e53e8a960ec49b56475237e47892b2b25cdf6
2466,mb-dielectric-2467,Hg8 I16,HgI2,Hg-I,24,1109.0216,5.443,2.220135,db1d90a2f4e6c99fc6ab2e61bfe46bc237ec42bc9c205b606a66ba75330180f6
2467,mb-dielectric-2468,Cs1 Cd1 N3 O6,CsCd(NO2)3,Cd-Cs-N-O,11,174.2086,3.6539,1.725428,2d7836682847c43276a9f128cb4aed6c42971f18fb3daf759761bb5b6fca2c39
2468,mb-dielectric-2469,Na2 Fe2 P4 O14,NaFeP2O7,Fe-Na-O-P,22,277.9986,3.0198,1.771587,00f98cd244c68fe01fa5eea9bafd3268293449ba835556edf86c312a8f95979a
2469,mb-dielectric-2470,Na4 Mg2 Al2 F14,Na2MgAlF7,Al-F-Mg-Na,22,270.2974,2.8291,1.376695,8ab71109502c086519e864634447962f5974e232faf5d10558f5310bbcf38d00
2470,mb-dielectric-2471,Sm6 Cu2 Si2 S14,Sm3CuSiS7,Cu-S-Si-Sm,24,508.0023,5.0154,2.735603,5133199e9c3dba06144165ff096a6c18f0bfc5f62c8942cb7bfa7b516e740cbc
2471,mb-dielectric-2472,Si5 C5,SiC,C-Si,10,104.8877,3.1739,2.661448,0fd8304248b1f38d2589386084ce778a0ec612afa5e277c1293f29def607a213
2472,mb-dielectric-2473,Li2 Co2 P2 O8,LiCoPO4,Co-Li-O-P,14,214.8676,2.4861,1.578139,1613d8c2ad84510fda3d57c52709da02f0288447cf2351871061e110433fe9c8
2473,mb-dielectric-2474,Mn6 O3 F9,Mn2OF3,F-Mn-O,18,226.468,4.0226,2.977787,b8616ef89b5f862429193856bea2fab52ad2f34fbd88c655d23ca85f8731d881
2474,mb-dielectric-2475,Li6 Sb2 S8,Li3SbS4,Li-S-Sb,16,359.9463,2.499,2.095581,0acf45c6d06fb16d9cb1d290c9952c90591d5f991b19255a25ec46985796d2e6
2475,mb-dielectric-2476,K4 P4 O10 F4,K2P2O5F2,F-K-O-P,22,367.1207,2.3352,1.450632,b7b65a177759801cae0e6a19bce6f32586152d9db41ff11a4ebeaec7fa20cde5
2476,mb-dielectric-2477,K6 I2 O10,K3IO5,I-K-O,18,332.9356,3.2339,1.645668,0588acfcb20fdd274376b383c0e38949580df3c95dd0470ae75d5b6dc59adacb
2477,mb-dielectric-2478,Li3 Fe2 Si2 O8,Li3Fe2(SiO4)2,Fe-Li-O-Si,15,173.2977,3.0344,1.786326,65aafa106e0f58804b61ef465752ef65bf16476cab86608acfb6bef865fa616c
2478,mb-dielectric-2479,Si4 P4 N12,SiPN3,N-P-Si,20,228.8678,2.9335,2.051411,b65d7ab8496345e29383639f95c9d53a26649c0b8f4d46d4e5e794dc8e07fea5
2479,mb-dielectric-2480,Ce5 Zr3 O16,Ce5Zr3O16,Ce-O-Zr,24,312.6054,6.535,2.683712,6e74c3235c560a172470680b0bc57cd6e7f18279a533089484b4185f1c74204d
2480,mb-dielectric-2481,Li2 Fe2 C4 O12,LiFe(CO3)2,C-Fe-Li-O,20,238.4744,2.5458,1.762092,f929a30ca0760f0ba73b39aee1d5d58852669c0e731473b0a26dcccabd24de8c
2481,mb-dielectric-2482,In2 Ag2 O4,InAgO2,Ag-In-O,8,123.5894,6.8439,2.364805,6d115adef4e85ca8923c495cc644e37432882bd3710757545e4ca24d6ca50a69
2482,mb-dielectric-2483,Cr8 Te24,CrTe3,Cr-Te,32,972.7858,5.9376,4.561286,64f051257f12b3cd2811ae621a8865672613fa285b6182ca63adec1efbc97461
2484,mb-dielectric-2485,Lu6 Al2 O12,Lu3AlO6,Al-Lu-O,20,248.2583,8.667,1.96491,516041d22788cc12ffeeaefd692315574469ea190992b78b00e2d760f7589081
2485,mb-dielectric-2486,Na4 Pt2 Se4,Na2PtSe2,Na-Pt-Se,10,233.9026,5.665,2.736646,aba92cd677a48262bb1c9b10c1408faae9d5cc8680ff5ba274d0bd201d0b6ea2
2486,mb-dielectric-2487,Fe4 O4 F4,FeOF,F-Fe-O,12,140.5478,4.2931,2.102929,61fc3e6af38c55b9125d93ae1686ec0a03e7d16158fb0407cf84f7d63f389db5
2487,mb-dielectric-2488,Ce2 Ni8 Sn4,Ce(Ni2Sn)2,Ce-Ni-Sn,14,232.4396,8.7486,33.467237,9c312f076175b6db19f6570e54db5be46225750c829251c090fd7fd2ab51da56
2490,mb-dielectric-2491,Li4 P4 W2 O16,Li2P2WO8,Li-O-P-W,26,304.4416,4.2289,1.751079,0eb2a9a51ade9fdb18bcdad0c250d18b66fe187570b75abe32bf0ea9a9f7005b
2491,mb-dielectric-2492,P8 Cl8 O8 F16,PClOF2,Cl-F-O-P,40,828.8676,1.93,1.403448,a92721a6db045a81670bae9967c17e1f9197aae2df014b130b4f530617aadac4
2492,mb-dielectric-2493,Na8 Mg4 Si4 O16,Na2MgSiO4,Mg-Na-O-Si,32,421.4074,2.5592,1.587477,69686249123199c4c31c625b6d48050374df041de797f7af5ee0bb8374e4cd38
2493,mb-dielectric-2494,Cs2 Te1 I6,Cs2TeI6,Cs-I-Te,9,439.139,4.3668,2.201121,153769c4676866efae864904efd63ec3553239e13525f5e1b4858454c1a4564d
2494,mb-dielectric-2495,K4 P4 H8 O16,KP(HO2)2,H-K-O-P,32,436.5725,2.0704,1.483497,0bbd6b3185e5fba99bdd450093e404c05aeb61077e0a4c30bb78ac6aab5d4269
2496,mb-dielectric-2497,Ca24 Al16 N32,Ca3(AlN2)2,Al-Ca-N,72,1002.2165,3.0516,2.369373,87100107c923ad96c52dc0214096ace8207cf16be365b7b7b1fc66718ddc6c42
2497,mb-dielectric-2498,Rb1 Mn1 F3,RbMnF3,F-Mn-Rb,5,80.1931,4.0875,1.526886,739f477c56b8643e0fe4517aad12dc23c29f640ea13b3263cefaf78ffde20419
2498,mb-dielectric-2499,Ga8 Cl16,GaCl2,Cl-Ga,24,706.1918,2.6454,1.7962,60892300b100cd230e01b492f4600a8e69a13872c34ef44ef7f3c185ce09c295
2499,mb-dielectric-2500,Mn1 Sn1 F6,MnSnF6,F-Mn-Sn,8,124.7546,3.8286,1.488122,04a5cd53604cbbc6daac30c5223f775918a5264236d41e4b99d72dfdbd77053b
2500,mb-dielectric-2501,K12 B4 N8,K3BN2,B-K-N,24,485.0517,2.1379,1.786655,3441e753e90090a185d49b1edbacefc191fc2f547a47958cf1f61b3296faae84
2501,mb-dielectric-2502,Mn2 H2 O4,MnHO2,H-Mn-O,8,71.0893,4.1085,2.533982,5a6d4105ac9d7d06ef9d83ca54f8b511b5beddd1b9759407d1a60e50247974d7
2502,mb-dielectric-2503,H16 Pt2 O12,H8PtO6,H-O-Pt,30,233.2142,4.2599,1.916695,51e19f7cfdc89a637c8bc2489bfa291e1c82bc0df682d70ebce56950bd411d26
2503,mb-dielectric-2504,K4 V2 P4 O16,K2V(PO4)2,K-O-P-V,26,392.617,2.699,1.629952,6680676ebc04e3a92f27982debfa071cc9b3548fa1a69f1dacbf05dc2be15572
2504,mb-dielectric-2505,Ni1 Pt1 F6,NiPtF6,F-Ni-Pt,8,101.8779,5.9944,1.794744,b64d079c99b35bc911999cf91175d7c5207cc0af1a6a0037760cbf60864c7ce3
2505,mb-dielectric-2506,Cr1 Hg1 F6,CrHgF6,Cr-F-Hg,8,117.4275,5.1837,1.787089,d51f6991657ba831899ddd5b3aecaae459665ae3361eedde6b90174d418bacf7
2506,mb-dielectric-2507,Mg2 Mn3 O8,Mg2Mn3O8,Mg-Mn-O,13,146.2676,3.876,2.380322,0a4a2b65622d995b077de5a87901970e15515f6c9a006661d4d05c80d69d0a90
2507,mb-dielectric-2508,Cu2 I2,CuI,Cu-I,4,111.2128,5.6873,2.337092,beba2be261ce8e38b333ebf722bc915c15edea3d48e95b893350792aaae4e4ae
2508,mb-dielectric-2509,Ga2 Te2 I14,GaTeI7,Ga-I-Te,18,940.2078,3.8348,2.158313,a82743d0e13c6d509f234000eb493ffa1cedd1cad42e9d6f23ffd1a7aef1a364
2509,mb-dielectric-2510,H32 N8 O4,H8N2O,H-N-O,44,402.6039,0.8592,1.446402,fb7b5acf56aed859e9436d3774c79e0a766a35c409b769ddbe9beabab71ef521
2510,mb-dielectric-2511,Na2 Sn2 N2,NaSnN,N-Na-Sn,6,108.2263,4.7781,2.906268,47cc60f3ef0db3f186cb38bc12c022c87436c780cb9afe784a26575e6697d735
2512,mb-dielectric-2513,Ba4 Be8 Si8 O28,BaBe2Si2O7,Ba-Be-O-Si,48,556.7601,3.8596,1.738489,3c32c6b03bb967566eea24644a4b7d14d70c178cd7505e3d674e721501aeee04
2513,mb-dielectric-2514,Si6 O12,SiO2,O-Si,18,386.9563,1.547,1.353144,4d85c851a16e51d3bae0bd5511de82246d4db18f021641bf9255b22c92d4e5b6
2517,mb-dielectric-2518,In6 Ga6 Se18,InGaSe3,Ga-In-Se,30,855.1956,4.9097,2.67775,3829ed27020cff3b98eaa08a309688d6219bdfc6effaf31fac57cc371d6d9296
2518,mb-dielectric-2519,Li1 Si1 B1 O4,LiSiBO4,B-Li-O-Si,7,68.41,2.6661,1.644026,06c515177856294dbae62e2c15e47abf1b7f151f4980aa747eb5ea9adb6b920b
2520,mb-dielectric-2521,Al6 Cd4 S1 O12,Al6Cd4SO12,Al-Cd-O-S,23,357.9747,3.8761,1.807524,ee38f1c83d66b835cc37d878502b49b83e2d942cb8205025b9f8a60b01f412df
2521,mb-dielectric-2522,In10 S10 Br2,In5S5Br,Br-In-S,22,559.8091,4.831,2.884476,df083b00a8a3b051642b81dadc22621768654317569259af2680eb4dd65d5074
2523,mb-dielectric-2524,Ho8 Ag8 S16,HoAgS2,Ag-Ho-S,32,733.735,6.1001,2.669408,9539a607f2002afb88f9896365ea9d643ddf7f666b37470d74ed8a4193faba2f
2526,mb-dielectric-2527,Si1 H8,SiH8,H-Si,9,95.7847,0.6267,1.487719,20daa96ade2e8b18d85aa357b3198950637554317f976a83f21fb4e0ac8f353b
2527,mb-dielectric-2528,Li3 Cu3 P2 O8,Li3Cu3(PO4)2,Cu-Li-O-P,16,172.711,3.8593,1.901043,fa9a4c4380e5e0d97b44808317e3324a5f8f3b10306d170686785bf5a9ddf707
2528,mb-dielectric-2529,Cr2 Ag1 Bi1 O8,Cr2AgBiO8,Ag-Bi-Cr-O,12,156.2044,5.8344,2.684756,89292f9ddee347f07bf23c574bb66dd2f5be84e16a2b9a19533bc58cc6242c05
2529,mb-dielectric-2530,B2 Cl2 O4 F8,BCl(OF2)2,B-Cl-F-O,16,231.0238,2.2175,1.544345,e0913c5f1f798fb2673c382fc9c2a653572c6a6138b21222ddc46df9569f2f0b
2530,mb-dielectric-2531,Ca18 B12 N24,Ca3(BN2)2,B-Ca-N,54,797.9794,2.4707,2.055139,f33eb2b7977702914866c8c0ff5093503d47202e1bfd332f305f118c1bc09377
2531,mb-dielectric-2532,Fe2 Sb2 As2,FeSbAs,As-Fe-Sb,6,106.3784,7.8837,6.116743,f1c6f92591aa3c4b03d7db2eadb9da9e7d611d2fb3cdfced3fc228b36da03f41
2532,mb-dielectric-2533,Fe4 P4 O16,FePO4,Fe-O-P,24,403.7229,2.4813,1.712753,74570a3dd91df84b63bd9701d4be9a5ee7516ba714fa3ca8d1223c3532626f75
2534,mb-dielectric-2535,Li2 Mn2 P4 O14,LiMnP2O7,Li-Mn-O-P,22,315.1919,2.4848,1.694299,bb5b18f1b8633ccc954658e68e52cd835ba52e2315c46cef76993924197c9c10
2535,mb-dielectric-2536,Hg1 Sb2 O6,Hg(SbO3)2,Hg-O-Sb,9,125.6499,7.1378,2.281012,f15cc9bfa3dd779cf0b0c68f3f4a952151e5cbe11e0ae45426eb19af0d238842
2536,mb-dielectric-2537,Ca4 W2 N4,Ca2WN2,Ca-N-W,10,182.7877,5.3055,3.209025,ed7b7ad0b060ebb0b791d34f1370af9e7e9ef4ec5e092e4664537dbbc809174e
2539,mb-dielectric-2540,Mn2 P6 O18,Mn(PO3)3,Mn-O-P,26,373.3022,2.5965,1.727234,42444acf86a39ec074992a9831e6d8c95bde61b24039bfd03b9317649ef397f8
2540,mb-dielectric-2541,W4 O12,WO3,O-W,16,220.8779,6.9717,2.729163,a9a4b664fddd42aa8c0ad13232f7f57d74bbb63f991e48b32283177bea3c1909
2541,mb-dielectric-2542,Na2 Sn2 P2 C2 O14,NaSnPCO7,C-Na-O-P-Sn,22,328.2742,3.0014,1.58292,96a55bd6b128976dbdfe23f3b2a96591e9c5a5334b21c0556b3ed483d0922997
2542,mb-dielectric-2543,Ca3 Hf3 N6,CaHfN2,Ca-Hf-N,12,157.8585,7.7815,3.081175,42ca2f3b79c697a6d171b33760e7428a117ca910df488257e05c472b8746610b
2543,mb-dielectric-2544,V1 Cu3 O4,VCu3O4,Cu-O-V,8,95.2524,5.3271,3.384515,2d566d96b23646c230473372d1fecac145ab4720f7145c555b040bbd78f30334
2544,mb-dielectric-2545,Sr2 Mg1 H6,Sr2MgH6,H-Mg-Sr,9,109.9007,3.1064,2.168069,127c9d01ec50bdae7bcd3e6fd19c7747eebfb4d5491b6e87d2be66dbfdc375da
2545,mb-dielectric-2546,H24 S4 N8 O16,H6S(NO2)2,H-N-O-S,52,438.3348,1.9718,1.589874,f0b0832a2e1256f585eb4c586d69cd7441e90d714a63bea06c9dec00f18b5bad
2546,mb-dielectric-2547,Li24 V8 S32,Li3VS4,Li-S-V,64,1191.838,2.2295,2.609321,59921950c4b5df62f33bf2ae9367e0a3d8708d76e92930436942ed1ff8b7fc76
2547,mb-dielectric-2548,Li2 Mn3 Ni1 O8,Li2Mn3NiO8,Li-Mn-Ni-O,14,142.4184,4.2602,2.519586,5532e082098250925c31f3d42d20be6c7ea1d9fcddba17ad2c3c0633d3d26934
2548,mb-dielectric-2549,Zn1 S1 O4,ZnSO4,O-S-Zn,6,121.3441,2.2097,1.434611,984b3d49e2736c89ce2c4946f689b5b69ddce84f219eccf8222875873fb7de57
2549,mb-dielectric-2550,Be2 Zn2 O4,BeZnO2,Be-O-Zn,8,74.3909,4.751,1.963981,54269fc89a86462933ad2ca44668b6240f5269a70cad62243900290e3cc8974a
2550,mb-dielectric-2551,Er4 Cu12 Te12,Er(CuTe)3,Cu-Er-Te,28,677.6202,7.2604,3.599667,55f102d8f100fec0740a5b37a7a4005ae960045df5a931fc7e9a83d254d946d5
2551,mb-dielectric-2552,Cd8 Ge2 S12,Cd4GeS6,Cd-Ge-S,22,544.6409,4.3579,2.464002,16c4406d1c4adf47f8215e5a7e26d2435e603d7a7fa7d83bb629bc2622d26c5b
2552,mb-dielectric-2553,Li2 S8,LiS4,Li-S,10,2015.5409,0.2228,1.093578,05333315cd365b483f4901c01517431b715223307f858d17591dfa622886c603
2553,mb-dielectric-2554,Ca1 Al1 Si1 H1,CaAlSiH,Al-Ca-H-Si,4,69.8479,2.2859,3.780173,19ef08e032ec14e656a573132c691cbf28652c771c6a1c87a7a918777c06aed7
2554,mb-dielectric-2555,Li1 V2 P4 H2 O16,LiV2P4(HO8)2,H-Li-O-P-V,25,273.4864,2.9796,2.244589,76d70a5f3774fac2c976c470f5620163f4576d2e3672f880f6a7e17b73a19f6f
2555,mb-dielectric-2556,Cr4 F10,Cr2F5,Cr-F,14,191.5998,3.4491,1.645904,4f579958ee436fd27938f5e7071f94cd634cff7052b8aa73c10339785f1f7e4f
2556,mb-dielectric-2557,Li2 Al2 Si8 O20,LiAl(Si2O5)2,Al-Li-O-Si,32,445.0682,2.2853,1.527113,0d914945ac61f09aab422ebffae94f08b55bf65ed9f90f1b81658cd685a525d8
2557,mb-dielectric-2558,Rb2 Ta2 Cu4 Se8,RbTa(CuSe2)2,Cu-Rb-Se-Ta,16,444.975,5.2942,2.339128,5d1a1d3827da6a0dd4f4dd3c445db6ec73353559082d9983280f0961c7880197
2558,mb-dielectric-2559,Ba3 C3 N6,BaCN2,Ba-C-N,12,252.5466,3.4983,1.799204,b486dd464775dc1cc206fedf433c4da377cad5e89814446102243cf1a3ae8d5d
2559,mb-dielectric-2560,Li1 Fe3 O3 F4,LiFe3O3F4,F-Fe-Li-O,11,141.4187,3.5046,1.863024,2394576e59410ea0fee93149d4606ee52dc49d682438f14b0cb435a0210d789b
2560,mb-dielectric-2561,K1 Zn1 Sb1,KZnSb,K-Sb-Zn,3,98.4396,3.8168,4.29072,1cc02df5a637fae9883bffd232846dcc7ce822cda91758fdda144f0ef744bf07
2561,mb-dielectric-2562,Rb2 O1,Rb2O,O-Rb,3,96.2078,3.2265,2.059133,17e86480b73ab02cf6d75a9dd2cb29b8ed244709bb270dd741cbb32a8ed82871
2562,mb-dielectric-2563,Al1 Ga1 N2,AlGaN2,Al-Ga-N,4,44.7271,4.6303,2.285038,11abbb42c2eaf3f118cbca0066a7dcb462e04f3a98168288d27db5b2e7e76262
2563,mb-dielectric-2564,Ca1 In2 N2,Ca(InN)2,Ca-In-N,5,81.2288,6.0864,4.714203,6437c9927e24791cbbab9cad26205235a7482d771d3cd8c2f599756121692367
2564,mb-dielectric-2565,Li24 Sc8 N16,Li3ScN2,Li-N-Sc,48,509.5783,2.4451,2.380552,d7f72972264e53e7bf0bf60c4c5626af38b7b21c3e8868ce4f3e4215a8365240
2565,mb-dielectric-2566,B8 Se8 O28,B2Se2O7,B-O-Se,44,567.4852,3.4123,1.793518,058f4dd209e9612633c8956357fa1a736068b8e0e762cf0a4ac8e0b69dad9478
2566,mb-dielectric-2567,Ga4 Te6 H12 O24,Ga2Te3(HO2)6,Ga-H-O-Te,46,531.7626,4.4985,1.931681,f84762c647fae52415b7dbe8642feae29f18e2fb60a822b2cf2a47dafe13876a
2567,mb-dielectric-2568,Ba12 Re24 N48,Ba(ReN2)2,Ba-N-Re,84,1371.9449,8.2174,9.538562,c2e89d5e60361ffdd265344093b5457b2fbabb92321e90682a424fb0c524e967
2568,mb-dielectric-2569,Ba2 Hf2 N4,BaHfN2,Ba-Hf-N,8,146.1966,7.8106,2.711732,3c1e75f12aa47e31a93c6646f47c61bf4105f132d7f29ec8e72658eccfbfc1d2
2569,mb-dielectric-2570,Zn1 S1,ZnS,S-Zn,2,40.4757,3.9989,2.429732,1e9a1df3bf02906bb34a1ceaa85bfd7b942e80178a28ca363fbff5ebc8021a0a
2570,mb-dielectric-2571,Li60 Cr8 N36,Li15Cr2N9,Cr-Li-N,104,980.2068,2.2644,2.401859,39fcd9681204f1b67e1e9b50639049d5b72251ef286e1b4d443cefc921768e69
2571,mb-dielectric-2572,B1 N1,BN,B-N,2,11.9172,3.4581,2.146197,451afdfe91dd702683d995ba30da882f7972a1196c1924b0e78ae54ecb6856ed
2573,mb-dielectric-2574,Li4 Zn4 P4 H8 O20,LiZnPH2O5,H-Li-O-P-Zn,40,446.8942,2.7546,1.591704,0f6a79c924cf8b5ddde778d71fbaf2aa78d32296ba3663dc99955ba14978ccde
2574,mb-dielectric-2575,Li1 Ca1 U1 F8,LiCaUF8,Ca-F-Li-U,11,154.8019,4.688,1.610154,534b913118ef7185ad034c6ccd70c6a89f747e7dcc2b839f83769abb6a5b29f0
2575,mb-dielectric-2576,La1 H3 C3 O6,LaH3(CO2)3,C-H-La-O,13,141.9244,3.2054,1.744092,5917d430e85ed65e84cfc1ee1f526914c2a0817b5dcbbafeb6517d56fcd88190
2576,mb-dielectric-2577,In2 Ag2 S4,InAgS2,Ag-In-S,8,202.5328,4.7031,2.824277,f26446f5665aad1106b983bd8567ea1ab61266853b65942b1f701ff0169fe98d
2577,mb-dielectric-2578,Sr2 Hf1 O4,Sr2HfO4,Hf-O-Sr,7,108.6791,6.3826,1.982296,079afbf2f4d7ae482858532ca14ca46e222925954535e5f00c471aef6ec49948
2578,mb-dielectric-2579,Li2 B2 H8,LiBH4,B-H-Li,12,101.531,0.7125,1.6169,99b0c8854983eec1c81588a7b171d1a4dc40090c03a6540cff371acdf52b5ded
2579,mb-dielectric-2580,Zn1 O1,ZnO,O-Zn,2,24.8205,5.4464,2.409166,a202a504e531a2d0d14a5f2e6af7a901fc01774e863847d2277bb99ccc69c866
2582,mb-dielectric-2583,Er1 Cu1 Se2,ErCuSe2,Cu-Er-Se,4,91.3903,7.063,3.185856,f0a8e2f30319931cca34210a128bcbff9719f19d1892253476390be77d7a4cde
2583,mb-dielectric-2584,Si3 O6,SiO2,O-Si,9,120.3357,2.4873,1.556497,63a580c4f9e0b8b9a2211acf69c835418a81d37e50c067f54a5ffc14c8cc0d73
2584,mb-dielectric-2585,Ge4 Rh4,GeRh,Ge-Rh,8,119.522,9.7555,7.194759,15349169ecb6da43a129539d36799d1ea0439b8449254b7a13e894a9eef3a653
2585,mb-dielectric-2586,K4 Pb4 O6,K2Pb2O3,K-O-Pb,14,319.8345,5.6134,2.210098,f83cf312ce86e81312c2306a2f604dee18d1aa32cde2090075ea3f8a30e16524
2586,mb-dielectric-2587,Ga4 Se6,Ga2Se3,Ga-Se,10,262.1452,4.7676,2.792267,8ea153156e57ce28a26dc8267f2f6fdb5ce5a979187663bcdcb123b7a7c8036c
2587,mb-dielectric-2588,P4 Br28,PBr7,Br-P,32,1186.3267,3.3051,2.208393,804676d9f55e3855cd757e9d082f1f1f12479afb0edc629b69838bd36ae5ab05
2589,mb-dielectric-2590,Ba2 Na4 O4,BaNa2O2,Ba-Na-O,10,197.7652,3.6156,1.920621,b49feaf158e8f210bde97538dafe33480bcccc8274da84f03296e2ab5084e9ad
2590,mb-dielectric-2591,Sr6 Ga6 N10,Sr3Ga3N5,Ga-N-Sr,22,346.7964,5.191,2.514468,5874e96df635494eb258e120ea4cc0e713bd48bc6af7ed90b583feae10d3c2ee
2591,mb-dielectric-2592,Ti1 Zn1 Bi2 O6,TiZn(BiO3)2,Bi-O-Ti-Zn,10,142.4314,7.3126,2.486887,b5633e755421cf9d8d09e91548fd70be630e80750746ae6f3ad3819dd7d4c533
2592,mb-dielectric-2593,B8 O12,B2O3,B-O,20,153.3378,3.0157,1.747608,867d40c1bd8ebb27d3d8cd0eb01f54ebaacfe043cce1eb5e7592eaa9470f3be0
2593,mb-dielectric-2594,Li2 Sb2 P8 O24,LiSb(PO3)4,Li-O-P-Sb,36,478.0671,3.0885,1.751536,966b84bb89e05ca5eee686bebe473a7f8c9c996617c61c9e9ffab9f9f283c3fd
2594,mb-dielectric-2595,Nb2 Cr2 O8,NbCrO4,Cr-Nb-O,12,137.2277,5.0556,2.561583,01a70218d141287f2ea09e3ba9d1269e7eb5dc9cff6ca06d3b28cff9f93ef0be
2595,mb-dielectric-2596,Ge3 O6,GeO2,Ge-O,9,129.1446,4.0363,1.760911,0f4276620244fd85495dae1c625d93427b202a765e9977585291142c5f7bc17f
2596,mb-dielectric-2597,Li4 Co4 Si4 O16,LiCoSiO4,Co-Li-O-Si,28,351.4461,2.9853,2.064714,e68d500966b01768dfe6bbe52cfa4271dc376c3630cf1893e2f6cb2ead53102f
2597,mb-dielectric-2598,Sr1 Li1 Nb2 O6 F1,SrLiNb2O6F,F-Li-Nb-O-Sr,11,156.8374,4.186,2.059205,f8baa834fc5596427d5730681303a468269112a40945966da7f802a98a42364e
2598,mb-dielectric-2599,Rb2 Cd1 Cl4,Rb2CdCl4,Cd-Cl-Rb,7,231.422,3.0507,1.654925,7b58a279646c1c980ed6df118b9fc19f6611e0c7b6695b030d6a68d918dade23
2599,mb-dielectric-2600,Cs2 Ca1 H4,Cs2CaH4,Ca-Cs-H,7,166.5524,3.0899,1.787733,d4c35cf003883bfeebd7672ef1d4a4285dea92677b3377f320d27c08e1fad124
2600,mb-dielectric-2601,K2 Sn2 Sb2,KSnSb,K-Sb-Sn,6,227.725,4.0771,3.551965,d5c3ee5149b8013d273a0f1b4754fae695bb173390ec21eb4118656b3be7a948
2602,mb-dielectric-2603,Li2 Ag2 F4,LiAgF2,Ag-F-Li,8,113.5247,4.4702,1.650438,887f92bfbe5892c6cc5e6820b4f814832b4359fe646662822e6ddd52022bb90a
2604,mb-dielectric-2605,Ti2 V2 O8,TiVO4,O-Ti-V,12,126.3511,4.2793,2.989166,45b61ebdbcb0ea75a539e28c4959b0c897fdcf274225defcd19b200f309a0d6d
2605,mb-dielectric-2606,Sr2 Sm4 S8,Sr(SmS2)2,S-Sm-Sr,14,321.0325,5.3442,2.740547,131db448b6045be511973f418e467d7e7b0f4794889c23699e73284d9334f6a5
2606,mb-dielectric-2607,Nb2 Br4 O2,NbBr2O,Br-Nb-O,8,200.4479,4.4521,2.306483,43ec30ec920034da838224cb4950b171407f33c042ef8350ed0592609797ac8c
2607,mb-dielectric-2608,Er8 Ge8 O28,Er2Ge2O7,Er-Ge-O,44,579.4944,6.7831,1.930516,b6ae4fd109adb9a1876fcedf8162927020fddfce2deba14a0dd189ac6019d7c5
2608,mb-dielectric-2609,Mg2 H2 O3,Mg2H2O3,H-Mg-O,7,62.7115,2.6115,1.67013,cfb4f65fe66ac5f9233f4ea636304c863d0230a5c7266554bc242b603ce130ea
2610,mb-dielectric-2611,Rb2 P2 H4 O8,RbP(HO2)2,H-O-P-Rb,16,218.5299,2.7728,1.522498,4d54659a960ec97646a5d42860bfc69da8ec702eb18c35cbaad98f9fc1cf9bde
2611,mb-dielectric-2612,Ca20 Nb4 N20,Ca5NbN5,Ca-N-Nb,44,734.2712,3.2867,2.572253,24d2494bad2d5626c0ad6d8e90d8614b732ea62e5f91f070d3035da8a105b0d6
2615,mb-dielectric-2616,Si3 Ni1 P4,Si3NiP4,Ni-P-Si,8,141.1936,3.1383,4.310364,c9b21694898070081ed866f4ef3e9451df1286fdc50779d4c3bf5e8f0c79cba4
2616,mb-dielectric-2617,K2 Nb2 Cl12,KNbCl6,Cl-K-Nb,16,559.4122,2.0465,1.672203,62f99975e938a9526e55c07a0206b0532b7057767e3ad3336caa7c1a5da6949a
2617,mb-dielectric-2618,Sr6 P6,SrP,P-Sr,12,343.8226,3.4366,2.734858,4654129690ebe077d2dcfe247185df08ba61db7f1d24a265de0483c7073f7123
2618,mb-dielectric-2619,Te2 W1,Te2W,Te-W,3,191.6332,3.8044,2.42315,917aaadc0856805272a4e22e3580ce49ce78b4d40138ccedf97428418402d935
2619,mb-dielectric-2620,Mo1 Se2,MoSe2,Mo-Se,3,169.913,2.4809,2.227163,549eb3b357564d014e174a69a8b5ad3d36ec46121304662e083e318eb22ce048
2620,mb-dielectric-2621,Te2 Mo1,Te2Mo,Mo-Te,3,193.8359,3.0081,2.475659,c1799c8b14f81b1a7d966d3353f3896a44c1050b7d70152482edf71981c7457c
2623,mb-dielectric-2624,Li2 Mn1 F4,Li2MnF4,F-Li-Mn,7,98.5601,2.4398,1.388548,2f3823c4cbc7f010a14506cc0a53754fc7e5fc15f8625e668784eac918400d51
2625,mb-dielectric-2626,Na3 V1 O4,Na3VO4,Na-O-V,8,123.9291,2.4642,1.632376,7ee7a45d65016910b60abcfd0d6833a8b3a8cc0bb2c595965aeb332697e3389b
2626,mb-dielectric-2627,Li2 V2 F6,LiVF3,F-Li-V,10,116.9649,3.2618,1.523674,0a14d13722d7ba4dd77caeffdc73debc4825363f5057da063d5f1b14fc07ffae
2627,mb-dielectric-2628,Li4 H4 S4 O16,LiHSO4,H-Li-O-S,28,337.1335,2.0492,1.484587,d0a07167d7318a377afb35e662c973424010cb89bc6c6c428bed1af6543a98f7
2628,mb-dielectric-2629,Li1 Mn1 P1 O4,LiMnPO4,Li-Mn-O-P,7,89.8792,2.8978,1.646857,f6fa08ee46e930001a784af0a0fa1671a7d8d272fd1d2e609439372d3867af68
2629,mb-dielectric-2630,Cs4 Mo6 Se2 O24,Cs2Mo3SeO12,Cs-Mo-O-Se,36,617.7545,4.433,2.084482,5a2125eadefb757b76855a2511564ec75d7f12ee856bcceb8a8eb01ec04c642a
2630,mb-dielectric-2631,Li18 Cr2 N10,Li9CrN5,Cr-Li-N,30,276.7764,2.2138,2.445058,b9ed33281cdcc8f24774c2ccad458d251ddd49bb30c747c81a4a03e993721c75
2631,mb-dielectric-2632,Li4 Sn4 P4 O16,LiSnPO4,Li-O-P-Sn,28,421.8249,3.474,1.864348,b92bf9c89942e49dfcee2cfae390b566788dde3a153da0075e01cac56d4dea48
2632,mb-dielectric-2633,Nb2 Ga2 O8,NbGaO4,Ga-Nb-O,12,156.1784,4.8191,2.150251,e41ff25ecd6e1818302695068eed94e65a63d1c5edd8e86dcc1b36a3b59a547b
2633,mb-dielectric-2634,Rb4 Mn2 Se4,Rb2MnSe2,Mn-Rb-Se,10,343.5393,3.7102,2.081241,769360690132dc152705846c0fa66a8e91958088ff97625626c44c0e0ab50ee8
2634,mb-dielectric-2635,Si8 H8 O12,Si2H2O3,H-O-Si,28,401.0147,1.7588,1.492984,9e18be674e05867a45d6e75a87caa51ca2de92026881cf3f334ebffd5074fbbc
2635,mb-dielectric-2636,Pr5 Cu1 Se8,Pr5CuSe8,Cu-Pr-Se,14,358.6972,6.48,3.320003,0c4fb296b83c6f5a49cd5cb36b2de7421a2990d51b6bdd446e6e588758ef8976
2636,mb-dielectric-2637,P4,P,P,4,534.9706,0.3846,1.631402,42a7785a357d3181de71d7b70e7d0b1a8aeceb506630baa0c7a663235dffe010
2637,mb-dielectric-2638,Rb2 V6 Se4 O24,RbV3(SeO6)2,O-Rb-Se-V,36,538.2731,3.6292,2.159644,fe4936a7573cd8289037acdc125ff5a59de3abba48c38a06ea08d89fcf833f35
2638,mb-dielectric-2639,Cs4 Sb4 Cl4 F12,CsSbClF3,Cl-Cs-F-Sb,24,597.7907,3.8568,1.673081,0775f581a1da110c23f600f9da8986d29b95ed2b0729a3c96b3740c8f37a0ef6
2639,mb-dielectric-2640,Li4 H4 S2 O10,Li2H2SO5,H-Li-O-S,20,215.3451,1.9734,1.493701,206d5d7b7c28aa5f37e2a993c011b304751bdebe4b709e35185530a2ab4c6fa8
2640,mb-dielectric-2641,Ba2 H8 O6,BaH4O3,Ba-H-O,16,184.9201,3.4008,1.644486,b5397e6b679cfafd386517a541e5141e5d73bf9b05d2904bb82ad59c028662dc
2643,mb-dielectric-2644,P16 Se20,P4Se5,P-Se,36,1111.4898,3.0997,2.356708,8ac3b3425533cc92f2a106615c7d71acfc9cead9260fac873ae505b6d3d68260
2644,mb-dielectric-2645,Li2 Te2 H2 O8,LiTeHO4,H-Li-O-Te,14,155.2496,4.2687,1.857708,7b8b666f8d10369123c54eea60bc86f0af03a3a980b2cce69ae42c5300d24597
2645,mb-dielectric-2646,Mg1 H12 I8 O6,MgH12(I4O3)2,H-I-Mg-O,27,565.9222,3.3674,2.26576,64ab0d74629020179c3684a6233445bdf5fc889d3e3596d8cb812b3781d24792
2646,mb-dielectric-2647,V1 Cl2,VCl2,Cl-V,3,70.4227,2.8731,1.979815,230e51054ff9aab7645787bbef09438bb03d28e685500fc5c96127d39d814cd8
2647,mb-dielectric-2648,Pr5 Ag1 Se8,Pr5AgSe8,Ag-Pr-Se,14,364.7611,6.5741,3.220673,8a70aff62052afafda81b6ff8d91812ef22fd74cc5679151a79f9c606384f209
2648,mb-dielectric-2649,P8 H8 O8 F16,PHOF2,F-H-O-P,40,579.9697,1.9693,1.406177,4eabacdff4454207e14643231e11e36f5a94b016ee3bd7e05ade1f9a059e75c6
2649,mb-dielectric-2650,Na1 V1 O2,NaVO2,Na-O-V,4,44.2769,3.9727,24.141936,34bf390e81a38d3a917e03734e5bc2ec2fec37bf675366d952a33cfdd8d5f31d
2650,mb-dielectric-2651,K4 P1 H5 S3 O16,K4PH5S3O16,H-K-O-P-S,29,404.9899,2.2329,1.487925,159372352e7560dfb7c53290cffd48235619181138503d1cae77fa82141426bd
2651,mb-dielectric-2652,V2 P6 O18,V(PO3)3,O-P-V,26,339.65,2.8147,1.712125,293001bc44f22e66bf1b1741825a55408072b8f6c326965fc62576ab763a0220
2652,mb-dielectric-2653,P2 N2 O2,PNO,N-O-P,6,77.4643,2.6144,1.781097,ad5dc19ae9ffa938cca8534808b4cf20c9f97acef169594d76b516059699a2cf
2653,mb-dielectric-2654,Sc2 O2 F2,ScOF,F-O-Sc,6,68.0604,3.9014,1.980512,8c076a72a309e4eafade1cc42c73478840a270db3f9eb4071c64c6a791e3eaf5
2654,mb-dielectric-2655,Cs2 B6 H16,CsB3H8,B-Cs-H,24,298.6236,1.9285,1.564085,940eb948ecdf31d0328f306517b5a44fa6e4d7f31f4649921bd79c8e034a1399
2655,mb-dielectric-2656,Na12 B4 N8,Na3BN2,B-N-Na,24,338.0001,2.1183,1.814535,eedf39a57a372389de8d7debb7825b9a9b4e2e30bb2ddad884b98a6e3cf6c2ae
2657,mb-dielectric-2658,Na8 Ti4 Si4 O20,Na2TiSiO5,Na-O-Si-Ti,36,448.0103,2.9938,1.80596,2efc4d69c520b0253eaa93d3944dcee38f11ba35940d78c5bc62c4115d09a84f
2658,mb-dielectric-2659,Si4 O8,SiO2,O-Si,12,173.3215,2.3026,1.519134,82fb07a6b25f0a4d459b919a1eb468c3c7f7a61be63a74ee2e9fbede9d323d1a
2659,mb-dielectric-2660,Nb1 Fe1 O4,NbFeO4,Fe-Nb-O,6,78.0791,4.5246,2.496053,d31ccc971647d5b8bd60b4a5973a8a8aa11254c5514bc5141dbf63ccdf01c03b
2661,mb-dielectric-2662,Li1 V1 Te3 O12,LiV(TeO4)3,Li-O-Te-V,17,215.5109,4.8748,2.226853,3e4979bcfae4ae5b4671bda554c8a247d13b2fb1a74bd4de2d5e779b0a0b8fc0
2664,mb-dielectric-2665,Co4 As4 S4,CoAsS,As-Co-S,12,174.1198,6.3293,4.919906,00d9dfb0e0b766d8dcc4a635c2ce61e16db7647c37b8fd2a9f06c602c2eed3c2
2665,mb-dielectric-2666,Na3 Y3 F12,NaYF4,F-Na-Y,18,226.8071,4.1268,1.543242,cefae0232ae6b3a6740643392c09d57f0c09e70be03c7745cfa489d99389ddf5
2666,mb-dielectric-2667,Ca6 Si2 O10,Ca3SiO5,Ca-O-Si,18,252.6564,3.0011,1.781672,a03c31e1310b16351d6f0f730c8b4eb04879f182079317bdadac07dc55ef866c
2667,mb-dielectric-2668,Tb6 Cu2 Sn2 S14,Tb3CuSnS7,Cu-S-Sn-Tb,24,518.7782,5.6558,2.818158,a35de59ff843e21bf1196921b40fca1426f71ee1a5d583f739f1aaca07132b88
2668,mb-dielectric-2669,Ti1 Sn1 Pt1,TiSnPt,Pt-Sn-Ti,3,60.5041,9.9258,4.555611,9851d98a362ffabc6a991ba9f3437ccad9aa017612448d9a5cb6115736ceb5fa
2669,mb-dielectric-2670,Ta1 Cr1 O4,TaCrO4,Cr-O-Ta,6,67.8021,7.2724,2.439552,adcedc485f6be2fcd444faf479fb70d014d288821fcb3aad3578247b69aea713
2670,mb-dielectric-2671,Na2 P2 H8 S2 O16,NaPH4SO8,H-Na-O-P-S,30,328.9799,2.2013,1.513546,359d481bc5557625c447cc18691a773b73797c254830311bf14ce275c8ac9457
2671,mb-dielectric-2672,La5 Tl1 Se8,La5TlSe8,La-Se-Tl,14,385.8193,6.5876,3.135533,4e681a4aecbe711468b58cba55adbf87292f0c66d793c0db2a7e612386e96e52
2673,mb-dielectric-2674,Li4 Cu2 P2 O8,Li2CuPO4,Cu-Li-O-P,16,169.2033,3.3838,1.768717,45210a8d29cba2b36f7c6baa4e4c3035ec72d2a6b28c010043a9618398e4338f
2674,mb-dielectric-2675,Mn1 Br2,MnBr2,Br-Mn,3,93.2083,3.8258,1.913374,99bda0e74ee6e25ce58e229e7fe4824a9d24616e36bafd92e249e09e18ec2e93
2675,mb-dielectric-2676,Ca1 O2,CaO2,Ca-O,3,37.9858,3.1508,1.83884,fd89d3b47148e7cc20fff4c2f66b04f19412380f37d1721d497fc12adfe3a5d3
2677,mb-dielectric-2678,H2,H2,H,2,23.5505,0.1421,1.237201,f610224eb2eba0b8e0eb5527d2994407da717e5e421502f0160affbc19fe473f
2679,mb-dielectric-2680,Ag2 Sb2 O6,AgSbO3,Ag-O-Sb,10,144.625,6.3752,4.152526,d4fd7163cf342ba8923863e19b47c8d2cf9f1d22b1118534d526fe1e8e44b3d5
2680,mb-dielectric-2681,Li5 Cu1 P2 O8,Li5Cu(PO4)2,Cu-Li-O-P,16,164.161,2.9152,1.685603,7b46a615425488f48edc264f1c3c324a800b673968b4c8706f7fa64bba4fbc4e
2681,mb-dielectric-2682,Ca4 Co2 Si4 O14,Ca2CoSi2O7,Ca-Co-O-Si,24,316.7643,3.2214,11.215872,b23dcb0b2edbf305f17677acae8d8b38eaff13eddfcd99a309d60ae9ca18fea7
2683,mb-dielectric-2684,Na4 Br4 O12,NaBrO3,Br-Na-O,20,317.2149,3.1595,1.651878,8a9af056aa6fbc21470b79254d0415131a6b957b7b19bc83452069161c049e10
2685,mb-dielectric-2686,Rb12 Sb4 O12,Rb3SbO3,O-Rb-Sb,28,696.0136,4.0669,1.754165,ed70e09aadbc98f9405cb7a03ba48563c2545493282d820ee873909c67fa6519
2686,mb-dielectric-2687,Li2 Cr2 Co1 O6,Li2Cr2CoO6,Co-Cr-Li-O,11,108.3526,4.1808,2.466215,abd5c00df34a5c39d852e31bca36ef7d61d41dbf83a1d40d28281488e7986886
2687,mb-dielectric-2688,Li2 Co2 Si2 O8,LiCoSiO4,Co-Li-O-Si,14,184.6808,2.8405,1.971283,e77fcf6a32b09e1405c80e952b6a40e87dccc26d8efbcd42cf0e30436869a794
2688,mb-dielectric-2689,Cs2 Y2 O4,CsYO2,Cs-O-Y,8,151.473,5.5648,2.020321,566d07846d17d0cde0671fb9d733512f3329e1d340c1c33399f41bf24356b637
2689,mb-dielectric-2690,Li3 Mn2 C4 O12,Li3Mn2(CO3)4,C-Li-Mn-O,21,259.2443,2.3747,1.696368,78cebe9ca7ce3f34d0ba3007be4cdfc5c11683a6f8ed600ead2ea7b3b0700127
2690,mb-dielectric-2691,V2 P8 O24,V(PO3)4,O-P-V,34,513.0504,2.3746,1.69926,6676fb215a925b01b157deecba03f406d621213eeb68610d6d167bce56eda24c
2691,mb-dielectric-2692,Ag8 Se4,Ag2Se,Ag-Se,12,276.1638,7.0879,3.31396,9875c140501bfbf5fde0ab1a33507e2f021da0614221a2fa346800de605d1f1c
2692,mb-dielectric-2693,K2 H16 N6,KH8N3,H-K-N,24,222.7507,1.3296,1.598507,cd97e482fa8077542a549cd66bab6c74dd9223d58949efc3eb924225c97a8aff
2693,mb-dielectric-2694,Sn4 P2 Cl2 O8,Sn2PClO4,Cl-O-P-Sn,16,297.6005,4.105,2.066946,2ae26feb0ed8c662c05238f4a78c0fd8f2c2b83ee8414f310d1b50d0d5f280d1
2694,mb-dielectric-2695,Na1 P1 F6,NaPF6,F-Na-P,8,123.135,2.2649,1.291898,6e09d4969f42291885e242137c247d78030995f1fd4c0697f07f790d9fca587e
2695,mb-dielectric-2696,Co8 Sb8 S8,CoSbS,Co-S-Sb,24,407.8728,6.9295,5.385629,70870371d7a579ca903205a97f25c61d561c7f2d50039a126a807aca3e53f253
2696,mb-dielectric-2697,Hg2 I2 Br2,HgIBr,Br-Hg-I,6,265.2693,5.1005,1.919658,69dabf201873f5500785686f4b3b16d372c8f31ef608e17fb521b93d6d1c0f61
2697,mb-dielectric-2698,Li2 Ca1 Hf1 F8,Li2CaHfF8,Ca-F-Hf-Li,12,142.1681,4.4903,1.5111,325a669739f3b6dd0d1c5b75e12af6911ce475429e145d1418e61b175fde5ec0
2698,mb-dielectric-2699,K2 H2 O2,KHO,H-K-O,6,89.8092,2.0747,1.54531,9c1350d42c90981afc789cd866cb09ec31ed86c98571b91950366b5158b817a3
2700,mb-dielectric-2701,Sn4 P4 Se12,SnPSe3,P-Se-Sn,20,546.3127,4.6999,3.222323,2e66c58f64be134f03993b748928b8e2a580016d098da4ab8fe3514237a11476
2701,mb-dielectric-2702,Ni1 Sn1 F6,NiSnF6,F-Ni-Sn,8,110.4117,4.3824,1.529521,7eb9e977d34918becc6f8b773821f446cf26a357286463ebaa863c9e1f520a6d
2702,mb-dielectric-2703,Cd1 Ga2 Te4,Cd(GaTe2)2,Cd-Ga-Te,7,236.3598,5.3552,3.148795,24ca64517cab7925b2d445ee99ade2b549eb9c3ba02d1bb5f7c22acc9e39f90c
2703,mb-dielectric-2704,Rb2 Sn1 Br6,Rb2SnBr6,Br-Rb-Sn,9,333.1248,3.8336,1.806428,cfdf9fa40fa2a280bc6c84dee6bc2027973556a386dbdae63d27c9456a60eff8
2704,mb-dielectric-2705,Ca6 Ga4 N8,Ca3(GaN2)2,Ca-Ga-N,18,252.1894,4.1575,2.51041,e4c85ec2ec4f8180063f80cbfc326382231ff72ff353a800d36ad680e8fb38c0
2706,mb-dielectric-2707,Nd8 Te4 O24,Nd2TeO6,Nd-O-Te,36,532.5718,6.3866,2.026402,4919870b3e7167b82245f225676bf93f421005514c4836e6fb891defdf8434a2
2708,mb-dielectric-2709,Mg2 In4 Se8,Mg(InSe2)2,In-Mg-Se,14,376.1456,5.0307,2.790859,8fab151591248f61f62c0f0ea39ae6009f8936c8df952a2f0b81926e84b105ae
2709,mb-dielectric-2710,K32 Si32,KSi,K-Si,64,2048.1809,1.743,2.450689,82190f2a21f2ac5a9f4c5ae1392343f38c117b8b6da8c84a0551cde56f22bdda
2710,mb-dielectric-2711,Cs2 Pd1 I6,Cs2PdI6,Cs-I-Pd,9,407.0037,4.6252,2.535842,007d548a67517930993f0b0a8d59b2bc321d71993b8c540924a595ae8d883493
2711,mb-dielectric-2712,In2 Br6,InBr3,Br-In,8,281.9432,4.1761,1.914158,62db14eeb8d3e146b36ed661139208af8c178cb80fb738722b3afd9cc2828140
2714,mb-dielectric-2715,V4 S16,VS4,S-V,20,489.3765,2.4322,2.480591,e094fe9836506d8ce210e6823d258b81df3b88387687412742cc22aef6de1a8c
2715,mb-dielectric-2716,Sr1 Ni1 F6,SrNiF6,F-Ni-Sr,8,101.7879,4.2465,2.131116,1b33e19c48e5f28fa6b548f83bda53848968624fdd05d37fe98dd44bc559811f
2720,mb-dielectric-2721,Li4 Cr2 O6,Li2CrO3,Cr-Li-O,12,103.5284,3.653,2.715373,d87d3ed23a7ff4e1dede85f250622f2a179145ac17c14f9ca42fa154b65a4d3a
2721,mb-dielectric-2722,Si8 Br32,SiBr4,Br-Si,40,1812.429,2.5485,1.531013,371b8c446c2149cbaaeb2a168aae93eb1725281323226f30e9ef423bbc4ff7da
2722,mb-dielectric-2723,Zn3 S3,ZnS,S-Zn,6,121.4706,3.9975,2.424944,dddc8791a0f13ba491853c82f44e3a68d0e7767e0758b4e72e5148feb1ccf082
2724,mb-dielectric-2725,Ni1 H2 O2,Ni(HO)2,H-Ni-O,5,39.8324,3.8648,1.815459,8d0b9d41df54fe41c2de0007b2fbb3ae993947e8727afc5055252633f3f943be
2725,mb-dielectric-2726,Cs1 Br1 F6,CsBrF6,Br-Cs-F,8,153.7365,3.5298,1.528494,6efe1fc03d85ac760168a4cee34b42183b9fa85fcdfdc07be8e5b0f0b934af59
2727,mb-dielectric-2728,Sn4 Cl8,SnCl2,Cl-Sn,12,352.2566,3.5754,2.090215,18b0b337c2fc178808f3b69dcfe974b40f526f2cafab50a2361bb58dfde9ff30
2728,mb-dielectric-2729,Na20 Hf4 As12,Na5HfAs3,As-Hf-Na,36,897.1277,3.8367,2.75439,5946421cf2fb5c6c2b98a868416a8a9cb80e35fedf778776c2d17311fa7ce85f
2729,mb-dielectric-2730,Rb2 Te1 Br6,Rb2TeBr6,Br-Rb-Te,9,344.0651,3.7546,1.919895,ca491c748ce57ffb9b07b54b121dcd9e557f10f450949f70a4dd6bc397f5bf78
2731,mb-dielectric-2732,Ba6 Sb2 N2,Ba3SbN,Ba-N-Sb,10,343.916,5.2894,3.337664,dc495e86857a6a5e139f1ab4102139607ab5076e007f9a4d782be9a90fce8930
2732,mb-dielectric-2733,Zr2 Cl8,ZrCl4,Cl-Zr,10,314.9689,2.4572,1.730222,494fea334a6219dd80dbe55f502965544375bb73348a46339dd5fe9dd2536bbe
2735,mb-dielectric-2736,Tl12 Sb4 Se12,Tl3SbSe3,Sb-Se-Tl,28,914.561,7.0578,3.254685,f3f792b2afa22697be6a2623bb40eb95ab7112a7ced7072a121e9e95112350eb
2736,mb-dielectric-2737,Sm6 Ga2 O12,Sm3GaO6,Ga-O-Sm,20,292.0056,7.0151,2.05605,0bd081d0269999f5a1a045446bf89c1ce257f60bfe664b9acc862f4d41766263
2737,mb-dielectric-2738,Ba2 Si14 N20,BaSi7N10,Ba-N-Si,36,436.6374,3.6052,2.08585,64c649053e751d5ac3a89fe74cdc9afc9e4ca05ffd374f8c2fa59c5c8b21b2b2
2739,mb-dielectric-2740,Li4 V1 Fe1 Te2 O12,Li4VFe(TeO6)2,Fe-Li-O-Te-V,20,205.5263,4.7002,2.440833,7923d14f553adc3d69c6666616a763aea5c1861911c6fa12ff7cd1ae37a3725b
2740,mb-dielectric-2741,V1 Br2 O1,VBr2O,Br-O-V,4,96.7965,3.8899,2.855702,27d48bdad44713e48621342406ae637d9730c987c5148f1bbf3bc5de40a3a12a
2742,mb-dielectric-2743,Rb4 Se6,Rb2Se3,Rb-Se,10,358.5408,3.7775,2.374989,a3268dc4ccfebdd35257b436eba959d9876021c6226ae53495f6fc191b367b4c
2743,mb-dielectric-2744,Na4 Be1 Al1 Si4 Cl1 O12,Na4BeAlSi4ClO12,Al-Be-Cl-Na-O-Si,23,341.5247,2.2742,1.524211,9b00788515dd45ffda0a5cfe8a87396824865b9273d244f732d9891a04dd8af6
2745,mb-dielectric-2746,Ba2 Te2 W4 O18,BaTeW2O9,Ba-O-Te-W,26,387.0246,6.6641,2.088414,588495dc03c75df24d3397e2d1d1c49cd5a9de8fe8fd1a91cd2009d519764347
2749,mb-dielectric-2750,Cs1 Ca1 F3,CsCaF3,Ca-Cs-F,5,96.1915,3.9701,1.519231,f6ea0b16e2c1e32590d5077c8456ff0312cf3f093e8c431f24141f39144cd4f2
2750,mb-dielectric-2751,Li4 Mn8 O4 F12,LiMn2OF3,F-Li-Mn-O,28,353.122,3.5703,1.678733,42ffa933f1e255ef559a4d75875d1de1eaf1d3ba7017373470a07185e5de8b71
2751,mb-dielectric-2752,Cs3 Li1 Cl4,Cs3LiCl4,Cl-Cs-Li,8,288.8248,3.1476,1.586347,6a3a39cd54ba84ea6c3d9a37e781d5ed424ccff64c72fd1e0853dc2bd008433e
2753,mb-dielectric-2754,Li3 V2 C4 O12,Li3V2(CO3)4,C-Li-O-V,21,260.7056,2.3104,1.668752,68bae755d59c5d80e8091435f1ce016f5b72263ef115306ee538cd2be4531b7e
2754,mb-dielectric-2755,Nd4 Pb2 S8,Nd2PbS4,Nd-Pb-S,14,326.9611,6.3377,3.122468,7c4c8d6c11ee51398c6f109c8df6d0aef208f93d31c104b2f811f350a0e3eb5e
2755,mb-dielectric-2756,V3 O4 F2,V3(O2F)2,F-O-V,9,108.6678,3.8939,2.438762,4689dd9c333bdbdff5ea59f239241afb3f414cb587e7377055a6a95b9c4af41d
2756,mb-dielectric-2757,Ge4 N4 O2,Ge2N2O,Ge-N-O,10,142.3955,4.4149,2.060813,0aeee260038aca382238711f19831fc9b894113cd4b2533ffe7f4e61cc6cf14d
2757,mb-dielectric-2758,Cd1 In2 Se4,Cd(InSe2)2,Cd-In-Se,7,210.8741,5.1806,2.75568,e7480bd08434c81ed420323db5372de3c6bd2207bfe29937da9094f431cf7156
2758,mb-dielectric-2759,Ba2 Mg2 Te4 O14,BaMgTe2O7,Ba-Mg-O-Te,22,325.2779,5.3993,2.019978,dd63b559f1e25a99aae03b884e0bd2bc384d4e21f490964bf98eabc4559dc29d
2759,mb-dielectric-2760,La2 Ta2 O8,LaTaO4,La-O-Ta,12,168.7699,7.5535,2.278494,4cb360f8ee114fb493c9b808034c94220aa84a83ef41274f777b423227457b3f
2760,mb-dielectric-2761,Li4 Zn4 P4 O16,LiZnPO4,Li-O-P-Zn,28,347.0515,3.2023,1.633783,87057204fa1aefad8533a41042e53500751b7bfc5b558d96c4116e4ef36087cd
2762,mb-dielectric-2763,Li4 Co2 Si2 O8,Li2CoSiO4,Co-Li-O-Si,16,171.0796,3.2011,1.773964,4226bfb646c1cf364055e44c80af5079d41518944fa02713285385ca0206c24d
2763,mb-dielectric-2764,Cd1 In2 Se4,Cd(InSe2)2,Cd-In-Se,7,212.4931,5.1411,2.744952,169bdb4efaedbebd957e3ba7d864e08fa2d107123c5c0cccaa337bec49f84571
2764,mb-dielectric-2765,Ba3 B3 P3 O15,BaBPO5,B-Ba-O-P,24,319.6034,4.0387,1.68923,254d7908e0fd2644f1edef40f29d87a7b279086dc757ffb6ce46d4d1624c8b86
2765,mb-dielectric-2766,Tl1 As1 F6,TlAsF6,As-F-Tl,8,133.9766,4.8746,1.524374,d26950896cd99d2ffe53e9ceaae90b33a982b25fadc052ec46e9d08df1801074
2766,mb-dielectric-2767,Li2 Fe2 Si2 O8,LiFeSiO4,Fe-Li-O-Si,14,194.5285,2.644,1.859738,a1ee3fbf382deb6d552af0dca57311a16bf456a15e4d100f321d9dcf18d3c917
2767,mb-dielectric-2768,Li4 Cr4 Si4 O16,LiCrSiO4,Cr-Li-O-Si,28,280.7457,3.573,1.976579,1bec7218c1a845dd040940a35fd565e3e029b0973ff7714f86e0ee0b0c7b9374
2768,mb-dielectric-2769,Li4 Cr4 Si4 O16,LiCrSiO4,Cr-Li-O-Si,28,300.2074,3.3414,1.889762,bde318403c0c19bb93f0a7b99335db0506ac4dfdda2634070febf2111bfe804a
2769,mb-dielectric-2770,Al2 N2,AlN,Al-N,4,42.5273,3.2009,2.456692,619f6ddd075e1b761867946b778872a4c6d88be337e172661206949cebe01657
2770,mb-dielectric-2771,Sc2 Tl2 O4,ScTlO2,O-Sc-Tl,8,119.7025,7.8056,2.972231,4d374c646a0041c8d78ae4c5ac444526178b328b2500040f09b4ce7b00a623b0
2772,mb-dielectric-2773,Ni1 H2 O2,Ni(HO)2,H-Ni-O,5,40.743,3.7785,1.788828,3e897a3044aa7a1ba8572cb3939868825d6ead977c79cd03603ed4f9ba65cee3
2773,mb-dielectric-2774,Rb4 Co2 O6,Rb2CoO3,Co-O-Rb,12,207.3417,4.4507,2.364817,3cef68a520b1cfcd7e6f2175006e9def62f68f7f5d61eb6f69ebf9916d9c1711
2774,mb-dielectric-2775,In1 Hg1,InHg,Hg-In,2,55.2183,9.485,9.470181,298ef29a8fa2c147c5fbed4fff22b467a5e93b9807507356eecaac297fbc0e33
2775,mb-dielectric-2776,Ba4 Pt8 S12,BaPt2S3,Ba-Pt-S,24,589.7309,7.0246,2.896714,4a54b7a1ffcd2abb1fa23b59a627e6ca34570e5006f0840964762e39874a16ac
2776,mb-dielectric-2777,Na12 Zn2 Se8,Na6ZnSe4,Na-Se-Zn,22,551.9909,3.1237,2.123169,f8b2a649960e66a6f2e68f784fcd4ebe668c9b779d7b63e20b923784499c77cf
2777,mb-dielectric-2778,Sm2 B2 O6,SmBO3,B-O-Sm,10,128.4975,5.4061,1.859635,52fde0777cd54eeb0c40cae036218cf84d40836f3872ff9dbc45e7b96ad3e3c2
2778,mb-dielectric-2779,Hf6 N8,Hf3N4,Hf-N,14,151.4006,12.9749,3.343807,8d586d52aab2afd4ebd6a1e7a99b332fe04715c7ceb8cf73b58265bbf22803f0
2780,mb-dielectric-2781,Ta6 Te2 I14,Ta3TeI7,I-Ta-Te,22,771.4926,6.7101,2.805405,1c7126010de6a9067f29f2b2c2e464fd6363767d8e6be70ca67713875b0f1cb9
2781,mb-dielectric-2782,Fe1 Ag1 O2,FeAgO2,Ag-Fe-O,4,51.775,6.2769,2.684341,8710c136b9455f131ac8d9644a03949000492a938be4a828e04b80e906812110
2782,mb-dielectric-2783,Sr8 Ti2 N8,Sr4TiN4,N-Sr-Ti,18,337.7042,4.4684,2.553714,439cfbc36ea41b82a55cbf8adedd0f2bb95c979e1599b02dd3614a010130bf00
2783,mb-dielectric-2784,Na2 H18 O10,NaH9O5,H-Na-O,30,290.1842,1.2825,1.42346,df11d01be40405ceec535a53ff77600a88e2d5ce20047ecc092c8cabcafedeeb
2784,mb-dielectric-2785,Bi8 Ru2 I4,Bi4RuI2,Bi-I-Ru,14,534.5504,7.3983,3.246434,8a954614a034964dbb8edf2ff5551754ee5ae2e80b2b77f30285d210dcdaae4b
2785,mb-dielectric-2786,Cr2 F6,CrF3,Cr-F,8,101.7907,3.556,1.683944,ed2ea9e0fd842aad79186a86d41f06d27b34d440ece8bac211ea2471aafbe1e3
2787,mb-dielectric-2788,Li2 Cr2 Si2 O8,LiCrSiO4,Cr-Li-O-Si,14,133.905,3.7456,1.944932,18554423c38df6ab55aa6ba27c0161b122b64e951a1ec1e4c5f9078734f1a437
2788,mb-dielectric-2789,Tm8 Te4 O24,Tm2TeO6,O-Te-Tm,36,467.9103,7.9702,2.003371,3e308b12c9ce3e5354d176922be93f9fd01c754e2a0991fffe6fc218f37b4c54
2789,mb-dielectric-2790,K4 Na4 Sn4 F24,KNaSnF6,F-K-Na-Sn,36,607.6217,3.2225,1.389978,59d828cf8198518c448f191f7feeb35188472af77df05ac21573678cf9efac28
2790,mb-dielectric-2791,Na6 S6,NaS,Na-S,12,275.7308,1.9893,1.919821,9448f2a28ceef7c39aa0a088149f25acafdfaa9448d3c5410b018ed70c6dbffa
2791,mb-dielectric-2792,P4 N3 Cl11,P4N3Cl11,Cl-N-P,18,513.2809,1.7984,1.704962,231ed98e6f2fd8a7495946940fc264605d45d0d45f1d6cd78e68833fc5b4b795
2793,mb-dielectric-2794,N4 Cl4 O4,NClO,Cl-N-O,12,268.2371,1.6209,1.706947,12cc36b4bb424047a9c2a1611a47be5c493188dd4ecb046ff072c0b1a17ce0ba
2794,mb-dielectric-2795,Ca12 Al4 N12,Ca3AlN3,Al-Ca-N,28,416.6907,3.0165,2.407984,6d1cf97ccfc2d9f18f6aad12d659234ac778b16fa0f01d106563a76637ce2f68
2795,mb-dielectric-2796,Cs2 Cd2 Br6,CsCdBr3,Br-Cd-Cs,10,371.8158,4.3323,1.809855,003c6284581c88a3c10d3f4a6184a2352737e756144d5d40c8fa918591c34853
2796,mb-dielectric-2797,Y2 B2 O6,YBO3,B-O-Y,10,121.2255,4.0468,1.852381,42788165ef949aebb190d3a41d88ee5a0b86498d34143b932592984cbe626b80
2797,mb-dielectric-2798,Ca3 S3 O12,CaSO4,Ca-O-S,18,273.8467,2.4766,1.554414,e48b6665b56a08dd05c9b0823858cedcf89853f1e734c153161b62d90eccdd11
2798,mb-dielectric-2799,In2 Se2,InSe,In-Se,4,130.1624,4.9442,2.712665,fa8655e37347daa224d72e9df2ab77a19affa800fa5ac728aba0f1c6d2dbf3b8
2799,mb-dielectric-2800,Nb4 P8 S32,Nb(PS4)2,Nb-P-S,44,1163.7093,2.348,2.252381,69ca3b9c9fdcf218caf2300a8dfb490e335193124bc842c72e41bdf63ba857b1
2801,mb-dielectric-2802,K12 Ni4 O8,K3NiO2,K-Ni-O,24,522.3845,2.6446,1.806386,e1048a82a0e82f35ac42bd93d0749957185a6c6be3b60bae2da3cf626809e511
2802,mb-dielectric-2803,Sc2 Al6 C6,Sc(AlC)3,Al-C-Sc,14,164.5305,3.2686,3.397193,3c73e82c349cccc936d2f7b31cf3ff190474d64c26eb74e2b07e44cd0b83d08c
2803,mb-dielectric-2804,Ge14 Ir6,Ge7Ir3,Ge-Ir,20,340.4757,10.5846,6.746011,6daa13daa841b3e0bd3890455b75b5b1c1e5e49d922bf8acc80585066068ed66
2804,mb-dielectric-2805,K1 Sr1 C1 O3 F1,KSrCO3F,C-F-K-O-Sr,7,116.5796,2.9303,1.519923,4bb3ad7ebe32cb74f002c87ca3e58261423cf26927312a09d3d3f3feb6f746c3
2805,mb-dielectric-2806,Li4 Mn8 P4 O20,LiMn2PO5,Li-Mn-O-P,36,437.0041,3.4622,1.803074,077cbff906c9f6e71e35ce3289a6226f5ca2971178b89150f7aff3c5eac4859b
2806,mb-dielectric-2807,Ca10 Si4 N12,Ca5(SiN3)2,Ca-N-Si,26,376.5603,3.0039,2.287864,e17159606f8266d00ade4928112b2d133e226874fbeb2825a950bee8c0459377
2807,mb-dielectric-2808,Li2 Nd2 Ti4 O12,LiNdTi2O6,Li-Nd-O-Ti,20,229.8421,4.9549,2.542451,5de9666f3f5752e3f60b7bac2aedc8d71550c303d3262269bec4e2100669ed5a
2809,mb-dielectric-2810,H8 I2 N2,H4IN,H-I-N,12,167.2236,2.8786,1.823915,a2551cd1b4d2a27efa22dc1a8096af080eb8355c03ec75e00f5c33a82c26accb
2811,mb-dielectric-2812,K1 Na1 B2 H8,KNa(BH4)2,B-H-K-Na,12,131.7258,1.1569,1.543589,4118173e0f9d4e49fff13015d3e26a5d447bccdb325f88cc34e392d6d07e4879
2812,mb-dielectric-2813,K6 H2 Pt2 S4 Cl4 O12,K3HPtS2(ClO3)2,Cl-H-K-O-Pt-S,30,582.9555,3.1015,1.640125,ff43a4b0ded0f6a5bc13d963533c1365aa6642cdbb567ae3081210597bfc154e
2814,mb-dielectric-2815,Na10 Fe6 F28,Na5Fe3F14,F-Fe-Na,44,613.4825,2.9691,1.473844,53834afd673a09ece18b0751c8da915f25105ed3e93598c59e3e77daff10d8d4
2815,mb-dielectric-2816,K12 C24 N36,KC2N3,C-K-N,72,1159.8795,1.8063,1.649736,613d107545e91ea9df14a5e195417057ce2669abd2ad033a5a88ed73a43352e6
2816,mb-dielectric-2817,Li4 Be2 Si2 O8,Li2BeSiO4,Be-Li-O-Si,16,146.2058,2.6117,1.668338,d03dfdb843005851ac3c0188570451170173289728c056d99faa2427e551fc9f
2817,mb-dielectric-2818,Er2 Cl2 O2,ErClO,Cl-Er-O,6,143.3751,5.0661,1.714302,97e9b15fef4a60779b31f9d38a263c87c85fc5bea413942bf007919bc3ee1ee3
2819,mb-dielectric-2820,Fe6 O5 F7,Fe6O5F7,F-Fe-O,18,212.0028,4.2927,2.368439,0ffb63f5164e2bb1c7454e0340d42394e5f5998385f613134c98e416b9c5046e
2820,mb-dielectric-2821,Mg2 Ta4 O12,MgTa2O6,Mg-O-Ta,18,219.2816,7.303,2.315668,d2517f115fc27dc9de6a285d977a4c5594a40298dbf6a967feca2bb4b765c7e4
2821,mb-dielectric-2822,Mg2 Se2,MgSe,Mg-Se,4,107.8932,3.1786,2.158016,a874b953f905621c85131008d46a3899eddd7c6c1506d5ca14d24dabc21e5014
2822,mb-dielectric-2823,Fe4 F12,FeF3,F-Fe,16,287.8768,2.6036,1.491308,e451b56ad354535fdfa46e6c5631c3b80e2b6b025fbc197e7855f5f00902dfdb
2823,mb-dielectric-2824,Li2 V1 Ga3 O8,Li2VGa3O8,Ga-Li-O-V,14,189.6602,3.5195,1.84422,804e5ccae59d9a85c7f84c4161a8813bbaf9db36fbeb0e645bc3cbfc104554fe
2824,mb-dielectric-2825,Y8 Hf8 O28,Y2Hf2O7,Hf-O-Y,44,669.9766,6.4123,1.975272,fb6b31c224a2402af297e735565223375e178bf4f6cdd9097b4eea4004813878
2825,mb-dielectric-2826,Cs2 Tb2 P8 O24,CsTb(PO3)4,Cs-O-P-Tb,36,565.8897,3.5666,1.601726,d0c1edda0e7a07bcee8bb074310b10b77ddea635609fc50e6143217cbe38d563
2826,mb-dielectric-2827,Ti2 Ga4 O10,TiGa2O5,Ga-O-Ti,16,168.3379,5.2737,2.360511,73ba88f097743087e1b4897a5413a438d471d7041ec7d32c09c7b37de333eb56
2827,mb-dielectric-2828,Cs2 Ti2 Nb2 O8 F4,CsTiNb(O2F)2,Cs-F-Nb-O-Ti,18,295.9604,4.2156,2.158561,30399434af1c3ba55726a788c74064ba6d8f29ba8083ea9b4e098b2345d04ab6
2828,mb-dielectric-2829,H12 N4 O16,H3NO4,H-N-O,32,330.7798,1.6271,1.478502,189abf303450c2b99a058c2e0d3975f56227299f89494627df2f7057d21022eb
2829,mb-dielectric-2830,Nd4 Be4 Si2 O14,Nd2Be2SiO7,Be-Nd-O-Si,24,277.3251,5.3481,1.922776,2fe413155ffb2c473ace9c3fe3958d88e72eeb69ea0b9a2a98538ab633861e01
2831,mb-dielectric-2832,Cd4 P8,CdP2,Cd-P,12,288.1195,4.0196,3.108139,6be65dc6455e747150def6742d5b75688f507238722b84b144a8a4d93765b37d
2832,mb-dielectric-2833,H28 N4 O24,H7NO6,H-N-O,56,523.0351,1.4866,1.469991,58f7da015bb7e8e02259db0c2b3729514bf950f95160d80a8d16a1bcb10e91f2
2833,mb-dielectric-2834,Sr6 Al12 O24,SrAl2O4,Al-O-Sr,42,596.4967,3.4338,1.700602,4640e0e6ba6baaf54b7b70d58f08370524e6ff44f108e9efa249b1344ef0cb36
2834,mb-dielectric-2835,H2,H2,H,2,86.9178,0.0385,1.116841,b4d8b54ccee8bcad900f7338fac2a87759951769bf2127a887b3968f6660b2aa
2835,mb-dielectric-2836,Cs1 Nd5 Se8,CsNd5Se8,Cs-Nd-Se,14,383.2844,6.4371,3.063745,8bfab154fcd7b9201f89179a38ea16217abae221530b01e70004a68c704c9462
2836,mb-dielectric-2837,Ba20 Si8 N24,Ba5(SiN3)2,Ba-N-Si,52,1018.0093,5.3949,2.589092,8a29977c30e5cdb1526cc8b629f5ab7536e40915adc295dc8dd241f4087da759
2837,mb-dielectric-2838,Li1 Y3 W1 O8,LiY3WO8,Li-O-W-Y,13,195.9786,4.9609,1.98328,305daac864eccace8b0ed928e9d841c39127a902f188eb94d8b4cda389cb177d
2838,mb-dielectric-2839,Sr3 Sb1 N1,Sr3SbN,N-Sb-Sr,5,141.9098,4.6645,3.137515,131e57578f18def862dcb9e5fa51e41cf0c3686c75462c5789e9ee54b640e8ef
2839,mb-dielectric-2840,Os1 Cl4,OsCl4,Cl-Os,5,137.8383,4.0001,2.048007,80f1304fd85452b63eac452ced0f021c6405e92550c1f33979b4701ccf3a0c34
2840,mb-dielectric-2841,Li6 P1 S5 Cl1,Li6PS5Cl,Cl-Li-P-S,13,271.5538,1.6412,1.87772,a84f3fc8bf923c1df9e1788c693c78889d6aa2124a2920f93c9f4d63d7cc624e
2841,mb-dielectric-2842,Na8 Ge8 O20,Na2Ge2O5,Ge-Na-O,36,497.7672,3.6196,1.709337,bec899067ac6cb6e6278a332b0b419ccf8dac5e3afed09af21da445bc0adb99b
2843,mb-dielectric-2844,Cl16,Cl2,Cl,16,1135.6489,0.8294,1.231666,5ee268beb1fd32504d589639b0077f40fc2980649e0daa0ee2db80c6f9fde11d
2844,mb-dielectric-2845,Rb6 Se6,RbSe,Rb-Se,12,489.3398,3.3478,1.834304,5dc003a81e8bb39e7ae7a7a4c675b559168bcc6a10cb6297e6a4388a825ef354
2845,mb-dielectric-2846,Er1 H9 C5 N2 O8,ErH9C5(NO4)2,C-Er-H-N-O,25,252.8406,2.5771,1.618566,547be0442f9ba16e0b54d58899d89458ba153380965cb420437cc2266b4f9392
2849,mb-dielectric-2850,H32 Se8 N8 O20,H8Se2N2O5,H-N-O-Se,68,728.677,2.4976,1.674136,25f387540166ccfe54b0b481f1d220fafd1def52d4ca29ebaf80f5091c3b53fc
2851,mb-dielectric-2852,Dy4 P8 O26,Dy2P4O13,Dy-O-P,38,537.6758,4.0574,1.658103,59141fc507146689111e98fac2f85a3b2db215e053afea2cc3a41949257bb178
2852,mb-dielectric-2853,Ba2 Zr2 N4,BaZrN2,Ba-N-Zr,8,150.0141,5.6799,2.78151,73e3df0b9191e3e112f4aba397f48eb013742829e76862acf0dd2f2d34cef03f
2853,mb-dielectric-2854,Na12 Co2 S8,Na6CoS4,Co-Na-S,22,476.05,2.2682,2.135681,b373909f3834f09f41519ae3f0aac433ff6bffc2a84ea588ccb998544993acb7
2854,mb-dielectric-2855,Li2 Br2,LiBr,Br-Li,4,103.4229,2.7887,1.652169,c03c02c69fb8934fc969517e278c4594b56509a169fde7ce2e9475aed39ff961
2855,mb-dielectric-2856,Hg8 O8,HgO,Hg-O,16,291.2832,9.8778,2.373114,d3cddababfa75787fc4219cf4b972df24d1bcd663295cfd86f68fc113f8ecc2c
2857,mb-dielectric-2858,Co2 F4,CoF2,Co-F,6,72.6234,4.4326,1.616065,1f9e5aa45944ca54dfba9f7957278ed235c0a2848b2ec8caab2932f58cf08fa4
2858,mb-dielectric-2859,K4 Te4,KTe,K-Te,8,345.1915,3.2076,2.261637,c108d740e89634a502c05849af3222a6e9dbcdb1d054919425aa0ba9a006f775
2859,mb-dielectric-2860,Cs4 Si4 Te12,CsSiTe3,Cs-Si-Te,20,832.7004,4.3376,2.594705,be9dcb5ce738ac62fc6f06b8963908c59b51c5ad9b57365680b42a310527cc88
2863,mb-dielectric-2864,Nb2 I6 O2,NbI3O,I-Nb-O,10,350.8402,4.6348,2.415865,3168a2848521c201e790ea0c916a79f3ba751490e768bf158468f98f8aa20288
2865,mb-dielectric-2866,Li1 Fe1 Si2 O6,LiFe(SiO3)2,Fe-Li-O-Si,10,141.4505,2.5234,1.676587,e99dff7ddbe3acc813dd00cbb3374b6cd7a9d934b4c41651559236808468f12a
2869,mb-dielectric-2870,Sr6 Cu3 Cl3 O6,Sr2CuClO2,Cl-Cu-O-Sr,18,392.5673,3.8861,1.899128,f16cf66ffd1f3ed669d0ae807454eb4bbea03842bc360b49541450f5dd2dcad5
2870,mb-dielectric-2871,Li6 Si2 Ni2 O10,Li3SiNiO5,Li-Ni-O-Si,20,163.17,3.8183,2.332224,9fd7ab11db6942aaffc23229f103107b0ef0996d484aff4ecca66d956ce6c930
2871,mb-dielectric-2872,Li7 Nb1 O6,Li7NbO6,Li-Nb-O,14,134.1299,2.9401,1.92012,462d854d73040844d1378f1334c3e10cd8d73e60edc93331d468735c1f970b27
2874,mb-dielectric-2875,Li12 Fe4 F24,Li3FeF6,F-Fe-Li,40,429.105,2.9512,1.501081,45b7ed9c73c48e408ae9ecfb5f7e5ecd254b7ad5adc58c9dbbb3841d410676ce
2875,mb-dielectric-2876,H8 I8 O24,HIO3,H-I-O,40,545.5319,4.2836,1.98133,64aed5fef294de2bb66d60373aabdbab5f6426a0406c1b3bbff98772fd4a635b
2877,mb-dielectric-2878,Be3 F6,BeF2,Be-F,9,105.3551,2.2228,1.341814,ab13c4e3a0c51c05b15d4425653b3f7007b780bc34a661ae9c09f6a9078168d2
2878,mb-dielectric-2879,Hg2 Se2 O8,HgSeO4,Hg-O-Se,12,180.0278,6.3376,2.131274,f89bf7469fba71b3e3463eac87d6ca8cc745edcaec336f4d9a34b514c0f5bf55
2880,mb-dielectric-2881,Sn1 F4,SnF4,F-Sn,5,72.3463,4.469,1.544129,4f7d69656f778baedaa21b105d7916271d1ae6738602d1b376c1f6e451bf5b49
2881,mb-dielectric-2882,Sr4 Li4 Sb4,SrLiSb,Li-Sb-Sr,12,333.445,4.3091,3.182138,0e80af60f8ca281e7f567765989e162935344544a8ec21decfaf119a6d4525b5
2882,mb-dielectric-2883,Si8 O16,SiO2,O-Si,24,455.6544,1.7517,1.397975,99ad45dab1db842aa3f8efc66128c981e9b34de2a37d01320389d6eafb53d0ed
2883,mb-dielectric-2884,Li16 Se2 N4,Li8SeN2,Li-N-Se,22,251.6032,2.145,2.393995,3421f864976c053cab28d926d13541216b96355cda96a8d1ceefcaaa53428011
2884,mb-dielectric-2885,Ga1 Cu1 O2,GaCuO2,Cu-Ga-O,4,45.4021,6.0445,2.416687,ae4c73ea6b7b5015fe939ba074648bf50bcc28fa3f9c9675a932c3b7f1055142
2885,mb-dielectric-2886,Li4 Cr1 Ga3 O8,Li4CrGa3O8,Cr-Ga-Li-O,16,181.2567,3.8195,1.883221,bf1a8cd37eef86fb67b34ff99f72367d9376511021b692de1b5b974992586a8d
2886,mb-dielectric-2887,Mn2 F4,MnF2,F-Mn,6,82.8264,3.7264,1.53384,c28ccef5055f845eb1939f8eddbb858b40ed6782583f53b9e8c32db49041f717
2887,mb-dielectric-2888,Fe4 Si4,FeSi,Fe-Si,8,88.1334,6.3254,8.777528,5f8c13c73c49cbf4c05ab8ecf2bc0458b9a80863b4b0c7748f59781dcefc9043
2888,mb-dielectric-2889,W3 O9,WO3,O-W,12,188.5696,6.1247,2.527449,8a4ca628139643ebf850682cb4d9ed715cf0d44cf5aa554932a2548821be6296
2889,mb-dielectric-2890,Ta1 Cu3 Te4,TaCu3Te4,Cu-Ta-Te,8,214.6684,6.8225,3.022306,515894d02e212ccefb08594853ce8e84a8f97e8f8a48bc834f4d4fc81ef6329c
2890,mb-dielectric-2891,K2 Cr2 F6,KCrF3,Cr-F-K,10,154.4652,3.184,1.570019,6b7a7c566a8981dcccf042ee3c71c076a960749f5db2c766204b4047e8df9c41
2891,mb-dielectric-2892,Rb2 H6 O4,RbH3O2,H-O-Rb,12,145.0807,2.7582,1.548169,7cb5ca0ebf578d8b1c9b454803737917be6b38f8a780ab44e00eec783269db24
2892,mb-dielectric-2893,P8 N8 Cl16,PNCl2,Cl-N-P,32,823.082,1.8704,1.596768,51516cf86e4cf826b9e5dd6a246419c45903e980679d6bd5bcf78a4023f18c90
2893,mb-dielectric-2894,Ga2 As2,GaAs,As-Ga,4,95.0455,5.0542,8.311524,0c9489a52f5f5703e3268f890faeb780d6f5c5ffb4e20e1bbe50c7a0ebddff9c
2896,mb-dielectric-2897,Pr5 Ag1 S8,Pr5AgS8,Ag-Pr-S,14,322.9275,5.4966,2.948162,3b8e4c65259f4a22a2b344078f2bc2062be6eb7b8224bfdd0091cda174d54cfd
2898,mb-dielectric-2899,Li4 Cr4 Sn4 O16,LiCrSnO4,Cr-Li-O-Sn,28,318.2965,5.0426,2.195658,0e674e64e7dbbb5bd783ce8461ba985b98058c464d20eb576b54e34629766e91
2900,mb-dielectric-2901,Cr4 O1 F11,Cr4OF11,Cr-F-O,16,199.0139,3.6126,1.85283,adb36fa262ffe8c884f506036e0f322986601eafe41260087dbf5c15a4e1a5e0
2901,mb-dielectric-2902,Zn1 In2 Se4,Zn(InSe2)2,In-Se-Zn,7,199.1412,5.0939,2.773418,6b6b96b568ec581c5393bea5ce7901750af25e1feb12b15ca9283cda689fc37a
2903,mb-dielectric-2904,Tm8 W4 O24,Tm2WO6,O-Tm-W,36,467.0435,8.7848,2.118794,f1340f7168c0ab23eea6f53839275b0fc26376e2b74b7fb8c71ce38e649e2083
2904,mb-dielectric-2905,Li1 Fe2 Cl2 O2,LiFe2(ClO)2,Cl-Fe-Li-O,7,114.8987,3.2017,2.016695,8d2dff0a8adf45c582066e00343f40bd06a778eb3c7eef5d631a7f86f30fe159
2905,mb-dielectric-2906,Tl8 Se4 O16,Tl2SeO4,O-Se-Tl,28,569.6265,6.4334,1.954012,42d106a7c1a3d4ce09db30f5e2b7c03e3edc3734003b135c767a661836e674de
2906,mb-dielectric-2907,H12 N4 O16,H3NO4,H-N-O,32,360.4271,1.4932,1.419718,4178802936f7172c42105ad8e670e84d7ce1ab975591e502c81746ac3f843db9
2908,mb-dielectric-2909,Li4 Al4 Si4 H8 O20,LiAlSiH2O5,Al-H-Li-O-Si,40,438.6203,2.181,1.560115,285859b511f960350899e612e47068bd8efd97a64b2164f5679382b85caf4802
2909,mb-dielectric-2910,Li4 I4 O12,LiIO3,I-Li-O,20,303.5488,3.979,1.806043,b423a2a5425cdde06cd7f6120189c1bb09ca0a8404fc1512a712d0e76ee87c78
2910,mb-dielectric-2911,Li2 I2,LiI,I-Li,4,134.0383,3.3163,1.774423,91dc172a26e3a5cfcc8f7451bf89cd3c60208881427405916434a84a34440b6a
2911,mb-dielectric-2912,Li4 In4 Se8,LiInSe2,In-Li-Se,16,436.7878,4.253,2.400248,7308b59a409ebaaf0217a8c0d1315ecbcb2205c1f6bca9470a0966a1db276868
2912,mb-dielectric-2913,Ca4 Zn2 Si4 O14,Ca2ZnSi2O7,Ca-O-Si-Zn,24,316.2474,3.2947,1.738547,870ce68c54be3ef703197a84ee6fa1d80ad99d25ca3cf4190247f0279d2b8baa
2913,mb-dielectric-2914,Rb2 B12 H12,Rb(BH)6,B-H-Rb,26,324.6956,1.5995,1.587451,a767a26ed044c72b51587f9576ead2bce03a81ab4ea7a961a95c76e6f419e4f5
2914,mb-dielectric-2915,Ba1 Ca1 I4,BaCaI4,Ba-Ca-I,6,304.9511,3.7301,1.84622,80a248cb297de48d8bde0198426e0f0860686e0bfcd6365ad2f66a59ce6c8cc1
2915,mb-dielectric-2916,Li2 Mg1 Br4,Li2MgBr4,Br-Li-Mg,7,170.3145,3.4885,1.848151,d53b132597ae7380495059af8c8bb8ed4ea0b87e0d0142732903b1858f565629
2916,mb-dielectric-2917,Te4 O8,TeO2,O-Te,12,188.0942,5.6359,2.504463,bcf3a7ac5d6e8996d1e865430dede1798aec7d610474373851652ad8fbc08baa
2917,mb-dielectric-2918,Fe4 P4 O16,FePO4,Fe-O-P,24,419.2325,2.3895,1.678672,91d86d72a432ee86d6f5c0486f1923b01cffd8d1a41552945e2ba0af76b8a0f0
2919,mb-dielectric-2920,Li12 Cr4 O16,Li3CrO4,Cr-Li-O,32,276.6256,3.2852,2.467702,95e53a1fd54b9e87ac7b6af2d4eb0848178b106674a7d6760778ee3b81fc9e56
2921,mb-dielectric-2922,Li2 Ca2 Al2 F12,LiCaAlF6,Al-Ca-F-Li,18,218.1655,2.8617,1.424781,4f50317a39065592e717f9ec0a2a3bfb5be778654e3b81b8ff2d9a8dc0c15a1a
2922,mb-dielectric-2923,Hg1,Hg,Hg,1,84.6164,3.9364,1.832783,fb161b9ad56d359c7e301534df9396d0d12c96f90ae1e67214a39ba5e39f5999
2923,mb-dielectric-2924,K3 Mo1 F6,K3MoF6,F-K-Mo,10,195.0935,2.7852,1.422812,493825dfffbbdf7d48ba470b9ae2c846174913efba63e608bc218422b2173c78
2924,mb-dielectric-2925,Ca2 B8 O14,CaB4O7,B-Ca-O,24,200.4683,3.2358,1.775751,e2a90e4e54578ac179ea8ed4b347b70f83dce673f016eeeb5bbe952727ec4087
2925,mb-dielectric-2926,Y2 O2 F2,YOF,F-O-Y,6,82.9311,4.9619,1.837251,880136d616f0f26614fd052ecb8171d3a7f4f8cdb06da38e6a88caecf68b685c
2926,mb-dielectric-2927,Na2 P6 Pb8 O24,NaP3(PbO3)4,Na-O-P-Pb,40,618.0128,6.1084,1.95886,6ed8b283a53ceffee6912b65055d7841f10414345676e5915d7f6d889356b447
2927,mb-dielectric-2928,Ho6 Cu2 Ge2 S14,Ho3CuGeS7,Cu-Ge-Ho-S,24,487.7995,5.824,2.808223,f9ca1a3a6852e495e2cfecba25a32828f53ddb79a0848f62f23b240559f718c6
2928,mb-dielectric-2929,Si4 O8,SiO2,O-Si,12,215.7999,1.8493,1.418076,ee75051fa11371ae5ad63652fc3d01a5d0dc28798a09170d656fc6c2dc608f65
2929,mb-dielectric-2930,K4 O4,K2O2,K-O,8,158.2814,2.3121,1.592482,da1f50e9cbc2cbaff53bc5ead5d373e390e8435425cf581634962d475174a150
2930,mb-dielectric-2931,Ca2 B5 H2 Cl1 O10,Ca2B5H2ClO10,B-Ca-Cl-H-O,20,212.9158,2.5867,1.684384,156712ace94fb333dd58eb7f8a3ad6d58c7e1f23f5e5cb41a53d4d2694cfe98b
2931,mb-dielectric-2932,Sn3 As4,Sn3As4,As-Sn,7,201.3539,5.4084,4.39034,2e463fab89312cf43b4382afde25777e38343ee1a65612503703dbb460e87f7a
2932,mb-dielectric-2933,Ba1 Ga2 Te4,Ba(GaTe2)2,Ba-Ga-Te,7,254.2066,5.142,2.948787,0de9670b50ef46fadd64a830368ba8717b7c604509a465088dbeaaeaa8def05a
2935,mb-dielectric-2936,Ba1 Y1 Fe1 Cu1 O5,BaYFeCuO5,Ba-Cu-Fe-O-Y,9,120.8134,5.85,2.304454,b78cc8bde0ac0800cded01d538a65841f05a6bfc229c7f3e16d6078db2d69572
2936,mb-dielectric-2937,Zr2 Cu2 Si4,ZrCuSi2,Cu-Si-Zr,8,124.8037,5.6132,25.192293,4f2d027341b8372f786e94b36cffe9d93b6f384334f554182dd83b4820a5bd47
2937,mb-dielectric-2938,Ba4 Si4 N8,BaSiN2,Ba-N-Si,16,250.9495,5.1196,2.308032,5f4c17f595ebbd4702e79a786f95af38fbeafe6eadb1bf98c8ecc9f7a52b09c6
2938,mb-dielectric-2939,Ca4 Al6 W1 O16,Ca4Al6WO16,Al-Ca-O-W,27,423.3236,2.9892,1.6536,61238d6041557ac6762ac5960890992b8d955e7d7636f543cd1f529e72b2d310
2940,mb-dielectric-2941,Na8 Mo4 Se4 O24,Na2MoSeO6,Mo-Na-O-Se,40,610.468,3.4477,1.805794,8a8c032a55389e4143ecf0543d5e72e0dbad40d24bf0f8d3efca104bffeeabe0
2941,mb-dielectric-2942,Na2 Mg2 Sb2,NaMgSb,Mg-Na-Sb,6,167.5354,3.3512,3.082151,cfffae4a8522bfb71e7cb725f090035cfec76b44e3684ebffc18ee57e6ccb79d
2943,mb-dielectric-2944,V2 B2 O6,VBO3,B-O-V,10,94.041,3.8759,2.143772,3fd025730f946e7439efc9c13c3b4381556a8d3a415333e0801dfb03cdeee7eb
2944,mb-dielectric-2945,Tm2 Ta2 O8,TmTaO4,O-Ta-Tm,12,160.1908,8.5806,2.206388,eb4ec20597c5dc165623f0d18d7361fec9cc4c56a9015abd9dfa8ee67e1d841a
2946,mb-dielectric-2947,Mg1 H2 O2,Mg(HO)2,H-Mg-O,5,42.0308,2.3041,1.614827,de3cd271dce2d478788858aafd274355d3ec8fd7d04f2fab1293261452ec5669
2947,mb-dielectric-2948,Cs3 Ta1 O8,Cs3TaO8,Cs-O-Ta,12,241.4539,4.8668,1.671563,2404619222ba7a033076cb3a757afe6c3a7719264c67ad5e9dd2ae4b1c594b86
2948,mb-dielectric-2949,Sr4 Rh8 O16,Sr(RhO2)2,O-Rh-Sr,28,388.8307,6.1057,2.597466,7bd8f9d6b2804983ee56d4677564f4654e12759f6bc98e4dc0a3b56a59cbcf41
2949,mb-dielectric-2950,Li2 Nb2 W2 O12,LiNbWO6,Li-Nb-O-W,18,215.0438,5.8637,2.311258,8dbe9f3466b87ea4b5c735cbbe793233a2a0309596f8605f58a816cff794f9cd
2950,mb-dielectric-2951,Rb2 Ni1 F6,Rb2NiF6,F-Ni-Rb,9,158.738,3.5946,1.496888,6a67a4c9eaae1a655e3c4f39ffa36fcb4507ba993b183c86386bfd715d2cc6bd
2951,mb-dielectric-2952,Mn1 P2 O7,MnP2O7,Mn-O-P,10,111.1369,3.4198,2.443724,599ac46c1bf7ade516627200eac7ae196a6526da3e195885e8e416c694f09533
2952,mb-dielectric-2953,Co4 Si12 P12,Co(SiP)3,Co-P-Si,28,434.1975,3.6119,4.345561,6b50a709e97d1432dc506c0e4b965585722d37fa1308a558a710f6a1e7c89cbe
2954,mb-dielectric-2955,In10 Se10 Br2,In5Se5Br,Br-In-Se,22,620.1721,5.6164,3.246612,2358bfc3ff0fa4650d0549bb009bf66bf956590d06e06340224db60d1fcc6643
2955,mb-dielectric-2956,Na8 Be4 F16,Na2BeF4,Be-F-Na,28,365.2603,2.3819,1.330038,d182576c58808735ae6738a2c869f48b44916077c0a4b65d1eb6debc46a88c86
2956,mb-dielectric-2957,Al2 S2 Cl6 O4,AlSCl3O2,Al-Cl-O-S,14,363.3327,1.8044,1.540563,bb4e5781e5a7954ac9aff3d25bfa2b9124153ef4ec2d423f4ba44cd93d03f721
2957,mb-dielectric-2958,Ag1 I2,AgI2,Ag-I,3,116.7212,5.1454,7.229038,484a6471467f18154b8e5717022ce8c553a62094a9d28d2dfb9aed5774c670cb
2958,mb-dielectric-2959,Ag6 P2 Se8,Ag3PSe4,Ag-P-Se,16,413.7702,5.381,3.07219,51e0d995f7d4d84a4cae370b84b60029f366ef2fabdcc9493da838e6c6eb98ab
2959,mb-dielectric-2960,Fe4 O5 F3,Fe4O5F3,F-Fe-O,12,136.3067,4.3902,3.136406,314702b763aa8a2b01baa21967a7401c38a28657d341554b5ee93cb63e3c07e8
2960,mb-dielectric-2961,Li8 H8 S8,LiHS,H-Li-S,24,386.2802,1.3761,1.75402,4b7c7dbadc219b4be599c9bc036a20b9bb170757d984778de9fc5502ba2bd831
2962,mb-dielectric-2963,Cu2 H2 O4,CuHO2,Cu-H-O,8,73.4066,4.3683,3.140509,06c36ad5928928066e1b4fc64e1150a2cbf65fa38f1c2f3fecef3a80d6fd9c33
2963,mb-dielectric-2964,Rb1 V1 F3,RbVF3,F-Rb-V,5,78.1173,4.1112,1.540739,acbe6628060e2817d02d08eb2af9a4516fcaeb9a915fc65d83436e6a93d2ea40
2964,mb-dielectric-2965,Li2 Y2 F8,LiYF4,F-Li-Y,12,149.8534,3.8084,1.521403,a8cf3ca8b62d646dd1950a76c4ed08617610783431e93c4b665c35784caad5f5
2965,mb-dielectric-2966,K2 Ti1 F6,K2TiF6,F-K-Ti,9,139.9748,2.8478,1.502112,2d492e0fbd21ac5476210a11bbc5d08184d278b95d0e91ab3009e674ea5883f7
2967,mb-dielectric-2968,Li8 V4 F16,Li2VF4,F-Li-V,28,319.5846,2.9267,1.46551,74eaa67ef9d7c2131e61c29d67f53e1f78afd5c6c1e973c2a6e9cf82a3bee51a
2968,mb-dielectric-2969,Dy2 H2 O4,DyHO2,Dy-H-O,8,94.1303,6.8978,1.910327,dc8aa971876aeb6c00737f00b22840edbe1a055076234fb00f6d7b40bc1eed33
2969,mb-dielectric-2970,Si6 C6,SiC,C-Si,12,125.9566,3.1716,2.658069,8f80ffd1aa318f3416f5f9a5180658dd616825f10b0b15fae2b53a1c6f58519b
2970,mb-dielectric-2971,C2 F8,CF4,C-F,10,147.2472,1.9849,1.277498,f4a0ff6b747955f6bab041bdcf80c7d48770a46fee9ed3f4fa0a321099301516
2971,mb-dielectric-2972,K4 Pb2 O6,K2PbO3,K-O-Pb,12,234.2603,4.7265,2.077307,3426ca7ab50276d0f834be4ade7df428a46d81dc5136dbc1abd8037dfb2c9349
2973,mb-dielectric-2974,Ca4 Ga4 Si2 H4 O16,Ca2Ga2Si(HO4)2,Ca-Ga-H-O-Si,30,368.1917,3.4068,1.740969,6fb2372eed8293f7acf1a63913ef3df9808b48c4823f918f4c4fac39582dd56d
2975,mb-dielectric-2976,Li2 Nb2 P4 O16,LiNb(PO4)2,Li-Nb-O-P,24,317.2164,3.0339,1.945426,a4e5d41f803645ba89ecf3afb224415e85179373a6cd92ebab83d89dd85e0822
2976,mb-dielectric-2977,Na2 Ca2 Nb4 O12 F2,NaCaNb2O6F,Ca-F-Na-Nb-O,22,296.2196,4.0796,2.316412,68afcee97ada99e972dfd67fac6da1be5e356b983964b195321ee8e0a5ab9087
2977,mb-dielectric-2978,V1 Cr1 P4 O14,VCr(P2O7)2,Cr-O-P-V,20,257.7794,2.9041,2.071703,a0f408607ee5a613e827e305c49f1bc29fcf1f23bfc88a9299871ce7a69810a4
2978,mb-dielectric-2979,Ga4 S4,GaS,Ga-S,8,197.8806,3.4167,2.324507,ef6fff7b33cc6bb8398cf15dd7c417869010beed7c3df17a777e98454dadaa01
2979,mb-dielectric-2980,Ga2 I6 O18,Ga(IO3)3,Ga-I-O,26,399.7459,4.9385,2.02571,48cf5f27f3c5bd5591aab43acf5615a4dae0af763111dac9b2ece0c294f312b7
2980,mb-dielectric-2981,K3 Ta3 B2 O12,K3Ta3(BO6)2,B-K-O-Ta,20,270.0829,5.3721,2.055088,41d4cb285745ae3adceee22c002f41ac44e2a58dfb5dec8c59163fa5a3b25e05
2981,mb-dielectric-2982,Mg1 C1 N2,MgCN2,C-Mg-N,4,44.7732,2.3858,1.828665,a78d672ff62eae5fa66f84149ae22400ea9207483aecf995da6f64a8be426c8f
2982,mb-dielectric-2983,Zn2 S2,ZnS,S-Zn,4,81.0268,3.9952,2.415652,0e984524d537f9fe3efa380470842ec01e1eca6eec3d1c782a301360a8ef299e
2984,mb-dielectric-2985,Ni2 C2 O6,NiCO3,C-Ni-O,10,93.1107,4.2339,1.877705,c2aaf9249bda3f21a67348e01b8b76761898838df52233a210eab822faa5fa93
2985,mb-dielectric-2986,Mg4 Sb2 N6,Mg2SbN3,Mg-N-Sb,12,167.0254,4.2231,2.37743,7e76a75a2c4a6c225260c878c44fe7e985a32fbbdd5cc9d9b602c2319fa0b128
2986,mb-dielectric-2987,Sr2 Ta8 O22,SrTa4O11,O-Sr-Ta,32,430.8557,7.611,2.294342,4b6f2d9394690b71e691e979d58c2b35337b4b66c7395af512bbb9368fa5bd50
2987,mb-dielectric-2988,Na8 Sb4 F20,Na2SbF5,F-Na-Sb,32,522.7547,3.3383,1.478284,1960148d0b337323eee65e27f64b11b8db42444166aa33f69b085f483788dfb6
2988,mb-dielectric-2989,H10 C2 N2 O4,H5CNO2,C-H-N-O,18,169.9939,1.2319,1.476102,358c6d03b78cf7fac30a266e94e10bc636a4963675bb56abb885325c38506599
2989,mb-dielectric-2990,Rb4 S6,Rb2S3,Rb-S,10,321.5279,2.7592,1.939629,b77ad4f663dc7a5b5c36c1781597e7aae851f70b067567964e3628afc9e0c82e
2990,mb-dielectric-2991,Si10 O20,SiO2,O-Si,30,627.057,1.5911,1.360025,33a123aebcde83c52e8dc0e0289ff3d7e57ce9fc08cfde79adecc8c8a160e32d
2991,mb-dielectric-2992,Cu1 Rh1 O2,CuRhO2,Cu-O-Rh,4,48.7048,6.766,3.486785,9b82a04fb3e8350966ebacbb80a75d2331e7c104d617274cdbf43a2b760b068b
2992,mb-dielectric-2993,Li4 V4 Co4 O16,LiVCoO4,Co-Li-O-V,28,295.3483,4.0664,2.521041,6cbb530ea7fccc7d38fe1497b1773c9fd869a15b4908dbcd3355a595c3a3ea06
2993,mb-dielectric-2994,Ni2 F4,NiF2,F-Ni,6,68.9778,4.6553,1.584088,88343184a235e856244815277d67438db6555ea4b3980118eeb2c7f153bb52c2
2996,mb-dielectric-2997,Si12 O24,SiO2,O-Si,36,653.5134,1.832,1.419037,0afedbdc1297d0ce31b3be2943f9babc2002144fc0032c142423840e73518552
2997,mb-dielectric-2998,Pb4 S4,PbS,Pb-S,8,591.9935,2.6845,2.122263,bb272f76f3e77284c9e310076d9e3ee8e69923f8521557e0363aa4cd6770f44e
2998,mb-dielectric-2999,Cd2 H2 Cl2 O2,CdHClO,Cd-Cl-H-O,8,125.8776,4.3499,1.884785,e822005053ca0cab8e78d45632e2667eff4877435815ad99ba47dac204ee4eb1
3000,mb-dielectric-3001,Rb16 Ta16 N32,RbTaN2,N-Rb-Ta,64,1286.4258,6.0809,2.403673,6ee81f1b9bee70cff3ccbbc541a860ec7910b0d00220cdc970f53197d05a7819
3001,mb-dielectric-3002,Si1 H12 C2 N6 F6,SiH12C2(NF)6,C-F-H-N-Si,27,267.811,1.626,1.44118,f3fa6b999d70384f56465a1087807f0d7e2389c566da46096e5ee888cd1d3f66
3002,mb-dielectric-3003,Sn2 F6,SnF3,F-Sn,8,170.4187,3.4241,1.612038,dc35b7fb8bfa9dea71ee8110398dea93bb6118363b00e49dbbd031a725af05ee
3003,mb-dielectric-3004,Li4 V1 Cr3 O8,Li4VCr3O8,Cr-Li-O-V,16,148.3879,4.0587,2.135373,0d16e779730147d7591877a8da03d93407f438df285e69ee0929945808fb39ec
3004,mb-dielectric-3005,Hg3 S3,HgS,Hg-S,6,166.4,6.9651,3.311545,e4136f133e94841449fc77dff750ee8b67782dc349844296705a42a0c45d8a9f
3005,mb-dielectric-3006,Mg2 H4 Se4 O12,MgH2(SeO3)2,H-Mg-O-Se,22,280.7313,3.3152,1.738774,449ce0ca3373e6bf95985442340a2b61db75d15a828bc2fb33e702cb1e2d363d
3006,mb-dielectric-3007,Si8 H24 O4,Si2H6O,H-O-Si,36,535.755,0.9697,1.478564,c8327076099088f261c654053aefeaa396d838071c0f93e2c175812a6aa1b4e7
3007,mb-dielectric-3008,Cr1 Ag1 O2,CrAgO2,Ag-Cr-O,4,50.7257,6.2808,2.667047,9e1ef8d5609327ee3e0333f03c95e0f305345cb7246fe7651af287f2c070062a
3009,mb-dielectric-3010,Y6 B6 O18,YBO3,B-O-Y,30,336.0956,4.3789,1.885264,90caa577127eae6a0457c9517a9be931c80efcd34ec6e0f6da1ac03e98e6a249
3010,mb-dielectric-3011,Ba12 Cl5 F19,Ba12Cl5F19,Ba-Cl-F,36,765.7572,4.7407,1.633785,f1b0baa804939d7733cfc4d73214ec349b9f0059a12058f7914a2bfffde6e328
3011,mb-dielectric-3012,Li12 Fe4 P4 O20,Li3FePO5,Fe-Li-O-P,40,437.5736,2.8483,1.686902,bf3817e5ad46294b99b6b292afd9f586b3f849228c03c9db265f5eb2834615c2
3012,mb-dielectric-3013,Nb4 I16,NbI4,I-Nb,20,821.6786,4.8544,2.615373,11bc4313cd47322cfb32071fbb744b91fd72bd2ee8b78b2c1ebe8a9f6c96b8b1
3013,mb-dielectric-3014,Pr6 Ga2 O12,Pr3GaO6,Ga-O-Pr,20,311.5349,6.273,2.071142,21deae54c856e281325baed80ad80dd5e6e202dc83b9c4197a843b9f4233474f
3014,mb-dielectric-3015,Sr28 Ge4 N24,Sr7GeN6,Ge-N-Sr,56,1078.5968,4.7419,2.585436,9e67e75349ca94a6e4abcdc2987af3e93e856241a02434b77b5fc3178219f8fc
3016,mb-dielectric-3017,Si8 H8 S12,Si2H2S3,H-S-Si,28,632.3704,1.6216,1.779181,ae0bb3eb2013cc9c7810e145cf75ebd5897cfa7418f84428c3ec44612766306d
3017,mb-dielectric-3018,Sr2 Si14 N20,SrSi7N10,N-Si-Sr,36,433.7723,3.2484,2.051191,239e1e8ad8c7de007bb0790da3254a42cd1f694d1859b45912f8cdba5cf0b73d
3018,mb-dielectric-3019,Rb2 Co1 F6,Rb2CoF6,Co-F-Rb,9,166.1451,3.4367,1.543032,61ad730df92124fe8b6fe36f47da92549a5ea163aa4f7b7fad490dc36fc33082
3021,mb-dielectric-3022,Sr1 Te1,SrTe,Sr-Te,2,76.0067,4.702,2.428374,d62a13546a52485c2a086b476ee12c1cf94252d8491fc3e528dafb3534098e1f
3022,mb-dielectric-3023,Na2 H6 Pt1,Na2H6Pt,H-Na-Pt,9,100.161,4.0968,1.798267,6013d1368b387cfd1b64f6387e18b617edfa2c84cd2850984ddf2774053d60b6
3023,mb-dielectric-3024,Na30 W14 N38,Na15W7N19,N-Na-W,82,1360.532,4.6327,2.211208,035d81a1f8561f22d42edf2c1f87fceee0d2dbb69692580bf6812c57e4cf9766
3024,mb-dielectric-3025,B18 Br18,BBr,B-Br,36,999.8171,2.7119,1.808406,c0ec68d1816b4877194919c38da1d7401ceb59820133df9189489520fb938706
3025,mb-dielectric-3026,Cs1 B3 Pb1 F12,CsB3PbF12,B-Cs-F-Pb,17,324.9794,3.0685,1.356338,41af9f73e2a559ee3d628d8c590882aa456ac5e5a6c0cd6059f2c23757705002
3026,mb-dielectric-3027,Na8 Mg2 O6,Na4MgO3,Mg-Na-O,16,249.1804,2.1893,1.805569,289b81ccf967ac00f4a6bda03e46441f33cffe0667dfa465d6ab353879202108
3027,mb-dielectric-3028,Li6 Te2 H2 O8,Li3TeHO4,H-Li-O-Te,18,223.7256,3.1682,1.710166,5d48151fc582d5461f42b037f8292b6f75c7a7cb3844e3e52230dafb680fa8af
3029,mb-dielectric-3030,Mg1 Sc1 Ga1,MgScGa,Ga-Mg-Sc,3,67.9618,3.3959,6.67065,d4cc2a8bbff631875ef74b637c316096593fa19ab3ac639e5149afee72a1cd5f
3031,mb-dielectric-3032,Na12 Ti4 O14,Na6Ti2O7,Na-O-Ti,30,467.3972,2.4561,1.675663,955a3199bfff91b1c4c88cbd85ab699f74c2cb3bfc5affbbcfd3e498d3e87e9b
3032,mb-dielectric-3033,Li10 Cu2 P4 O16,Li5Cu(PO4)2,Cu-Li-O-P,32,337.283,2.8377,1.664784,da97c3ba3491571f0860f184b5ab32802f2d52615c2ec903abfa76f2d74445c5
3033,mb-dielectric-3034,H16 Pt2 O12,H8PtO6,H-O-Pt,30,228.5008,4.3478,1.98466,1513b7267ceeafe514fd6b75f9dc0900147e60b91604cdf0742fd1cf06949139
3034,mb-dielectric-3035,Cu4 Se12 Br4,CuSe3Br,Br-Cu-Se,20,547.8886,4.6108,2.754765,70c30b84fdc0c03a1b203f1102dc047e406ff46475d3ead0b9ba3e043a4676c8
3036,mb-dielectric-3037,H16 S8,H2S,H-S,24,380.6697,1.1893,1.657709,f02893a8ce6a7a047da3d8c5b2199422a9ceab3df246410b242b291f758fde58
3037,mb-dielectric-3038,H16 Pt2 O12,H8PtO6,H-O-Pt,30,225.9858,4.3962,2.006825,b20827490815ff1a69207e25d75d365f304c67c4660066ce17cfb4b7ae8f799d
3038,mb-dielectric-3039,Mg1 Nb2 Pb3 O9,MgNb2(PbO3)3,Mg-Nb-O-Pb,15,208.9986,7.7522,2.603572,f2ffe5ab49e88fc1043eda6632d7e87dc2e959acd1d4973ae12d6e89e40d0726
3039,mb-dielectric-3040,Ba2 Be2 P2 O8 F2,BaBePO4F,Ba-Be-F-O-P,16,206.457,4.1873,1.673222,f0eccd73c1d4e9c0174f4ebba4a90d84359736a0a7b11cd9ea4f9cc726125607
3040,mb-dielectric-3041,Li3 Sb1 S4,Li3SbS4,Li-S-Sb,8,178.7169,2.5165,2.124146,aea6de9b0dfba656479b753005855b7854cac6eaabca9004510d6f8b21989058
3041,mb-dielectric-3042,Ba6 Li12 Si6 O24,BaLi2SiO4,Ba-Li-O-Si,48,628.2186,3.8585,1.746674,a91afd44df84e9e80bee01a83c1641bf041b58c7833b600137584b5d9c93875a
3042,mb-dielectric-3043,In4 C6 N12,In2(CN2)3,C-In-N,22,322.4968,3.6013,2.018621,774bb7dfa93e6aff11bdf325c98615a4d7dd19c2633c5a28142b53dc664d4cde
3044,mb-dielectric-3045,Y2 S1 O2,Y2SO2,O-S-Y,5,83.8634,4.7893,2.257543,74b42fb870aab4b2fd599db1d141a96c28933d13a0c11fd97afd6cebc75aebcc
3045,mb-dielectric-3046,Ca16 Ti16 N32,CaTiN2,Ca-N-Ti,64,862.6991,3.5712,2.792288,8aef7e301e8df9c11b0e6a7b28b4488885100fdd6feb273ebc448844299518a3
3047,mb-dielectric-3048,Li7 Sb1 O6,Li7SbO6,Li-O-Sb,14,134.6774,3.2839,1.78692,86e3767a761a3d38342b3d86fd1717d3f1d73634668e7a6469fefb9125b87a92
3048,mb-dielectric-3049,B2 H6 O2 F8,BH3OF4,B-F-H-O,18,180.3651,1.9486,1.353021,15418ff9ea0de1d64d6cafdae05ba2b89617623bfe6b370fa5feff6b187fad32
3049,mb-dielectric-3050,K2 Nd2 P8 O24,KNd(PO3)4,K-Nd-O-P,36,516.2111,3.2118,1.627711,3e2f227e4ce800288dc748bf860189db1f1d243b86897677e61fc8e105471f92
3051,mb-dielectric-3052,Zr4 O8,ZrO2,O-Zr,12,184.6757,4.4319,2.096414,df698de41629d3edd16a4eb2ca27b1903045117c5af4e67f527a085decfd5327
3052,mb-dielectric-3053,Li4 V2 O2 F8,Li2VOF4,F-Li-O-V,16,188.349,2.7651,1.830014,af2e6944df330449c42520908877e25f8f3c3f103613ee824152aa1531c3845f
3053,mb-dielectric-3054,Ba2 Sn1 Hg1,Ba2SnHg,Ba-Hg-Sn,4,154.4918,6.3841,8.969919,abec97fbba377b53d7da3d0ab78fe3526c3954060662ec20840887ca23690c19
3054,mb-dielectric-3055,Ca2 Zn2 S2 O2,CaZnSO,Ca-O-S-Zn,8,142.4078,3.581,2.188283,133a1b713485f5c2463782f3a4cb98389f07d80f5adb2fcf78cd470a711bd5d9
3055,mb-dielectric-3056,K6 Li3 Al3 F18,K2LiAlF6,Al-F-K-Li,30,391.191,2.8794,1.421318,8df8265b7606a67413b2fd1690ff538d13adbdddad432bca83c91c9d2d50a1a7
3056,mb-dielectric-3057,As12 H4 O24,As3HO6,As-H-O,40,621.7163,3.4376,1.822361,16c7943888871262e778c3fbb858478da629b2e960a207591abe8d61b9c6ccde
3058,mb-dielectric-3059,Ba2 Na8 O6,BaNa4O3,Ba-Na-O,16,298.3137,3.087,1.888469,d0f0188c5e92799e5bf314792cb31c33067967be1c61dfee53841393f6245e80
3059,mb-dielectric-3060,Li4 Sn4 P4 O16,LiSnPO4,Li-O-P-Sn,28,428.8679,3.4169,1.827111,d09866306b04297122282fd11a490a773a7d8acc0923ca372e17dd945ca3ebd4
3060,mb-dielectric-3061,K2 Sn2 As2,KSnAs,As-K-Sn,6,196.1579,3.9403,3.321378,024be642400427786d77fdcf6d3764a049e0884e61fc47aba0fabf7d0c0bbcfd
3061,mb-dielectric-3062,Cu6 Sb2 S8,Cu3SbS4,Cu-S-Sb,16,316.459,4.6245,1.0,714170cb903203ad9828e93e4556000dc249e89d3a273987494cbe50d6448de8
3062,mb-dielectric-3063,Sr2 Li2 B6 S12,SrLi(BS2)3,B-Li-S-Sr,22,475.8442,2.2291,2.058975,ceb769d91cde54373aafc57b7b8242073f7f416760fa9198404744e6758874c7
3063,mb-dielectric-3064,Ta1 Tl3 S4,TaTl3S4,S-Ta-Tl,8,241.0541,6.3538,2.520161,d8747a8a721d13666e66453d737b262a465ffdf6c089a29f0be5b0e320f4cdb5
3064,mb-dielectric-3065,Tm1 Cu1 Se2,TmCuSe2,Cu-Se-Tm,4,90.7541,7.1432,3.130548,6c2613938fb3832c4b05fab055c22b976781041ac3d8ea422fc374158475daeb
3065,mb-dielectric-3066,Mg1 Te1,MgTe,Mg-Te,2,69.0567,3.6527,2.346489,564e10e7511abce1a9a36dacddc3ba48e91258c71d915d1d428345ac18376f28
3066,mb-dielectric-3067,Li2 Fe2 Si6 O16,LiFeSi3O8,Fe-Li-O-Si,26,352.6509,2.5902,1.646893,3ffc87a8795bd208df3f81ad91c4b7e4b8740cc9f2728e3d129b5c068150d42b
3067,mb-dielectric-3068,P6 N6 O6,PNO,N-O-P,18,219.4266,2.7688,1.825902,a60d660a86e736800acd0ccc2a23633f9fb4b9cfa9d47f3af37ed05a2b412b6c
3069,mb-dielectric-3070,Li2 Fe2 Si8 O20,LiFe(Si2O5)2,Fe-Li-O-Si,32,397.8062,2.7978,1.700024,7c639eb34681663b1c8dd469e14e5bfa21cde6c199050d1b02c624d1f2151d2b
3070,mb-dielectric-3071,Li1 Zn1 P1,LiZnP,Li-P-Zn,3,47.0749,3.6447,3.460322,48fa91834da3fd53771229e286420f08182a6ed9d3891a79a6ea864711f24984
3071,mb-dielectric-3072,Li4 Fe4 Si4 O16,LiFeSiO4,Fe-Li-O-Si,28,358.2249,2.8716,1.817947,2e24a63793bc88cdf0292d629b9d59009f457addf34fa98d1ecb40f2b643bc14
3072,mb-dielectric-3073,H40 N16 F8,H5N2F,F-H-N,64,472.1167,1.4646,1.517293,f1418cf74b6a06e9ebb6199635130579dbfaf20aaeb8d297b7e8bb4aa38f63a1
3073,mb-dielectric-3074,Li2 Be2 Sb2,LiBeSb,Be-Li-Sb,6,102.2323,4.4737,3.639571,084d94a453361ab4ecb1449d8dbf521dc644d505cc4a24f5f010fa6f52662c46
3074,mb-dielectric-3075,Ge1 F4,GeF4,F-Ge,5,90.6072,2.724,1.33676,232933988ab302daccc54f883e76163914cde939a6ba8ceb0b89b4e36bbf1574
3075,mb-dielectric-3076,Mg1 Ag1 F3,MgAgF3,Ag-F-Mg,5,63.4356,4.9518,1.650938,34a9d952e45d81b6874c3bd36a7762f4190f0eff46c481b98b66c2bf81c28fbf
3076,mb-dielectric-3077,Tm1 Ni1 Sb1,TmNiSb,Ni-Sb-Tm,3,62.2695,9.3171,4.310274,12a8d4b80ee90a550aa16972bfcd616ecb953c7b8342b41c49ec26deeca849e8
3078,mb-dielectric-3079,P8 S8 O12,P2S2O3,O-P-S,28,672.9316,1.7182,1.591567,bd25e957257ce66803fd1e4818111b14f31a9ed54553c3450380994e0f23058d
3079,mb-dielectric-3080,V2 O2 F6,VOF3,F-O-V,10,137.9588,2.9835,1.753777,522c86d4a62328f9f7225f64e3fcfd595fc5a10ef8db0a9fc8fc467e8eea639c
3080,mb-dielectric-3081,Na16 Sn2 O12,Na8SnO6,Na-O-Sn,30,469.3527,2.8206,1.798522,8e29f3720b10b7a33b4a429cd81f879606a62964be8e0992c82e0c973a1f62ed
3081,mb-dielectric-3082,K4 Cu4 P4 O16,KCuPO4,Cu-K-O-P,28,414.3613,3.1678,2.068588,84b4f9eb21d3163bd47a450c46339f7bbd7702e7ef85a548f5e79fb637a6f4f2
3086,mb-dielectric-3087,H4 S2 O8,H2SO4,H-O-S,14,178.1904,1.828,1.474901,815bb703d38f8c7664ba6f3e2f5ea303e340681d2daab209a0ce38e12dd40469
3088,mb-dielectric-3089,B12 H20,B3H5,B-H,32,326.402,0.7626,1.553152,b89b9777a0e3e61eabf8de6b9cca923411c682635bd30eaa3d1632a36f6c6fac
3089,mb-dielectric-3090,Ta1 Cu3 Se4,TaCu3Se4,Cu-Se-Ta,8,186.3757,6.1247,2.641177,f103d26b40c19f62d7b6da1176e58fe18c5919fa6786073c8d5cec151bfadbf6
3090,mb-dielectric-3091,Li4 Cr2 Si2 O8,Li2CrSiO4,Cr-Li-O-Si,16,185.1517,2.8334,1.771678,1b4cac81595a5bac4c137bb372ab041eedc827c5cee8b443cbd5456425f0f4e0
3091,mb-dielectric-3092,Na2 Si4 B2 H4 O14,NaSi2BH2O7,B-H-Na-O-Si,26,316.9953,2.1371,1.529446,4cd31d5033ecdd4fa0c2dd16198c00402e028f6bda23fea864a15b148b3f641c
3092,mb-dielectric-3093,Li6 Mn2 P2 C2 O14,Li3MnPCO7,C-Li-Mn-O-P,26,274.9711,2.7869,1.667362,aed3eb293b4f1052a3cc5fc66203a9547eb496693706a15edc0d932a2d99b8fd
3093,mb-dielectric-3094,Li4 Ta4 W4 O24,LiTaWO6,Li-O-Ta-W,36,578.8873,5.3667,2.134763,dd92cee6d418fe442a079e4deeb0a36abbbc4b94e4493bae5b22686d7aea7557
3094,mb-dielectric-3095,Pt1 S2,PtS2,Pt-S,3,69.3833,6.2037,3.184755,19c5361219e66fb752a81d34c6e6b0acdd078c60d3d0962f4015fcace1b2a75b
3095,mb-dielectric-3096,K2 Mn1 F6,K2MnF6,F-K-Mn,9,146.5218,2.8007,1.475662,2905252081ccc1a5635cbbe7be7e948c53e8df92c24bf32626f064d11a454cc6
3097,mb-dielectric-3098,Ca8 V2 N8,Ca4VN4,Ca-N-V,18,281.0747,3.1581,8.476518,b84ccda8f6a16ad4630bdd34c9503e5c8e92de52f5610226c16771684405aa1b
3098,mb-dielectric-3099,H40 C8 S8 N16 Cl8,H5CSN2Cl,C-Cl-H-N-S,80,1094.1517,1.3669,1.618787,167da612acfb56675afd34816440d542b5625a7e0d9c1e3798384aec5e518d65
3100,mb-dielectric-3101,Ba6 Bi2 N2,Ba3BiN,Ba-Bi-N,10,356.7024,5.9119,3.573933,1cca444b6b5748909cc8a5034dfd8fa6cf9426f7a1d85aa83bb8a994b1f13773
3101,mb-dielectric-3102,Na2 Th1 F6,Na2ThF6,F-Na-Th,9,123.798,5.2581,1.529157,c50a820657be357563eb8fe38dd22e7d561c886fd53ae5f51f2be3d26785728e
3102,mb-dielectric-3103,Zn2 Ge1 S4,Zn2GeS4,Ge-S-Zn,7,152.7339,3.6065,2.433112,0f7c949e8c481c7d7eee923a3772a96c751c68c582686867a2c2b88eb7740961
3103,mb-dielectric-3104,K2 Hg3 Ge2 S8,K2Hg3(GeS4)2,Ge-Hg-K-S,15,420.1179,4.2757,2.268731,c9260c42254dc7136e199824fa5316148ab8f82f6bca540031d8b0c1d5674b47
3105,mb-dielectric-3106,Ti1 Fe2 Si1,TiFe2Si,Fe-Si-Ti,4,46.1056,6.7581,6.189693,dbe851dc1ea95069ad52ef7b7c8224204073fdef2ebf02561ad7a591ecea94cf
3106,mb-dielectric-3107,Mn5 O8,Mn5O8,Mn-O,13,144.3622,4.6319,3.061154,4d6d5cdfe1eda437db95ea909f884ef914eb6b5194d5730648a11926f26654c0
3107,mb-dielectric-3108,Mn12 Sn4 O32,Mn3SnO8,Mn-O-Sn,48,602.7158,4.5351,2.463971,99a58f1f5dd948f08712d7f36552f5f2ad420ed07de09f8fcb63abf8b77e2a6b
3108,mb-dielectric-3109,Cd1 Ga2 S4,Cd(GaS2)2,Cd-Ga-S,7,165.2528,3.8196,2.409087,3a2b7389994a0bb6591d75c031650b88714089a57c97fbceb6444ea1d8b11123
3109,mb-dielectric-3110,Y6 Cu2 Si2 Se14,Y3CuSiSe7,Cu-Se-Si-Y,24,561.2578,5.391,3.025989,23275b2863365d993e14fa470a7b68db3c5a5000a2b62fc6a593babde89b1397
3110,mb-dielectric-3111,Sn8 Cl4 F12,Sn2ClF3,Cl-F-Sn,24,510.58,4.2913,1.951167,5197f72830ca3de9cb464df82817a1eb239ef062dd3f140949990a6881d1df02
3111,mb-dielectric-3112,Ba4 Y4 F20,BaYF5,Ba-F-Y,28,459.6235,4.6421,1.563495,3e306c94b73746e5d1d4a17fde098148e220dbf4ba1024bb263ebb89549c95e8
3113,mb-dielectric-3114,In2 Cl2,InCl,Cl-In,4,124.6862,4.0025,2.437272,7fa07a3d2a441e2b11f5478f30462bf8bc2a1356caf04053b4e6bf04b4b9afdc
3114,mb-dielectric-3115,Re12 S16 Cl4,Re3S4Cl,Cl-Re-S,32,742.362,6.463,2.637865,4120367dd28bacc0ee3ef4e5a32145f6f80d3a0ad604706d065f54d9137e8121
3116,mb-dielectric-3117,Li4 Mn1 Sb2 W1 O12,Li4MnSb2WO12,Li-Mn-O-Sb-W,20,207.8124,5.6098,2.422153,78f0a34ceda4413f58ae0c571db1ab91224771e2fae71847dd30daa360dd0cb0
3117,mb-dielectric-3118,Li4 Si8 N12,LiSi2N3,Li-N-Si,24,238.0881,2.933,2.098891,4e02fdd7fd0fa454dc366343d1abb9f8ebb09a1e35c182c879a3d15804ad03f9
3119,mb-dielectric-3120,Li2 Mn1 Br4,Li2MnBr4,Br-Li-Mn,7,167.7992,3.844,2.005127,7eb93d52d8621565e11fa27ba10565db1c7b34a867ad8386b54198186d259fd2
3120,mb-dielectric-3121,Ba4 W4 N12,BaWN3,Ba-N-W,20,347.7109,6.9378,2.841754,9f959e2e5b89f4fbf3883e9402ae68f57f384fd082a690438a8fc47456690023
3121,mb-dielectric-3122,Mn6 O5 F7,Mn6O5F7,F-Mn-O,18,215.9021,4.1733,3.023477,2fd9f8b7a018d5cdb76b11974b8bce91ece8d1110eea2bc35701c5fea1c3fb3a
3122,mb-dielectric-3123,Tm4 Cu12 Te12,Tm(CuTe)3,Cu-Te-Tm,28,667.7257,7.3847,3.592976,d3540c07240a7c7331dc1984b276e6e97d6940798d382acb0954d9b5d1018056
3123,mb-dielectric-3124,Li56 Nb8 N32,Li7NbN4,Li-N-Nb,96,958.4867,2.7376,2.247821,a23ce5be96dc53607dd69d70c1772d1964c2cfa19e4f89bd6b6baa759ce7703f
3124,mb-dielectric-3125,Ba2 Mn2 O6,BaMnO3,Ba-Mn-O,10,144.8518,5.5086,2.264938,4dc5300b7596ef6cc27a7d45340308f3680841ad93c806ef504295195791598a
3125,mb-dielectric-3126,Cl4 F12,ClF3,Cl-F,16,271.3996,2.2626,1.495438,b2a7d0125bc2cb46b7f91adea2b29fd67fbc5dee79c5f8ad908ad1d96eac7904
3126,mb-dielectric-3127,Yb2 As1 Au1,Yb2AsAu,As-Au-Yb,4,92.1239,11.1389,6.606031,946e5a74db96e1f3f4702f0f2a02c0659a5533073dd7285cd476dbd9e170a5aa
3127,mb-dielectric-3128,K12 Co2 S8,K6CoS4,Co-K-S,22,642.9669,2.1786,2.067546,ab2c6f8453c4c0c6191f485448ba6a20d976d6275689693b4476fd6bb1eb4ce1
3128,mb-dielectric-3129,Sr6 Al6 N10,Sr3Al3N5,Al-N-Sr,22,330.1213,4.1633,2.322322,5c38271e9b85445bdded0058dd17119f25fc2006f9b7adfe80c2eb905c27ecb8
3129,mb-dielectric-3130,K1 H1,KH,H-K,2,46.2092,1.4412,1.649848,678cf35558e2a38c09550fac979ab1587583fafd6797d03c91bac7b5c8ef5326
3130,mb-dielectric-3131,Rb2 Ni1 O2,Rb2NiO2,Ni-O-Rb,5,118.0912,3.6789,1.700042,f59aae624f5f0ee71e1432b2d6829a8659904ddeb57725abaf52b43b06296c0a
3131,mb-dielectric-3132,Si4 O8,SiO2,O-Si,12,175.5495,2.2734,1.50672,e8f5255db26d228401d597a782d3e2f455bfacf1e5d3b3201adb3b70187d0b1f
3132,mb-dielectric-3133,Mn2 Sn2 O6,MnSnO3,Mn-O-Sn,10,125.9186,5.8459,2.146824,160e39f403965c0a0aed7dd2db79f4810033b78c481717c80505fdc553930843
3133,mb-dielectric-3134,Ba1 S1,BaS,Ba-S,2,67.3096,4.1789,2.192259,4e570985483723f23963725785ee4aab75c4196e720b45241a03807569643cdb
3134,mb-dielectric-3135,Rb1 Cd1 N3 O6,RbCd(NO2)3,Cd-N-O-Rb,11,166.3819,3.3523,1.692977,a46853c690f83fffda538afcd039140d14746a6eebe8b3cbbffea4b8b219f331
3136,mb-dielectric-3137,K2 Na1 Ti1 O1 F5,K2NaTiOF5,F-K-Na-O-Ti,10,152.0417,2.8401,1.508157,701a46fec3a146a5dfc39fd16252ff474c3bcf505858000ad2976894a10d74d8
3137,mb-dielectric-3138,Rb2 Hg1 O2,Rb2HgO2,Hg-O-Rb,5,129.6082,5.1699,1.737013,4124b8c1758993ef3eac7c2f658dc113300eedd7ff51747721ab096e84420d6e
3138,mb-dielectric-3139,Na4 Li2 Be4 F14,Na2LiBe2F7,Be-F-Li-Na,24,290.2013,2.3338,1.342682,dc431146a6359dfb38b77cb8daaa4b4a97edcd53d73034bb389663bd8c8a66b4
3139,mb-dielectric-3140,Ca3 P6 Ir6,Ca(PIr)2,Ca-Ir-P,15,273.7141,8.8536,5.692491,f647026d992a806fe33f0868f73a1ed2f5ec9f1f4105a58fad288bc92568907b
3140,mb-dielectric-3141,H16 W6 Se2 N4 O24,H8W3Se(NO6)2,H-N-O-Se-W,52,588.8277,4.8424,1.99648,1368cd1c226bc9671f42324ccdf47f82d638e372a66b48b32b64eca19aa66e13
3142,mb-dielectric-3143,Rb1 H1,RbH,H-Rb,2,55.0052,2.6106,1.673021,0d5602c2b4c70a02f228bd82a144bb589063cffa79ae25d47f1842530bf33c90
3144,mb-dielectric-3145,Rb8 Co4 Cl16,Rb2CoCl4,Cl-Co-Rb,28,896.188,2.7547,1.647402,8fc83fdcc622ceac75191c5baf7e1beebbc32904040cc06be6780a1112fe362d
3145,mb-dielectric-3146,Cs1 K2 Sb1,CsK2Sb,Cs-K-Sb,4,167.9817,3.2904,2.764219,b2e0b43cf57092810a721d47616bba38754362df666905e23339209ae27be059
3146,mb-dielectric-3147,Li3 Mn3 Ga3 F18,LiMnGaF6,F-Ga-Li-Mn,27,322.9364,3.7885,1.501946,042dbe143cdf75e3daec9cf8da2231bfe4bce5ddadc2e07e3678341ff91807de
3147,mb-dielectric-3148,Sr3 B3 P3 O15,SrBPO5,B-O-P-Sr,24,287.2408,3.6317,1.680095,c964bb1b1a3342ff92be319e02019de651dca1942b27aac3d06a288c8d470919
3148,mb-dielectric-3149,Si4 O8,SiO2,O-Si,12,195.3229,2.0432,1.464769,5992fd7ed076d9ccac9c1a59838eb73029baf63425f3cb4675e9aa56680b4fd6
3149,mb-dielectric-3150,In1 Sn1 Cl3,InSnCl3,Cl-In-Sn,5,185.5268,3.0421,2.041549,6d3d29345311d00f31cd27ad78b2cefacccaa02654c85c1ce15cfdb3ddfbb6fe
3152,mb-dielectric-3153,Li4 Cr2 Si2 O8,Li2CrSiO4,Cr-Li-O-Si,16,172.9247,3.0337,1.816346,f7296db4fc8c43d2d8bfbfc81975aaf57848d5cd8a59a043a302325a5c2edebc
3153,mb-dielectric-3154,Rb1 Y1 O2,RbYO2,O-Rb-Y,4,70.464,4.8633,1.917861,cee50f5964174b128a827ed23f234d7a19f25b7f0f4a1c40c44e46832e393f1f
3154,mb-dielectric-3155,Cr2 B2 O6,CrBO3,B-Cr-O,10,90.9383,4.0466,2.170844,3a9ea68c1bb1809d6437a81ec2cb26b0da7f2de0e390a076a169b649c930f9c1
3156,mb-dielectric-3157,K4 O2,K2O,K-O,6,132.2212,2.366,1.813313,7ef2b5c9873df99f7dd9d013771e76be0183ff767a0f1574d4d88434310cef23
3157,mb-dielectric-3158,Li2 Ga2 Te4,LiGaTe2,Ga-Li-Te,8,246.5989,4.4694,2.730469,5a56973e085644d8c4a4b69c6fc303daed490f735ecace9a43933599e986c972
3158,mb-dielectric-3159,Zn1 Cu2 Ge1 S4,ZnCu2GeS4,Cu-Ge-S-Zn,8,152.322,4.2887,3.156965,51a884fbdf437fac65465ea0cc0e6f2a6f0334c6fc2e5c15864af0dc40a5b6b8
3160,mb-dielectric-3161,Fe3 O1 F7,Fe3OF7,F-Fe-O,11,152.87,3.4382,1.659988,4ec2049fe7c5be0f188b2ed2c3e47005138ff6593fef48dec55abedbdd06a0bd
3161,mb-dielectric-3162,Li2 In2 P4 O14,LiInP2O7,In-Li-O-P,22,290.4187,3.3815,1.643498,a587ae89796ada32756a8587ae16bf81176faaaf36b7ce01c1eb630060d4b7b2
3162,mb-dielectric-3163,Fe3 F9,FeF3,F-Fe,12,179.0277,3.1399,1.596859,e629139db241c7e9dd1d245c478f699774e44e0a732be64c340afd77072a2b5c
3165,mb-dielectric-3166,H1 Cl1,HCl,Cl-H,2,53.07,1.1408,1.352798,9b29b6fc54c0151bdb235a2e8d88049eb247cdf97867c67428f1a20fff7cb19e
3166,mb-dielectric-3167,La2 Cr2 O6,LaCrO3,Cr-La-O,10,122.506,6.4765,2.39517,0d1755ed608349e1b6ffa00387cef3ac7bd8da6a1942f3d185491d37026531b1
3167,mb-dielectric-3168,Al10 B2 O18,Al5BO9,Al-B-O,30,337.2767,2.8527,1.643882,7fbef563afba88e0fd301735485cb046587ea8c2ed28dd2f267c623ae3294501
3169,mb-dielectric-3170,Ni1 As2 O6,Ni(AsO3)2,As-Ni-O,9,91.9189,5.5015,2.072265,4c63e099256dc07e4685ac020821056d2dfff5bfbc9376fa0455c969a9b6d38a
3170,mb-dielectric-3171,K4 Sr4 V4 O16,KSrVO4,K-O-Sr-V,28,452.5562,3.5468,1.817484,b0fd704eaef26cd4d18784d518fd3cfdded8fc5bf9122c1f27410ef2c39762af
3172,mb-dielectric-3173,Fe2 H16 Br4 O8,FeH8(BrO2)2,Br-Fe-H-O,30,385.1385,2.481,1.634319,5f872886f2d51d519c3e9f8fd6428c56493281406a8761d2b0025fe63d13ee33
3173,mb-dielectric-3174,Mn1 As2 O6,Mn(AsO3)2,As-Mn-O,9,98.9496,5.0475,2.021211,5638d459b715ca27be156ede6ed17c2939d262cb3deee8fe11f86ffc1e1ce8f9
3175,mb-dielectric-3176,Al2 Bi2 O6,AlBiO3,Al-Bi-O,10,113.6753,8.296,2.450848,69ffa4a46a86bd719d8d8f358bf5237403661d4394c9637db0d2b3459140d80c
3177,mb-dielectric-3178,Li2 V2 O6,LiVO3,Li-O-V,10,107.9285,3.2581,2.473661,31cb695b765b66d50fc9e3f43e0de5d9a630ce8034fb252e0096bc04fa99001f
3178,mb-dielectric-3179,Li4 Mn4 P4 O16,LiMnPO4,Li-Mn-O-P,28,367.7744,2.8328,1.61931,963a8f664ed09fa9bf1764e157b7fb81112accc9e288acf9719572b2e9a3df0d
3180,mb-dielectric-3181,Li3 Y3 Zr1 O8,Li3Y3ZrO8,Li-O-Y-Zr,15,204.1017,4.1229,1.969595,34f0878d5e76547389f1a84f287aa9313188964b150849439d030093fe279e57
3181,mb-dielectric-3182,Sb4 O8,SbO2,O-Sb,12,160.8826,6.348,2.3107,13b46d2a051864fe5c730c7a57accb5350f0f5b69f847b2193bae0014d4f1482
3182,mb-dielectric-3183,Li6 Br3 N1,Li6Br3N,Br-Li-N,10,182.85,2.6823,1.935993,f5b7d2b7e8ba2c350620dc92295bd95c791de4cc77b8793a51d59969bdcdc8b8
3184,mb-dielectric-3185,Si7 C7,SiC,C-Si,14,146.9607,3.1714,2.717965,04d92abf3bf2d214af1adf2a5fc7d2e992f914fb3f0c24a1ca05ad8e986132bd
3185,mb-dielectric-3186,Ta4 Cr2 N2 O10,Ta2CrNO5,Cr-N-O-Ta,18,210.3053,8.0205,2.587051,860df69c5122b9d8cdf3c044fe05e62006bc62fa8700cb7514a49e597c1258d5
3186,mb-dielectric-3187,Ti2 Ni2 O6,TiNiO3,Ni-O-Ti,10,103.7326,4.9483,2.413217,ad821305094ecde873cc803e48486f19e86f3981e50a445fb268619b915bf694
3187,mb-dielectric-3188,Li4 Fe4 P4 O16,LiFePO4,Fe-Li-O-P,28,362.2624,2.8925,1.647688,0bb727f507f751f11cbcbca7129bf6bf86d1b3d8d0b37afe4546e21485f9e25d
3188,mb-dielectric-3189,Zn8 P16,ZnP2,P-Zn,24,484.7856,3.4899,3.137277,60b091aa9e0727245751999b8eb051900c80f248ac7e558fcaa99ca5e3728916
3189,mb-dielectric-3190,Rb9 N9 O27,RbNO3,N-O-Rb,45,752.9789,2.927,1.508318,78b6c729c748644c83e93aedf656cf36664885e376e5d7e143ea671cf7eb5caf
3191,mb-dielectric-3192,Pb8 C4 O16,Pb2CO4,C-O-Pb,28,474.1389,6.8701,2.054316,d7b86eeee5b12b270bfe4c97bf0fd98b2a2cefe2412fd5736decbf71d111341e
3192,mb-dielectric-3193,Cs1 Ca1 N3 O6,CsCa(NO2)3,Ca-Cs-N-O,11,176.2409,2.9302,1.59828,020c64588e09a2935743114c4c1f587f93bac324ba32ecd396d328e5fe8ae164
3194,mb-dielectric-3195,C6 N6 Cl6,CNCl,C-Cl-N,18,370.4274,1.6533,1.592273,05e09ec2ca2cf25a63bb3eaf2bfaa19e0db543d06ea44185b991d84cd0844955
3195,mb-dielectric-3196,Na2 Mg2 As2,NaMgAs,As-Mg-Na,6,140.8185,2.8824,2.881865,17b52a775752986649194e586ec932c5784c45f2384cea8535488927b33037ba
3196,mb-dielectric-3197,Mn1 H12 N2 Cl4 O2,MnH12N2(Cl2O)2,Cl-H-Mn-N-O,21,244.3971,1.8267,1.651752,7d46ca8935b02525cf32a426f0ac77bc175b74374431a6a92c83be4827790ceb
3197,mb-dielectric-3198,C2 Cl2 F6,CClF3,C-Cl-F,10,180.8483,1.9183,1.442896,0e173f4e1031d49a618aa8a6819efa4ef09d718ace5ea3baa45d92372f4a2cbb
3198,mb-dielectric-3199,Sn2 O2,SnO,O-Sn,4,80.3722,5.5664,2.561333,5077ffc89caab5faaae344bb6e7fad2da70982a842ee68e34384114254716627
3199,mb-dielectric-3200,V4 F12,VF3,F-V,16,208.3651,3.4408,1.771161,f1e7813708cc2dc92d4843abec4b148d58d132eaeb3f1ed366c3e7175959c171
3200,mb-dielectric-3201,Hg2 I4,HgI2,Hg-I,6,283.4422,5.3242,2.202045,3678e914cf93f7e81021f3db953b5bff6641e68620d969283141123328809024
3201,mb-dielectric-3202,C1 S14,CS14,C-S,15,502.315,1.5237,1.767767,9739ed4f60769fceb19e10e450e469438f3c5a43305199805ecdd766f6685c59
3203,mb-dielectric-3204,Li2 Hf4 N6,LiHf2N3,Hf-Li-N,12,163.6069,8.2403,2.885796,2b410b79d85a119191de1b2aead6af1a49ec9836abdc6cc4163f8c4c7442cda7
3204,mb-dielectric-3205,Li2 Sn4 N6,LiSn2N3,Li-N-Sn,12,174.3307,5.4557,2.664598,69e80d1d0b38ad98672296bd080640a0b4c215d1253f8eff2441cf2b87e90281
3205,mb-dielectric-3206,K24 W16 N40,K3W2N5,K-N-W,80,1625.9492,4.5345,2.222665,3e358e753902bb52c31ec0b43ca977154dcf86de852755320f38e6bca6e8f9c0
3206,mb-dielectric-3207,Ba6 Zn2 B10 P2 O28,Ba3ZnB5PO14,B-Ba-O-P-Zn,48,627.235,4.1639,1.725885,a33713ef9aa87ac002dfcf13e6228f58c74f31a83f7a0b464c04deac9a8b45b7
3207,mb-dielectric-3208,Y4 C6 N12,Y2(CN2)3,C-N-Y,22,366.1793,2.7017,1.933233,68405b35f66436865799fc8921c21ef59bf5179180ed1f281a8ee982e33b3dee
3208,mb-dielectric-3209,Li8 Ge4 N8,Li2GeN2,Ge-Li-N,20,207.7424,3.662,2.212342,0c725b956532c7fc273b10f38348f4752ff6614394f94688abbaa6a5d5998196
3209,mb-dielectric-3210,Li2 Al2 Te4,LiAlTe2,Al-Li-Te,8,245.831,3.9059,2.478838,6597d8071970abd2d619a87a0f3b21980c09a06c24aca4e1338ae16c6e27297f
3211,mb-dielectric-3212,Sr6 Ge2 O10,Sr3GeO5,Ge-O-Sr,18,276.5139,4.9903,1.912105,fbc824bd211e5e3b6db3cff51c52dac9ce546afd49d21a834097e8a13618c80c
3212,mb-dielectric-3213,Li56 Sb8 N32,Li7SbN4,Li-N-Sb,96,980.8379,3.066,2.21456,95b89562c5181b2ff16c8e31f9a9d97509c9eaf99d70c2c1a9d1d3a797a52e8b
3213,mb-dielectric-3214,Ba12 Nb24 N48,Ba(NbN2)2,Ba-N-Nb,84,1426.0402,5.2982,2.791132,a631fc313688163681506c276600cd8c0c020324e4ade6478a66cefb12d63ae9
3214,mb-dielectric-3215,Te4 Mo3 W1 Se2 S2,Te4Mo3W(SeS)2,Mo-S-Se-Te-W,12,388.03,5.1529,1.0,694140d01c5143b5d2a1a269529905ef60fdeab434c51bf5dfce67fb68436e42
3216,mb-dielectric-3217,Mo1 W1 S4,MoWS4,Mo-S-W,6,196.9434,3.4404,2.495689,b3ae4bd598f3a86370e544a948a148b33cb47df857d63ee8f6c49146312533b7
3217,mb-dielectric-3218,K3 Sb1 S4,K3SbS4,K-S-Sb,8,243.8117,2.5017,1.952923,3710f37edf06dd6729f75de88869c6e138bdb8caf008d6dea5fb4d92ce9657e5
3218,mb-dielectric-3219,Li2 C1 N2,Li2CN2,C-Li-N,5,60.5185,1.4791,1.643542,9d00628fdbd3ca928526317c9dfb7f67294e7108187abd89d15da024531c67f8
3219,mb-dielectric-3220,K6 Li2 P4 O14,K3LiP2O7,K-Li-O-P,26,394.3228,2.5113,1.544169,616750b0d714989fd4af63d968cbd94d0fd60599897983488e6dc4f40746c2c1
3220,mb-dielectric-3221,Hf1 Fe2 Sn1,HfFe2Sn,Fe-Hf-Sn,4,59.9654,11.3228,6.177685,bb44a3e482faebb954cda9cb2b3de3019cb7c29a949e2cc942040efe47b9a8f6
3221,mb-dielectric-3222,Ba4 Ag4 P12 O36,BaAg(PO3)3,Ag-Ba-O-P,56,856.4601,3.7389,1.6537,256b903aa25f8fb4f6c4a8cc2fd5cf98117203a683758c2bf38d1955fd921ae6
3223,mb-dielectric-3224,Na4 Pd2 S4,Na2PdS2,Na-Pd-S,10,205.8889,3.4927,2.601218,6d96f401e762c8aadbee05b43ef8c01232a9fb39f9fa7504caf588a9d0862ae8
3224,mb-dielectric-3225,Si2 Ge2 N4 O2,SiGeN2O,Ge-N-O-Si,10,130.6328,3.6797,1.93191,1fa078146c25b009765f73748c9ae0028612ecec6e115a3a4c6b13a6ffd5ad65
3225,mb-dielectric-3226,Li4 P2 N2 O4,Li2PNO2,Li-N-O-P,12,118.7253,2.5416,1.725192,18fe7243d9dc279663d72fdcf841a6a8876290af906ba047d5e3acc80e8cab16
3226,mb-dielectric-3227,Bi2 Se3,Bi2Se3,Bi-Se,5,154.1068,7.0561,4.163692,b7a82e2f74db56fafbbb7955557dd9e8b9413e80e0c37d2b68f5696546249951
3227,mb-dielectric-3228,Ba2 Se4,BaSe2,Ba-Se,6,206.1892,4.7555,2.812057,f54b83370b271fc508fea74116f5f4c820d7a5ec5d3230941ffa4c2431dfb59c
3228,mb-dielectric-3229,Na6 Sr6 Ga2 P8,Na3Sr3GaP4,Ga-Na-P-Sr,22,570.4912,3.0589,2.766745,269bee81d87abf5be9d570a80d640c9c663906d40862ee69334539fb1d4a0cd2
3229,mb-dielectric-3230,Sm6 Cu2 Ge2 S14,Sm3CuGeS7,Cu-Ge-S-Sm,24,515.8737,5.2257,2.790561,293ac125e0dca8b363393aee68763092db585362bf5def9ac9bbe3b9a3e4cef6
3230,mb-dielectric-3231,Li2 H1 N1,Li2HN,H-Li-N,4,33.1742,1.4464,1.910586,9f8ca4fe5c620cff08a948f77163d804aac57aa8c55bb5d0ec90039e676740d8
3231,mb-dielectric-3232,Li4 Mn4 P4 O16,LiMnPO4,Li-Mn-O-P,28,367.5768,2.8343,1.633102,2ccd76afa599dfb790e874b907f56836792e994c3db21360f209250a4aca7696
3232,mb-dielectric-3233,Na1 Nb1 N2,NaNbN2,N-Na-Nb,4,49.1436,4.8626,3.463444,1556d0d502cd2ade4a129be0ab0deb2d821be47a5d8aae3433245e881e28de30
3236,mb-dielectric-3237,Ca2 Ho4 S8,Ca(HoS2)2,Ca-Ho-S,14,291.2861,5.6802,2.754133,cefd81221d87f194db0d9554c869303d1636369c06bc2b5f9f6b9a921cc406cc
3237,mb-dielectric-3238,Si10 C10,SiC,C-Si,20,209.9093,3.1719,2.667708,997ba158a5e4c487972239abb4540839c951238796156e4a3a349d5b67b3e00d
3240,mb-dielectric-3241,Ga2 Ag2 S4,GaAgS2,Ag-Ga-S,8,177.6854,4.518,2.7849,291741d29d4d58883c7744a63d9f22933ac55a9bdbb214e5ba41eca89ff6bbd6
3241,mb-dielectric-3242,N2,N2,N,2,85.469,0.5443,1.186592,e3c90770d2d8f2075d2ceac99d2d951ea3e847679419928c497da1d830ca0aab
3243,mb-dielectric-3244,Rb2 Sn2 O3,Rb2Sn2O3,O-Rb-Sn,7,172.6456,4.3893,2.166,093c91342a86361b6c408c661148ce854818c87150d056f2570c9bfdce5ca56f
3244,mb-dielectric-3245,Fe4 O6,Fe2O3,Fe-O,10,105.43,5.0302,2.492656,4e627416a9ad82cc4559ec09c5dc16d2d4df40036f0590afd36c50801bafbc06
3245,mb-dielectric-3246,Ca4 Al4 Si4 H4 O20,CaAlSiHO5,Al-Ca-H-O-Si,36,352.3819,3.3203,1.777122,d64b8fb05237263c0e05a0d37f1ef1eeb38f359c8ba5e9e924a407e69923e600
3246,mb-dielectric-3247,Al1 Cu1 O2,AlCuO2,Al-Cu-O,4,40.8671,4.9786,2.359021,c4ba52f47ce4d0a80f46a139f44717f71768861fc4b68b6460196c1196479b73
3247,mb-dielectric-3248,P4 H24 N4 O16,PH6NO4,H-N-O-P,48,487.9604,1.5657,1.483548,444fa9b5ea41fc230c3fa04c25828246e83e8a257ed0a6fa8636b429b17efdf5
3249,mb-dielectric-3250,K1 Cr1 O2,KCrO2,Cr-K-O,4,50.7544,4.0273,2.093571,53a03f291de7ced1ab3c78ad0528bde21655dfd1683026699e4db7fd81fbce26
3250,mb-dielectric-3251,K2 Nb2 Ag4 Se8,KNb(AgSe2)2,Ag-K-Nb-Se,16,510.0734,4.3206,2.258808,abe6d656f64626559090080c0a135a16e1ea6bb41441012844a82c5084f50911
3251,mb-dielectric-3252,Na4 Y4 Si4 O16,NaYSiO4,Na-O-Si-Y,28,379.7912,3.5674,1.743094,7c3d7f0d18f4ef6fc9e66074ab5a0dd554c16e554937585aaf941991fbaa590e
3252,mb-dielectric-3253,K16 Nb16 N32,KNbN2,K-N-Nb,64,1201.6319,3.5381,2.591124,d56cc3226ad1fc2d42d8f9a77bade74e6935393e22dff20b9aa891b951f3e8e9
3253,mb-dielectric-3254,Ba12 Al8 N16,Ba3(AlN2)2,Al-Ba-N,36,659.4439,5.2575,2.587111,bbdb38ac74fc0dcb8a9737cb2092a81e30c57f0653aeef6dca8ff9a16c063d5b
3254,mb-dielectric-3255,Li56 Ta8 N32,Li7TaN4,Li-N-Ta,96,956.131,3.9675,2.198605,159ca7d6ecf8afbdc44e8266ebcc42676badf9fb19355682547eecb07495646d
3255,mb-dielectric-3256,Ba32 Si8 As32,Ba4SiAs4,As-Ba-Si,72,2454.2804,4.7474,3.153,a2af66aa6a1ef277b13830c2cdd3873945d03e3dae66daa41d35487dba9b2f11
3257,mb-dielectric-3258,Si12 O24,SiO2,O-Si,36,535.1502,2.2373,1.503662,3662e9e5d52998e965415695ec5fcc28242fa6b54fbfa831de423521f16b1a94
3258,mb-dielectric-3259,Li5 Sb1 S1,Li5SbS,Li-S-Sb,7,118.7494,2.6363,2.570574,609f24dff2586075539344f660d24e444820721d71acf98cca026969b9ccc18c
3259,mb-dielectric-3260,Cs3 C6 N9,CsC2N3,C-Cs-N,18,487.4996,2.033,1.466493,1bc406c9b10342924b7a8398aed5d1c91cb2e9295391d28fa9c14ff34732a38d
3260,mb-dielectric-3261,Cd1 C1 N2,CdCN2,C-Cd-N,4,55.0712,4.5963,2.104752,9ec0b13500975a1f27c885cf47e0d9229d0350d8d7d6b634b16f2244cacf03ed
3261,mb-dielectric-3262,Sr1 Al2 B2 O7,SrAl2B2O7,Al-B-O-Sr,12,171.9356,2.6579,1.567326,24cd976838967a7e612cedae6f936629cb7031f614d82738aee591fc1baae7f6
3262,mb-dielectric-3263,Rb2 Ca2 As2,RbCaAs,As-Ca-Rb,6,214.7762,3.0998,2.438222,41cb68ca8c2c97186ff09d524dcee1cb17631db880b77d4d3546c5e43ba58c8b
3263,mb-dielectric-3264,Li6 P2 O8,Li3PO4,Li-O-P,16,161.0197,2.3883,1.585032,725e015b09b44af8e3b575fc5054ec7da14d4fc7ebad9683cb70e20992b3fa4c
3265,mb-dielectric-3266,Ge6 N8,Ge3N4,Ge-N,14,162.3591,5.6036,2.411734,2ed1a9c2954c8ff3cc061a8c77794406f2342c5fccfd55d3dc398649287474cd
3266,mb-dielectric-3267,Mg1 H12 Se1 O9,MgH12SeO9,H-Mg-O-Se,23,210.8333,2.0427,1.559355,e2ef106d091adff46f26f4708ce5947e27e99318ad7e317bd775acfa66f6a368
3267,mb-dielectric-3268,Ho2 Ag2 Te4,HoAgTe2,Ag-Ho-Te,8,237.8953,7.371,3.353661,9344363e4e798b2be2c1d739c7480ee6cf7ba8cfb7b4ac114b8076809d698a95
3269,mb-dielectric-3270,Al1 N1,AlN,Al-N,2,21.317,3.1929,2.148938,7d5f6af16554ed04357afed9440875f65497fa3d0439c7ca700b5abb5bab6fd4
3270,mb-dielectric-3271,B3 As3 O12,BAsO4,As-B-O,18,195.9488,3.8066,1.820718,99bbc5cb5f6384641049a4e1e5a7679da10b3e51886ca99762daff781512a01f
3271,mb-dielectric-3272,Tl3 As1 S3,Tl3AsS3,As-S-Tl,7,204.1802,6.3782,2.912058,e5fa9580366615bfc5a58b8af9280b904cc6bca0762c34045b2948fde68eaa5a
3272,mb-dielectric-3273,Cs1 Be2 B1 O3 F2,CsBe2BO3F2,B-Be-Cs-F-O,9,128.2785,3.2069,1.512178,1476be2e0972f3fdfa53df6080f87dee107e2fc742fcc9616b1c6944f3dbc572
3273,mb-dielectric-3274,H8 Br2 N2,H4BrN,Br-H-N,12,148.7635,2.1865,1.669442,43308b53abf5eac0e1488147b45a477388650c9e8f7b1f5394b30c38545c4427
3275,mb-dielectric-3276,Zr1 Sn1 Pd1,ZrSnPd,Pd-Sn-Zr,3,65.7016,7.9955,4.558289,cb3784fc71bffc87d445f737e010cd109101ef614b1ac5259d1545affa336711
3276,mb-dielectric-3277,Zr1 Sn1 Pt1,ZrSnPt,Pt-Sn-Zr,3,66.2255,10.1554,4.18055,b8957767f86c8acb08fde0ab3c278ba5aa020e552ca81a61f654fc604304d23d
3277,mb-dielectric-3278,Er1 Sb1 Pt1,ErSbPt,Er-Pt-Sb,3,71.2695,11.2793,5.10878,9c17fe743192b8f7535b2f92ca1b325464e80e369706addd011fc00431399e8a
3278,mb-dielectric-3279,Ca1 Pb1 F6,CaPbF6,Ca-F-Pb,8,165.9922,3.614,1.43558,7a9aa2e92f22d83e03f60136a075a898592912549c730d287c6f2ca63b769011
3279,mb-dielectric-3280,Tl1 Cl1,TlCl,Cl-Tl,2,59.3561,6.7096,2.5014,47132f875df4a661b16f7ad08d9a0ae7ac25d354ed0753122cfbe16f05013f3d
3280,mb-dielectric-3281,Ho1 Sn1 Au1,HoSnAu,Au-Ho-Sn,3,75.8112,10.527,4.746797,a9b0b7cbc9e35743624744038c3ee33c814b5720d9d11c3d2a2b08f62aee5ca5
3281,mb-dielectric-3282,B2 N2,BN,B-N,4,23.8766,3.452,2.15048,285422401a91e66cc53aef65689ead36fd9d0194dcb9a04b45013649808347d0
3283,mb-dielectric-3284,Th1 Ni1 Sn1,ThNiSn,Ni-Sn-Th,3,71.3233,9.5326,5.655393,e495c0e21dcd158641532f7bbb44870e223142ea745c3ea629774607480e31c3
3285,mb-dielectric-3286,Mg1 O1,MgO,Mg-O,2,19.2794,3.4714,1.79119,a3ff599b862c56dcb1deb6be4c6d89d3a421facee508a6dcf620a156af347630
3286,mb-dielectric-3287,Tm1 Sb1 Pt1,TmSbPt,Pt-Sb-Tm,3,70.6694,11.4145,5.358011,db71a1277e4041dc35a6f5057b6841d0828fca6f665196705e6d677010ba6529
3287,mb-dielectric-3288,Y2 N2,YN,N-Y,4,69.6784,4.9051,2.732588,20dc799a390087e4a8594ab15221ea8976b6d8739b9f08cced789af6fcbe489d
3289,mb-dielectric-3290,Y1 Sb1 Pt1,YSbPt,Pt-Sb-Y,3,72.7228,9.2648,25.859958,883e8f07872204b4424c6c96a7bd81f8182ad7d3c495c57d8e33f4bb0acfaf90
3290,mb-dielectric-3291,Dy6 Sb8 Au6,Dy3Sb4Au3,Au-Dy-Sb,20,489.8889,10.6125,5.227238,8419be306925c36d92c8c9fb5e89f6d7efa1b6418fbb99ceb0d23d5af737b5ac
3292,mb-dielectric-3293,Sc1 Ni1 Sb1,ScNiSb,Ni-Sb-Sc,3,57.0457,6.5614,4.277999,846f8782901da4096331715ed64b0283f566610460d8405fbb71ec98a2953285
3293,mb-dielectric-3294,Pb1 Se1,PbSe,Pb-Se,2,60.2537,7.8863,4.440081,d14c0232a1f8a0252bbd8ba2c1164157a3ada6260bc71ad5616cdf2bd155815f
3294,mb-dielectric-3295,Pt2 O4,PtO2,O-Pt,6,81.8093,9.2185,2.72222,8da9c9a347c7221f21b603146c6a64e5cd1d542d3c07c279694e8399b2cf01ac
3295,mb-dielectric-3296,Th1 Sb1 Rh1,ThSbRh,Rh-Sb-Th,3,76.1776,9.9553,4.504394,d0b1641c889cdd2f1403a5d43001096e01166c504e84fbeae251ee7fcbc03434
3296,mb-dielectric-3297,Sn1 S2,SnS2,S-Sn,3,82.7263,3.6701,2.96721,27b9b4a699567245fa5be6beb3b10f97fc239d6241830e948d7d93f463271051
3297,mb-dielectric-3298,Rb1 Cl1 O3,RbClO3,Cl-O-Rb,5,95.6428,2.9328,1.527721,b346bbc71a61b58fb6e694a306ce3ce79fa6aee800cebd8e3ab5480e803910d1
3298,mb-dielectric-3299,Ag1 N1 O3,AgNO3,Ag-N-O,5,66.943,4.2137,1.814106,512a276c9742d560a8f0159265658bd7a96e4e1b96ff6073c7d612a9ce7e1a65
3299,mb-dielectric-3300,Nb2 Rh2 O8,NbRhO4,Nb-O-Rh,12,140.6264,6.1357,3.297513,3a75dfbbd0f890d55dee4f6749fc59b36d3f437ce76fe153e3b320076d7e7d41
3300,mb-dielectric-3301,W1 S2,WS2,S-W,3,62.7975,6.557,3.039792,9bb9c1b80f0ca1db18e7f067c218f7b386a4f4fa822edc6e9d976b447c4e9b36
3301,mb-dielectric-3302,Zr1 Zn1 N2,ZrZnN2,N-Zn-Zr,4,50.6775,6.0503,3.024139,527420a294f4f9d5f72d06dac422c54b6a2916cccfc656133120d36183688ae5
3302,mb-dielectric-3303,Er1 Ni1 Sb1,ErNiSb,Er-Ni-Sb,3,62.8158,9.1918,4.296431,ad935d4dad433947ee9dca5994d6628ff0b4650084fa8e8f6be012ed6ad9c699
3303,mb-dielectric-3304,Ho1 Ni1 Sb1,HoNiSb,Ho-Ni-Sb,3,63.4233,9.0428,4.319237,1d8788f5418ed8b455c4bb8069020bb867ade223f6f2b72ee16cf1fc02219821
3305,mb-dielectric-3306,Sc1 F3,ScF3,F-Sc,4,67.3988,2.5118,1.504327,388e29824ae5af510bd58708a09927c9535e892fab3a7b5357e6701f6d89b9d8
3306,mb-dielectric-3307,Na1 H1 F2,NaHF2,F-H-Na,4,49.6665,2.0727,1.306905,364f083fb8f219a95a964b50ef5f0661545e39385eca40d7795e03f8a6d9bb0f
3309,mb-dielectric-3310,K1 La1 S2,KLaS2,K-La-S,4,117.8655,3.4113,2.154995,ccd43f195d8b9b1e54ef0a718c3accbab3e81fb52c39905acc35e78402f8cd54
3311,mb-dielectric-3312,Na1 Cr1 Se2,NaCrSe2,Cr-Na-Se,4,84.6734,4.5675,3.246388,65dedc0946841a12a880b78e443fb415edfd408c70c47fdf22ede2df1c5bbd85
3312,mb-dielectric-3313,Na1 Y1 S2,NaYS2,Na-S-Y,4,92.081,3.1744,2.268475,b8efb8561da508e98ab40c393036ffceb5f71e54f40460c0ec1140eadee890b4
3315,mb-dielectric-3316,Be1 S1 O4,BeSO4,Be-O-S,6,73.6111,2.3703,1.546002,9257ab7db36134bb0c5faf457731a9955ecbe8a65ad14ea0a9687ba184572a16
3316,mb-dielectric-3317,Hg2 I2,HgI,Hg-I,4,159.0678,6.8376,2.807312,a59af2c97744926dbd66ad58dd8a3072c9040f6d0a697a64372bd2f6dd68c47e
3317,mb-dielectric-3318,Sr1 Ga1 Ge1 H1,SrGaGeH,Ga-Ge-H-Sr,4,78.1898,4.9056,6.189918,5872d78ea713cb848fa4e37f5ccec079f1db0c9e6a31c773b70b199407dfe29f
3318,mb-dielectric-3319,Nb1 Sb1 Ru1,NbSbRu,Nb-Ru-Sb,3,59.6434,8.7905,4.773151,932bf51ac7bd178a282e86df4ab09aea4767c26eed9c7404d2e713ae7d444ac4
3319,mb-dielectric-3320,B2 N2,BN,B-N,4,45.1669,1.8248,1.860466,fcda85b5d4e04a0292d96e81225849171bf653da7f0403abe8eadedd06955303
3321,mb-dielectric-3322,Cr1 Cu1 O2,CrCuO2,Cr-Cu-O,4,46.2641,5.2956,2.692241,5c51283ccbac91e0d6facf0769334e05295b3ef07382a81a7f862232a77306a0
3322,mb-dielectric-3323,Na1 Fe1 O2,NaFeO2,Fe-Na-O,4,43.8264,4.1994,2.115329,37f1a05ca939f93ef8eabd795039332275b6955856f38baa72e74b59f3621063
3323,mb-dielectric-3324,Tb1 Ni1 Sb1,TbNiSb,Ni-Sb-Tb,3,64.6226,8.7207,4.342059,de1c0490c536b9b14750a08de23d286671a2e2230588b13dba0f64a179c67ab2
3324,mb-dielectric-3325,V1 Pb1 O3,VPbO3,O-Pb-V,5,72.9565,6.9679,2.447613,a6c77605b075fda07668bd4128e9d15f170a9b7d36a5376bde50fe51842c7226
3325,mb-dielectric-3326,Fe1 Bi1 O3,FeBiO3,Bi-Fe-O,5,67.6485,7.6787,2.533313,42f18ab42b07fa00b4a2fc487c6fa9b913190bd7f46415b706bbe1d8896073f0
3326,mb-dielectric-3327,Na2 Tm2 O4,NaTmO2,Na-O-Tm,8,106.4016,6.9892,1.91886,01e94273d416bc480bf785c6cd1503e8468d348993d3a4dcc07407b94eb2f529
3327,mb-dielectric-3328,Fe1 Cu1 O2,FeCuO2,Cu-Fe-O,4,47.0241,5.346,2.866223,8b5adc8162f6f321c895ec0864118578b7fe2710b953ecec2d89bf859ac11a73
3328,mb-dielectric-3329,Rb1 La1 S2,RbLaS2,La-Rb-S,4,124.5075,3.8477,2.146432,c2fecda94b0ad6aed0c2b3f4686d97977825f4ee327b00ec0d5e1237f5f54e0f
3329,mb-dielectric-3330,I4,I,I,4,206.8674,4.0747,3.148015,bb3568cd1b548d441fd1c678bf24587a0da4e25627e54e9a32e97d0886432994
3330,mb-dielectric-3331,Ga2 Hg1 S4,Ga2HgS4,Ga-Hg-S,7,165.9644,4.6855,2.571481,30a1fa8afe1b1b54347f1fdbe87315715c5495a541261c0adf92d137da1b636c
3331,mb-dielectric-3332,Tl1 Bi1 Se2,TlBiSe2,Bi-Se-Tl,4,123.1118,7.7055,4.318537,7f7c37fd608e52ea4f52ee788c98aed68d5ce42f5f51e8249a4d0453f85b3ca3
3332,mb-dielectric-3333,In1 Cu1 O2,InCuO2,Cu-In-O,4,57.1954,6.1074,2.349583,7e2a3f23517682e93f95b6276c57afd8956b8e00fca07879dda96999c1be350e
3334,mb-dielectric-3335,Ca1 Cd2 P2,Ca(CdP)2,Ca-Cd-P,5,114.3686,4.7456,3.472175,e54c47e1e0915fb69d6a0120078b7f60c2ec3fbfef2a4ad6e2e75b5bb1d76767
3335,mb-dielectric-3336,Na3 Mo1 O3 F3,Na3Mo(OF)3,F-Mo-Na-O,10,139.3607,3.216,1.584861,7c314d70241cdf02db202be9fa5ea6617cb890cb0676c6a4d3d1ac941477509a
3336,mb-dielectric-3337,K1 Mg1 F3,KMgF3,F-K-Mg,5,66.5998,3.0019,1.434225,c986d4a30d6cfd4ba607274ff6678b69232de93a780f8a162545f98a37a3723a
3338,mb-dielectric-3339,Rb2 Se1,Rb2Se,Rb-Se,3,133.9566,3.0977,1.820623,2ac477dbd2b8c54ec3adc213a32d52d57b98abb864c6833c2720baaa30be8c9b
3340,mb-dielectric-3341,Ba1 Cd2 As2,Ba(CdAs)2,As-Ba-Cd,5,142.718,5.9571,9.880905,5a293871d9feaee5b0ea8aba160036dde0537dc51b3fb83c3d25ac32b9f7ca9f
3341,mb-dielectric-3342,Zn2 Sn2 P4,ZnSnP2,P-Sn-Zn,8,186.2394,4.3879,3.513733,a95cda9e078ce64b57097e87058ce756be5616e62596cf4f3bc89c5908c91bcd
3342,mb-dielectric-3343,Ca1 Zn2 As2,Ca(ZnAs)2,As-Ca-Zn,5,107.3817,4.9599,3.794733,f32b9aebcaf760f241a6bb7fbab99b111fe790c376996492a6ea401c9ae5e725
3343,mb-dielectric-3344,Na1 O3,NaO3,Na-O,4,55.6723,2.1174,1.53405,90f6f3ceefb570771e86571f5e025c9bdcc49b629d9e4e2e8566d20c2cb54729
3344,mb-dielectric-3345,Sr1 Cd2 P2,Sr(CdP)2,Cd-P-Sr,5,122.303,5.0832,3.468573,5cea903e42094bf75e4507e424bc0ee51452899d66b199f7d7cf5543f510fc91
3346,mb-dielectric-3347,Sr1 Zn2 P2,Sr(ZnP)2,P-Sr-Zn,5,104.5411,4.4537,3.332166,ecd86de611e57ef990dbae6b26c3b9e9d040c2bd5ba8b09bb6cc09bd61a4be41
3347,mb-dielectric-3348,Er2 Bi2 O6,ErBiO3,Bi-Er-O,10,157.8502,8.9257,2.365162,da3986c1da4c010ff1023354fda27c4cf48855bd8dcb5dec67840dd1034892bd
3348,mb-dielectric-3349,Ba1 Cd2 P2,Ba(CdP)2,Ba-Cd-P,5,131.6104,5.3509,3.598148,de8763efd3a21c1c29f2a9f6622eee867d6eec02ea356c37f16d39462ada3dd4
3349,mb-dielectric-3350,Sr1 Ga1 Sn1 H1,SrGaSnH,Ga-H-Sn-Sr,4,90.0883,5.1069,5.747141,f41d6770b4a92264989d8eefe27f48c9b76325d39812ddfe1a9ea1a61f05d1f1
3350,mb-dielectric-3351,Cs1 Pb1 F3,CsPbF3,Cs-F-Pb,5,117.8281,5.5963,1.703895,8218418a0653cab3237a131b435ceca204f4e4ffe326ad04469e67827edfd3b8
3351,mb-dielectric-3352,Sb4 Ir4 S4,SbIrS,Ir-S-Sb,12,227.4577,10.105,4.092762,be8f2af7a78f98282ccca02666aa49368aaf7186004125c64e72f73b10ba06b1
3352,mb-dielectric-3353,Ga1 P1 O4,GaPO4,Ga-O-P,6,95.4151,2.8662,1.55026,36a6e40d92bc665eaaee3221d0ee263123cde9e77c648b152d7ba80c71e061c6
3353,mb-dielectric-3354,Cs1 Cd1 F3,CsCdF3,Cd-Cs-F,5,94.997,5.2844,1.609238,6bd026fa611418ebfa12b5e383ad67af5d4e3b76c50f952117e261cb1331d140
3354,mb-dielectric-3355,Ca1 Zn2 P2,Ca(ZnP)2,Ca-P-Zn,5,97.1285,3.9808,3.334491,44e9cb2d18385afac1ca929132f52afadca985d523cbec7605a017af030437d4
3355,mb-dielectric-3356,Ba1 Mg2 As2,Ba(MgAs)2,As-Ba-Mg,5,138.0066,4.0402,3.07644,e4e34f3f979ec10ec68b796af4b540d358d57eb08a44ceb47e94819bd4b76374
3356,mb-dielectric-3357,Ac1 O1 F1,AcOF,Ac-F-O,3,53.3503,8.1547,1.868985,22d5a9c515a62bf78e6d0aa148788729082325d181026dd05d909ef21dd8136b
3357,mb-dielectric-3358,Ca1 Cd2 As2,Ca(CdAs)2,As-Ca-Cd,5,124.5616,5.529,6.284874,be27ebc8cb332d3aa3b23ad4a677deeab48431c175042d0dc73ddef22d5e2b6b
3358,mb-dielectric-3359,Fe2 H2 O4,FeHO2,Fe-H-O,8,77.7882,3.7934,2.161218,6688e79efac1bcb0e49274e41f51a19f985d4eeb442ec7b56e5208b7da46ace2
3360,mb-dielectric-3361,Nb1 Cr1 O4,NbCrO4,Cr-Nb-O,6,75.6402,4.586,2.472101,4057649270ef625efb0223c5cf60f84e80a15dc7c9ce73ac9851d8211cd45a5e
3362,mb-dielectric-3363,Pb2 Cl2 F2,PbClF,Cl-F-Pb,6,126.7309,6.8568,2.126213,7ba9d781884f936124e21a94b7d0f1b0e955145841364c8b3772bed16a26249d
3363,mb-dielectric-3364,Li1 I1,LiI,I-Li,2,54.6969,4.0634,2.027313,a87bc9630ce16b8758be395e0e191408e54406a8e4973d406f51d71f4b60cbfa
3364,mb-dielectric-3365,Sc1 Cu1 S2,ScCuS2,Cu-S-Sc,4,73.2891,3.9114,3.243791,a7fd4224d629b845410eaffed63914f982e2b8fd80c91742a69395a1a592b8f1
3365,mb-dielectric-3366,Ba2 Cl2 F2,BaClF,Ba-Cl-F,6,146.2534,4.3548,1.700308,d237459b6f3c45551b04760cee6cf2e7763d13b1f3c9317c5c096f506ab56f56
3367,mb-dielectric-3368,Si2 S4,SiS2,S-Si,6,189.621,1.6151,1.772099,7dd91ded72a65f352453cdc5c16a216260e1fe30b32381e676fc636d2d0c1aeb
3368,mb-dielectric-3369,Er2 Ag2 Se4,ErAgSe2,Ag-Er-Se,8,195.9671,7.3389,3.044865,87f81bde50adb963316cb2c8e6bdd07b03c166719cee9b10ded307b98382d1dc
3369,mb-dielectric-3370,Zn2 F4,ZnF2,F-Zn,6,73.4604,4.6749,1.598437,61e3391e0a3f079d7cfcbdebc02b567d2ac668cc88eac3d30258addd7b23d839
3370,mb-dielectric-3371,Y2 O2 F2,YOF,F-O-Y,6,81.3923,5.0557,1.845295,81dd9da88daa357256a54f8ab57ddb82fc1eeefb7d551109913fc7beaf798bac
3371,mb-dielectric-3372,C2 O4,CO2,C-O,6,93.746,1.5591,1.401903,1b32ca94f356ee15a56c557eb79633be3a64770587e0d072789125103043aa07
3372,mb-dielectric-3373,P4 Os2,P2Os,Os-P,6,89.7192,9.3347,4.26763,3442bb430b200553c124a7f69877b40c88c7b08f2df4023c823262eb4e82f5b7
3373,mb-dielectric-3374,Pb2 Br2 F2,PbBrF,Br-F-Pb,6,138.3611,7.3474,2.282396,7805e07bf5fc227ad7b4fc051112cbd58a8789103482206e4c4f47826c569e1d
3374,mb-dielectric-3375,Rb2 Au2 Se2,RbAuSe,Au-Rb-Se,6,213.6356,5.6181,2.103784,99b8fa3ed155e08855014bfb9c1cc918c2dd54063ab00007446eab3ab3c849d9
3375,mb-dielectric-3376,K2 Li2 Te2,KLiTe,K-Li-Te,6,183.9668,3.1346,2.120078,116e1c913063d7df55b0086c0e8f0144a36c682c026982c002affac4e6f33ce2
3376,mb-dielectric-3377,Ni2 P4,NiP2,Ni-P,6,89.4967,4.4768,5.150437,0fb9124899f00dc01ed23b828f20897721bed318522137571a112e8b1b50e846
3378,mb-dielectric-3379,Mg2 F4,MgF2,F-Mg,6,68.1861,3.0345,1.432829,1c5990e2ad283df4cb8604965e52d058ee0ae9b0830b9c56ef1cbfd20efc6c86
3379,mb-dielectric-3380,In2 Ag2 Se4,InAgSe2,Ag-In-Se,8,232.2037,5.4436,3.18525,682b274c2c59461c5e1565a760e41f78fef1daf4e46a7d4edcebee2cf2147c68
3380,mb-dielectric-3381,Ca6 Fe2 Rh2 O12,Ca3FeRhO6,Ca-Fe-O-Rh,22,269.6664,4.6181,2.352729,b78fc40e37d967b5f5b5c0bfbb17c4c4d5af2e5bc9a92442cb07062a30f604c9
3381,mb-dielectric-3382,Y6 Al2 O12,Y3AlO6,Al-O-Y,20,268.1904,4.8257,1.991717,78c1c16d7e7b221c6f21645f3d2627bf15f9afa67a156098ec51645a3de37349
3382,mb-dielectric-3383,Li2 Nb2 O6,LiNbO3,Li-Nb-O,10,125.0135,3.9276,2.119057,3bc0e878dced202e7d1d6d7c439fe5de7b66dc455612a937680a4333b5246abd
3383,mb-dielectric-3384,Mg2 Si1,Mg2Si,Mg-Si,3,64.4719,1.9754,3.977185,4d6bfd045a163b6891f8a5ca389c3a93f892cc6cacb048292b577ddb74c3394d
3384,mb-dielectric-3385,Mn4 O8,MnO2,Mn-O,12,144.2371,4.0035,2.942675,913a8706777823558ed09af1622f0e5b30067a920668bccaafea27dc1738e9a3
3386,mb-dielectric-3387,K2 Pd1 Br4,K2PdBr4,Br-K-Pd,7,253.1288,3.3078,1.9455,cac544fa03a33c19a71bb68246da810855c301388352443ab54b64a92aeb89ba
3387,mb-dielectric-3388,Y6 Ga6 O18,YGaO3,Ga-O-Y,30,382.2257,5.386,2.059729,60778d5db5d8afa55ad9604d71f325572e2e10e29a47c92e773f746e6d7d31a9
3388,mb-dielectric-3389,Tl1 Cd1 N3 O6,TlCd(NO2)3,Cd-N-O-Tl,11,165.8879,4.5527,1.828731,3b95e9703828885bc4e55a33bda64d4b050a5347a90f1084f775bff1b33e6e86
3389,mb-dielectric-3390,Li47 Cu7 N18,Li47Cu7N18,Cu-Li-N,72,798.2201,2.1285,2.630849,1e977dd1ac2129f12968c09f0e4cfa4ebb3451873b62a0b42845d5ba57bda1de
3391,mb-dielectric-3392,Na3 Li5 Mn5 O9,Na3Li5Mn5O9,Li-Mn-Na-O,22,267.3209,3.2448,2.029008,d12d8807e6f7a45246619c42022d5fe10ac2bcaf363858b15dc0929178384a62
3393,mb-dielectric-3394,Mg2 Tl2 P2 H24 O20,MgTlP(H6O5)2,H-Mg-O-P-Tl,50,482.4004,2.9724,1.615739,58f81530ae4234e6d09280042d10cb3684a00649a12b020aec95d3e6f248b39a
3394,mb-dielectric-3395,Cd4 I8,CdI2,Cd-I,12,480.5737,5.0616,2.172653,17808c5cc8ffa060bfc1f8a52f2a113977cb29385ad7eeba97cc0cdc5145d441
3397,mb-dielectric-3398,H8 O4,H2O,H-O,12,138.8428,0.8618,1.31339,c7a0e5e982ae73a97b0f6654e2e12b6d5e0f67f371cc63adfe226cd09f89ef97
3399,mb-dielectric-3400,Al10 O15,Al2O3,Al-O,25,250.8755,3.3744,1.75045,5d35276d766dd40b182e959be66184660340baee90b4068da20a6b4d11326513
3400,mb-dielectric-3401,Ba4 Sr2 I12,Ba2SrI6,Ba-I-Sr,18,839.3252,4.4463,1.956362,bbde3b84c5c7f63c8e7be085cd979c4a523c5cb83c2a2e1c38e635eb48d56bc5
3401,mb-dielectric-3402,Si4 O8,SiO2,O-Si,12,206.1197,1.9362,1.43548,b7099736ea0d5c8a5e522b3c8d725667c44e2cfd1598c513425a4733efe1983b
3402,mb-dielectric-3403,Li4 Nb1 Fe3 O8,Li4NbFe3O8,Fe-Li-Nb-O,16,196.0564,3.5251,1.931519,69943b37c76484f02a7a10a06cd2958fd35deb396c47c11fde5eacc34cd42fc6
3403,mb-dielectric-3404,Cs2 Sc2 O4,CsScO2,Cs-O-Sc,8,188.1415,3.7045,1.849448,7a3f7afd0673217ae440cd4c333710a4ec64408c83c0ff92ae62afb643aaf2cf
3404,mb-dielectric-3405,Si4 O8,SiO2,O-Si,12,178.0223,2.2418,1.495528,4cf3de715f015b3a91fe327287d88861c32c1ae166efb3d92ac3ccb65386849d
3406,mb-dielectric-3407,Si3 O6,SiO2,O-Si,9,120.2118,2.4899,1.592587,630dca5580be7d6189922e96a753bf0e906aea6e908c499d2404d574bed0d13b
3408,mb-dielectric-3409,Sb4 O4 F4,SbOF,F-O-Sb,12,242.276,4.2976,1.753806,9b03cc9f28bab43006aa27ff31ff6e710fa203edc3c5ee4f32836bfddc877559
3409,mb-dielectric-3410,Si4 O8,SiO2,O-Si,12,193.642,2.061,1.465936,1d1f272edad9f0a3548f38addb2da4f1560b78029e5b66e967a0566c71983e16
3412,mb-dielectric-3413,Re1 N1 Cl4,ReNCl4,Cl-N-Re,6,159.0434,3.571,2.121721,8df2d07c6d5747cf73dc2c7216056ac6fb26179266d7e235ee579e681e598fcd
3413,mb-dielectric-3414,Cr3 Co1 P4 O16,Cr3Co(PO4)4,Co-Cr-O-P,24,273.0933,3.6167,2.107118,92cedaa48be26a4e61dbf81b12731ffbc4da09a34ee2ed97e8881839dff590ef
3415,mb-dielectric-3416,Sr3 Bi1 N1,Sr3BiN,Bi-N-Sr,5,145.6276,5.5399,5.866423,0cbdff88a05b432000f275b2c0cab8388a90e2f6c035dc4f8c0f996671e1c350
3416,mb-dielectric-3417,Li4 Zn4 B4 O12,LiZnBO3,B-Li-O-Zn,24,255.5399,3.4092,1.741443,e3e25987513e19b9c03c1dc5bc775e8ded98bd9fb98075bb7e58eabe8f3b36db
3417,mb-dielectric-3418,Ti1 Pb1 O3,TiPbO3,O-Pb-Ti,5,68.9848,7.2951,2.53755,0d0be3a1cd96ba939708dd6770ae6c9874610d1a2353d99ea82949041780022b
3418,mb-dielectric-3419,Na4 Li4 O4,NaLiO,Li-Na-O,12,187.1053,1.6305,1.726069,827ca0f97a8dda5f2bf57192b38303e3d4ca90a0e12aa30800ccaffd0437b3fc
3420,mb-dielectric-3421,Al2 Ag2 S4,AlAgS2,Ag-Al-S,8,173.8153,3.8019,2.397625,d70a107dfc5a41f274967e40cd69ce5087e66ffe6f2bcdcacc064228d6f632f9
3421,mb-dielectric-3422,V1 Sb3 P4 O16,VSb3(PO4)4,O-P-Sb-V,24,350.4772,3.7719,1.966265,6c40c43da8fa9f380f8536352d30b36d065e012856760dde4e9936d319afafc1
3423,mb-dielectric-3424,Sc1 Sb1 Pt1,ScSbPt,Pt-Sb-Sc,3,65.3124,9.1986,4.290636,fbd8a5593fcf76afb6caab2f7f9b69e16d1cd2416f3b97a30b5cf40aa4598939
3424,mb-dielectric-3425,Li12 Sb4 O12,Li3SbO3,Li-O-Sb,28,330.8075,3.8266,2.022057,47c1321f0410e790f8f75785a37ae3520b456d3f7725396d8a1d2f257843865f
3426,mb-dielectric-3427,Cu1 Br1,CuBr,Br-Cu,2,46.3906,5.1348,2.506546,a43b6e4752fcc79714839cd1c1d051a199798137470a83c3cc0a487e0c82c3eb
3427,mb-dielectric-3428,Mg8 Si8 O24,MgSiO3,Mg-O-Si,40,540.6793,2.4665,1.580635,a9dd785e47ee2efd32fa2455544197dc91088c2151e034c443aee739683e97ad
3428,mb-dielectric-3429,P4 Pb4 Se12,PPbSe3,P-Pb-Se,20,548.2609,5.7553,3.191144,4dc16d609f2691e9d4d3cce1d6304bbc07bc3416881bcd8ecc7b92ea691f3320
3430,mb-dielectric-3431,Li4 Mn2 F8,Li2MnF4,F-Li-Mn,14,159.429,3.0166,1.479512,ac3e05ceca069784305942e6554f18ca130075019c85ecff88316dbb52e891c7
3431,mb-dielectric-3432,Rb4 Sn2 O6,Rb2SnO3,O-Rb-Sn,12,242.8378,4.6177,1.864364,3c30c44e5a44223ddae8084486cfd6c5ef94b99f6d9eac828a43a2b1aa66a465
3432,mb-dielectric-3433,Li12 P28,Li3P7,Li-P,40,796.1322,1.9826,2.585373,00725d34670afd6a77bb15b7da9cffbeb3300470868a5b61bc5fd6fa19f80505
3433,mb-dielectric-3434,Fe1 H1 O2,FeHO2,Fe-H-O,4,38.917,3.7912,2.105548,689b735b0e5dcebf81f5c6d33a3d66667d3bbe1c552a4bfefb461eb4f31b9df1
3434,mb-dielectric-3435,Pt2 F8,PtF4,F-Pt,10,137.2362,6.56,2.108318,9ef6044a4d9d98e767e36f7a4fd66e7425c0b049f3b8214b9d62f523d58e493b
3435,mb-dielectric-3436,Li2 Nb2 O6,LiNbO3,Li-Nb-O,10,111.2671,4.4129,2.410878,5af817ec4e893d3428e0ad0ea1160df38564de12d21df99207eeab6aa6886320
3437,mb-dielectric-3438,Ca3 As1 Br3,Ca3AsBr3,As-Br-Ca,7,212.3369,3.4008,2.238351,57077f628b9c12a3e52a3ca20d8278917bab1932b49aa52f7cf2a9dca20460df
3438,mb-dielectric-3439,Li2 Mn2 P2 H24 O20,LiMnP(H6O5)2,H-Li-Mn-O-P,50,467.4907,1.8822,1.527353,6c94e500469ca0aeaaa63126822fda2a9a6b0a4d5f0401b7315c514361dcee40
3439,mb-dielectric-3440,Li1 Bi1 B2 O5,LiBiB2O5,B-Bi-Li-O,9,100.1086,5.2672,2.095588,c03c02fc535df1536b5e48a161e9e70f6f75fce2bdd1fffc786ff8e8c95b4ecd
3441,mb-dielectric-3442,Li2 Zr2 P2 C2 O14,LiZrPCO7,C-Li-O-P-Zr,22,335.2049,2.5081,1.620287,ec74d6eac23b7750a0dd44ccc1de3c621888a33ea4c3311aa9d6ad37537fd0ea
3442,mb-dielectric-3443,Cs9 Hg9 Cl27,CsHgCl3,Cl-Cs-Hg,45,1577.8244,4.1662,1.803414,b4a995797561e7db20e205a4f99a67c5c2b443b1aaef3027d929c8a104770021
3443,mb-dielectric-3444,K4 Re2 I12,K2ReI6,I-K-Re,18,762.3707,4.4688,2.144167,f534b1e29f24664c5e86a8aac7ebbfa9b35a427f505d6a38a0f37a9783bfcc84
3444,mb-dielectric-3445,Tl8 S20,Tl2S5,S-Tl,28,818.5416,4.618,2.454394,1683d6d4686aea3a2bd0db8469fdddfe953a571fbd52a92954026cd98a3778ed
3445,mb-dielectric-3446,Na4 H32 S4 N4 O24,NaH8SNO6,H-N-Na-O-S,68,678.9648,1.6936,1.465891,442a809ea6f6f52c7a5ea381c10436565a4b4023a27b07696351dd113cf21936
3446,mb-dielectric-3447,K2 Hf1 F6,K2HfF6,F-Hf-K,9,128.8797,4.776,1.520542,b292269917a8667985d32ae63c3feefec06c1cd798bdac774299211a35a05d0d
3447,mb-dielectric-3448,K8 Ag4 Sb4 S16,K2AgSbS4,Ag-K-S-Sb,32,906.2752,3.1961,2.210672,d7ddfc21a7d7b48ddfe03302a464e2e282d4af376bb97a247e9a8d129c39641e
3448,mb-dielectric-3449,Re2 Sb2 O2 F20,ReSbOF10,F-O-Re-Sb,26,450.2806,3.7907,1.452885,e27c28c06645f97da250c30d115fbd61241d0d67034a262a43cffd0321ee0e66
3449,mb-dielectric-3450,Ti7 Sn3 O20,Ti7Sn3O20,O-Sn-Ti,30,338.7148,4.9573,2.602787,9f181c27a7f9a2d7107351a2211e805c2e9d55b13fe8d9a33965f1d9432e2d36
3450,mb-dielectric-3451,H36 C12 N12 O8,H9C3N3O2,C-H-N-O,68,624.7711,1.2664,1.535535,cabdf715f2e9dae25af74d658faac857b01aa6260074c6e3ff476718f303149d
3451,mb-dielectric-3452,Ca8 Sn2 S12,Ca4SnS6,Ca-S-Sn,22,627.6688,2.4943,2.089639,2569ab41c1126884cb351acf741015ff98998ae5999094ec80968ae721e1c5ef
3452,mb-dielectric-3453,Ba4 Zn8 B8 O24,BaZn2(BO3)2,B-Ba-O-Zn,44,580.7911,4.4117,1.787668,2d9ca099d1864e5d454968d776b58c06d206fdb8863df887ffcac8e3535c4db0
3453,mb-dielectric-3454,In4 Cu4 Si2 S12,In2Cu2SiS6,Cu-In-S-Si,22,467.161,4.1034,2.881019,dd2ae1542bb5f4f14e295d01eb221dec51a3618770708f88f3c884f139750698
3454,mb-dielectric-3455,Os8 O8 F32,OsOF4,F-O-Os,48,747.7641,5.0138,1.801859,931d9061802473e3f38e255ac1001ac298af751c4d5d88e81944ef37155b240a
3456,mb-dielectric-3457,Ba4 Cu4 Se8 O24,BaCu(SeO3)2,Ba-Cu-O-Se,40,662.8932,4.557,2.052844,b7b69dcdd328b6c19caa18d94fc550b873a2056d64e7f59cb25fd28cbb0bc7c4
3457,mb-dielectric-3458,Li80 Si16 N48,Li5SiN3,Li-N-Si,144,1271.3115,2.1904,2.132421,9e0cb4189f03a7e089d3e654cab067e7ad468126cf6e07898fc38c5f412d8a55
3458,mb-dielectric-3459,H36 Br4 O16,H9BrO4,Br-H-O,56,563.3053,1.8038,1.540307,6b446f7843ac4f57ea8f898d7188341a8d48b44ae383770404e5fcef418ec8fd
3459,mb-dielectric-3460,K30 Os14 N38,K15Os7N19,K-N-Os,82,1596.0135,4.545,6.294849,6be5e6c82b9a95a5c3c3413f7b9f6591a35cfd34dc995f9258552850a6021f48
3461,mb-dielectric-3462,Li2 Co2 Ge2 O8,LiCoGeO4,Co-Ge-Li-O,14,184.3603,3.6481,2.036594,f30a7339dd6d398e7f51558e12c1b78e66a0398f53b1754c9d9fee35a940d6d6
3462,mb-dielectric-3463,K30 Cr14 N38,K15Cr7N19,Cr-K-N,82,1484.3108,2.722,2.689961,ee130fa4cdec8561df6c9ce130de34b08fa065cbc338f7f41bfbfa991fc94709
3463,mb-dielectric-3464,Na30 Mo14 N38,Na15Mo7N19,Mo-N-Na,82,1343.7529,3.1698,2.339473,d0fd45a76554711ca9908fbd6a0ccdecac59f50bc6e40a80099140f8612bcbba
3464,mb-dielectric-3465,K4 Sn4 O8,KSnO2,K-O-Sn,16,292.178,4.3149,1.95937,9c650bbca8b3fc6631f0b3c984aa59398bfd8c9a40938d76f227970f459488e5
3465,mb-dielectric-3466,Li80 Ti16 N48,Li5TiN3,Li-N-Ti,144,1397.5399,2.3686,2.361969,02a220d2c660541f8417c7e0e7185a411d8082b8cfc0833bb943eac659d05f79
3466,mb-dielectric-3467,K30 Re14 N38,K15Re7N19,K-N-Re,82,1628.0098,4.3983,3.671757,119e9296b736f64339eacb384538473108436afc86a26db081732e4e386f58a4
3467,mb-dielectric-3468,La6 Ag2 Sn2 Se14,La3AgSnSe7,Ag-La-Se-Sn,24,654.1946,6.0717,3.031537,7fd5826f5b93811a4b8ee2d845519f1ead0f308226cba25c7abd33b085332220
3468,mb-dielectric-3469,Cd8 Ge2 Se12,Cd4GeSe6,Cd-Ge-Se,22,621.4455,5.323,2.749673,c85ccf736a75394dab78d747c324ed8d77f6b5b55ef2695a3bd7977c3ab74d90
3469,mb-dielectric-3470,Ba32 Nb10 N38,Ba16Nb5N19,Ba-N-Nb,80,1753.9822,5.5438,2.601525,bf295b79844087a1a278a434eb6cf790090f1d59e5a69c6820e732a7a2f38998
3471,mb-dielectric-3472,Na30 Cr14 N38,Na15Cr7N19,Cr-N-Na,82,1174.1389,2.7577,2.895325,bc7a78cb32e5c986ad64cbbb1b35bf4713f78c8580ecb8352b9771179aa4cf4b
3472,mb-dielectric-3473,Cs30 W14 N38,Cs15W7N19,Cs-N-W,82,2055.4626,5.7303,2.244494,0182b86bd10974f129685dad4eb93fea5cad1d4ba68fd69c0b1632a06ecf96eb
3473,mb-dielectric-3474,Ge4 O8,GeO2,Ge-O,12,188.7078,3.6831,1.698351,ca5d3f9df05891c8fe928792096d7ab003226d8f97fa3ac891969069a906028d
3475,mb-dielectric-3476,H4 S2 O8,H2SO4,H-O-S,14,166.412,1.9573,1.477385,0b999bfaa83127c449c1c78f0418c313983ee2d002d723c69dd1cf37ffd39c81
3476,mb-dielectric-3477,Na4 Ir1 O4,Na4IrO4,Ir-Na-O,9,124.0304,4.6614,1.958151,4970547eb2b4843d39fa3ccd89b80fdc50ab526d0849ed319c6dafdec01824e0
3477,mb-dielectric-3478,Zn2 Te2,ZnTe,Te-Zn,4,118.488,5.4098,2.969049,ce0dbbc7485ca7761fa7270d16068764fc3cd8435714444678bff62494e42b53
3478,mb-dielectric-3479,Ag4 Ge2 S6,Ag2GeS3,Ag-Ge-S,12,277.1091,4.609,2.844276,273e5ec03da4df18bfcfa63f732448566cfd26905dbd2b1c5189236cc8c6b86b
3479,mb-dielectric-3480,B12 O2,B6O,B-O,14,103.4489,2.5961,2.398402,a2f0ef2fb75f2f20aa6422a034cec10e3056509674dfd956a2598c25033b8507
3481,mb-dielectric-3482,Li2 Fe2 C3 O9,Li2Fe2(CO3)3,C-Fe-Li-O,16,169.7935,2.9887,1.700574,1437e40b3d9c91c49260fc38f970bd335634c64bd0a984bb57b7222af87d91ba
3484,mb-dielectric-3485,Na8 Mn2 O8,Na4MnO4,Mn-Na-O,18,273.6365,2.5596,1.832556,03d60a660f9c937c5d11ca774af4bc2235ea21e5c8aab5308461b70f35400b73
3485,mb-dielectric-3486,Ba4 Hg4 S8,BaHgS2,Ba-Hg-S,16,467.9884,5.7063,2.552785,72c15d1bc9908d2cae640261a4fe30fc4c225e0a0af8a368139980fa9b7424cc
3486,mb-dielectric-3487,Na6 S2 O9,Na6S2O9,Na-O-S,17,234.0786,2.455,1.523155,b9e696028ef0f9293b1b7a17414dbe88d9ea443341d68c1a418b13bcd952d962
3487,mb-dielectric-3488,Cd1 In2 Se4,Cd(InSe2)2,Cd-In-Se,7,212.0157,5.1527,2.739147,254ba03f96557e9405be17247b11ae7c07499b38587a3100be7b8826411ef465
3488,mb-dielectric-3489,Ba2 Te4,BaTe2,Ba-Te,6,239.5315,5.4423,2.972148,8a17d360ef3b3c904bc9945f596dbd1c15d08af44fe99d51c93a680cb619ad6e
3489,mb-dielectric-3490,Ba2 Ge14 N20,BaGe7N10,Ba-Ge-N,36,516.4872,5.0533,2.25571,306a04193ca266c47b0549465ad8da966f0f00710727d7f08dbbcda294633d94
3491,mb-dielectric-3492,Rb6 S6,RbS,Rb-S,12,431.417,2.7143,1.743971,ab2b98dd120483a306eb3427ecb49b89dc7d0c2bdda35fbeffc4755baeeaf166
3492,mb-dielectric-3493,K2 Ag2 Se2,KAgSe,Ag-K-Se,6,162.1817,4.6264,2.660511,d592ee9b37089a7ee9491fa65d79ed87f66e0bd993b24f08f3c99e1cf895f752
3493,mb-dielectric-3494,Pb1 S1,PbS,Pb-S,2,54.8723,7.2406,1.0,ad95a7483fcc268eea5336e307b6b5c1f6f186c4461d88acdecff1c10fed9c22
3495,mb-dielectric-3496,Ba4 Ca4 Ge4,BaCaGe,Ba-Ca-Ge,12,408.5305,4.0654,4.707228,94e8709fd31893e39088b4697df6de2b653aa159f2e23af225fc31218f664588
3496,mb-dielectric-3497,Ta4 Cl16 F4,TaCl4F,Cl-F-Ta,24,743.0769,3.0549,1.630677,b3b4cd10b1730a1e4d90efb7fa74be9cc74df0b309b681f0621b2d84fee48c8b
3498,mb-dielectric-3499,Ba4 Ca4 Si4,BaCaSi,Ba-Ca-Si,12,399.9023,3.4131,4.802708,431b986394e81552d32dd40a8b2369af2d0e3f1572b8bcc95005a35017f3987b
3499,mb-dielectric-3500,Li2 Ca1 Ge1 O4,Li2CaGeO4,Ca-Ge-Li-O,8,90.9002,3.4818,1.814903,119444e7f4f0edbb54b6cd8dc982635efb2da1fff63a061460d4e3c96206e7fc
3500,mb-dielectric-3501,Sr6 Si4 As8,Sr3(SiAs2)2,As-Si-Sr,18,496.989,4.1345,3.130815,489121987c9b59b58ba12cd7ad0953d2039ab5f83d2fa7fed97ea641fa6a4fa9
3501,mb-dielectric-3502,Fe2 O1 F3,Fe2OF3,F-Fe-O,6,73.8958,4.1501,1.811522,be63d1a2c4fb8aa7cd6cba272b63f83279b221a42331540a05ebf992c190144f
3502,mb-dielectric-3503,Rb2 N2 O6,RbNO3,N-O-Rb,10,165.9902,2.9506,1.513285,89753ad631ff9156cca760b2f1bfbb17e1c598f0c9012914b0cced0aebeb5b3c
3503,mb-dielectric-3504,P8 Ir4,P2Ir,Ir-P,12,185.9873,9.077,4.094427,0e03699beab5f600ec59c5c50fbb149288cbbf0f9f9c04373b7ea6418f5c2aee
3504,mb-dielectric-3505,Ca4 Sb2 O1,Ca4Sb2O,Ca-O-Sb,7,181.8182,3.8343,3.023011,cb862c9b7f8ee6b586a18737f4f397d1449bd4ef9629380562d808bd4997493c
3505,mb-dielectric-3506,Na2 Al2 Te4,NaAlTe2,Al-Na-Te,8,237.4014,4.2691,2.741313,e0bfd6117c9e616c9d74093e862fc96f609338860bc833444eb676633d2c7265
3506,mb-dielectric-3507,Li4 Zn4 P4,LiZnP,Li-P-Zn,12,191.0581,3.5921,3.15403,5fc5b7bf287819e1cc0dadef9c30c0075e5be707963ae177707f81469484bc09
3507,mb-dielectric-3508,Na2 Ga2 Te4,NaGaTe2,Ga-Na-Te,8,236.7139,4.8812,3.134689,7f5d9988331ce3703ae0d7fa22f8037f29cd349c2d12ff6bb30b311eabb8379a
3508,mb-dielectric-3509,Na2 Al2 Se4,NaAlSe2,Al-Na-Se,8,189.5106,3.6432,2.361916,ddccd9ff6c5f41f2646611807e481aa19210dc4cf3da3341e6e13149f9f476a0
3509,mb-dielectric-3510,Si5 C5,SiC,C-Si,10,104.9623,3.1717,2.67949,770ed7f7114017b14d3bcc262de92826256b0bd991daaabb8ac3d31f9537521c
3510,mb-dielectric-3511,Pd4 S8,PdS2,Pd-S,12,264.8926,4.2765,3.301565,c8bfd667478a06d7f2318728d7f6c785a33d4bc7c9e1cb500d6b7a479be90f11
3511,mb-dielectric-3512,K4 Zn1 P2,K4ZnP2,K-P-Zn,7,244.9784,1.9233,2.164707,1f5e1fa384f99508c1d68a06605b419c8f4d88cb90400ebb646228df2b0dd49f
3512,mb-dielectric-3513,Y2 W2 N6,YWN3,N-W-Y,10,151.4985,6.9002,2.735005,b054ac110f672e320a00c8925cf1593065f8f998a13704e480843580b41730ae
3513,mb-dielectric-3514,Ag1 Br1,AgBr,Ag-Br,2,63.4004,4.918,2.078185,5970cab65cb3cef75063b1b3793c4b12be6510a0f872a265ed490bfbccc34295
3514,mb-dielectric-3515,Ba4 Mg2 Si4 O14,Ba2MgSi2O7,Ba-Mg-O-Si,24,378.8259,4.0952,1.715207,ad4bf98d3cbe2f0b8aaf27a9626ade10494d0175ab13ff5e06a26f37a291b505
3515,mb-dielectric-3516,Zn1 In2 Te4,Zn(InTe2)2,In-Te-Zn,7,245.8968,5.4392,3.180891,c11fac90a6cd16e0ec740c907147b1d28d657999276d233101b2398c92a25f8c
3516,mb-dielectric-3517,K1 La1 Te2,KLaTe2,K-La-Te,4,158.8155,4.5295,2.473143,7273b690f670589d8294f6ad9c29f1c7844ec2da68ee4335c359280a76200d5d
3517,mb-dielectric-3518,Cr2 Pb4 O10,CrPb2O5,Cr-O-Pb,16,274.1977,6.6179,2.252543,76b3c4f737a367cb0390523343b0b3e01b572f5ce61fa23819517ffc26580087
3519,mb-dielectric-3520,Ru4 S8,RuS2,Ru-S,12,180.9203,6.065,4.084972,6ebf72338fb81eb95c6976c7c69654e0fa1914d144b04b4364febff2f9c27995
3520,mb-dielectric-3521,Al2 H2 O4,AlHO2,Al-H-O,8,66.3165,3.0042,1.7049,5fb09f4e458849ffedfa7f2cb64c2ddaa8be4779d242c4695e924c33d0d596c6
3521,mb-dielectric-3522,Dy1 Ni1 Sb1,DyNiSb,Dy-Ni-Sb,3,63.9574,8.9042,4.327769,30acdd63707e0830cc6ff3cfb3840e4fa346c440888388b26d9182fe6cac728d
3522,mb-dielectric-3523,Y4 Si2 P8 O30,Y2SiP4O15,O-P-Si-Y,44,657.8605,2.8764,1.611452,2425981ebbe2b4bb1ea17450ba251787b58af1bc7cdd94ea86769a1ae01ce2ad
3523,mb-dielectric-3524,Mn1 Sb1 O4,MnSbO4,Mn-O-Sb,6,83.1943,4.8042,2.123889,d9610456213feb9bc1c714e4251e01f2334ad2d997d6efc4e687688a87848cd5
3524,mb-dielectric-3525,Cd1 H2 O2,Cd(HO)2,Cd-H-O,5,52.8171,4.6035,1.850917,8e9e6a24174f09a2457a07ca71bab3815f90de46e1aab2a5f49931f5bd108857
3525,mb-dielectric-3526,Sb8 Se12,Sb2Se3,Sb-Se,20,597.3412,5.3418,3.970222,40c86d3994f13c8e38f1127716905458d9a700ad26980dfe93768dff0b7b53ab
3527,mb-dielectric-3528,N6 O12,NO2,N-O,18,275.7878,1.662,1.491979,baa0205d4cb9f6b8397e734f05f535275bb4ac8cfaba7ed41b8fbaef3dca9c2a
3528,mb-dielectric-3529,Sb4 Ir4 S4,SbIrS,Ir-S-Sb,12,227.7909,10.0902,4.056206,1db434ebdf0cd9b435e3f7ac57764c4e93d64a90f8f96da2ba30ebda4ae6542f
3529,mb-dielectric-3530,Ge6 N8,Ge3N4,Ge-N,14,177.6049,5.1226,2.272444,1cb969dcc62dd5a396de936285104714a11d2fbae205f7dcdb64380d1ba7d156
3530,mb-dielectric-3531,Ca3 P1 N1,Ca3PN,Ca-N-P,5,105.5242,2.5998,2.906028,ed049ce009c05e3c61e0523c0726f05a19f2e3b472cecda26b7186f7854807f3
3531,mb-dielectric-3532,Y1 Ni1 Bi1,YNiBi,Bi-Ni-Y,3,68.5782,8.6341,4.959267,48ce576560b277f87b7eaca01609949d9e3d47ed0282bb56cd927feab5047b50
3532,mb-dielectric-3533,Rb2 Ge1 F6,Rb2GeF6,F-Ge-Rb,9,166.337,3.5696,1.395343,ecb90c7518e66bea51a931ff439734ac2d9d6b7c391bfb4d9bf1443a27085fee
3533,mb-dielectric-3534,Na1 Ta1 N2,NaTaN2,N-Na-Ta,4,48.6651,7.9146,2.984361,3ca390ad383fa9d23829a237a608fff92256272449a0693084e066c215adb98f
3535,mb-dielectric-3536,Zr1 S2,ZrS2,S-Zr,3,77.9966,3.3075,2.836488,b3760c96b72bc040b9a1970b4262b3ab51b23c89ca1125a7d41097b9d4642e04
3537,mb-dielectric-3538,Zn1 Sn1 F6,ZnSnF6,F-Sn-Zn,8,115.6326,4.281,1.525111,41efb672045c0786e8927a7fa5005fc8230c5b401c789e62c12b648ca8632821
3538,mb-dielectric-3539,Y1 H1 Se1,YHSe,H-Se-Y,3,50.4528,5.5581,2.961709,a2cf3e85984c6da33824b07bda6bdc6ce28da5a2207d881131463b4b3df1205c
3539,mb-dielectric-3540,Cd1 Sn1 F6,CdSnF6,Cd-F-Sn,8,131.3335,4.3635,1.502698,b6c36ebd021f1c1b5cf0f482692b25c8712453076f3df3ba1113ebaac1890d2b
3540,mb-dielectric-3541,Ca2 B4 C4,Ca(BC)2,B-C-Ca,10,107.0995,2.6582,3.98061,c5c80e1d0a3d432ad6036b2e586a8b86480e59d605d9839246cef6238e7f6fb5
3541,mb-dielectric-3542,Mn2 H16 N4 F12,MnH8(NF3)2,F-H-Mn-N,34,292.1834,2.3302,1.55077,6cf152bde46e93be9f0102a3908fd9e932f433a7c9dfb6e595ce1f9d01ef71ff
3542,mb-dielectric-3543,Zn8 P16,ZnP2,P-Zn,24,484.6758,3.4907,3.140913,9538aa2b0792584af3d1885a39f61b46d5d963d0728c3d0daccc210bfdf224e7
3543,mb-dielectric-3544,Na4 Al4 Si6 O20,Na2Al2Si3O10,Al-Na-O-Si,34,452.3296,2.5271,1.563508,0c42c52e02819ed4fc2524b683aae0a1b432067f7e292d595d6825198cb591d1
3544,mb-dielectric-3545,Co1 Bi1 O3,CoBiO3,Bi-Co-O,5,69.6354,7.5333,2.584881,8a116eb1e8e6d2ea8a06ab8582c49876576e01252fddb5d1dabad540343802c8
3545,mb-dielectric-3546,Rb2 Hf1 F6,Rb2HfF6,F-Hf-Rb,9,165.2175,4.6576,1.455821,fe5d4011125810038fbf4a3ad30e19136b43e3ad3c7ffc0431c47529bf7e0f4b
3546,mb-dielectric-3547,Rb2 Zr1 F6,Rb2ZrF6,F-Rb-Zr,9,167.6687,3.7253,1.468281,27f9aa6126ee96085d23557152cbcde1322bb30564478c160bbd1ae4712a8bef
3547,mb-dielectric-3548,Mg1 Be2 N2,Mg(BeN)2,Be-Mg-N,5,38.6081,3.0255,2.16918,17103b25756878e417db2be0ff11b272301012340dc4187d3cf8397900985aac
3548,mb-dielectric-3549,Au2 Se2,AuSe,Au-Se,4,111.4346,8.2234,3.280295,320f3bb2956ca8b4d55eb8e713d5a96461ddc8f68ef2a6b41eef2bae0d7f08e8
3549,mb-dielectric-3550,Mg24 P16,Mg3P2,Mg-P,40,879.0602,2.038,2.705365,2dea772d93e9a2047e8465e0a8ffc501df377f547325165c8c7a37dede8e33a8
3550,mb-dielectric-3551,Ca2 Be4 N4,Ca(BeN)2,Be-Ca-N,10,106.7666,2.6787,2.303624,479b643586ff3054ccf51cbacb0f6f78b4129281e7174e95da236c4ed5cfd593
3551,mb-dielectric-3552,Sr2 Be4 N4,Sr(BeN)2,Be-N-Sr,10,120.5467,3.6823,2.271776,eef6e021e074a28f0beefc77786f5b49b9e042ebf4345956d36fd81807c9ee01
3552,mb-dielectric-3553,Si4 Ru4,SiRu,Ru-Si,8,106.765,8.0351,6.666163,f40b69f48f081095d38d7741ac5d101e506dd9aaf4873fba71b9ace42abbfc1f
3553,mb-dielectric-3554,K12 Cd2 Te8,K6CdTe4,Cd-K-Te,22,918.7648,3.0993,2.058079,108dbd8dbae7151d2f4255c0c1388d0729f32779872d40f27451feb35877adb2
3554,mb-dielectric-3555,K4 Zn2 P8 O24,K2Zn(PO3)4,K-O-P-Zn,38,545.261,2.7987,1.583197,3467ccc6aa5935c170f58ef88b07e52e698ad84a44e2065f4f4f69bafd3c787d
3555,mb-dielectric-3556,Te8 Ru4,Te2Ru,Ru-Te,12,270.3584,8.7528,4.608,257f2eaf0e6707c305cf158a11cb55de958b6cb69d9978421319411484ea91e7
3556,mb-dielectric-3557,Zn1 Pd1 F6,ZnPdF6,F-Pd-Zn,8,104.2566,4.5524,2.018856,bd5728fb70b594e0cdf6cdc384bed7ac2e0637f7586a0620e30d982231d047e5
3558,mb-dielectric-3559,Cs1 Nb1 F6,CsNbF6,Cs-F-Nb,8,159.3643,3.5407,1.477739,9540ed611f555ec6587f611e9fb4006250fc4ece1f897551892081e9a8e21e92
3559,mb-dielectric-3560,Ga4 Se4,GaSe,Ga-Se,8,224.8583,4.392,2.872223,99b652de1798efc0a247fc14fe53468f5f676a07e481abda32bed85b03639b11
3560,mb-dielectric-3561,Li6 Cr2 Cl2 O8,Li3CrClO4,Cl-Cr-Li-O,18,225.6995,2.5349,1.82003,5c8b66fc70b6ba873d9f60eaa78dc896851f6c89f70ad0cbac3dc14ce5bf02f7
3562,mb-dielectric-3563,Tl2 Sn1 F6,Tl2SnF6,F-Sn-Tl,9,164.3678,6.4805,1.685418,89da3aac54f20e1c803f119b9ad5f84c835ee622b4ecfa072bd122fa92fd99ed
3563,mb-dielectric-3564,Ba1 Ge1 F6,BaGeF6,Ba-F-Ge,8,116.9859,4.5984,1.514468,5ea819bf3d6435d717ce262c54071613ff9b22c1bb3e3f13eaf386a38ec10b4b
3564,mb-dielectric-3565,Ti1 Tl2 F6,TiTl2F6,F-Ti-Tl,9,156.4149,6.0579,1.750788,878bf33502e5ecb36565422d79a3123695660ff3c47984541b0e561b945e5ae1
3566,mb-dielectric-3567,Sm6 Si12 N22,Sm3Si6N11,N-Si-Sm,40,496.2542,5.1776,2.308751,05b3b85cb2f46651ebec247c3e1ab336143e737ceb3f76c96936e2bbea39ab13
3567,mb-dielectric-3568,Rb2 Li2 Cr2 O8,RbLiCrO4,Cr-Li-O-Rb,14,243.9829,2.8368,1.64893,00cbfa04f09f37ce647e25180fc379c1ff738ad995f318a6963faf65c528f855
3568,mb-dielectric-3569,K2 Sb2 O4,KSbO2,K-O-Sb,8,160.8203,3.9827,1.907339,5bcd5c5f12bdf33556088b8e98d501745ed9c25dfa00552d71f8062c30dd8fc5
3569,mb-dielectric-3570,Rb2 Sb2 O4,RbSbO2,O-Rb-Sb,8,180.0381,4.4129,1.862598,ce10766da6e90e3d61bde8298c61c760f1b02b801c18edff629e8cfbbe53b571
3570,mb-dielectric-3571,Na4 Ag2 As2,Na2AgAs,Ag-As-Na,8,188.4285,4.0321,3.248785,a2af0aafaeb5a674991c0e99e452a809619f2559e1a5ed8aa69701434f84ea97
3571,mb-dielectric-3572,Sr6 P28,Sr3P14,P-Sr,34,819.3502,2.8231,2.804639,201a98e1442d72e25d1267c76e1bfd1a1166d5acd771aa4d22ab7ff065185937
3573,mb-dielectric-3574,Ho6 Ga2 O12,Ho3GaO6,Ga-Ho-O,20,266.9635,8.2169,2.032036,8ea2dd891ad15546349ff40a8a976357eef256922e50e34d5b4bb40ae280fd47
3575,mb-dielectric-3576,Li1 V1 O2,LiVO2,Li-O-V,4,37.9509,3.9328,2.190977,03a073dd0e6145d2221114e853491e766c67d142a4d508666fa1319e7027c65e
3576,mb-dielectric-3577,Mg4 P6 S1 N12,Mg4P6SN12,Mg-N-P-S,23,290.463,2.7624,1.975118,f7aeec36e7bf7f25760cf5bcfa6e45d82816a8f3679af7e19c599e44d5bb14f6
3577,mb-dielectric-3578,Na4 Sn4 O6,Na2Sn2O3,Na-O-Sn,14,242.836,4.5323,2.530805,875767681345788f2fad9f306f0287a35db716492a8d23bd4032b870bbb871d3
3578,mb-dielectric-3579,Si24 Os16,Si3Os2,Os-Si,40,570.5542,10.8201,4.35293,9e2c16f52e403e4edff4414c5de58d8de4e0b273bb8d2c0b917d9c7b235627c6
3579,mb-dielectric-3580,V2 O2 F6,VOF3,F-O-V,10,141.1417,2.9162,1.881971,24a99f8dfeefa4d40afe8a4f6c3e1e93e26ba2ac552de7568586f20ee9f3374e
3580,mb-dielectric-3581,K3 Cu3 As2,K3Cu3As2,As-Cu-K,8,200.6266,3.7889,2.788638,d93adafbb13eb7748e425d3e508a1132035a9c2c3e676a0aa09b314485b4bfdb
3581,mb-dielectric-3582,K3 Ag3 As2,K3Ag3As2,Ag-As-K,8,231.2505,4.2419,2.810604,1e3df2c0bf4c50fbb2f2e1f3309aed5bf992c3bc4bdf50e3b81b7ace1dfc396e
3582,mb-dielectric-3583,Ba2 Li2 Sb2,BaLiSb,Ba-Li-Sb,6,194.627,4.5395,3.231463,34403406f988be3b1830fd9ecef1c80b6089ee85efbaf8c9f0b2e7c9c8a5ae12
3583,mb-dielectric-3584,Ca12 Al4 Sb12,Ca3AlSb3,Al-Ca-Sb,28,841.8207,4.0437,3.538644,589ec13c918157af49569fbe2e609bf56e2ac8abd9ba9f1b65bceb3fe659816f
3584,mb-dielectric-3585,Ca6 Al6 N10,Ca3Al3N5,Al-Ca-N,22,296.8333,3.0344,2.291572,34950e2c5f11c7a146358e83ef13718c7aba8b928e104e01add2cd8ac4ab7ffc
3587,mb-dielectric-3588,Li4 H20 S4 N8 O16,LiH5S(NO2)2,H-Li-N-O-S,52,473.1424,1.91,1.554398,12cf2875eb961785c9ea6e16b0d8a0abefdf7b1bd70e8e57fcfc46ef446bdca7
3588,mb-dielectric-3589,Na12 Mn2 Se8,Na6MnSe4,Mn-Na-Se,22,559.1636,3.0215,2.157595,59934b9f5eec2c4387e7a5f4b7a7d5c86417ae68e6c9f1a191917b9be98798a1
3589,mb-dielectric-3590,Li12 B4 N8,Li3BN2,B-Li-N,24,228.7581,1.7319,1.942226,ae2b7a1b14829ad51ef08880a8051ef12d220bbffce107eb4db77b36224b99fc
3590,mb-dielectric-3591,Te4 O10,Te2O5,O-Te,14,210.3553,5.2921,2.225234,3db49feaf3b728355b157f116b801b2fd252049d56af870fd6b4cd2239163227
3591,mb-dielectric-3592,Co4 P8,CoP2,Co-P,12,157.0128,5.1136,4.993863,51f81250acb5d11365a6508c89d484bf46618afe59f056feef1b30603faab652
3592,mb-dielectric-3593,Sr6 P8,Sr3P4,P-Sr,14,368.5679,3.485,3.07479,93118dcdd1155e135166d7557cfdfb3915373625940a3d1f99db6d5edd8fd0be
3593,mb-dielectric-3594,Li1 Fe1 F4,LiFeF4,F-Fe-Li,6,69.1183,3.3341,1.566333,a26da20e31f7e87658e5a8716521cea0fdfc0c0ff87b0f13128112abff6a882c
3596,mb-dielectric-3597,Mg2 Sc4 S8,Mg(ScS2)2,Mg-S-Sc,14,306.396,2.6282,2.521507,aca5ab09048f5c1d8f9f3c98bf9b013e9f0397ac39535ac64bf603feddd0927e
3597,mb-dielectric-3598,Cd8 Si2 Se12,Cd4SiSe6,Cd-Se-Si,22,610.7926,5.1736,2.687032,32d4d9f65e9a981640ade1eecec07ae88c56aa67c721e3bb7c5f6dbf39bf6769
3598,mb-dielectric-3599,Cs2 Ni3 Se4,Cs2Ni3Se4,Cs-Ni-Se,9,250.6742,5.0194,2.806732,853507b69d15658ddb50ee7bcbf44c6c7b075a57d92c765779544a154a57f3fb
3599,mb-dielectric-3600,Li2 Ca1 Si1 O4,Li2CaSiO4,Ca-Li-O-Si,8,85.3906,2.84,1.745536,d76bbf7f12e95e3ca47ab1ab90dc13d327ca26bd50d8593d1dffa97266f4e47f
3602,mb-dielectric-3603,K1 Cd1 N3 O6,KCd(NO2)3,Cd-K-N-O,11,161.9916,2.9679,1.677988,1744a5ba17e0e9d7af2580cede7d3530507d12ca40182f86c870065716da027b
3603,mb-dielectric-3604,Eu4 Ge4 Pt4,EuGePt,Eu-Ge-Pt,12,286.0971,9.7437,1.0,b17b146b95f61eeb27253804b740b7fd605b24f44ff9275a2deda0b6f4c7d475
3604,mb-dielectric-3605,Tm1 Ni1 Bi1,TmNiBi,Bi-Ni-Tm,3,66.3601,10.9253,5.253353,c98b891620743bc3f88a19a291b87309fc766dec391b15cc9ff9449742d65bfb
3607,mb-dielectric-3608,Li8 Mn4 F16,Li2MnF4,F-Li-Mn,28,324.09,2.9679,1.475068,b0140dfd32a13ac6cde319583d6c57350b65da911f841af80bd82a7986b2b6fe
3609,mb-dielectric-3610,Sr2 Ag2 P2,SrAgP,Ag-P-Sr,6,142.9632,5.2608,11.214826,05f78c1dc008df972f19433c5c16513c74ce136c70ab4a8d4dd3f53b060a28ec
3610,mb-dielectric-3611,Sr8 Ge4,Sr2Ge,Ge-Sr,12,411.8521,3.9977,4.347451,f731c180f3cd1d26955e9598c70fb65b34acdefed34e53c3cb5556a9a6e8ae8f
3611,mb-dielectric-3612,Cs2 Sr2 Si2 H2 O8,CsSrSiHO4,Cs-H-O-Si-Sr,16,252.4327,4.126,1.719618,3881d21d172a677953de77372956f7b6a6050d3cb6e06cfc74984c2f80e09dda
3612,mb-dielectric-3613,Sr4 Ca4 Ge4,SrCaGe,Ca-Ge-Sr,12,373.1666,3.5659,4.153793,f3972e3800037111be656979c37cf70a2f88a3f95baae61f893aca8877b9a690
3613,mb-dielectric-3614,Te4 F24,TeF6,F-Te,28,483.9585,3.3157,1.365528,a98c923be16bf9ffb45078f67749cbdeee1acb6d2cc5d137d3bb799b45cd86f3
3614,mb-dielectric-3615,Sr2 As12 Pt8,Sr(As3Pt2)2,As-Pt-Sr,22,447.8263,9.7705,5.064089,a20071ff2b46523399c2784949fcb105c8984a910ae03207d0569c765e37cb9f
3616,mb-dielectric-3617,Mg6 B2 O6 F6,Mg3B(OF)3,B-F-Mg-O,20,215.4411,2.9092,1.530359,083a0521442a52542378da9bc78f8080b89194ccfa41e50fbfd3599acbf98ad9
3617,mb-dielectric-3618,Sr8 Ge16,SrGe2,Ge-Sr,24,655.1666,4.7223,4.183858,5a8c613f9b78ba434b3bca925777453dd2f3bdd658dd82503ec15b56baed6bc1
3618,mb-dielectric-3619,K1 Au1 F6,KAuF6,Au-F-K,8,132.8909,4.3741,1.570395,e5415bf7668413083976792cccb26568f2257d54f7a62a281d60b811d57c0890
3619,mb-dielectric-3620,Be2 C1,Be2C,Be-C,3,20.2638,2.4613,2.645562,5bc23c5516a25d5cff4fd1a6537e701ec4e8cbd670e25f8b4e0e73009ef7884d
3620,mb-dielectric-3621,Na12 Co4 O12,Na3CoO3,Co-Na-O,28,421.5435,2.7716,1.779108,2660dc869b196305a9933d6a5ee44449061ca3c45a4f8910dbfeeb15e7b337b7
3622,mb-dielectric-3623,Na4 Pt2 S4,Na2PtS2,Na-Pt-S,10,206.8698,4.8996,2.497139,e8a4d5ffac6639da889db738bf5d11df9a1cf527a3ab5068373aa174a242b604
3623,mb-dielectric-3624,Li16 Ge2 O12,Li8GeO6,Ge-Li-O,30,291.1332,2.5571,1.709152,917731ca474d5ba2d7aa6da3e7059c0ac8c1bd422be8cc2317359d087794485b
3625,mb-dielectric-3626,H6 F4,H3F2,F-H,10,96.777,1.4077,1.307041,6f422f40ad4967f54cf1a2073f4be78f01bab8c738b2ea30dc4ebb28820247df
3626,mb-dielectric-3627,K4 Zn2 Te4,K2ZnTe2,K-Te-Zn,10,368.8113,3.5912,2.210991,1e3bbb7d2c07d1203b753c7ccc2e13b656d9c1889637123ae41ba2e06644a8f1
3628,mb-dielectric-3629,Mg4 Te8,MgTe2,Mg-Te,12,359.2582,5.1676,3.229396,24e9a8615fd1226fc8b8859dfbc4a0a9317aa502eab8641af4f99d8ede6224e0
3629,mb-dielectric-3630,K6 Sb2 S8,K3SbS4,K-S-Sb,16,492.7469,2.4757,1.929606,050a7837ba1e166867627e85391490086492b221f108791b73085339f2ae2b06
3630,mb-dielectric-3631,Zn24 P16,Zn3P2,P-Zn,40,756.1715,4.5356,3.704952,519dd02f41f63efb2ec1d910b2f8e1ed2668ea9066f393ab3482bfbf1b2828d8
3631,mb-dielectric-3632,Si8 C4 N16,Si2CN4,C-N-Si,28,378.106,2.182,1.877364,04fa3600867ef724974fe39ad98b8a0d6ef1f88595980c591cb857443099c272
3632,mb-dielectric-3633,Rb8 As8,RbAs,As-Rb,16,586.0287,3.6358,2.798035,f7497e66b5b0a2f18450dd18806f49c055019cb172b32bc0e8163f07d88a54ab
3633,mb-dielectric-3634,Ag1 Sn1 F6,AgSnF6,Ag-F-Sn,8,128.0511,4.4164,1.895912,36700f907636a7c6f17841a46b80b2bee364ce74e47b60c94be5826fa7de5bf5
3634,mb-dielectric-3635,K2 Sr1 Be2 F8,K2SrBe2F8,Be-F-K-Sr,13,180.7621,3.085,1.428986,d703196fc601772ac6af20a830c2a8b6bcfbfc59eb1851f40c9ffd37ff182a25
3635,mb-dielectric-3636,Li4 Mn4 V4 O16,LiMnVO4,Li-Mn-O-V,28,309.41,3.7958,2.490242,6f5d16df4a741c8be7380c91d4dc28b46388c9d1613ccccea6a100df7eecf3b9
3637,mb-dielectric-3638,Cl4,Cl2,Cl,4,144.0791,1.6344,1.622241,3bf88eb08c71c94f64294010d1bea5cb49568a1a2774ed7c2b1cabf96ba5e315
3638,mb-dielectric-3639,Ge1 Te4 As2,Ge(Te2As)2,As-Ge-Te,7,203.4093,5.9829,7.004026,1795b70dbb41a625e1ec78c103483eb43feeee6c6301ee89019b439b33f358a0
3639,mb-dielectric-3640,Hg3 S3,HgS,Hg-S,6,165.6858,6.9952,2.563282,377ce2fdef34a430438674d793e39bf9ee8fdf706ff46e116c6c31d9430c2856
3640,mb-dielectric-3641,Ge2 Te5 As2,Ge2Te5As2,As-Ge-Te,9,254.7776,6.0817,8.03874,f0456625a76599993e1ef25a1955ab00fdd1b54493cdf39785cfb1fd2bb9ce0a
3641,mb-dielectric-3642,Ge8 N8 O4,Ge2N2O,Ge-N-O,20,273.6203,4.5951,2.122038,e457f750bad6c1af56c8c243c6dd2bea190c85476831af7a934ddf94b4ab8a1f
3642,mb-dielectric-3643,Na2 Li4 Mn2 P2 C2 O14,NaLi2MnPCO7,C-Li-Mn-Na-O-P,26,292.9497,2.7978,1.633483,966fd0d4cbfb75284916a8b1281f7fc1cb66743ace447fc80aa94d6a7f45c08e
3643,mb-dielectric-3644,Zr1 Se2,ZrSe2,Se-Zr,3,83.8288,4.9352,3.506993,5ec5dd35677351722d312b4873494682e41901979e4eac3f632b6493ca7b0555
3644,mb-dielectric-3645,Tl4 F12,TlF3,F-Tl,16,216.3749,8.0237,1.971209,9259dabfdc8c646af9406ae16ad6eb961fde9765690225316742fff6ffc11c2c
3645,mb-dielectric-3646,Rb2 Pt1 C2,Rb2PtC2,C-Pt-Rb,5,136.0753,4.7597,2.529248,98023648e7e9410313a154c676162aafcce8b9feda978b3e2106804f65bd6232
3646,mb-dielectric-3647,Sb4 O10,Sb2O5,O-Sb,14,168.7808,6.3658,2.424184,5eaefd39b577c8399df2689362195fc29cbab96c31a7a82b561ded49e0b6a201
3647,mb-dielectric-3648,Mg3 Sb2,Mg3Sb2,Mg-Sb,5,133.4742,3.9367,3.84725,190594fbb28cfd9d288400494b7d712811f73235d75ca73758ab4a66fed0ebb5
3648,mb-dielectric-3649,Rb4 P6,Rb2P3,P-Rb,10,331.4277,2.644,2.133307,7f162c6208c1f72386771fb211bcffa76d78fa1379cb7e2ac5cdde0d6b6a051f
3649,mb-dielectric-3650,Ba2 N12,BaN6,Ba-N,14,237.7967,3.0916,1.725688,fd197c1c1524531abd4113821d4217b8d0923ff0f34e15c1263d09a3585b449e
3650,mb-dielectric-3651,Ti1 Sn1 O4,TiSnO4,O-Sn-Ti,6,78.4671,4.8795,2.329776,3f99c4f6c2091e87eb831b0e6892cfa3f9388562615e7c20c2b84fc7a99a75d3
3652,mb-dielectric-3653,Eu8 Cl12 O2,Eu4Cl6O,Cl-Eu-O,22,561.2124,4.9506,2.022684,e77c85ffae72780d3b24c8f4052ebf36f52ebe4437c563acf96d257aa51d0688
3653,mb-dielectric-3654,H14 N2 F8,H7NF4,F-H-N,24,217.3028,1.4833,1.347955,d818eff7c4c6ca99dda939d81e00bb8080dbd71e08b1c512da8ecb8fe7bd70a9
3655,mb-dielectric-3656,Li1 N3,LiN3,Li-N,4,45.4173,1.7901,1.662127,a29430a7ff6d4c00ff9cd2ccbce0a28fa1ae7f76d7b6f6feccba460b0ae6845a
3657,mb-dielectric-3658,Al4 H4 O8,AlHO2,Al-H-O,16,120.6922,3.3014,1.756417,fc5c92b09b93475f7d519dc734989b8d87e1a5ab91bf0869e89c1ef2985a9617
3658,mb-dielectric-3659,Ga2 Ag2 O4,GaAgO2,Ag-Ga-O,8,100.4506,6.9294,2.476467,39cbc335db3e010c79bd3e916d07c416958cf21ee618ce54f3961fca3ac4a02d
3659,mb-dielectric-3660,Sc2 Ag2 O4,ScAgO2,Ag-O-Sc,8,113.9313,5.3876,2.417436,abe7d7e97900d3c1058ffee5edf5cab8753b71c5af89c0f0c499bb54a38edb11
3661,mb-dielectric-3662,Sc1 Ag1 Se2,ScAgSe2,Ag-Sc-Se,4,88.5996,5.824,3.500238,04b711efbd5cfff1f169632c31fda1dbd9968f9e12688dd320f22e672882d0d7
3662,mb-dielectric-3663,Pt2 O4,PtO2,O-Pt,6,67.0381,11.2497,4.618983,ebf10c9014022429b8ce9b7b42122be35e9b6695d6c7d657b88ae5106d854106
3663,mb-dielectric-3664,Cs1 Au1,CsAu,Au-Cs,2,84.0887,6.5141,2.234055,cf0a4614fe2b33e06cea9f54b6d80a854fabef94eef8a9e7404e4d491d429cff
3664,mb-dielectric-3665,Ba2 Al8 S14,BaAl4S7,Al-Ba-S,24,564.9227,2.7613,2.209581,0c1c79c33c072e736aa2005bfce7ed48b50ed243fffc92ca9465358509e34a0c
3665,mb-dielectric-3666,Sr2 Sn2 O6,SrSnO3,O-Sn-Sr,10,137.6305,6.137,2.124082,33b3130c842536cd22afa88285a2b0c5a2879be7f3f586580a88a28bd82ed960
3666,mb-dielectric-3667,Cs2 Ca1 F4,Cs2CaF4,Ca-Cs-F,7,156.8476,4.043,1.506012,a640821a95b431ffe146f0140cd813fb282c1d2b45bf124306d9fbf812698abf
3668,mb-dielectric-3669,Al2 Cd1 Se4,Al2CdSe4,Al-Cd-Se,7,188.0902,4.2572,2.479024,9767feb65c303719fb962f5396923c1a019060899e0f18e6ea6a3c36ec7d07ae
3670,mb-dielectric-3671,K4 Hg6 Ge4 Se16,K2Hg3(GeSe4)2,Ge-Hg-K-Se,30,951.2864,5.0863,2.504509,9c91fb92d1786e6f65beb20cfd21cede5cdf74557142a9eeddcdfab2ba8f6158
3671,mb-dielectric-3672,Ba2 Be4 N4,Ba(BeN)2,Ba-Be-N,10,137.1507,4.4401,2.372995,4219ab00adf95a8415e1707bd27cc152448daa7bebfdadfe0c79cceb7a69786e
3672,mb-dielectric-3673,Cr4 Sb4 Se12,CrSbSe3,Cr-Sb-Se,20,486.3752,5.6078,4.104185,34685ad0241c9d4002510bde79f4ac5d18b7c30a279dfe91e71f414890499b6c
3673,mb-dielectric-3674,Li4 Fe2 O6,Li2FeO3,Fe-Li-O,12,107.2884,3.6441,3.312082,681e4875c82046932e2e84eb0d4d4bf0dd0882f40b6d0c58d82ad2929e856c3d
3674,mb-dielectric-3675,Li10 Br1 N3,Li10BrN3,Br-Li-N,14,185.9639,1.7085,2.26156,b3cfd4a8303253d904ea6b67dee62bf68f39c79f0f25280998e1172bfebbe1c9
3675,mb-dielectric-3676,Si8 Sb8 Pt8,SiSbPt,Pt-Sb-Si,24,477.1572,9.603,5.731114,c736af0183b5e95ae5590ab6f9844b78731743a5a73c5db49656874a50d4280f
3676,mb-dielectric-3677,Li4 Cr2 O4,Li2CrO2,Cr-Li-O,10,104.7636,3.1028,2.119404,592a9bf0cbbe5bf487b4250ebfe3826d47378efc0fbfb6341b90caf4272f173e
3677,mb-dielectric-3678,Cs24 W16 N40,Cs3W2N5,Cs-N-W,80,1938.6178,5.7316,2.326077,d761da28ebe21df599b5b1ed64785a8bb016a96e8a373ff65d84c3349a559561
3678,mb-dielectric-3679,Sr1 O2,SrO2,O-Sr,3,43.5443,4.5616,1.809051,9051345afa813cec1df09bd73687ce3abd7e1f8b4c3ab92d6d6922ed356ddb66
3679,mb-dielectric-3680,Zn1 Ga2 Se4,Zn(GaSe2)2,Ga-Se-Zn,7,175.9096,4.9152,2.752328,ad7963198a7216264dcf53f712e043b75c868a1621ab7c7630c680bdeea4d635
3680,mb-dielectric-3681,Li2 Mn2 P4 H4 O16,LiMnP2(HO4)2,H-Li-Mn-O-P,28,296.3394,2.8448,1.79903,4d3c9131c716d85bedf016df5a26e57d7b0290d7d97cb31e6c95ffa81ea31fee
3681,mb-dielectric-3682,Sr6 As8,Sr3As4,As-Sr,14,409.6707,4.5604,3.415748,19b827d19bfd224ad539e9fe0fee695a671fb4f8e2fe8f361becb510f5562b78
3682,mb-dielectric-3683,K8 Sb8,KSb,K-Sb,16,637.5998,3.3515,2.937346,e20f9341453f33c2a3fb005f883ef5337f6f405af7a031879aa79041f358887e
3683,mb-dielectric-3684,Mn1 O2,MnO2,Mn-O,3,37.2003,3.8807,2.637631,4ba0f23f2d55f1d88d2f9ecb26e385fc38ac22c03a9abf9a5789210495e708f4
3684,mb-dielectric-3685,Er1 Sb1 Pd1,ErSbPd,Er-Pd-Sb,3,70.7936,9.2754,4.282919,96eb0f1d312581b3a6853fc99e0cea35914f919df395ebeb62dec68c594a8e5e
3685,mb-dielectric-3686,Li2 Hf1 N2,Li2HfN2,Hf-Li-N,5,50.4209,7.2581,2.661513,80a40fc5a9dfbacbad5bbd9bdddbeb3a960fc387fe633cacdeb6a49622913219
3686,mb-dielectric-3687,Ga4 Se4,GaSe,Ga-Se,8,224.0377,4.4081,2.547679,3e33eb60b3115f588dc845a60195bfc55a31f1e32d5997f03f245f9537407b5e
3687,mb-dielectric-3688,Co4 P12,CoP3,Co-P,16,230.139,4.3827,4.42233,6bbdf1a8f898cee889458d4f95dd0c953256c2189bcce7f66e0d186ca4330e36
3689,mb-dielectric-3690,Ba4 Ca4 Sn4,BaCaSn,Ba-Ca-Sn,12,463.8498,4.2403,4.794337,851d53a1e159faf499b5aac64b97cb6168f7a9f8dfb4e74002bfb26033ed67db
3690,mb-dielectric-3691,Li12 Cr2 O8,Li6CrO4,Cr-Li-O,22,211.937,2.4702,1.897175,9f37943d5abebf4642b738c58d0d639d2ce50c43937aa24fee967e9cd2987c77
3691,mb-dielectric-3692,Na2 Zn2 As2,NaZnAs,As-Na-Zn,6,125.7649,4.3128,4.255115,6cbdc822b3a9fabd1a037244d605efb0938ea0fef69f95c6804f32b1dd76cc4b
3692,mb-dielectric-3693,Ta4 Cr2 N2 O10,Ta2CrNO5,Cr-N-O-Ta,18,209.4607,8.0529,2.585433,e7656e80fc97b984bb824bbb07d2cd2b9e44820cc2a733843ecace4e15a546e4
3693,mb-dielectric-3694,Li4 Cr2 O8,Li2CrO4,Cr-Li-O,14,180.9551,2.3836,1.709518,39c5f0b06318e9504df62fc056d562a319501f9ccc030946dc7fc743c8e7273b
3694,mb-dielectric-3695,Sr12 Cu6 N10,Sr6Cu3N5,Cu-N-Sr,28,556.6848,4.6915,2.708661,00050d5aec520de678d6bb2e2183de409b6a3d8c6072c5fde461629d41226486
3695,mb-dielectric-3696,K1 Cl1 O3,KClO3,Cl-K-O,5,89.1477,2.2827,1.520253,5022feb21bdc82c2aea8cc1386433645fc13da1ce61ff93c8f8f6b40178a8c35
3696,mb-dielectric-3697,Ge4 S4,GeS,Ge-S,8,175.8657,3.9545,4.258638,a41a34e28b220b94c5f9ec07b3f4d2c294cdb29e660598fa8a1e1aa100c7c7fa
3697,mb-dielectric-3698,Ga2 Se2,GaSe,Ga-Se,4,111.8664,4.4141,2.556365,d6687dfb314389c1a6e20c6ac0a84fd5b001168ac866a2a9dbd375f91fab885e
3698,mb-dielectric-3699,Rb4 As6,Rb2As3,As-Rb,10,373.5955,3.5176,2.350674,ba2a13c34816551adfa588208996fc2bb6fa996ecd7acaf8e6e11514db09bbbf
3699,mb-dielectric-3700,Li4 Sb4 O12,LiSbO3,Li-O-Sb,20,218.2438,5.3778,2.125412,d291a8243c6de1d6daa1a3326f10745249fe25358ba32008451512227d9a8806
3701,mb-dielectric-3702,Zn2 Se2 O8,ZnSeO4,O-Se-Zn,12,148.0257,4.6749,1.940197,29b207d3e626b94a92f036752ed5ee1b6c51ce331d2723888a093f651498ec2a
3702,mb-dielectric-3703,H4 N1 Cl1,H4NCl,Cl-H-N,6,58.2809,1.5241,1.671078,9b833be402c303c6b49b2921eeedb8932522010afaf6c895bbeff2ed644fca28
3703,mb-dielectric-3704,Na8 Si8,NaSi,Na-Si,16,387.7845,1.7497,3.007047,61061113afc93d482d8056f49afd810d04e5a16a16adea0092f39ba9090495ac
3704,mb-dielectric-3705,Cd8 Sb8,CdSb,Cd-Sb,16,486.4987,6.3943,5.275261,b1cbaa4e8c9a307e3069ecfe836d60197ab0dbab504c5644279f79326d748e3b
3705,mb-dielectric-3706,K1 Ge1 Br3,KGeBr3,Br-Ge-K,5,175.6402,3.3227,2.228181,cf5db9662b93aa1a37ba05bb96b48d96e818d1f4e34cc7f4bc374e9ab67a36f9
3706,mb-dielectric-3707,Na3 Sr3 P3,NaSrP,Na-P-Sr,9,231.3638,3.0485,2.804894,2c828e382c0b423343e02a83697fbbe1fa47aacf13633fba71f3f4aaf8487504
3707,mb-dielectric-3708,Na4 Se4,NaSe,Na-Se,8,208.6541,3.2454,2.505261,b1b007994e7f61019cc8db6c8f4b354e6739356315131eebcf4280c4002afc05
3709,mb-dielectric-3710,K4 Cu2 As2,K2CuAs,As-Cu-K,8,228.3414,3.1512,2.626916,93fa8d4f9eb79f36eb78c2d8d5d2f963ed5fd00b120fc5059a5c9bc7eed09acb
3710,mb-dielectric-3711,Sc2 Tl2 S4,ScTlS2,S-Sc-Tl,8,188.1919,5.5319,2.94096,1782247bc5341e481baf862e002253c0c22bdd2d3f929f706e2051628a7944bd
3711,mb-dielectric-3712,Sc1 Tl1 Se2,ScTlSe2,Sc-Se-Tl,4,106.4192,6.3548,3.138744,dfef7887f9054c09718b6ad405618847e7fa9249d18ab73bde6f49aae7b129cc
3712,mb-dielectric-3713,Mg2 H4,MgH2,H-Mg,6,61.4448,1.4226,1.987545,80a268cd138eddd187aede115be164bd05cce31653ea4835e16c167b9943c4c1
3713,mb-dielectric-3714,Y8 W4 O24,Y2WO6,O-W-Y,36,487.0633,6.241,2.121054,3f187af2893cd79bbf2b5aa7ce340c2c459c694d2055d825d1e14a7ca9fe916e
3715,mb-dielectric-3716,Li4 Fe4 P4 O16,LiFePO4,Fe-Li-O-P,28,377.426,2.7763,1.628567,2cd07b8e5213b27c94e78c549657fa37392fe0a01725868ddf37094657fce243
3716,mb-dielectric-3717,K14 Nb2 As8,K7NbAs4,As-K-Nb,24,808.476,2.737,2.470641,76861a0709bc24d8d692aa8a9041bb851d65b53420cabc2a1b616fd08e525574
3717,mb-dielectric-3718,P4 N4 O4,PNO,N-O-P,12,153.963,2.6307,1.789314,56d4947b524e0e9b3626cbb0f513b369a13580db9cab871b13d3170fac091a3a
3718,mb-dielectric-3719,Nb4 Ni2 O12,Nb2NiO6,Nb-Ni-O,18,211.1855,5.3547,2.594473,01944dac1f72cd3c3477e12fdb3457929e7b8f75cfcb5f50c96b719ad80e6cfd
3719,mb-dielectric-3720,Y4 F12,YF3,F-Y,16,202.8204,4.7781,1.629212,b14b63ae527f8aba20538ed891446d7a0b1d38b593744e3e704c25dabe8ae829
3720,mb-dielectric-3721,Pd4 Se8,PdSe2,Pd-Se,12,295.7576,5.9366,3.663059,d22bef0d8ebb3363682a5eeed5655f78b60e7860ca4e90c3efe4c4a8c7e5dcfc
3721,mb-dielectric-3722,Zr1 Co1 Bi1,ZrCoBi,Bi-Co-Zr,3,60.6512,9.8326,4.574705,712b26de7bbf4b404233e5674ae7b8cadfe554ead41756d759de72fea42b5249
3722,mb-dielectric-3723,Li1 Y1 S2,LiYS2,Li-S-Y,4,82.1136,3.2351,2.417003,5d14d32ba6df01ce090b53895624b0a00239b60e48c737279e302164e602e561
3723,mb-dielectric-3724,Li1 Y1 Se2,LiYSe2,Li-Se-Y,4,93.5467,4.5046,2.606266,f7ea8c33c59028bc9197b766bece55d2e6e29cce4201ac945a028f03a93332c5
3724,mb-dielectric-3725,As8 O12,As2O3,As-O,20,378.9675,3.4676,1.846619,4b5fd0f3a40839fc5c4fb55dd6329f7f26fb885f5451311d94a4e98a7921bfac
3725,mb-dielectric-3726,As8 O12,As2O3,As-O,20,363.3285,3.6168,1.875189,1b910f38f51635ced6cb9bad91a26c01439dcc86408e5d2428ef7a0e45f54922
3726,mb-dielectric-3727,Li1 Fe2 P2 O8,LiFe2(PO4)2,Fe-Li-O-P,13,141.1861,3.6292,1.914923,4a45b350725a5775390692657ff40041b18b4660dde2010e80e7218f15453421
3727,mb-dielectric-3728,Fe4 S8,FeS2,Fe-S,12,157.7976,5.0501,4.604454,c53a3a5db6d2a6f2d8174e84fc382023f0a4d98c77c8c51955e4022c92dc1e60
3728,mb-dielectric-3729,Al4 C3,Al4C3,Al-C,7,81.5641,2.9308,2.857621,98a92e90a00e9bcfb59858f4062c80c749a7d4d022dbec8ad02c96ed96ff3802
3729,mb-dielectric-3730,V2 F8,VF4,F-V,10,148.1925,2.8447,1.558606,d26d00a4d0bd667c3e5aedd42c1e55720019f1337d010306ecf2eae3b34fb863
3731,mb-dielectric-3732,Li2 H2 S2,LiHS,H-Li-S,6,96.0508,1.3835,1.757528,7dcdf81805a061717042d2a2dec905416dfa6c61936f281d34113f45091fbef2
3732,mb-dielectric-3733,P8 Rh4,P2Rh,P-Rh,12,184.3798,5.9387,4.673436,4d2ad3eb2c8333c1f1977a539ab03679bb2e4e5747adc3bdf5f01acf01f1153c
3733,mb-dielectric-3734,As8 Rh4,As2Rh,As-Rh,12,216.0809,7.7693,5.543284,2c3bbf47070d5c09967779f950750471aac3cd54e0f22cf7e1d07b8d3d51a51f
3734,mb-dielectric-3735,Na6 P2,Na3P,Na-P,8,189.475,1.7518,3.156369,035e5df6521c2bce9c20ad4a89f740a33b7daae2e9194ba2d68e526f1395bc23
3738,mb-dielectric-3739,N4 O8,NO2,N-O,12,185.0061,1.6517,1.492649,3a9ece9b3fe7848976fcf5c777a98f18ad1615fe7a3a37abaa3fb5ccfc37d933
3740,mb-dielectric-3741,Cd24 P16,Cd3P2,Cd-P,40,984.2406,5.3877,4.131344,6b85d0c6b5a404442b0096cd1f3e2b8a66aa156c722ba4f12f9d22bb9a4a4ab3
3741,mb-dielectric-3742,Sr2 N12,SrN6,N-Sr,14,217.9562,2.6156,1.699706,d3938fbbe4e7673ad240473f1df515379216599387ee3dd5467bc1a941073257
3742,mb-dielectric-3743,Ba8 Ta4 N12,Ba2TaN3,Ba-N-Ta,24,501.1799,6.595,2.497344,6fcf70bbf4449a35481b156cc3c3e5d76179672e191dbd3bd42a8b4af8cb319c
3743,mb-dielectric-3744,P4 O10,P2O5,O-P,14,187.9529,2.5081,1.573743,697c70ecdd67b90517ae6e45b56eae57f8f8a4613764374190f99d842ab9fcf0
3744,mb-dielectric-3745,Fe2 As4,FeAs2,As-Fe,6,92.0116,7.4241,5.532962,22cb9267b52813b892a2b7bbf40a95f736267350c61ea143b3860f7b6a246054
3748,mb-dielectric-3749,Sr24 Cr8 N32,Sr3CrN4,Cr-N-Sr,64,1119.6758,4.4003,2.425644,c068df131a25df079ec6e225e290eacaed543a305b508fc74509263c5cbc9ed9
3749,mb-dielectric-3750,Mn1 Pt3 O6,Mn(PtO2)3,Mn-O-Pt,10,118.8426,10.2864,4.027546,1e45eee50d88829ec42cb74ca67a60fcce9fef0e09c1e78cac3dce6ed6dd8c2a
3751,mb-dielectric-3752,Cs12 Mg4 H20,Cs3MgH5,Cs-H-Mg,36,913.2445,3.1133,1.743414,2004c166869a631d4d12035ba1dcd853faeccbf95c2c0d7b116e608fe545ea8a
3752,mb-dielectric-3753,Hf2 Cl8,HfCl4,Cl-Hf,10,330.525,3.2184,1.647119,57626deb40d7ca7b922305ec80296cbde479b86095468976ceda3095d508a2c6
3753,mb-dielectric-3754,Hg4 H4 Cl4 O16,HgHClO4,Cl-H-Hg-O,28,412.6364,4.8459,1.793693,f9b70118f53486453e65467134afe687cc61731d10d120ef4a39ff0adb0bd215
3754,mb-dielectric-3755,Tl4 Fe4 Br16,TlFeBr4,Br-Fe-Tl,24,893.6998,4.3095,2.011053,70ea72e5325042e0217be8f6ed6fa5870c1d5c7becfec918ceecb661630b1e34
3755,mb-dielectric-3756,K1 In1 P2 S7,KInP2S7,In-K-P-S,11,291.6447,2.507,2.183568,be16cae1e26e58808897d0d81ab75823188b667ebbd03750b9fb7e46a285f880
3756,mb-dielectric-3757,Mn6 O7 F5,Mn6O7F5,F-Mn-O,18,203.1187,4.387,3.509569,b9a6d7b2b7c2394349559d7650390ab1a8729f747bdfee60dfca8056baca1064
3757,mb-dielectric-3758,Li5 Co2 O6,Li5(CoO3)2,Co-Li-O,13,145.7706,2.8315,2.034886,9c6676d0d96e8790ee6770a0e26b823573c69a7cb89f4936510269e4efa539c2
3758,mb-dielectric-3759,Cs1 Li1 Mo1 O4,CsLiMoO4,Cs-Li-Mo-O,7,157.8433,3.1538,1.57983,af72853f646bfe30fdce5b47fea3769effe03983c1aceadcbb320548518f4c20
3759,mb-dielectric-3760,Nb3 Te1 I7,Nb3TeI7,I-Nb-Te,11,375.3469,5.7275,3.019739,539768949d2b326c3b7154d693a18d9eb3b7d2684f381670f0692ec004a0f098
3760,mb-dielectric-3761,Mg1 In2 Te4,Mg(InTe2)2,In-Mg-Te,7,255.6179,4.9653,3.024517,4a40e90744db99bd36e4337cfc41e11bd20fafa735a3be49a04f69cf826c5f85
3761,mb-dielectric-3762,V2 P2 H14 N4 O10,VPH7N2O5,H-N-O-P-V,32,293.2825,2.2306,1.691544,1ac1807868da807f3b7ba16c60d1427a15a6d2f46b30bb0ec77de5b0db3a1942
3762,mb-dielectric-3763,Rb2 Li2 Cr2 O8,RbLiCrO4,Cr-Li-O-Rb,14,244.3051,2.833,1.647787,51ed9316e8a03f4ac9a854685a76e839f82b2b8c02143cbe530f94bace24e692
3763,mb-dielectric-3764,La6 Mn2 Ga2 S14,La3MnGaS7,Ga-La-Mn-S,24,554.3385,4.5882,2.76282,4b9e609f69bbee3555e47f7be6ff7a853396f630d1f9caef5e1f7513bc479860
3765,mb-dielectric-3766,V4 O4 F4,VOF,F-O-V,12,126.7496,4.5035,2.138093,501b3e9e485c34e0de6a316c8fcb804e7a6434dede908fccc8354270e3456ccf
3766,mb-dielectric-3767,Nd1 Bi1 Pd1,NdBiPd,Bi-Nd-Pd,3,80.9585,9.4277,5.098116,8072b650344d049976816d40887791c1324fb546776fb77aa785d97400ab8e2c
3767,mb-dielectric-3768,Li7 Fe1 O6,Li7FeO6,Fe-Li-O,14,124.6531,2.67,2.653944,a58688cb2b6778a34b8c7b8a6b754233a41c644a48add87dc7972b509074724d
3768,mb-dielectric-3769,Y2 Cl2 O2,YClO,Cl-O-Y,6,104.0244,4.4811,2.063281,a298aadcb70f3dc2140d5d84f24e51905b67bbf8083bb30520da69893e27c468
3769,mb-dielectric-3770,K8 Ga8 S16,KGaS2,Ga-K-S,32,826.8854,2.7785,2.057069,8f77922b3abc7749c8935409086f3e0016131d8fbe0ac1ae0d9d94f0fdfc19f9
3770,mb-dielectric-3771,Ca3 Bi1 N1,Ca3BiN,Bi-Ca-N,5,119.0758,4.7863,4.316409,086e24fabd525b1d0ef0b229f8604bae6e74cedcef33e2ba9d03d72caac469d3
3771,mb-dielectric-3772,Lu2 Cu2 Pb2 Se6,LuCuPbSe3,Cu-Lu-Pb-Se,12,286.7624,7.9053,3.429948,692c7c6bc1545ef0a58c2d703184155d01bf7f8a3dd63ff4d776890ae3b2d7cc
3773,mb-dielectric-3774,Na1 Ni1 O2,NaNiO2,Na-Ni-O,4,40.7274,4.635,2.651296,d24e3024c21fe840a33c51c680f294d9ff86b2dc4fc41e43ac601f45da1b5819
3774,mb-dielectric-3775,Li2 Fe2 Si2 O8,LiFeSiO4,Fe-Li-O-Si,14,189.1856,2.7187,1.886212,0ba073c35c75ef5ca9d7bab1db86df29445fad1fc8b2b09402822fa4eb2ed97c
3775,mb-dielectric-3776,Cs2 N2 O6,CsNO3,Cs-N-O,10,186.4854,3.4711,1.636316,c7f93f3d69debdc6c6c3d1270d6a0dac0ea1afb8321abbc4f3699006f3baf145
3777,mb-dielectric-3778,K5 Cu1 Sb2,K5CuSb2,Cu-K-Sb,8,294.6419,2.8323,2.62305,f49ccd3aa0eaf4aa2a8d9cdd2b99dc7288f4bf0ff1793b82636a073a3dd8a423
3778,mb-dielectric-3779,Ba1 La1 Ta1 Mn1 O6,BaLaTaMnO6,Ba-La-Mn-O-Ta,10,140.5833,7.1829,2.299454,16ba98ab4ba79197519ac54dacd9da5f2e0e8af0d6991859510b8081da639fc0
3779,mb-dielectric-3780,H20 Cl4 O8,H5ClO2,Cl-H-O,32,326.5505,1.4745,1.551129,1edde094171c3d2cd3830edad347aeca958122e7a0fb07d1e750b22087824eba
3780,mb-dielectric-3781,Pd6 Cl12,PdCl2,Cl-Pd,18,518.3784,3.4082,1.94799,7bb9a4012b111ae991a86e8655300e9322f5f5c7814d59ca0f14f67253033c04
3781,mb-dielectric-3782,Li4 Ge8 N12,LiGe2N3,Ge-Li-N,24,273.9111,4.7102,2.281687,45486246348aec33408bd2b24f8bac8ee70624bda6256e4c9d5f2139921865ef
3784,mb-dielectric-3785,Ba1 Cu2 S2,Ba(CuS)2,Ba-Cu-S,5,97.0216,5.6232,3.256704,c573e548e2c41b3a7caf47e3bd8dc2bbeddb24fd1a05d865ba74ef05006f4eb2
3785,mb-dielectric-3786,Mn3 Te1 O6,Mn3TeO6,Mn-O-Te,10,121.9583,5.2885,2.151278,3712f5269ea4b2476a4b1c44d68a386557d7d9f97740ff7faf7b490959bffc21
3786,mb-dielectric-3787,H20 Br4 O8,H5BrO2,Br-H-O,32,368.8857,2.1057,1.605823,4249d9720aa39ca110ee9361ead5dea54a94a3d09d0b9c2301d90ca7b54061b1
3787,mb-dielectric-3788,P4 H24 N4 O16,PH6NO4,H-N-O-P,48,472.6902,1.6163,1.501284,97c2fc1b567a1139ec944e1a2bbf49b40d8ad08df64b17904375c2bb6d7e2c1c
3788,mb-dielectric-3789,Ho8 Cu8 O20,Ho2Cu2O5,Cu-Ho-O,36,478.016,7.4611,2.352901,b772163b57ca559b9cd83ab4b22b93bc2492dd3e3e4706f57e2905844ad9d58f
3789,mb-dielectric-3790,Sr3 Fe2 O5,Sr3Fe2O5,Fe-O-Sr,10,151.3322,4.9877,2.139904,ba0b982e234aa763914f04e3c77ec522af65cb66435dad83ab98ec79b80d9711
3790,mb-dielectric-3791,K4 Hg1 As2,K4HgAs2,As-Hg-K,7,275.7524,3.052,2.317851,c224e0f9e2314dcae44a26ec0d233db306b3572473ce28ac02ac5609cc32bf89
3791,mb-dielectric-3792,Li3 V1 F7,Li3VF7,F-Li-V,11,149.9829,2.2669,1.431313,27f50bb3b96eb4c6335b5194aaafd7cc6074836cdd728b360a8ac3adc57a4267
3792,mb-dielectric-3793,Ba2 Ni2 O6,BaNiO3,Ba-Ni-O,10,136.9026,5.9196,2.418115,86c17969bcfe58c01e2309e6b60e78683ee1c6a0047219777e7bf8156c689491
3793,mb-dielectric-3794,Li4 Mn4 Al4 O16,LiMnAlO4,Al-Li-Mn-O,28,265.8211,3.8195,2.314805,0c9d1e0c3a190a558a46cea1ec9109f4bb44fa01349dd9b0393cab97d2a71697
3794,mb-dielectric-3795,As4 F12,AsF3,As-F,16,286.0274,3.0634,1.479076,00af23be8b36e4c652bec505e6ddb46addee0295e4e6f85a0985c39413a72cbb
3795,mb-dielectric-3796,Na2 H18 O10,NaH9O5,H-Na-O,30,273.7253,1.3596,1.434039,ba092fadb2aec39daa159e4e2fbde298a7a8962371f4c1cc7ec0b8ea192c1964
3796,mb-dielectric-3797,Mg2 Si2 As4,MgSiAs2,As-Mg-Si,8,192.8448,3.4828,3.18911,2f31cfafce50fcfcb0c3d9cbc1d0735fec23aaae1e844be7f6ee7bf8cad50fde
3797,mb-dielectric-3798,Ba4 In4 O10,Ba2In2O5,Ba-In-O,18,319.1756,6.0796,2.156711,7d111a69f468740b451e4d58ad6a7f5f9be6cd4fa277a1d073a8cfcebe893a8c
3798,mb-dielectric-3799,Li2 Mn1 O2,Li2MnO2,Li-Mn-O,5,48.0753,3.4823,1.925501,d22913e589b304b9090b181872fd333b5a5f321f7bb951c46c8eead83f337ca5
3799,mb-dielectric-3800,Rb2 Mn2 Br6,RbMnBr3,Br-Mn-Rb,10,331.636,3.8066,1.828213,26cff2d00ef27eb2ad686c53986ed3a16bf110d39f93081308af20b4dd95e622
3800,mb-dielectric-3801,Sr2 Y4 S8,Sr(YS2)2,S-Sr-Y,14,311.4991,4.1974,2.713837,abe9051d685d56849b1d6e1ca7165fed03e7226b77a3fbfb08bc8da3eb3ae5a8
3802,mb-dielectric-3803,Co1 As2 O6,Co(AsO3)2,As-Co-O,9,93.4009,5.4184,2.109576,db1ef141fd0debd52f7c5f8a1358767d6de65a3c81f491d55901af528a2e8ba5
3803,mb-dielectric-3804,Cs2 Bi2 O4,CsBiO2,Bi-Cs-O,8,208.4659,5.9564,1.929542,2677b96789e3b997aff8957f57b279f6ec2288d2fe11c98d8ca9c9237d56dabd
3804,mb-dielectric-3805,Ba3 Na3 P3,BaNaP,Ba-Na-P,9,260.8909,3.6526,2.949486,ed6ea43c0eeb658942506f8df02bdd32a57eed2acd379f3e7b93c77b6d40bed5
3805,mb-dielectric-3806,Li3 Mn1 F7,Li3MnF7,F-Li-Mn,11,146.7965,2.3613,1.445962,a8634349ca906ba26320278e3ef7d3b8cd178ea229cb3fa5a86df4b7a69fd874
3806,mb-dielectric-3807,H12 S4 O16 F4,H3SO4F,F-H-O-S,36,412.9556,1.8993,1.441527,75f5d8259a9b84b429a9ca3b0e463ccfeb0d95b1015acd222ed7c4fc5d55aef1
3807,mb-dielectric-3808,P4 H4 F16,PHF4,F-H-P,24,341.2846,2.1014,1.339154,fecbe237a12b40c329b89fe3d5ac8c1475c099ec7da3015bd44253839c7563d4
3809,mb-dielectric-3810,H32 S4 N8 O16,H8S(NO2)2,H-N-O-S,60,538.2566,1.6306,1.514665,d1bdd694fffc0d7e65a7293b68a38b8d7a59221a3332769809a116b0245bcb9b
3810,mb-dielectric-3811,Na4 Fe2 Ni2 F14,Na2FeNiF7,F-Fe-Na-Ni,22,288.1304,3.383,1.496371,c5baa26d331b43e3bf4ee53b02ecf8a78fe62eb033070792b7075873b0a689cd
3811,mb-dielectric-3812,Rb2 Bi2 O4,RbBiO2,Bi-O-Rb,8,181.9268,5.9593,1.960616,eb92f1d1c0778d98aed4ea56f36bbfe07747707c181227d43a657457c13b088b
3813,mb-dielectric-3814,Br4 N4 O12,BrNO3,Br-N-O,20,364.2241,2.5879,1.846077,07befb0e2943d163d362eeca44416c1d7a89b813688339a9e61a120e9b43a575
3814,mb-dielectric-3815,Mn4 O8,MnO2,Mn-O,12,128.0181,4.5107,3.183866,42da31fe579437c88645d034eaf29bf7985d135661c99376aaa6808f6cca71b4
3815,mb-dielectric-3816,Li4 Mo1 O5,Li4MoO5,Li-Mo-O,10,93.0775,3.6341,2.080372,58b2ec07185a439b2b47edb87b27989fb1d507ce659195d546e3031030869044
3816,mb-dielectric-3817,Ba1 Li1 La1 Te1 O6,BaLiLaTeO6,Ba-La-Li-O-Te,10,132.5533,6.3485,2.105636,18eb634005371b4cd01b95058763ff302968761f731f5343469d66da07041f9c
3817,mb-dielectric-3818,K2 Ti2 O5,K2Ti2O5,K-O-Ti,9,145.6265,2.8955,1.884306,b8a1ebd7ec7238e7e4573402ac5e93dc0832b74a9c33bdb3704964806d060a45
3818,mb-dielectric-3819,Sr20 Nb4 N20,Sr5NbN5,N-Nb-Sr,44,861.1892,4.6357,2.477449,84d13cba130ff0cf8cf991d36a6e4fce98fb51a67e69bce9134b4045b8be21b0
3819,mb-dielectric-3820,Cl8 O4,Cl2O,Cl-O,12,307.5315,1.877,1.739636,26ae241e97ab5c4917f12ad5b7d3cd0639590bafb0e0f6b9ab1ab41d19e0617f
3820,mb-dielectric-3821,Sr4 Ca8 I24,SrCa2I6,Ca-I-Sr,36,1578.5467,3.9099,1.934581,ef02ac09b68d46cb38ffd6a3a4cbec255418796e44949510b38d7571f0f84e8d
3821,mb-dielectric-3822,Fe4 O4 F4,FeOF,F-Fe-O,12,140.5571,4.2929,2.132935,b77cbeef39c065d1e96afd340515299be86b2f11accb192abb53230f7c03719d
3822,mb-dielectric-3823,Li2 Co4 O8,Li(CoO2)2,Co-Li-O,14,134.1196,4.6752,3.165078,32911f5bcc2f4eef6d5383159fa89a9483959e7ccebb7b2eefb00b3b04566f9d
3823,mb-dielectric-3824,Rb2 Pd1 Br6,Rb2PdBr6,Br-Pd-Rb,9,308.0959,4.0788,2.163438,316aead8a75383c48d3ac5300f2203e9804c161f4177fb5672dd0c834f2f73ad
3824,mb-dielectric-3825,Rb2 Ca1 H4,Rb2CaH4,Ca-H-Rb,7,151.1315,2.3628,1.719563,630e97eca564583f4f1d064b24a231919f27150e2f05d80c173b4274f63f5bd8
3825,mb-dielectric-3826,Na8 P4 H8 C2 O18,Na4P2H4CO9,C-H-Na-O-P,40,474.2859,2.1983,1.547541,d4d5af9218e01382d52b22f4a96add40fff22b2bada07597416578aaa213a9ba
3828,mb-dielectric-3829,Mg2 H4 Se4 O16,MgH2(SeO4)2,H-Mg-O-Se,26,341.36,3.0377,1.632585,bb640f9cbe760a4e98d3fe998e5b595365447675edb4db59546b8be5db67832e
3830,mb-dielectric-3831,Al2 H6 O6,Al(HO)3,Al-H-O,14,112.2168,2.3085,1.603518,511e244317bffde1711c7a3670663c3f0751e17c0cc6126287aeedbce322a167
3831,mb-dielectric-3832,W2 O6,WO3,O-W,8,115.6687,6.6565,2.639508,bb6ccf7ec9ce5eb0901128d8954978566fa27f799344067dc89cc12f6ad5c5c8
3832,mb-dielectric-3833,Cd2 C2 O6,CdCO3,C-Cd-O,10,120.6886,4.7446,1.822346,d99496d91968cccb15e109243922dcdcc1bd5a90dac0e6d8077cc271179b0ed9
3833,mb-dielectric-3834,K1 Cu2 H20 N3 Cl8 O4,KCu2H20N3(Cl2O)4,Cl-Cu-H-K-N-O,38,472.3433,2.0249,1.732473,e4e1bc6a0b26d6983bfbea40384e33d4473ba0fa08a4d29b1bb051d78114b8d8
3834,mb-dielectric-3835,Li4 Nb1 Fe1 Te2 O12,Li4NbFe(TeO6)2,Fe-Li-Nb-O-Te,20,211.7274,4.8916,2.276306,5981f721dc574771940be724e695c37ed9b3cbf46ef1acfd09964b83f93419cf
3835,mb-dielectric-3836,K4 H2 Br2 O2,K2HBrO,Br-H-K-O,10,240.8477,2.4146,1.568332,920a167f92c07c127f3577276408798cdf46208a32964e5b061da0a35c9dee1e
3836,mb-dielectric-3837,Rb2 Pt1 I6,Rb2PtI6,I-Pt-Rb,9,383.5259,4.8815,2.268616,df6b1a668d56b0ffca82c952c6fdb01e8b99a76bc311a929dd0101b893f8ad5d
3840,mb-dielectric-3841,Li5 Fe1 O3 F2,Li5FeO3F2,F-Fe-Li-O,11,109.2046,2.6845,1.757275,c8c5d1fe3f091b193bf85e8cad3e576b8cbbc01c69be26721c8cb8518031705b
3841,mb-dielectric-3842,Ru2 S6 Cl16,RuS3Cl8,Cl-Ru-S,24,684.8791,2.3319,1.931752,9b3aae0a7b0326805a1af9c921e6d918a5c3c8f2b2b4d4fc01c725c1f0f82724
3842,mb-dielectric-3843,Rb2 Te1,Rb2Te,Rb-Te,3,159.5012,3.108,1.854993,9986aadf299bfe1a4d292e1a7dec250b420eba69108eac080f70600cee6627fe
3843,mb-dielectric-3844,Ge24 Os16,Ge3Os2,Ge-Os,40,632.3285,12.5711,4.808985,48d4ba9fcee767db7b5bfff257de627991d9fcf55074412d5c1a480535794b80
3844,mb-dielectric-3845,S8 Cl16,SCl2,Cl-S,24,848.2354,1.6126,1.644688,5c7d0d0cac75edccf423bb9f8ff33b8f0bbf0ae57f121ffa6d043d3362a23e54
3847,mb-dielectric-3848,K4 Be1 As2,K4BeAs2,As-Be-K,7,246.3185,2.1252,2.161969,692e572ec0f78a9f9d6693c1746b2640d32599f8455cd5bbb31f089015038342
3848,mb-dielectric-3849,K4 Cd1 As2,K4CdAs2,As-Cd-K,7,277.956,2.501,2.321217,d3510e56628089f107165848e96db305c246660f822f22cd411af628efb427e1
3850,mb-dielectric-3851,Ag6 As2 S6,Ag3AsS3,Ag-As-S,14,320.5799,5.1251,3.244431,6dd50c7ac75e2e197c7d56fbd8df874819b6c967cabb3feb6bf25aaf25d2479b
3851,mb-dielectric-3852,Cs2 H2 F4,CsHF2,Cs-F-H,8,154.3123,3.6998,1.445625,e3f4f4acef32f2346abeb02a900f341be1c1bda233c88325e7f7bfeef057206d
3852,mb-dielectric-3853,Rb2 Pd1 Cl6,Rb2PdCl6,Cl-Pd-Rb,9,263.8526,3.0842,1.845559,7712efae13b1064057c96da016d3fb631cfe0a1ac15910efd4e4d80e7974a2fd
3854,mb-dielectric-3855,S8 I8 O24 F8,SIO3F,F-I-O-S,48,981.0708,3.0597,1.739446,c6d6fd376b7e299508ad4075317a85b106a6bfcc86aa0678b1bd1cdf9eb25807
3855,mb-dielectric-3856,Na2 H18 O10,NaH9O5,H-Na-O,30,282.564,1.3171,1.429713,711a1aafb7ae33189c9f1492bee6b19aabee8f929599d31fa0fc487ffac092eb
3857,mb-dielectric-3858,Mo2 Pb2 O8,MoPbO4,Mo-O-Pb,12,188.2843,6.4758,2.263151,e8ba1b540cc32aa521dea8597be906a823abf69a50dd26e13d383df275d0a40b
3859,mb-dielectric-3860,Ba4 Cu8 Se8,Ba(CuSe)2,Ba-Cu-Se,20,442.6111,6.3379,3.362043,c3aa19b12721595c746d0365aa693b53b189eeb5f54711484f447ade6ed1661d
3860,mb-dielectric-3861,La2 S1 O2,La2SO2,La-O-S,5,99.5935,5.7001,2.263014,c31c32904ed4e6e50cc3bd717aa9affdd780185ac38cc9d02a0172c0107a4d93
3861,mb-dielectric-3862,H4 O2,H2O,H-O,6,39.4054,1.5183,1.541025,c3c9e59e1de00f5f5f63d4093b9e986a04ce18935f9be22b6a3daf62dcc076f1
3862,mb-dielectric-3863,Ag6 Sb2 S6,Ag3SbS3,Ag-S-Sb,14,333.6548,5.3905,3.56581,ed29721fc1dec4cbde4f6118fc6e8a23090b7f009c80e40289992f2ebbbabff8
3864,mb-dielectric-3865,B1 P1,BP,B-P,2,23.4997,2.9526,3.031743,7a4aa7ccf52c6bb0037a4ab91e805035eeea720a436f4e02eb62bb5283990185
3866,mb-dielectric-3867,Rb3 Ta3 O9,RbTaO3,O-Rb-Ta,15,205.4869,7.6223,2.299374,792cffc3252f5b9186f035c7ebb876b008ad680c4d191e62332cfba6841626b2
3867,mb-dielectric-3868,Rb3 B12 H12 Cl1,Rb3B12H12Cl,B-Cl-H-Rb,28,350.2657,2.056,1.667633,f205a4d5f527cca4beecd6acac2a15290866abcb26c921cc4aae3795ac1bb86b
3868,mb-dielectric-3869,Fe2 Se2 Cl14,FeSeCl7,Cl-Fe-Se,18,562.9565,2.2593,1.879716,951f4def8bb23d76390f7edd1da3378fd72d6ff95731cb8793248ac8a3a8405f
3869,mb-dielectric-3870,Fe4 O3 F5,Fe4O3F5,F-Fe-O,12,142.1559,4.2796,2.031089,03e85caa5630bd4258db6936cf0bf7329ab9859c822f6177bc57d0e1b82cd89a
3870,mb-dielectric-3871,K2 Ge2 Cl6,KGeCl3,Cl-Ge-K,10,319.6811,2.2658,1.798874,a638de75a02a9a82639f7c34b4ded6d893b30ac9ba98488b5ea353659dd80442
3871,mb-dielectric-3872,Na1 Cu1 O2,NaCuO2,Cu-Na-O,4,48.3484,4.0711,2.40675,dda67cbe9aa7682658346563fb661fdf16981a437ee74ec2b5cff7355a4461ff
3872,mb-dielectric-3873,K6 Ga6 B6 O21,K2Ga2B2O7,B-Ga-K-O,39,578.4191,3.0252,1.619125,1551094951f8ece7b57efd69d663465e4f731186c857e465d9cc3504d160bc67
3873,mb-dielectric-3874,La2 Te1 O2,La2TeO2,La-O-Te,5,112.8438,6.4367,2.548589,6b33bc69c9758b7b8eb0905a265a80c75b10417979ac27bf22684e0080b2aa4a
3875,mb-dielectric-3876,Ca1 As2 O6,Ca(AsO3)2,As-Ca-O,9,108.0158,4.3954,1.904676,28400c3a88f3f788096233479aaa5991e70aaac22e67d6e9a286b6fcdc784943
3876,mb-dielectric-3877,Nb4 Cl12 O4,NbCl3O,Cl-Nb-O,20,529.2462,2.7016,1.858839,6ad0083750283a0f1c1dccb6f61fedf8fec29a906a6f7e407cf1c7710a744cd3
3877,mb-dielectric-3878,Ag3 S1 I1,Ag3SI,Ag-I-S,5,124.8694,6.4174,2.864543,f6ebebe8167123dc0f8f01aa6286042b04206946dd33fb1cf392fcd3e60c6af1
3878,mb-dielectric-3879,Fe1 H2 O2,Fe(HO)2,Fe-H-O,5,43.8505,3.4028,1.77788,cd74dfe3bf6b4e6c432079888171080a9f64c32296572bbe5378ef785e575ca7
3880,mb-dielectric-3881,Te4 Pb4 O12,TePbO3,O-Pb-Te,20,359.1265,7.08,2.298751,3ce77dd39bea59f2202651078451b96cffa40176ff1f11c259aa0b763cdf6a17
3882,mb-dielectric-3883,Hg4 Cl8,HgCl2,Cl-Hg,12,391.7835,4.6028,1.753948,9c4444c898573acb9dde170fc4a50f80e29c3bd6e1bc5c4598a3f5874db503ab
3883,mb-dielectric-3884,Bi8 S12,Bi2S3,Bi-S,20,527.166,6.4782,3.53013,4fdbe8926488dab7dec4f279804da467a5baf998d9d970400d779881252b650d
3885,mb-dielectric-3886,Rb2 Li2 Cl4,RbLiCl2,Cl-Li-Rb,8,223.221,2.4298,1.585936,28efc4188b038613f7bdf752294165808bcd9a76e33aff122d0bdf312506ba38
3887,mb-dielectric-3888,Nb4 As4 O16,NbAsO4,As-Nb-O,24,340.4865,4.5224,2.378175,d379304cf34b5c7934c92d02143d657a08d6022cdf1fc801aafb4dbc3de4c7dc
3888,mb-dielectric-3889,Li4 Al2 Ni2 O8,Li2AlNiO4,Al-Li-Ni-O,16,171.1913,3.1729,2.279163,f1b2618bc26edea48b01c7bfce0cb6ed01e3dff821562b6ffe49acf5e47901c2
3890,mb-dielectric-3891,Li2 Ni1 P4 O12,Li2Ni(PO3)4,Li-Ni-O-P,19,231.9422,2.7811,1.612195,01eeba483c6644a46449ae659928c15dba2e9334a549b171721a794c3e6d42d8
3891,mb-dielectric-3892,K1 P1 F6,KPF6,F-K-P,8,113.1486,2.7013,1.363452,3177d52671bb9c81e88ef25eba7744f078c4ec30d77bf1cd27abc75de077520d
3892,mb-dielectric-3893,Cl4 O12,ClO3,Cl-O,16,261.333,2.121,2.034126,c9398127e5b2b38a1565a4ddaca7185244519717108e16d546bcf7dffe003844
3893,mb-dielectric-3894,Sb4 Cl12,SbCl3,Cl-Sb,16,576.3873,2.6288,1.718236,6b6e8f04b620b7196a1c7ae59ee07a227d7e54adb9e6ba7ff21ccd5836511604
3894,mb-dielectric-3895,V4 Se18,V2Se9,Se-V,22,614.4316,4.3918,2.833314,b66ef0b5b5d36e943e23433f2aaf01625f3134ce644ab7f256640080f46f2833
3895,mb-dielectric-3896,Tl1 Br1,TlBr,Br-Tl,2,66.7811,7.0689,2.682909,7322af6e65205ee40c9ecfb26b203b66057f8c44aa4ae373b38b01200640cd74
3896,mb-dielectric-3897,P4 Br20,PBr5,Br-P,24,915.5284,3.1232,2.267892,535fd3656766b91db3546870fa6626e4d1e23e874ac76ea26b7616da4dae2e75
3897,mb-dielectric-3898,Ba8 Li2 Nb6 O24,Ba4LiNb3O12,Ba-Li-Nb-O,40,582.3422,5.8567,2.245171,5bdab3e014229675abfd201eabd7121ee3224d47e24b45442b9bf0796dec09df
3899,mb-dielectric-3900,P4 Pd2,P2Pd,P-Pd,6,102.9537,5.4312,4.75356,e6d8e909250cf58b538953bc96fa9a486453e395339fe047622cfb45852ad194
3901,mb-dielectric-3902,Cd1 Cl2,CdCl2,Cd-Cl,3,84.2981,3.6111,1.73602,ae20c5086ce91ffb38545cbf0df655175e3281a11065b4713e2b8e31424040a9
3902,mb-dielectric-3903,Li4 Mn4 P12 O36,LiMn(PO3)3,Li-Mn-O-P,56,652.6447,3.0409,1.677665,abc0a7678b50a7654cc32e429c96b9224b0ba5789c8d4bc8477fc7fad560bcfe
3904,mb-dielectric-3905,Fe4 O4 F4,FeOF,F-Fe-O,12,140.0012,4.3099,2.11972,0cfea50911b4e5b21a7283649d78f7221221ded0cef66ccb8956f6d65c33d89f
3905,mb-dielectric-3906,La2 Cl6,LaCl3,Cl-La,8,219.0359,3.7188,1.933994,c3c29616cecf7452cd86bc12713a96c840799a9e1a7d106aa9973d21d7beb4ce
3906,mb-dielectric-3907,Hg2 Cl2,HgCl,Cl-Hg,4,125.2999,6.2563,2.105944,76b8c180994d4c78b51f2592b82e30d6459eeee6dbaf6fce15954b2892b56161
3907,mb-dielectric-3908,Si4 H12 F4,SiH3F,F-H-Si,20,304.7762,1.092,1.410201,205868c358ecbf8166f9d716955f5eb9eec89bbd573be3b1d2a92fae56e5d783
3908,mb-dielectric-3909,Ca2 Cl4,CaCl2,Ca-Cl,6,175.0995,2.105,1.654791,2b6eac2f3da5ed263f464baec0446e609e0fe1603b8b8380c23a4a6be4e815ec
3909,mb-dielectric-3910,Li2 Y2 S4,LiYS2,Li-S-Y,8,165.3578,3.213,2.455963,e5347099f49eb12405762eec372dd57f571758bdebeecd3faf3dbc80a85463ea
3910,mb-dielectric-3911,Li2 Sn2 P2 C2 O14,LiSnPCO7,C-Li-O-P-Sn,22,306.279,3.043,1.606821,34efee29a81e56cacfd44f6818b780009e9edcb4502e7e64a5f16bb304f4d44b
3911,mb-dielectric-3912,Bi4 Cl12,BiCl3,Bi-Cl,16,501.0376,4.1804,1.982255,248de8082bb6e586f16e69ad9c192b4a7106657a667bbabb242bd314b9dcfd60
3913,mb-dielectric-3914,B1 N1,BN,B-N,2,20.0021,2.0603,1.927803,58ca03af9bf7a3ed85ce9e4cfe694cd3eedf905b29b50cd0a39c9bffd8fad975
3914,mb-dielectric-3915,Li2 Mn2 F6,LiMnF3,F-Li-Mn,10,127.3086,3.1011,1.479786,10a67814ad69e139e03a1ab55b70d983363d83070a17e5a9e29ac7512dd0eb10
3916,mb-dielectric-3917,Zn2 Te2 Mo2 O12,ZnTeMoO6,Mo-O-Te-Zn,18,251.3631,5.086,2.175549,99ae3ae8c8395285bdc0937e209779b122066a5011955214add9afb6e094fb76
3917,mb-dielectric-3918,Cu2 Br2,CuBr,Br-Cu,4,92.4066,5.1556,2.190738,a7b8dcb7d8cd568707c83db29b0b3888d6be31a7eef8594a8ae3c528ff07d472
3918,mb-dielectric-3919,Al4 H12 O12,Al(HO)3,Al-H-O,28,189.0884,2.7401,1.694062,e476a67f3bac77f00215c33121dbaa51b7d1c1e44c1f6e32940c4260b0b7d9e6
3920,mb-dielectric-3921,H14 Cl2 O6,H7ClO3,Cl-H-O,22,216.755,1.3867,1.525156,762fa466fbe4a3bad3c8d2799a61e1bca73ffd98a3dcae7cfe5a713c67710096
3921,mb-dielectric-3922,K4 Cd1 P2,K4CdP2,Cd-K-P,7,258.7011,2.123,2.221511,6e8fd84656055e7c5ad023683433b41d17b3e6d4adb807713aead044e0a9a375
3922,mb-dielectric-3923,B1 P1 O4,BPO4,B-O-P,6,66.197,2.6535,1.608279,36cf8c0752d010f1aad63da229c0a1d57ee676c8e4bdb2de016e507a56d213d1
3923,mb-dielectric-3924,Ca2 N1 Cl1,Ca2NCl,Ca-Cl-N,4,77.4332,2.7796,2.145844,9422b2d159b6113c8efc2301e7b16faa3f64d9095285a8f19388cef522c749f3
3924,mb-dielectric-3925,Li4 Sn4 P12 O36,LiSn(PO3)3,Li-O-P-Sn,56,1001.8431,2.4038,1.559899,548e1042db47e19e74fc26a524b9db046b0df5fef3802b14fd6e917f985ae96a
3926,mb-dielectric-3927,Cu1 Sn1 F6,CuSnF6,Cu-F-Sn,8,113.634,4.3291,2.41139,e814a5445628acb217a330d269d1e59dd0446759770097aeeb16f725093a8b0a
3928,mb-dielectric-3929,Li2 Lu2 O4,LiLuO2,Li-Lu-O,8,95.7139,7.4221,1.9243,9a6b55ae556821fec8b784931df2bbdad34779b04f1713ac9b5be6b3a19acc08
3929,mb-dielectric-3930,K2 Re1 Cl6,K2ReCl6,Cl-K-Re,9,257.8179,3.073,1.739738,2ed22691c3cfb89175260a3aff63de2ccb599f5e7cbcb9f6ef3d467d7e26bb47
3930,mb-dielectric-3931,K4 V5 Cd1 Cl1 O15,K4V5CdClO15,Cd-Cl-K-O-V,26,471.8268,2.8118,1.845513,bb951453b4a8bd66ae5ff3bc070b4ee359db1a9452e04f11940a3c7f338952e9
3931,mb-dielectric-3932,Te2 Rh2 Cl2,TeRhCl,Cl-Rh-Te,6,151.4986,5.8302,3.139505,cb708f3d51037d779e41865aea32cbdb0557b682288d6252ec223547a0d5066c
3932,mb-dielectric-3933,Cs1 Cl1 O4,CsClO4,Cl-Cs-O,6,133.1363,2.8981,1.441893,2b2642dad7e05cb3ed73133d2d5880739388e570dbd145cb0eb850b741b9ca54
3933,mb-dielectric-3934,Pt4 I8,PtI2,I-Pt,12,447.2024,6.6673,2.735264,06a54ba8f8136f59002ea829c46544eaa63ae50ea58d9c85a759a90ef19258dc
3935,mb-dielectric-3936,Ba2 I2 F2,BaIF,Ba-F-I,6,180.599,5.2084,1.910323,6f5f05b49de3ee3c367275916020b853515d7e7e07ad6c5a6a8d1bc009cb7420
3937,mb-dielectric-3938,Sc2 Br2 O2,ScBrO,Br-O-Sc,6,113.2585,4.1304,2.167802,270fb86d96e0eee83c93d98771104fa1c9161971327c5228d9fe8c9ac493a503
3938,mb-dielectric-3939,Li2 Mg2 H6,LiMgH3,H-Li-Mg,10,94.4916,1.2045,1.984625,33dbf4578e2787c72c0d10020b8454abcf4900d23c023e19927b3c6f90ae42aa
3940,mb-dielectric-3941,Sr2 Cl2 F2,SrClF,Cl-F-Sr,6,122.7198,3.8448,1.691809,0d3db99ba22ef06cd23fa76634bb6d394f8828c0a96c0e3263327d18ce357f7d
3942,mb-dielectric-3943,Li2 Bi2 S4,LiBiS2,Bi-Li-S,8,175.4747,5.3003,4.150931,8c0b8d85e437fabac1329a29c46a4f53b13805f53d6eb84ee35f5df036c03aa2
3943,mb-dielectric-3944,Li4 Ga4 Br16,LiGaBr4,Br-Ga-Li,24,777.0966,3.3872,1.739732,154ec7862b2ff602dd6113c182f25dca471ecd3079b0d7a0390240503bb1e8f6
3944,mb-dielectric-3945,Cs4 Na4 F12,CsNaF3,Cs-F-Na,20,395.2495,3.5776,4.56166,19f4dfe1be899b9d064a95fc878ed74e6d110535b84307637740161eab9cd34b
3945,mb-dielectric-3946,Fe8 Si16,FeSi2,Fe-Si,24,300.0791,4.9589,4.963399,943b274a52b39edb8ef611325d94648f37e3055f2e03936f988636e10278817c
3946,mb-dielectric-3947,C2 Cl4 F4,C(ClF)2,C-Cl-F,10,226.009,1.7768,1.419987,5fea29d07801ea2ac53672ae5ee40ae1df344264458566b4deda1d4b35c2dcad
3947,mb-dielectric-3948,Ho1 Sb1 Pt1,HoSbPt,Ho-Pt-Sb,3,71.7544,11.1492,4.946589,3da25293c4860332c86a1238ee3579cfa2ca9036d7c6ccb6d1b1b66d597893da
3949,mb-dielectric-3950,Na6 V2 S2 O6,Na3VSO3,Na-O-S-V,16,268.2401,2.4759,1.803361,8635de5f234e4e5073a0d4ad8ff20e3fe736b5a1b075e45629015f7d65c23b23
3952,mb-dielectric-3953,Ba2 Sn1 O4,Ba2SnO4,Ba-O-Sn,7,119.9023,6.334,2.085609,12228751e365c8f51c6de1cdc33bcc539bf4ef4ac7487a15a16c6463a2458a96
3953,mb-dielectric-3954,Ba2 Nb6 N2 O14,BaNb3NO7,Ba-N-Nb-O,24,376.9174,4.7761,2.291976,aafad57f99f31628f4c6c95160caca7db20fec3dc6aaae3a5774634202228cab
3954,mb-dielectric-3955,Rb2 Te1 Cl6,Rb2TeCl6,Cl-Rb-Te,9,290.8819,2.9186,1.765051,786f694f4b2b2da479814aef7101f539754c582ee9806e78b4ad34a4daed351e
3956,mb-dielectric-3957,W4 O4 F12,WOF3,F-O-W,20,291.5788,5.8507,1.763557,5dc430351081bd9086d586ecbfcc64b27ba4fc37d7e66e1d37c68e434ff4ff7d
3958,mb-dielectric-3959,Co1 H2 O2,Co(HO)2,Co-H-O,5,42.7222,3.6127,1.828489,968a0a02abe01849b2fe08df97d6be15271cc4e74f29c21eb6a939fc08ddff48
3960,mb-dielectric-3961,Li1 Nb1 Te3 O12,LiNb(TeO4)3,Li-Nb-O-Te,17,206.5068,5.4248,2.360952,9e89ffa41bd56cb251441f2862b520060a79b6af8aff1577a7625714b10d7496
3961,mb-dielectric-3962,Li2 Mn1 W1 O6,Li2MnWO6,Li-Mn-O-W,10,99.8344,5.7992,2.913247,b7ceb3ca5ddaf80e86da3b7a79aae2f2b16929fb95dbdf06d7bb19480e550d09
3962,mb-dielectric-3963,Cr2 S2 Br2,CrSBr,Br-Cr-S,6,147.7056,3.6867,3.989441,b08e313f412532a9aeec4406862026172af46ad8e9ec758a126ca59a3cdd0c91
3963,mb-dielectric-3964,Li22 S11,Li2S,Li-S,33,508.2844,1.6512,2.007674,f8638fea81be614410765f2c3c5382add683f2948cd1e0e6105c1d24330fe6d1
3965,mb-dielectric-3966,Li8 Mn4 F20,Li2MnF5,F-Li-Mn,32,384.5451,2.8295,1.5193,f425d5445c826995e7d1a99f6f6cfc591a85c8ab728ca54a199adfcf42b0c9b6
3966,mb-dielectric-3967,Cs2 Mg2 Br6,CsMgBr3,Br-Cs-Mg,10,350.7185,3.7586,1.723115,534e356a8d197fd831b19789be22ee55d437f4f742876e3ecee564014fe0d3aa
3968,mb-dielectric-3969,Ca2 Br1 N1,Ca2BrN,Br-Ca-N,4,83.2653,3.4714,2.226613,9359af9d1306f6ac21f2538befb4576ee9857ae83e8ee7ab6490564dcc275bd0
3969,mb-dielectric-3970,V1 Cu3 Se4,VCu3Se4,Cu-Se-V,8,180.4139,5.1305,2.86491,1a19045e568544e0fe8a629cb3b75b590ee9e756286c8f205f873df778f10d71
3970,mb-dielectric-3971,Cs2 Mg2 I6,CsMgI3,Cs-I-Mg,10,432.7723,4.128,1.872384,3b78ad9d4c1a5a2158dd8bd6167460a2697e18f306e93b7edc6284ad708ac5d7
3971,mb-dielectric-3972,Li4 Mn4 Sb4 O16,LiMnSbO4,Li-Mn-O-Sb,28,341.9362,4.8104,1.997745,82975aa921a46e6515e6fa0fc6cd046b1c6478192bdb27b237c49dea562bf988
3972,mb-dielectric-3973,Al2 Cl6,AlCl3,Al-Cl,8,199.9028,2.2152,1.687503,fecf38e3b26846d879c2caecf66ee65a5f8c17139b27dc8815841d6ad64c061d
3974,mb-dielectric-3975,Si16 Os8,Si2Os,Os-Si,24,345.117,9.4845,4.139243,0836e5d0767187e3f1c2a713173af44663ba268fea435f59acfb6e3ec91a3d6e
3975,mb-dielectric-3976,K2 Re1 Br6,K2ReBr6,Br-K-Re,9,305.0712,4.0487,1.894189,90bb736cbd1be96612405f2fce663ccad782349d7ded0d586fa95b4455c25f63
3976,mb-dielectric-3977,Ba4 P12 Pt8,BaP3Pt2,Ba-P-Pt,24,554.9348,7.4259,4.431027,9a8def1e5da21887399e79a101accf2bc509f51f41ab46ea7570126962cfba17
3978,mb-dielectric-3979,Y1 O1 F1,YOF,F-O-Y,3,40.2611,5.1103,1.886445,758530da461765e612524f8ed474fe567ee19521d0a7e3db5fa6a83e55256518
3979,mb-dielectric-3980,Sr2 Br2 F2,SrBrF,Br-F-Sr,6,135.9745,4.5557,1.782072,844248adc802d418effa61d83866fc74a7a3fe03111feb5f9b458fc582c6fcb5
3980,mb-dielectric-3981,Ca2 As1 Au1,Ca2AsAu,As-Au-Ca,4,96.342,6.0678,6.203543,289b0f48b042d74dc81ec91ff41ef1553a94fa9688cfb6c6d4a138fda8c1d1bc
3981,mb-dielectric-3982,La2 Cl2 O2,LaClO,Cl-La-O,6,118.9104,5.3166,2.070197,4eedb54b646767312165449b2f4adfc30bd63a6435b314d166ae2f347e0173e7
3982,mb-dielectric-3983,Nd2 Al1 N1 O3,Nd2AlNO3,Al-N-Nd-O,7,87.8469,7.1352,2.44406,da3a82912eb8669e12496c125711cdf5a0e84154f685ec64c4042c684d2e9a15
3983,mb-dielectric-3984,Si8 O16,SiO2,O-Si,24,354.6435,2.2507,1.509376,5fc63e6b045db3dd889b7e95169dfeff62d20e658e51bdaaa7698f530913da7d
3984,mb-dielectric-3985,Cs1 Ge1 I3,CsGeI3,Cs-Ge-I,5,226.6439,4.2953,2.474999,370e526443d68ebef4e215cc83345f970e4b09a6db49b8ba0b1823b315f7cccf
3985,mb-dielectric-3986,Li2 Co2 Si2 O8,LiCoSiO4,Co-Li-O-Si,14,192.5931,2.7238,1.915111,57fb030b47d5de669c4d008b26b69641385b9406237b4e633ee261113dea2062
3986,mb-dielectric-3987,Li4 Cu2 Sb2 O10,Li2CuSbO5,Cu-Li-O-Sb,18,201.7495,4.5958,2.822299,a5a78dde54c6af25193e431e93207d1938227c363530662f5a698d8bba4ab30b
3987,mb-dielectric-3988,Ba1 Al1 Si1 H1,BaAlSiH,Al-Ba-H-Si,4,85.6151,3.7511,3.789639,6eeea99385bdc14dad018201482ca7e077e56d0a7f08bad26510a988f14cae9a
3988,mb-dielectric-3989,Li3 Mn3 O5 F3,Li3Mn3O5F3,F-Li-Mn-O,14,150.1914,3.567,2.07229,e03cf6551e82a6b4795e4d0b6d8763f9e3bd92fbf80234712822d021eb29b895
3989,mb-dielectric-3990,Li3 Ni4 O8,Li3(NiO2)4,Li-Ni-O,15,133.0137,4.7887,3.579838,ce75176f5a2ab0eb4a44966954b21bf45fa848289cba31a2d2173ba942a52f98
3990,mb-dielectric-3991,Ba6 Mg6 Si6 O24,BaMgSiO4,Ba-Mg-O-Si,42,657.0776,3.8471,1.707515,36f133e0668bec389024d704cdf4ee691ad7cb0c2f3dd43a0acff35b37aad1df
3991,mb-dielectric-3992,Sr2 N1 Cl1,Sr2NCl,Cl-N-Sr,4,94.3187,3.956,2.160889,70deb911e1ec34b222fb074fc222408f5db2f588b84540840dc88f96ffadc5e7
3993,mb-dielectric-3994,Se4 O8,SeO2,O-Se,12,193.0204,3.8183,1.966669,b75aeeb22a0b54e39df25a8b560d4300be6f30c809f9ca7ee90a76c41ede5e52
3994,mb-dielectric-3995,K1 N1 O3,KNO3,K-N-O,5,81.6907,2.0551,1.466818,b6deb9281cf026bae0dfbe168d564118d205779d2371cb26b9fdc89344c5da12
3995,mb-dielectric-3996,K2 Se1 Br6,K2SeBr6,Br-K-Se,9,307.6939,3.4354,2.044549,f15d6d08add4586b501575251f33e8db2cbbc18d3918e72482dd472bfc0063aa
3996,mb-dielectric-3997,Li2 V2 P4 O16,LiV(PO4)2,Li-O-P-V,24,291.2595,2.8258,2.445249,d1dfde252be5a95a27c08080fa0181f64204ccb8906c10beb95721d549fc90fb
3998,mb-dielectric-3999,Nb1 Al1 Fe2,NbAlFe2,Al-Fe-Nb,4,52.3396,7.3471,6.777898,b58c1358cab82e799c0e740e1e145bae6d3ec39c31891e2b71e44051f53080e7
3999,mb-dielectric-4000,Zr2 Si2 O8,ZrSiO4,O-Si-Zr,12,135.9027,4.4795,2.039771,42f9a8467b2194be054c5a9f2e597ece0e9392ee0815161beaf1cf9c5c0a661c
4000,mb-dielectric-4001,Sc1 Sb1 Pd1,ScSbPd,Pd-Sb-Sc,3,64.8186,6.9973,4.238488,1acd595fbc75abc067530b1efe42ee56a1d4be097c63522b50cf957b365d0f64
4002,mb-dielectric-4003,Sr2 I2 F2,SrIF,F-I-Sr,6,171.9834,4.5094,1.833045,45748ad9358da2bedda4ddda5b958489af32206c863d4c928219576aace67a83
4003,mb-dielectric-4004,Cr1 Sb1 O4,CrSbO4,Cr-O-Sb,6,67.7006,5.8315,2.279916,5e839efd5cd8110e434ea6458b6e52a6eae419169147aa0c548662ec0f452fee
4004,mb-dielectric-4005,Li1 Mn1 P3 O9,LiMn(PO3)3,Li-Mn-O-P,14,179.4598,2.7647,1.627462,f4ed19de5664f71d43fa2212251e7e10015d7ecb72a961b9f81f4f0f20040103
4005,mb-dielectric-4006,Li4 W1 O5,Li4WO5,Li-O-W,10,93.198,5.1955,2.030898,30b5b7a8a1d87a638730386da8a9ae4e1d9c3a62f14a59141a0364a462da320a
4006,mb-dielectric-4007,Gd2 Cl2 O2,GdClO,Cl-Gd-O,6,106.3416,6.5178,2.133073,3f9aeded1499b816311790bb4b544799c0bdc60f688da17809222a7bad7dc7f1
4009,mb-dielectric-4010,Ga2 Cu2 Se4,GaCuSe2,Cu-Ga-Se,8,180.7617,5.3499,14.276437,57ff8c022261a98c8be5ce7a8bb9c13190e533a9b8df49cfb1b5bc7d899416a9
4010,mb-dielectric-4011,B12 P2,B6P,B-P,14,122.9453,2.5889,2.743659,1d67c31a4f3c5a8029d59c70a4788c05093316b96c9383197812495fccd3a760
4011,mb-dielectric-4012,Sr2 Br1 N1,Sr2BrN,Br-N-Sr,4,100.4209,4.4506,2.231673,f77ffc05613ff9000c342ac7c7b237b05da64e58a4c4da057bc043384a4eff53
4012,mb-dielectric-4013,P12 Ru4,P3Ru,P-Ru,16,247.7234,5.2014,4.174805,28dc38c9a2814e4169b9cb4ee271547038de35a5d7f9946309265a57c9982ac7
4013,mb-dielectric-4014,Rb2 Sn1 Cl6,Rb2SnCl6,Cl-Rb-Sn,9,282.3886,2.9541,1.653159,615805b5b0a70522eb671d09d333e503d017c71855849db43f5134bae40d6523
4014,mb-dielectric-4015,S2 Cl4 O4,S(ClO)2,Cl-O-S,10,259.9405,1.7244,1.477493,c0f7a7eb06f1c02701ee410b639a9b7d43be92c7f6d09f7a90d6ca40dcca5477
4015,mb-dielectric-4016,Si4 O8,SiO2,O-Si,12,181.1639,2.2029,1.497381,87fb14663528dbc0aedfdf6653213193572eb8ae367eca076f897d8bbf631612
4016,mb-dielectric-4017,Ho1 H1 Se1,HoHSe,H-Ho-Se,3,49.3194,8.2455,2.961989,f0f5d37a039be5104314434f780edb98cea5c17236d90df0ec014dd724c241b3
4018,mb-dielectric-4019,S4 Cl8 O4,SCl2O,Cl-O-S,16,477.728,1.6541,1.53688,2678ab861b5f6d3507ac494d182c254006feeed989ff8447d1f24856551bd658
4019,mb-dielectric-4020,Li2 Si2 Ni2 O8,LiSiNiO4,Li-Ni-O-Si,14,128.0964,4.089,2.930803,d98ea2efba2e4d076cf2dd3bd00380c14b119ad3578c7bb55bcb921efb4ad95f
4020,mb-dielectric-4021,S8 Br16 O8,SBr2O,Br-O-S,32,1075.3332,2.568,1.672922,f5dba9127ba8a812e92642e20074e2e8a3cdacd62058f4b33523c85b4de1c0f2
4021,mb-dielectric-4022,Tb4 Cd2 S8,Tb2CdS4,Cd-S-Tb,14,300.0626,6.1817,2.906587,24bca5cc0588e57239953392b07faf230c29c9759529b5fd6c72149a39b9ca3f
4023,mb-dielectric-4024,V2 O4 F2,VO2F,F-O-V,8,102.1881,3.313,2.317002,b828eba697767839bec8a93ee74651e21b36673dd0d4d923c6cb16b8e94cb9f2
4024,mb-dielectric-4025,Rh8 S12,Rh2S3,Rh-S,20,321.4054,6.2412,5.008193,a841609c121ef0e221785f43427a879295f6de59f8f2f4f71987c3059d1ca586
4025,mb-dielectric-4026,Cu1 P1 O4,CuPO4,Cu-O-P,6,77.143,3.4122,3.50726,314a6f8e1b55d83e54e7d583aa60f0c0a53d7f255cf88f027b78f8fb57b40646
4026,mb-dielectric-4027,Na8 Ga12 Sb12,Na2(GaSb)3,Ga-Na-Sb,32,873.466,4.718,4.335512,4925598847cd981b0c5177a7ba8094a4906f6ff069d6f4c57fc5dcf0442c9461
4028,mb-dielectric-4029,K2 Pd1 Cl6,K2PdCl6,Cl-K-Pd,9,249.1623,2.648,1.889573,0b7bca582d097936cef29f6f53793984a9fd7c16bf58acf48c6b75e67c4aeb5c
4029,mb-dielectric-4030,Ba2 Br2 F2,BaBrF,Ba-Br-F,6,158.5653,4.9477,1.783069,b75009f08e14c271b440d76e3cea72977c96459ea5aebec97779d73cb5b317d0
4033,mb-dielectric-4034,C8 Cl24 F8,CCl3F,C-Cl-F,40,1089.8655,1.6744,1.453845,e041c1df4635067b218c8753ffa2a88393e2cce7366e33f17d3c09b64db87f9f
4034,mb-dielectric-4035,Bi2 O2 F2,BiOF,Bi-F-O,6,89.6561,9.0375,2.218665,be3132c22126b2a87976860343b15f84862e94ff1331cd66dcebd7377ddde778
4035,mb-dielectric-4036,Cs2 Li3 F5,Cs2Li3F5,Cs-F-Li,10,170.9231,3.7075,1.510447,87c24373c660b593fea23e1f8f3d3c93e4bab4f3ab1855bf1491275745f4f9ad
4036,mb-dielectric-4037,Si3 As4,Si3As4,As-Si,7,154.8228,4.1179,4.082142,a1e9989dd15714dab8c9afec3857c8e300d5c6056657461ff0345c3bade294c2
4038,mb-dielectric-4039,Ge4 N4 O2,Ge2N2O,Ge-N-O,10,136.6048,4.602,2.083092,e9072430cca6f740d243ada147e533b89c6b46277bae5339226a4a722f3dd685
4040,mb-dielectric-4041,Si4 Cl8 O4,SiCl2O,Cl-O-Si,16,440.2879,1.7347,1.47964,82dff20173302099586d3ca230bfd840f998e5c7a9ca2e68c618aab6a512a5d4
4041,mb-dielectric-4042,Ag5 P1 S4 Cl2,Ag5P(S2Cl)2,Ag-Cl-P-S,12,266.608,4.7926,2.553795,56e7331b92c0972181df863ce7cc95fa890594e69b77e4980490caf5df73ac2a
4042,mb-dielectric-4043,Ga2 N2,GaN,Ga-N,4,46.9428,5.9236,5.633649,e86d743c2abe60a1aa2f39c12645d1e32e73a4b8600d4c98510e3d91fa6390d5
4043,mb-dielectric-4044,Sb4 Se4 Br12 F24,SbSe(BrF2)3,Br-F-Sb-Se,44,1065.9124,3.4548,1.623963,8d8123353b84a4075d44ddccd5918658e055dd97c7d480c799e3b0cf7f01e12a
4044,mb-dielectric-4045,Si8 O16,SiO2,O-Si,24,341.9759,2.334,1.523459,d0a071a51d316336bd690dd7971b9da2fff3568197eecdeca6a4f738e93b1f60
4046,mb-dielectric-4047,Li2 Ta2 O6,LiTaO3,Li-O-Ta,10,109.1333,7.1784,2.289396,e89442c8960c568a4a10b80a60fe991d08b61060394fd1b8def69bece50b1359
4047,mb-dielectric-4048,Ga2 P2 O8,GaPO4,Ga-O-P,12,175.4373,3.1177,1.640388,d93ad66aee12c9d1b9a1c4f097e4c83313431731e158c97c2abc191aeb868fbf
4048,mb-dielectric-4049,H4 Br1 N1,H4BrN,Br-H-N,6,67.0025,2.4273,1.749045,e1f2e6295d52085f8e6712e6bc43640b35e29398398c91b51a43582d0834993d
4049,mb-dielectric-4050,Pb1 F4,PbF4,F-Pb,5,80.9686,5.8079,1.699902,dc56e7b51d00b4fa4356c031ce9977e41514f36972191ae23b449fffc92be5bd
4050,mb-dielectric-4051,K4 B4 F16,KBF4,B-F-K,24,350.9825,2.3826,1.34102,43f5575495e607cd78da8bb08466fe96210f558e6f905a56236f6c73f42a11c5
4052,mb-dielectric-4053,Rb1 Tl1 S2 O8,RbTl(SO4)2,O-Rb-S-Tl,12,191.4744,4.1799,1.757403,7e9e71e18f436c7498b4dca6ad06f408ce986d4106a5b987a789ed16ca70e1d4
4053,mb-dielectric-4054,Li2 Fe2 F8,LiFeF4,F-Fe-Li,12,151.3502,3.0452,1.517805,163e2d086ad91545b2eb4709ad830d2e540eb3234fa8de059b114bf33c9a73fa
4054,mb-dielectric-4055,Cd2 P2 S6,CdPS3,Cd-P-S,10,252.4033,3.1523,2.273788,7def2fdf372610d9b00cd775dc20fe76d5680829eb94122b152e0199a8a9590a
4055,mb-dielectric-4056,Al1 Mo4 S8,Al(MoS2)4,Al-Mo-S,13,236.7133,4.6808,3.956925,9594d57d8f1a94938a6e55270882246fe26d8ccfd7c05eba0d9afbe83f2a9577
4056,mb-dielectric-4057,Li2 Ti3 Ni1 O8,Li2Ti3NiO8,Li-Ni-O-Ti,14,149.7088,3.8175,2.299867,c8a9d2874b64c0be62acd9509440fd618dd38f0cb1c352a0c21dcadc16eb1fac
4057,mb-dielectric-4058,Zn2 Fe4 O8,Zn(FeO2)2,Fe-O-Zn,14,155.0042,5.1657,2.362232,322060ef25f4bee640d12b3d932a1259a0fe46913a2f592800d1e8c692a72f7c
4058,mb-dielectric-4059,V6 O12 F6,VO2F,F-O-V,24,310.5166,3.2708,2.24966,2c20a2231d7f1d1afe44a71cbd74084416c73cc6ed5a33fd81175ded2a27e1a8
4059,mb-dielectric-4060,Ba4 Zn2 Ge4 S12 O2,Ba2ZnGe2S6O,Ba-Ge-O-S-Zn,24,620.0753,3.7156,2.175997,e7ebe092ba44d6133e3cdd2527e1d855fe67f07805655a6a291b1310dfd3313c
4061,mb-dielectric-4062,K2 Ta2 Ag4 Se8,KTa(AgSe2)2,Ag-K-Se-Ta,16,513.9686,4.8567,2.19047,1582876cb5a08dd1c9baabcab2f6e0c91fb53f30cf2c9f8ac729eab74b6e7897
4062,mb-dielectric-4063,Ag10 Sb2 S8,Ag5SbS4,Ag-S-Sb,20,444.7852,5.8939,3.111406,6d78a149ebd700cc1c81dde95938ca42b2b0f4db6487175a8d3e6e7657def034
4064,mb-dielectric-4065,K1 Ta1 O3,KTaO3,K-O-Ta,5,65.4917,6.7962,2.341189,91191a8d7be15e2e5e2eb2fc834e6638fc42287383af7910cb83adc892b91efd
4067,mb-dielectric-4068,K2 Li2 S2,KLiS,K-Li-S,6,132.011,1.9649,1.912617,2f819e1ae8014a0c373c07ff5db1e7bfbb2896c9d514c9ed7d000be6ad37b3f2
4068,mb-dielectric-4069,K2 Li2 Se2,KLiSe,K-Li-Se,6,150.0861,2.766,2.008625,eeafbb4a6e557c61d1b9db99a47c663d011a9b9935a8ba68593dcd4c59e80257
4069,mb-dielectric-4070,Li1 V1 B1 O4,LiVBO4,B-Li-O-V,7,77.7803,2.8328,1.968187,a83e465f7f0f05c5de290445b369a839d9ab663f30222a3fc9fa8d388e8aa3d6
4072,mb-dielectric-4073,V4 O8,VO2,O-V,12,123.8048,4.4498,3.176162,cd5125e3a3aee0630830f240164e27efc57c92c6517d693a39e1fddb233a7db4
4073,mb-dielectric-4074,K2 Au2 Se2,KAuSe,Au-K-Se,6,195.0664,5.3634,2.163314,9a7f092a4627d658889ea01150be970d49eb80e05e500d4a6428e9c9c358197c
4074,mb-dielectric-4075,Fe3 P1 O7,Fe3PO7,Fe-O-P,11,133.8982,3.8507,2.115006,ee06a72d5c01d9b304dddda9dec65b5050e1c7ab2d4c6b01e9302f7b2b87ac7a
4075,mb-dielectric-4076,P2 I4,PI2,I-P,6,283.821,3.3323,1.946792,b2b2305d7cf6897ca99612647c76c3b8ead897ffa2247dbd87c65316a8679c80
4076,mb-dielectric-4077,Hf2 N2 Cl2,HfNCl,Cl-Hf-N,6,109.7313,6.899,2.153988,8d6a2baf61c23e7042917d5c8746e39371f3049fbc057c861a0dcdde8017a0e5
4077,mb-dielectric-4078,Mo2 Se4,MoSe2,Mo-Se,6,148.1124,5.6922,3.265017,dad0a70d95eb36031beab844fdf8c05a9907863b9338117d1bb54d3574b93259
4079,mb-dielectric-4080,Hg2 Ge1 Se4,Hg2GeSe4,Ge-Hg-Se,7,198.5824,6.6031,3.270795,82c1ff0c0d295de99551087fc9ce37f0c491aa6325e6bbb96be7135458f0d277
4080,mb-dielectric-4081,Bi2 Cl2 O2,BiClO,Bi-Cl-O,6,119.9092,7.2131,2.379214,d3258a2bf8b4c47a6531fbad0ebe93b804f37db6adfc1cc9c928f9a14ae85708
4081,mb-dielectric-4082,Si2 Se4,SiSe2,Se-Si,6,213.7955,2.8894,1.961122,e687ecd47ef131ef313b234cdb9eb4621d91091cedeb367a038d572a440b6de6
4083,mb-dielectric-4084,Fe2 P4,FeP2,Fe-P,6,76.2909,5.1277,4.800868,3705f736770d0c7f356347cdd7adb92729f60f63b5589bb5eb85e1e2bb1df431
4084,mb-dielectric-4085,Fe2 Se4,FeSe2,Fe-Se,6,100.1332,7.0899,5.167269,31d164c6a6e8585ee4ec11ee08797a1cd0baa06d7f5ff945dd2ad170474615a1
4085,mb-dielectric-4086,Rb1 Be2 B1 O3 F2,RbBe2BO3F2,B-Be-F-O-Rb,9,119.5305,2.7826,1.480155,5f7f7814f2aad574bd5d277915ecf3f40ed551dd4dd54debd646f64e50479d39
4086,mb-dielectric-4087,Ti2 O4,TiO2,O-Ti,6,70.4792,3.7634,2.615139,18b8028ba0df66911d0e1fac0af2c6e5ae4f0608739f54d47c85ed5822761888
4088,mb-dielectric-4089,Fe4 Sb4 S4,FeSbS,Fe-S-Sb,12,200.2965,6.953,5.261242,e8954ab660f1df12cf8a839554d104d7715d5656102c37e79eca4603fe138fb1
4090,mb-dielectric-4091,Al2 H2 O4,AlHO2,Al-H-O,8,58.1943,3.4235,1.785576,cecf2dea1635f327368ec4e51725de1817fc13d8310a88f6301e427d41a9248e
4091,mb-dielectric-4092,Cu1 I1,CuI,Cu-I,2,54.9313,5.7572,2.610555,20c25dc0e65da0e031ee3f9dda9e70a8d519edfceb3217e0d3b3d8cdd43b066c
4092,mb-dielectric-4093,Sr2 Ti1 O4,Sr2TiO4,O-Sr-Ti,7,97.8296,4.8733,2.242812,c35aa8ceccaecaa77e1a5070125fc011dc480f00d74ccad3d604c8e8b8eb2ff4
4094,mb-dielectric-4095,Al2 Cu2 S4,AlCuS2,Al-Cu-S,8,149.4851,3.436,2.569589,ba6ce9db6039b3cab769421a2a6fbc6a0478b94d6e3b07cf0a571920d8121b9f
4095,mb-dielectric-4096,Li2 Cr2 O4,LiCrO2,Cr-Li-O,8,74.6272,4.0469,2.126783,92dbb3e18a8fdaeccd7541a67698bb9c01d7a0758667483f9e99b0e5634f342e
4097,mb-dielectric-4098,W1 Cl6,WCl6,Cl-W,7,228.7234,2.879,1.883437,d5993591d7056a42103e43204a057d482dea6cea32b612b4a32699927bd3c2c5
4098,mb-dielectric-4099,Na2 H4 Pt1,Na2H4Pt,H-Na-Pt,7,94.0256,4.3285,1.85781,8546cb7941d8bdd39421a4be5b6971f4ae117b80fd0f77c5c461eed0d383364e
4099,mb-dielectric-4100,Li1 Bi1 P2 O7,LiBiP2O7,Bi-Li-O-P,11,146.3296,4.4242,1.833822,a2fcca5f90dc22b09a5178aede16ebf1bbdd9c31a3c5aab104d3589b2ba6a134
4100,mb-dielectric-4101,Hf1 V1 F6,HfVF6,F-Hf-V,8,139.8615,4.0774,1.475466,9c223305309a3eb25add629e2305d36e47ca3c661d471903b3da99aeaaffff31
4101,mb-dielectric-4102,Ba1 Sn1 O3,BaSnO3,Ba-O-Sn,5,73.4881,6.87,2.338302,bcbe347485ba9fe27c2d59bbf4252cb372f9ec31b2fb9251cefc9d8c5d0e0507
4102,mb-dielectric-4103,Si4 O8,SiO2,O-Si,12,189.2315,2.109,1.499608,8371c62d0d7645ca6824a5f2bea67858a87e6b2fd796038f1b190d2cfed290c0
4105,mb-dielectric-4106,Zr4 Se4 O4,ZrSeO,O-Se-Zr,12,204.0641,6.0602,3.041024,0f05a952c6d43fd805db8f2e46be9f9151821a138236875aeddc3f25ec505838
4106,mb-dielectric-4107,Ba1 Ag2 Ge1 S4,BaAg2GeS4,Ag-Ba-Ge-S,8,195.4674,4.706,2.569205,d59409077e8a88f4d7a91b160b09fb7f607b7a3bef1b2c1a71fa9bc64e7c4058
4107,mb-dielectric-4108,Co2 Rh4 O8,Co(RhO2)2,Co-O-Rh,14,160.8214,6.7888,3.122499,5d1f701a509257b414382e0ff5f507abc91e9161cddf5e32377663cf65c864f5
4108,mb-dielectric-4109,Tm2 Bi2 O6,TmBiO3,Bi-O-Tm,10,155.4225,9.1009,2.354908,6a67e9a9025db046cff696230d63061abc6c6861ff5a18494fc939be6a53bfa0
4110,mb-dielectric-4111,Ti3 Zn2 O8,Ti3Zn2O8,O-Ti-Zn,13,150.162,4.45,2.444471,30e962a525f1690b0835fffa593a29bfb21fa4b78830f9c3ec7c968c1f5d3eb8
4112,mb-dielectric-4113,Rb1 I1,RbI,I-Rb,2,104.9571,3.36,1.645904,702c6817c03cdf61fb7c7ce40cdd5a2863053808bcb3ba7c2e0741e87ec9a343
4113,mb-dielectric-4114,In2 B2 O6,InBO3,B-In-O,10,108.9037,5.2949,1.919213,c351bd407b2f40a11e4d92cb175272dfe90abf9fb92b6f9df77472259c698005
4114,mb-dielectric-4115,Te6 As4,Te3As2,As-Te,10,308.0609,5.7422,5.724276,70f49b29d7e63f8880faf2ac922de8015f8510b029a5f6940e9b78518cac1f8c
4115,mb-dielectric-4116,Ni3 Te1 O6,Ni3TeO6,Ni-O-Te,10,107.3479,6.1825,2.174792,e4f83bfbb832bc100ca8f42aeb5c96dc60de3f5acbe4715cd8814535b4c685e6
4116,mb-dielectric-4117,Al2 F6,AlF3,Al-F,8,92.3102,3.0213,1.393915,4f0b7c53484d1218e602b829880ee048759473ef40b20bd2bf147589dd9c74d1
4117,mb-dielectric-4118,Sc2 B2 O6,ScBO3,B-O-Sc,10,102.9642,3.3469,1.975783,a246cb9927083fc5c84d9a9ea345a35b95e732a2356b5e580926ced6d9cd5212
4118,mb-dielectric-4119,K2 Co2 O4,KCoO2,Co-K-O,8,120.2611,3.5909,2.573274,80ccf01d6730bf19e2231d8a3e70149e84db495ceb18c9a98e2874bfb5316909
4119,mb-dielectric-4120,Cs2 Sn1 F6,Cs2SnF6,Cs-F-Sn,9,185.8557,4.454,1.483071,cda7de5e7919247821c7af439715f7177bb2c1cba30454898997aa2fe530dd4a
4120,mb-dielectric-4121,Na2 Sb2 O6,NaSbO3,Na-O-Sb,10,136.0099,4.7065,1.816904,d4c86fe0289871fc4766ca1eb81ae0ff1e9f5a9b9b640f9e29b032729ab3589c
4121,mb-dielectric-4122,Mg2 Ti2 O6,MgTiO3,Mg-O-Ti,10,105.5804,3.78,2.183064,49e76711a05afd8f018a920fbf7946e3aada97f34d263a410f4b53528e78182e
4122,mb-dielectric-4123,Ca2 Mg2 As2 O8 F2,CaMgAsO4F,As-Ca-F-Mg-O,16,203.4299,3.6292,1.721626,9c037db46cb889b3785a1d35ef981677c47e901f828644a232b8627bb9bb94ef
4123,mb-dielectric-4124,Ti2 Mn2 O6,TiMnO3,Mn-O-Ti,10,112.5828,4.4485,2.412699,c359001cb86d227ab7f17456360dfcbd763204d76da45451df58505231277d1f
4125,mb-dielectric-4126,Li1 Ta2 Cu1 O6,LiTa2CuO6,Cu-Li-O-Ta,10,111.6692,7.8571,2.719737,9ff3ffa98bfb51c2ce5788e9e3e22dc89f232dd39eda60f0ee56efdbb263c6dd
4126,mb-dielectric-4127,Cs2 Au2 I6,CsAuI3,Au-Cs-I,10,447.5631,5.2728,2.999563,e16181e6cdbe76efd593d3ed777875a8662667f5256147b095e6867a8ba520c5
4127,mb-dielectric-4128,W3 N6,WN2,N-W,9,183.1695,5.7617,3.233333,1ed451cab3a7ce7ebc7ada7cc938dbdce1bd6856b9f914e305f741fcb5ebb9f6
4128,mb-dielectric-4129,Ti2 Fe2 O6,TiFeO3,Fe-O-Ti,10,108.8924,4.627,2.412443,35f5c4cb91d6fc2ca80e852d737314ddfdcb84015e53c4e0b4042e7e1263dc9b
4129,mb-dielectric-4130,Mn2 Sn2 O6,MnSnO3,Mn-O-Sn,10,123.169,5.9764,2.237018,7bbf1c5c98291e24139f6426b89bd56b7ecd0f24c3ffbe335743889a3136e012
4131,mb-dielectric-4132,Na1 Rh1 O2,NaRhO2,Na-O-Rh,4,45.0922,5.8145,2.631166,639eaa5d553393a85f2c2c593bd365c7a258dee9ed0bf0d08d967c0ec3f9347a
4132,mb-dielectric-4133,K1 Ni1 I1 O6,KNiIO6,I-K-Ni-O,9,133.8356,3.9789,2.228192,b668a0171ee31e27eebc80f6e5f91c2c1c9244d49eb229546d7ab3074950e93c
4134,mb-dielectric-4135,Hf2 S6,HfS3,Hf-S,8,179.1593,5.0918,2.542899,a2c4e3c067b9ec2842fd86e55e9ffbb5109cba6c4799ae89e84444d896689313
4135,mb-dielectric-4136,Rb2 N6,RbN3,N-Rb,8,160.7391,2.6341,1.567057,3cd7e13928ee6faeae69ad7908f6f3b61aea4fa62282e2c757c283030e6f58ae
4136,mb-dielectric-4137,Cs2 Au2 Br6,CsAuBr3,Au-Br-Cs,10,368.6913,5.1307,3.007529,d550f9bab52c72358fff0de775f6b9d2c4004c71a39c72432b4c535b639837f0
4137,mb-dielectric-4138,Te3,Te,Te,3,104.8713,6.0613,6.949287,2c68876b859de47a5bab3afc86dbaa9fa721bf4c4f34a5f0eec70fcd5d368f64
4138,mb-dielectric-4139,Hg2 P2 S6,HgPS3,Hg-P-S,10,256.6342,4.2415,2.469776,71dce107075feb9add80ee1da788f48a0461c7260709bd5edb102434c51b1b73
4139,mb-dielectric-4140,Fe4 O4 F4,FeOF,F-Fe-O,12,138.6731,4.3512,2.082898,e694a3d7fedff7c9a2659ca10d45b3f2ce8c0a7bfc9c5019edfc959441a76ff6
4140,mb-dielectric-4141,Be4 Te1 O7,Be4TeO7,Be-O-Te,12,112.0653,4.0844,1.846785,4ac1a56b5e2014ace89512d55648583774ac07e23c42972251ac2ac5211fa273
4142,mb-dielectric-4143,Li6 P2,Li3P,Li-P,8,117.6388,1.4623,2.621831,a780cad27d80b24f8eff45a190b2e72ab4b0728029d7b0fdbff0a7aede3cc276
4144,mb-dielectric-4145,Zn2 Ge2 As4,ZnGeAs2,As-Ge-Zn,8,188.5661,5.0704,4.216765,7156ad3cbb562fbc813d118b03b808388cb88bcd9cf2518c46c27454feac2769
4145,mb-dielectric-4146,I2 Cl6,ICl3,Cl-I,8,312.4853,2.4791,1.776607,149094b00645817c7a04f61db586d2d65da01ecef1be74754f18cedf1da38a9e
4146,mb-dielectric-4147,Al2 As2,AlAs,Al-As,4,94.2439,3.591,3.07686,1b4e2352560ddc87e5eaa6062d64415164d218f2741ebe95115a53d7467ff3f8
4148,mb-dielectric-4149,La2 Al2 O6,LaAlO3,Al-La-O,10,111.4852,6.3715,2.168198,52a71010e695aee7106cf97dfc1d9b284bf1124cbd5ba2170d90c4fdbb36c166
4151,mb-dielectric-4152,Li1 Ca1 As1,LiCaAs,As-Ca-Li,3,74.5759,2.7152,2.577353,c83ad9f55d80776d1c8f20f27c49816f7343815add74c9c942b896a96b19998f
4152,mb-dielectric-4153,Ag2 P2 S6,AgPS3,Ag-P-S,10,250.8658,3.1115,2.310309,45c8d48f126aee5fea3c339d0597601988ff306cb1864e0ae49a0e11238fe929
4153,mb-dielectric-4154,Mg2 H6 Ru1,Mg2H6Ru,H-Mg-Ru,9,73.263,3.5296,2.299398,5462f8e6b22492502208a76df162584a288aad5969970beb31d1278c2b5d9869
4154,mb-dielectric-4155,B2 P2,BP,B-P,4,46.992,2.9531,3.025809,8ce075f4dfc57fe57d2b26e63ccb3cdde7a1a366b75d97504cccf406393a0ecc
4156,mb-dielectric-4157,V4 O4 F4,VOF,F-O-V,12,139.5171,4.0914,2.155888,040ef4fb66482d1f5af2251effb07aeaacb514dfeda1c9192a833e4c66eb6555
4157,mb-dielectric-4158,Al2 P2,AlP,Al-P,4,83.4378,2.3068,2.864186,da0c15f00083ec8c0b05b3532af69fb3ee4d18e492e3eb3667c6b9fd23104895
4158,mb-dielectric-4159,Na2 H2 O2,NaHO,H-Na-O,6,66.962,1.9837,1.534334,6b59c50c545ebc7a38f8a7d011585ae7982adfc5eb168ffb541adf49d756548d
4159,mb-dielectric-4160,B1 As1,BAs,As-B,2,27.982,5.0876,3.139233,085e9a6e8f2ea5e307cbcc29ba98a527d47b4dea5e38277467d79474ee6c7a2e
4160,mb-dielectric-4161,In2 Cu2 O4,InCuO2,Cu-In-O,8,113.8259,6.1377,2.345719,b18eda602b935186c063292daba34b1c8bf1ac905538058dc9c61dba7fbacd9e
4161,mb-dielectric-4162,B2 Cl6,BCl3,B-Cl,8,278.2144,1.3987,1.425249,2f1c0bd47441dd8250c9549dfde8a46f15276cd92cf830348898f5ecba883561
4162,mb-dielectric-4163,Li2 H1 N1,Li2HN,H-Li-N,4,34.0927,1.4075,1.910298,c64bc622a9e56619e498be607cfc68821dfca55c193bb3ccd804441985b05ebe
4164,mb-dielectric-4165,Na2 Tl1 Sb1,Na2TlSb,Na-Sb-Tl,4,110.5929,5.5874,5.92024,a86b34c086a35c61a2611c59e45eeb525f1d5942d424d1db87a2569915f65122
4165,mb-dielectric-4166,Li2 Mn3 Co1 O8,Li2Mn3CoO8,Co-Li-Mn-O,14,143.004,4.2456,2.630961,8d1e1463a44186b7b34d76a6bc149fdca77c4456eed06add6f18d7371158c88f
4166,mb-dielectric-4167,Sn4 S4,SnS,S-Sn,8,204.3763,4.9001,4.464378,30d96ecfddf7543813abe4ec661d76c6368f324c61400da986e0ed9c88a032b3
4168,mb-dielectric-4169,B2 As2,BAs,As-B,4,55.8595,5.0972,3.130548,07069b6303dd5aedd56121bd7e437d7c5749bcf87c14c8531b262b1c2ffc708b
4170,mb-dielectric-4171,Te2 O6,TeO3,O-Te,8,97.2641,5.9958,2.343715,bfc6b8d597d8ef987439b88f045ef6489bca231df6c1da3a39b67c06c21a188a
4171,mb-dielectric-4172,Hf2 Se6,HfSe3,Hf-Se,8,207.1186,6.6603,3.089984,12f772090cd93686e40566239a4f614d5d66263ccc7bdf298e0969732e3cc301
4172,mb-dielectric-4173,Nd1 O1 F1,NdOF,F-Nd-O,3,45.1962,6.5854,1.917949,365475406b49b4e50a7b59d77b06fc59d5cb7cb317e93df65cbd5f81aedfe3b2
4174,mb-dielectric-4175,P4 Ru2,P2Ru,P-Ru,6,88.4988,6.1175,4.456157,dd7ec98c25158d599662f77ccf0e3e507b04092fcac798c6ed64743a7621e427
4175,mb-dielectric-4176,Sn2 O4,SnO2,O-Sn,6,75.734,6.6089,2.10721,783be8858e865cb9b55d3d4948f07a48022bf22cc4257553ef40caab706f7483
4176,mb-dielectric-4177,W2 S4,WS2,S-W,6,125.2197,6.5767,3.042039,c243da2c061fdc54eef52ae3b5bb9825c99897176711306807529174a56aad16
4177,mb-dielectric-4178,Ca1 Sn1 F4,CaSnF4,Ca-F-Sn,6,92.6978,4.2058,1.733349,c5fed5b5968c4b4519684e9b7718df3d73b7263cd0c71b3e8a51049587612f7e
4179,mb-dielectric-4180,Ba2 P6,BaP3,Ba-P,8,202.9827,3.7672,3.16507,8e1e1495fca6d4a88c2126855e01b03a304b4bfb8155142315b758e1068afe6d
4184,mb-dielectric-4185,Tl1 Cl1 O3,TlClO3,Cl-O-Tl,5,94.233,5.0721,1.765957,b74cd7476995a0d8f5a1cd721dfacee431eb68c06b8b26cf49346086f4e8c91a
4187,mb-dielectric-4188,Li6 P1 S5 Br1,Li6PS5Br,Br-Li-P-S,13,273.5972,1.8988,1.91745,329999f968089a26383801c2b942333d8220537ef512a609a5cd2a40d84efaa0
4188,mb-dielectric-4189,P3 N5,P3N5,N-P,8,77.0709,3.511,2.270301,a659bfbf35240289c0d418329ea528d1ace0ff91ff4ebf8134dda7d064541149
4190,mb-dielectric-4191,Li1 Ni1 O2,LiNiO2,Li-Ni-O,4,37.5514,4.3174,2.713871,15167a854eda651b7368e547c11e5e96d63245e3464c78c8876df3f18935f72a
4191,mb-dielectric-4192,Cd4 B6 O13,Cd4B6O13,B-Cd-O,23,245.74,4.8822,1.858984,193490c3f61b9cc41fca7ba77965c9e2bac3cd1595b50e767b49e9d4c1077b58
4192,mb-dielectric-4193,Mn2 P2 S6,MnPS3,Mn-P-S,10,231.0602,2.6175,2.392525,cd5c77992a899643f237623c82951490462c7fbdfbdbee6d9a6cae8eca320b8c
4193,mb-dielectric-4194,Zr2 S6,ZrS3,S-Zr,8,184.2948,3.3774,2.587921,7533caa45f0b7ae9e3f311fe0b42d8310627bd2de91cf56f11a872a818e314eb
4194,mb-dielectric-4195,Sr2 Zr2 O6,SrZrO3,O-Sr-Zr,10,143.9313,5.2342,2.150684,026998cd13bb08f3f72ddbd89cc1a3bbf57af6c104f6249af2d578e88ecf5483
4195,mb-dielectric-4196,Li1 Rh1 O2,LiRhO2,Li-O-Rh,4,39.3119,5.9916,2.753824,159d68724e1116ab76ab0a6b6d566dbd61af397905be36efd3d60a9b4281e926
4196,mb-dielectric-4197,Ti2 Cd2 O6,TiCdO3,Cd-O-Ti,10,122.7803,5.6337,2.394853,25484533670f5a6ee9663dea918f51706682ee50bff50562afffe23ab21ec0bd
4198,mb-dielectric-4199,Sr8 Ta4 N12,Sr2TaN3,N-Sr-Ta,24,436.7011,6.0567,2.399369,457a1a5d82930bc14d4051c15ef9542a40ec4edb1b824f9154f9edeb44e4d02c
4199,mb-dielectric-4200,Na2 N2 O6,NaNO3,N-Na-O,10,132.883,2.1242,1.486467,0eabd9a3cb019c9a6bae6467ababf757ffaefe2cf70a910956bbe7c4bc6efbad
4200,mb-dielectric-4201,Mg1 H4 Cl2 O2,MgH4(ClO)2,Cl-H-Mg-O,9,122.0956,1.7849,1.569926,d7239983a121d26d3bb2b5418fff6b25e94bf979ec2fa7985fa17722424044d8
4201,mb-dielectric-4202,In2 Cu2 S4,InCuS2,Cu-In-S,8,173.9129,4.6307,62.062998,9b5214ff946b8903a9c24a175bbd91a4e0c192e20eab8c7e0d8580d194335c35
4202,mb-dielectric-4203,Li2 Fe1 Si1 O4,Li2FeSiO4,Fe-Li-O-Si,8,86.5347,3.105,1.749619,5fbd7104a3dc8f44e2cc76a6187cd3f94ffc61ff7a283761712f4695314d2bc5
4203,mb-dielectric-4204,Sn4 Se4,SnSe,Se-Sn,8,225.0515,5.834,5.140169,cb76318bc9db18562ce47d620d4c5f5bcc29b71d416b498abab9943d4dc81014
4205,mb-dielectric-4206,Zr2 Se6,ZrSe3,Se-Zr,8,209.3083,5.206,3.130229,f089dfb0ba13d6f9ac98490021927450b44eb9a8299f5cd22cce1f6cf70341cf
4208,mb-dielectric-4209,Li1 V1 F6,LiVF6,F-Li-V,8,115.7976,2.4647,1.717865,40d2f062594fcdac086a311157536f513adafb2640752b334b6c49cb245ed788
4211,mb-dielectric-4212,Tl2 P2 S6,TlPS3,P-S-Tl,10,273.6494,4.0238,2.289973,d23dbe4dda2d0964762f388af2b2dcb7fe365db183885dc9926489ca9766e87b
4214,mb-dielectric-4215,Rb1 N1 O3,RbNO3,N-O-Rb,5,101.4267,2.4144,1.432589,dd815ee9ba919ec4c5e7399991b68a7abe5f05d45b2b470f387e585da82f9f93
4215,mb-dielectric-4216,Nd2 Cr2 S4 O2,NdCrS2O,Cr-Nd-O-S,10,173.2908,5.2965,3.034174,9196f6706dcae07d812384b42515a3ea35c546de1dac315f9c7a645877d42e3f
4216,mb-dielectric-4217,Ge2 Bi4 O10,GeBi2O5,Bi-Ge-O,16,243.7546,7.7742,2.287999,4af11e83b1f7259ec84b98aa35ff3610c7f0f49a442b219ff0d0f1a4985e5bf9
4217,mb-dielectric-4218,Ca8 I12 O2,Ca4I6O,Ca-I-O,22,712.7788,4.3692,2.132657,8767a7d8ee51e4a1091b06eebf6bfd8fdab861f831967a960b5474aafb38940f
4218,mb-dielectric-4219,Ba1 F2,BaF2,Ba-F,3,62.0095,4.695,1.56365,5e51a5e874b3dfe331acbfdec24b9b82981647c5bcfccca82a86f5dc63f8fcc9
4219,mb-dielectric-4220,Nb1 Co1 Sn1,NbCoSn,Co-Nb-Sn,3,53.2743,8.4329,4.997299,a1fad1c64fce56082bb86b283b47fdfc18f7a217d28669eecb1f3c5779824720
4220,mb-dielectric-4221,Zn4 H8 O8,Zn(HO)2,H-O-Zn,20,205.3407,3.2161,1.69323,8426ccf267be6fb4ea1eaeccacd1e4b6670616f30d795525bd41075dbb5c4a01
4221,mb-dielectric-4222,Ge1 Te1,GeTe,Ge-Te,2,56.265,5.9097,6.144399,f037e97037a50f0132201130155cb0d570ef5e34753e14505614dd099a1406ef
4222,mb-dielectric-4223,Rb3 Y1 F6,Rb3YF6,F-Rb-Y,10,248.2434,3.0723,1.388856,f90e32d18d2b2f5a939b2bcfd76401ddd8e87c212951fbfa8ecd9783054c61a2
4223,mb-dielectric-4224,Li1 V2 Cr1 O6,LiV2CrO6,Cr-Li-O-V,10,101.2091,4.2136,3.179404,3747ef547eb3558940c5ab57ff30bcab3c094b1064f2990a639d5ed973607fa1
4225,mb-dielectric-4226,Ca12 Ga2 N10,Ca6GaN5,Ca-Ga-N,24,424.8385,2.9723,2.375244,bf1bab30a50bd6a7e6637bd41368e8a9eea24156d3d2f2b6763792b229a0d685
4227,mb-dielectric-4228,Na6 O6,Na2O2,Na-O,12,153.9056,2.524,1.57828,765b4da1dc0b42208f5334540111be600c2adef53307e466b09f19afaddaceb2
4228,mb-dielectric-4229,Cr1 Ag1 S2,CrAgS2,Ag-Cr-S,4,74.192,5.0134,3.537217,d9cf98d0a3f147bc8dea6640d7f255a83fcc34c11f49e90c3eb3f6a2b0b79e1a
4229,mb-dielectric-4230,Li8 Nb4 Fe12 O32,Li2NbFe3O8,Fe-Li-Nb-O,56,637.2797,4.1932,2.21902,94aceabf140119c03577257c36b550062158a64d93bea14088cfdca86559e8c4
4231,mb-dielectric-4232,Cd1 F2,CdF2,Cd-F,3,41.4252,6.0291,1.674216,9811cb1c4f69767749ea59470492f53a6eb511d8e3881fdc55e1aca3bbe28092
4232,mb-dielectric-4233,Ho2 H2 O4,HoHO2,H-Ho-O,8,92.3439,7.1187,1.904902,c22f76b64f07356df90f28cf614767422ad43b1879c444b5f4a014e6fc2c4c2c
4233,mb-dielectric-4234,Cu2 W1 S4,Cu2WS4,Cu-S-W,7,158.0668,4.6138,2.452772,124c0750ddafbfcb623b84484142e488324386b9f41691965a932795cef32b4e
4234,mb-dielectric-4235,S9,S,S,9,271.7007,1.7637,2.069876,a0ab182986d043fc9c78a739885cf8600758c3560786a5a0b065eef7461d67cb
4237,mb-dielectric-4238,V1 Sb1 Ru1,VSbRu,Ru-Sb-V,3,55.2137,8.2336,5.667689,20f051629ac3c3722a7ae9755a5052d3dbaf0e6f75788f3d4c7997e651ceb5bd
4238,mb-dielectric-4239,Sn1 Se1,SnSe,Se-Sn,2,55.7846,5.884,6.760399,b3f96167a1f7beb7e41615a39845c80f3374f369104ec0de53041fa03ae7fbdb
4239,mb-dielectric-4240,Ag12 Te8 Au4,Ag3Te2Au,Ag-Au-Te,24,586.8566,8.7803,4.848814,d65df2b956af5cc88ec978c702785d78130483277dc409664bc499b544ef5564
4240,mb-dielectric-4241,Ba2 As1 Au1,Ba2AsAu,As-Au-Ba,4,131.2403,6.9152,4.48602,40aed131417a5b8a801d8269c17de67d7c893077a07b1d5fcba61704385d8fa4
4241,mb-dielectric-4242,Mg1 Cr1 F6,MgCrF6,Cr-F-Mg,8,106.3926,2.97,1.586885,af7c8b658a34a989cd169a6891184a896f459e26d0ab9c201631aefe36224a5a
4242,mb-dielectric-4243,Rb2 Si1 F6,Rb2SiF6,F-Rb-Si,9,159.6621,3.2554,1.371505,748bc4d539f9bfb0e5f60e72988c3c338086964436cd5c1dcb01978bdf20386f
4243,mb-dielectric-4244,V4 O10,V2O5,O-V,14,200.5314,3.0122,2.209902,5348b6f7025fb3d84362b426c93e9039b344f829e1c0203ccc65110977806ffd
4244,mb-dielectric-4245,Mo1 S2,MoS2,Mo-S,3,62.6493,4.2427,3.172673,a9d025f7e766d84821109ea814eafdcc80ed7a10156bd1f999661dbbbe3833ef
4245,mb-dielectric-4246,K2 Sb2 S4,KSbS2,K-S-Sb,8,249.3362,2.9968,2.294531,731773beb1cc9a2c3995fb6d0738941b3de2491aebc7fce6c15fcbd0e0cfec8c
4246,mb-dielectric-4247,K2 N6,KN3,K-N,8,141.1999,1.9079,1.572895,786bf73c00fb4135ee3a565756c94f188a1adbc1b46e7969b9ee06ebd872b857
4247,mb-dielectric-4248,Hg3 Te3,HgTe,Hg-Te,6,200.5155,8.1536,3.912666,0e05b1757d854540b09e4dde04d1cb68c7d3fe1311956032572b6fcb0a3d3d3a
4249,mb-dielectric-4250,Cs1 Cd1 Cl3,CsCdCl3,Cd-Cl-Cs,5,151.406,3.857,1.845992,d9779523342db012be15c169703822202aa29c451143b04b3a6b7f71e7a68e91
4251,mb-dielectric-4252,Cd2 P8,CdP4,Cd-P,10,211.1938,3.716,3.570154,2c65ca4fcfcdb089ce863b16d59cb25257f426d7385868f8cab21a2d056197a0
4252,mb-dielectric-4253,Na24 W16 N40,Na3W2N5,N-Na-W,80,1301.4473,5.1719,2.285528,0866976fd29e903da57cddb83a4e42dd4810dcda86605a3d908c87d5f29e095b
4253,mb-dielectric-4254,Ga4 O6,Ga2O3,Ga-O,10,109.5928,5.6803,2.007652,3021cf45b0594614b187a0addfdd9985cdedb67b6026a85d39b9b227dc1f3bb2
4255,mb-dielectric-4256,Al4 O6,Al2O3,Al-O,10,87.42,3.8735,1.793971,a9b8c169a26269132a4d0a5810b953851f541e312ffb4bc30ab8e6583a597b52
4261,mb-dielectric-4262,Sr2 Hf2 N4,SrHfN2,Hf-N-Sr,8,135.5435,7.2066,2.572084,55bfef6aa007bdf23dfe52c30e4900e524f093c1e9273130d71e229c7f5c4f1e
4262,mb-dielectric-4263,Hg6 Se4 Cl4,Hg3(SeCl)2,Cl-Hg-Se,14,411.776,6.699,2.373327,7edb5b64934c4b49aaef2309d33e561bc39375ddfa33570db8c4781414235dda
4263,mb-dielectric-4264,Ta2 Fe2 O8,TaFeO4,Fe-O-Ta,12,138.3385,7.221,2.456833,3f5ac247bb99bc10b40039ed76034005df8f747313684a610c94968fc739f1ee
4264,mb-dielectric-4265,K4 Na2 Mo2 O6 F6,K2NaMo(OF)3,F-K-Mo-Na-O,20,314.9429,3.1859,1.619472,ecf97dd091a1e0aef2bae5ab3454967e2629c893e3b37981c46f56ad437844bf
4265,mb-dielectric-4266,Li8 Te4 O16,Li2TeO4,Li-O-Te,28,318.405,4.2865,1.839877,b1e9fe3f7affacdee8def3c25297afa09345f3477f24609739a94da048a441c6
4266,mb-dielectric-4267,Li1 Mn1 O2,LiMnO2,Li-Mn-O,4,42.1345,3.6998,2.146928,a6e49b014730f73b68d96c19a1d0184c14860e99c307e0f09c31eb80496bfa03
4267,mb-dielectric-4268,K1 Nb1 O3,KNbO3,K-Nb-O,5,68.4708,4.3654,2.38139,65ff9d266aa59c4a31b030ba6d48c563e112de663d73d8a543bceedc9508b46e
4268,mb-dielectric-4269,Cu2 B2 S4,CuBS2,B-Cu-S,8,113.7951,4.0417,2.886527,1c7be303faf51c7233c755572852d1ea4a26fe0a9d59a46974022babc737fd64
4269,mb-dielectric-4270,Sr8 Si4,Sr2Si,Si-Sr,12,402.724,3.3535,4.107879,73375831f0ee9120c95e258811637c373e90bb88497686f83ee692566cb8580f
4270,mb-dielectric-4271,Re4 Se8,ReSe2,Re-Se,12,272.8234,8.3781,3.417455,fe5f28b836cbec1fafe2c80bc0ff3007b4279355f49d0e1a2d176497cdcd0e13
4271,mb-dielectric-4272,Ba4 H8,BaH2,Ba-H,12,225.3923,4.1063,2.06438,c759ce3d778809b7c4453363d80a98eb97c3f1f3ffd5e318b3e0ce81cf31770e
4273,mb-dielectric-4274,Li3 Zr1 Nb1 Te2 O12,Li3ZrNb(TeO6)2,Li-Nb-O-Te-Zr,19,219.1355,4.9418,2.225588,abb5fb90007903377597a4cd34f44ce0bc1e5be36d2aae13adf6fd2f96ea95c1
4275,mb-dielectric-4276,Tl1 Ge1 F3,TlGeF3,F-Ge-Tl,5,105.971,5.234,1.74215,1961b83f9748bc94a56c0f21d6cc0868013f583ceeade43829aec71bc0923afc
4276,mb-dielectric-4277,Zn4 Sb4 As4 O20,ZnSbAsO5,As-O-Sb-Zn,32,515.1881,4.4104,2.033263,3c3424ade6627e611973ddd4ee118daca4e1c96d540ea229d53cfddbf49b0014
4277,mb-dielectric-4278,Mg2 P8,MgP4,Mg-P,10,199.5765,2.4661,3.207179,c418eca60102388e367517e8f1e90b5b31ab22cd926ae2f8126ecd35b71c2a0c
4279,mb-dielectric-4280,K4 P4 Se24,KPSe6,K-P-Se,32,996.8322,3.6237,2.587695,8fad59dd625d8bcbfa6168bfff5a95651ce1f54797363ed8c671704d66366fba
4280,mb-dielectric-4281,Na8 Co2 O6,Na4CoO3,Co-Na-O,16,241.932,2.7302,1.87186,aea49eab4585dfb74dc60be4c1db2ebf8dabc6b348bbf4ea21d27271e774ea9c
4281,mb-dielectric-4282,B4 N4 F32,BNF8,B-F-N,40,527.4517,2.2265,1.36955,9786581dbee70b5bcdf548d36b115543db90611e3009a905c5ad3d6ba854e871
4283,mb-dielectric-4284,H14 Br2 O6,H7BrO3,Br-H-O,22,232.9922,1.9237,1.579031,8df525caaeb4193946f99583af484a7ed178e8d5d9ad613f3ace69374e33944a
4284,mb-dielectric-4285,Sb4 H24 C4 N12 F16,SbH6CN3F4,C-F-H-N-Sb,60,686.9158,2.4931,1.538317,aabbe3ddbaeaeb5ac772bb50187d1a21e7080b66e82b38bf4fa8223376457960
4285,mb-dielectric-4286,Li1 Ag1 F2,LiAgF2,Ag-F-Li,4,50.8436,4.9906,1.935646,74ad8443ea3c7ed4619d19e3deeebda9f5dd3ee17d2cdbbabf0c25f36f096683
4286,mb-dielectric-4287,Ga2 P2,GaP,Ga-P,4,83.3948,4.0101,3.210822,26263a87b5e1a999af21d743cacf0924a0fe2cfc122a9588235a47f75cb34543
4287,mb-dielectric-4288,Li1 Fe1 P1 O4,LiFePO4,Fe-Li-O-P,7,89.2189,2.9362,1.646533,d805966d05f2972b9a7e191d14b90f23e0b4dc07fffd2352f01b772d4ab9f30f
4288,mb-dielectric-4289,Li5 Fe4 O8,Li5(FeO2)4,Fe-Li-O,17,158.0888,4.0553,2.171828,6d9426fb950f5adac05288aa36ba9460a0c434ad6379a7537d44d6b41dc8fdeb
4292,mb-dielectric-4293,Na4 V2 O6,Na2VO3,Na-O-V,12,175.3049,2.7454,1.910224,5da19feb2dec26a29daa50a0d3cf087d77fb6de0a5bdd08690f4db91affbc2bb
4294,mb-dielectric-4295,Be12 F24,BeF2,Be-F,36,627.4112,1.493,1.231676,57fbf06f32eccfc62971b5f2c740f538fa1caa0d766226703bfe021062351039
4295,mb-dielectric-4296,Li3 Cr2 Fe1 O6,Li3Cr2FeO6,Cr-Fe-Li-O,12,111.5509,4.1183,2.146193,73de7d9048fdacc9b84893bf930412771b569f157fcfa399a78ed5dbe94f76c6
4297,mb-dielectric-4298,Te2 Mo2 W1 Se2 S2,Te2Mo2W(SeS)2,Mo-S-Se-Te-W,9,301.7199,4.6944,1.0,5c4079f1331b6a094877ec62c2ec1293aba85add1ccd602558178b78246aecf2
4298,mb-dielectric-4299,Y2 Sc2 O6,YScO3,O-Sc-Y,10,138.9434,4.3469,2.065324,93e3500aa0798bfafb2631e51e02e83d36f56644e0988b84cacd76416f37d90f
4299,mb-dielectric-4300,Ga12 Os4,Ga3Os,Ga-Os,16,293.6473,9.0342,4.182429,86c872efa2fa9f36ed325c202e559e2b1bda1a110c37a228ad5d3654fe886328
4300,mb-dielectric-4301,Li3 Mn1 Si2 O7,Li3MnSi2O7,Li-Mn-O-Si,13,149.4989,2.7094,1.878194,efdc6c9093f1d29dd6217dac1ca1325cc4302b76c8a2619593b88147b179a292
4302,mb-dielectric-4303,Zn2 Si2 P4,ZnSiP2,P-Si-Zn,8,154.8783,3.3332,3.242959,4348e622cec4166c28a79df11b9407500fdc02ae9615ea3188748d5208efa3b5
4304,mb-dielectric-4305,Li8 Mn12 Ni4 O32,Li2Mn3NiO8,Li-Mn-Ni-O,56,568.4549,4.2694,2.404155,b6db74b621615ac1d264de3a76fb7bdf5852ce0a120754ad6a6cd1191fa2b5aa
4305,mb-dielectric-4306,Br2 F6,BrF3,Br-F,8,141.3752,3.2159,1.760132,a6a64dbf22c62ebe39c7c8508e33b88697edc93349277ee8e53e666b4a63487b
4306,mb-dielectric-4307,Li2 S2 O6 F2,LiSO3F,F-Li-O-S,12,175.6576,2.0041,1.40748,4f97d388ad8665606c6ef906afc76fcc3ea5155dfcf2f105971eb9bb0b74be7f
4307,mb-dielectric-4308,Li2 Ni4 O2 F6,LiNi2OF3,F-Li-Ni-O,14,156.2916,4.193,1.676065,4a8f362c7b0d3a32a08df5de300bc77f05932ab44b0659a5c7676ada539a4768
4309,mb-dielectric-4310,Cd2 Te2,CdTe,Cd-Te,4,145.8227,5.4662,2.984857,2c0bb40cdb2f886b6b00becb12ad47170468f5027fa74ca0fcaedd7ac1e47faf
4311,mb-dielectric-4312,B1 P1 S4,BPS4,B-P-S,6,175.1909,1.6118,1.806751,8e8189650f0ebf9804150fcf0de1fb22de86d1908722b1b8a5107f541acb2396
4312,mb-dielectric-4313,Li7 Mn1 O3 F3,Li7Mn(OF)3,F-Li-Mn-O,14,140.3462,2.4671,1.625762,5a41bbe8eee40de75ab6f5e34eb5164bf267cd7fad39fe6c7f00cc7c1838f8ce
4314,mb-dielectric-4315,Y1 Cu1 Se2,YCuSe2,Cu-Se-Y,4,93.7775,5.4958,3.159492,1e85cb733219d682b415f241486f231d608e9e6b04c0233c24135f2e14f2d8b7
4315,mb-dielectric-4316,Li2 V1 O1 F5,Li2VOF5,F-Li-O-V,9,125.8168,2.3204,1.501001,00ba6e49675c8c0d3b87d4ea377a1ea5f8c9fdd9998fee364e6dac760cdfbc7d
4316,mb-dielectric-4317,Na8 Sn2 Se8,Na4SnSe4,Na-Se-Sn,18,504.6367,3.465,2.198705,1c0eec84dfbdbda59b0629828f0b5affb2aaaaf7d79b83872c8a8448bf056916
4317,mb-dielectric-4318,Li4 Al4 O8,LiAlO2,Al-Li-O,16,173.0636,2.5301,1.652875,50e4a9a3e7922a8cd7894df171efa65fb4063399faf19a5b18b7fd8b4116f1ab
4318,mb-dielectric-4319,Ba2 Mg2 F8,BaMgF4,Ba-F-Mg,12,183.7396,4.2951,1.549086,2a2498219fd8fb9ea46d8e4430a9a8234a5c85603367056c61c5c628dec725dc
4319,mb-dielectric-4320,Sn4 F8,SnF2,F-Sn,12,232.2884,4.4809,1.822288,007fd72103971ccf1d0fb15d61cb72c5d5da3d85998baa217a63bf83ad58a16c
4320,mb-dielectric-4321,Cu4 Si2 S6,Cu2SiS3,Cu-S-Si,12,213.4681,3.9108,3.008342,258c7234c7fd5d3cdd3217e6616efd9d75ec6a401177061524e0185e73fbc8c1
4322,mb-dielectric-4323,C9 N12,C3N4,C-N,21,196.2278,2.3371,2.23391,d24be4756a0bbee7538d7bc5e77a5cebe5ede9c37139832098251d4031d65a91
4323,mb-dielectric-4324,Mn2 C2 O6,MnCO3,C-Mn-O,10,112.0752,3.4062,1.766549,421eacfdf450a33d9615f146b70e025a7aa0dbabd63b282e18459d29f3c0e47f
4324,mb-dielectric-4325,Li7 V1 O4 F2,Li7V(O2F)2,F-Li-O-V,14,134.6165,2.4859,1.729005,5e17f660bba31bece1a73aa724304283aa2554f090da8ce54794cb206c225a66
4325,mb-dielectric-4326,Li1 Sn2 P4 H3 O16,LiSn2P4H3O16,H-Li-O-P-Sn,26,298.2321,3.4926,1.701143,aa533e4f33f307a1f2424094f251a2b852379b84d881596f8c2be523b427f820
4326,mb-dielectric-4327,Sr4 Si10 N16,Sr2Si5N8,N-Si-Sr,30,372.0412,3.8181,2.139909,3496d85c13a0be718c28d0cfab9b04ee22c2b76e822452e7e65db9e2b755f901
4328,mb-dielectric-4329,H24 C4 N12 Cl4 O4,H6CN3ClO,C-Cl-H-N-O,48,491.2965,1.5079,1.606364,40fa3af6f49b389d35f3ea834731b223c44f72f27b52ce02b69f6c5417716060
4329,mb-dielectric-4330,K4 Cu4 O4,KCuO,Cu-K-O,12,243.4547,3.2369,1.944368,93b4b1e0044676b2b6ac291d666d4d479ba054a4b8cf347ec72307479faef1a7
4331,mb-dielectric-4332,Ca2 Sn4 O8,Ca(SnO2)2,Ca-O-Sn,14,223.135,5.0827,2.296763,a8795df610d6545a3135d7c1589dae7477453ef33efb54796562f1066a796964
4332,mb-dielectric-4333,Sr16 Ge8 N16,Sr2GeN2,Ge-N-Sr,40,763.2855,4.8017,5.898406,837d31f9254f83d518065a43b3f6bd6e4b5d2539cd5b46dbf1b7aa0c8c548eec
4333,mb-dielectric-4334,Nb2 O4 F2,NbO2F,F-Nb-O,8,119.9175,3.9854,2.31846,1b936369306d336f7f8526b08c04c4adc4aab4b1ac3282ab7d2aeb811da478a3
4334,mb-dielectric-4335,Cs2 Ni2 Cl6,CsNiCl3,Cl-Cs-Ni,10,276.4277,3.5797,1.865402,d85167ed2855e33cda925aeed326fca9196fca144c3c22754b83b330f639f989
4335,mb-dielectric-4336,Rb4 Pb2 O6,Rb2PbO3,O-Pb-Rb,12,257.0515,5.5056,2.070851,c64b3353e1712cd53f2c399c1369cffbf27637ebf47d708d71d7cdddc21e7186
4336,mb-dielectric-4337,Te4 S2 O14,Te2SO7,O-S-Te,20,305.4842,4.3406,2.051903,f30012eac3095b7b0b605e25ba9242847aeeb0339a954c2fac5e75de1aa9f738
4337,mb-dielectric-4338,Na2 Cd1 Sn1 S4,Na2CdSnS4,Cd-Na-S-Sn,8,220.6034,3.0513,2.113555,1f5e213ee3b9040aed568d90c5f9ca68b1d9e6830be1ec5c5c80f63c204a26d7
4338,mb-dielectric-4339,Li1 Al1 As2 O7,LiAlAs2O7,Al-As-Li-O,11,124.2567,3.9525,1.829526,2c91175358ac93e2acc25b1acd2f8011fa65a7e2eb47d0e6a077d97ec1990f5d
4339,mb-dielectric-4340,Rb5 Te3 H4 N1 Cl18,Rb5Te3H4NCl18,Cl-H-N-Rb-Te,31,865.1686,2.8144,1.778246,91d0144d09cc9fa56667cff3aa499fc181ae9584c41e24eaa03887772ef5fda7
4340,mb-dielectric-4341,K4 Na2 As2,K2NaAs,As-K-Na,8,267.0561,2.1901,3.152219,1b7b85333e80b42372bc4f6aef7d88f819a0c683b4b7f443f0e1f6b64d89668f
4341,mb-dielectric-4342,Cs3 N3 O6,CsNO2,Cs-N-O,12,258.8809,3.4428,1.55374,31bf5bdc870e208567a7fc037db6c61ee562b37cc0b5b645657a817fbca9e6ec
4342,mb-dielectric-4343,Mg4 N2 F2,Mg2NF,F-Mg-N,8,90.6557,2.9899,1.946547,ad1538451ed32b0aea0bfd22e9fcc038472c6711b814866ba8ad2185abd6ee32
4343,mb-dielectric-4344,Ba1 La1 Mg1 Ta1 O6,BaLaMgTaO6,Ba-La-Mg-O-Ta,10,134.1144,7.1501,2.215553,81baeffbac20e400bdd2d5a8d3816b59e90134058272e434757827c5c86f6201
4344,mb-dielectric-4345,Ca1 Cr1 F6,CaCrF6,Ca-Cr-F,8,127.6163,2.6813,1.53746,d84eaa6a4f91c79ba494f68a2bdb71d7bd2c2a9834ddfbf452e8dd3f699d4e3d
4346,mb-dielectric-4347,Si12 Os8,Si3Os2,Os-Si,20,285.6083,10.8075,4.432316,47f0f753d972fbf4ca0428bef8756ed79202fe312c88d7b683caaf222e8a75d7
4347,mb-dielectric-4348,Co1 Pt3 O6,Co(PtO2)3,Co-O-Pt,10,115.9403,10.6011,3.982173,098e84ba15d013ff3db59013fd9f616dc0c224f7f9a45d67eb7892853fb12c91
4348,mb-dielectric-4349,Cs2 H2 O2,CsHO,Cs-H-O,6,123.3208,4.0372,1.676219,d3396703d63716d9892b31a6b7a6348d72f9c2dd566254070f2ccea47b05bd4b
4351,mb-dielectric-4352,Mg4 H8,MgH2,H-Mg,12,108.5204,1.611,2.171032,ed2806487cc97d171c88853a5d40b7cd1fb8d9adc87e39af0da9478e06ecd648
4352,mb-dielectric-4353,Mg1 Pt3 O6,Mg(PtO2)3,Mg-O-Pt,10,116.4406,10.0618,3.874929,772c197386e2b42747d84fef43059999503280c7560fa4bcac2709e4f0fbf9bb
4354,mb-dielectric-4355,Li4 Ga4 O8,LiGaO2,Ga-Li-O,16,179.8092,4.014,1.82355,bff26df963d52c8ff102fcafa68590e3a0469f43c0d65a8216ab0343bf28feaa
4355,mb-dielectric-4356,Hg12 Cl16 O4,Hg3Cl4O,Cl-Hg-O,32,867.5015,5.8158,2.035566,bab482d0046db543ae709e0a7d60cabc9534644a36167e082ba54a3eb7fd7638
4356,mb-dielectric-4357,Zr1 V1 F6,ZrVF6,F-V-Zr,8,142.9269,2.976,1.547579,2cf8cab062151fccd0163cf46500f380feec71ef7c7186f3f3b174a5ad06a813
4357,mb-dielectric-4358,Ba4 Ge8 As8,Ba(GeAs)2,As-Ba-Ge,20,555.0152,5.1754,3.829528,a425d718f7f9f5d995cfd3f9cad6ad2f192e72c776edd8d3d8403552506752ec
4358,mb-dielectric-4359,Tl1 Br1 O3,TlBrO3,Br-O-Tl,5,98.0192,5.6292,1.887109,4e85bb445c0ee51fbafc28a8de2f4f1b47164dfc5ae4f15800d370bfde3a1e85
4359,mb-dielectric-4360,Cd2 H4 O4,Cd(HO)2,Cd-H-O,10,106.0476,4.5856,1.969639,3fbbca9268348a2c698316640a5e7f9de3b2df5b2b6b590dd215bbfaf7f06188
4360,mb-dielectric-4361,Rb2 Pd1 F6,Rb2PdF6,F-Pd-Rb,9,169.399,3.8362,1.501495,39022b31ef0ddefd5bd8b316bdbe301543a68d1b5b6ddc1a419d6c7fc9411f80
4361,mb-dielectric-4362,Sc1 Sn1 Au1,ScSnAu,Au-Sc-Sn,3,69.3493,8.6352,4.59205,084fe096fddcf2148de36a5f2d3c9c18a14349bea1cc3da31bb78da448087ba5
4363,mb-dielectric-4364,Li6 P1 S5 I1,Li6PS5I,I-Li-P-S,13,277.4246,2.1539,1.98179,99530be5b8352c34e530e591308be6d7968d0fb7f8a5229d1dfced9fc6356d88
4364,mb-dielectric-4365,Al14 Te20,Al7Te10,Al-Te,34,1154.4634,4.214,2.73236,3454f1f307949ab2ab24cc067f002ffb2a0967a58eb7489f317c558bc1599496
4365,mb-dielectric-4366,K8 H8 C8 N16,KHCN2,C-H-K-N,40,602.8974,1.7656,1.581986,1805697e69eacf6aa47968c7d9dcdc7e9433acda724da78072e245fb262db9d0
4366,mb-dielectric-4367,Mn6 P24,MnP4,Mn-P,30,439.2011,4.0568,4.435426,a8506755b9ad2376615568771f794349f4e17bd7574140f5a7a0666fb50fc6dc
4367,mb-dielectric-4368,Li2 V2 Si1 Ge1 O10,Li2V2SiGeO10,Ge-Li-O-Si-V,16,191.4766,3.265,2.003201,b5abdb0d0eb7fb88482ec7d3e4dce7a63eebbab1d260fb6d4cac0b7f2d25f4fe
4369,mb-dielectric-4370,Ba2 Te6,BaTe3,Ba-Te,8,288.7551,5.9822,3.72544,9d5b88829870ca88c76f4eab26440c73ad81a0dd24e99263f505e505e686ab28
4370,mb-dielectric-4371,Ca10 Sn4 As12,Ca5(SnAs3)2,As-Ca-Sn,26,684.9668,4.3023,3.939162,314d2947d32bef0b971d41180cc445dd4417f9563097497137a075a34d885895
4371,mb-dielectric-4372,Na16 P8 O28,Na4P2O7,Na-O-P,52,704.6458,2.5065,1.513752,3f1345b5cbaba80ee4c679e43a497d372ef4ae96e20b7537734e657d0f962cdc
4373,mb-dielectric-4374,Si8 O16,SiO2,O-Si,24,334.1117,2.389,1.537097,1c1158f462be3f4883d12758ac0312fbb2a33d90a1c17b300ee1d1e4d9d73630
4374,mb-dielectric-4375,Sr1 Nb6 O16,SrNb6O16,Nb-O-Sr,23,310.3209,4.8215,2.578656,538c8506807f395227526568f8496ea6f98cc86ab52cb650794e54ece64a02eb
4375,mb-dielectric-4376,Te1 H6 O6,Te(HO)6,H-O-Te,13,133.7167,2.8518,1.614019,e0a61cb1af4ce6a55798c9a0bac925ab59d1ff4f609c3e88ef4aed11ac6db75e
4376,mb-dielectric-4377,Ca8 Ge4,Ca2Ge,Ca-Ge,12,339.2791,2.9913,4.06907,88f1c94947922ffee422d3bb7413e73d263fbac7871db95bafde3d2c83270838
4377,mb-dielectric-4378,Fe2 Se2 Br14,FeSeBr7,Br-Fe-Se,18,668.865,3.4465,2.180964,fe85aa1134065658ebda58ea85692bde10dd8fa0687e1fc17244d0272807ed8e
4378,mb-dielectric-4379,Ti6 H4 O14,Ti3H2O7,H-O-Ti,24,288.3952,2.9666,2.143172,1ffa9f10794e7f2b027882cb47d72a5255296f6161a2656a6bcebcd30c7c58a7
4379,mb-dielectric-4380,Na12 W4 N12,Na3WN3,N-Na-W,28,441.3066,4.4375,2.135908,9b7050bf857039099450e13db4827eae007d0c2ca8ef77942a48a8b7903f2e4e
4381,mb-dielectric-4382,Ca12 Ga4 As12,Ca3GaAs3,As-Ca-Ga,28,701.8953,3.9246,3.448526,a8598b9f52d98c23dd719a7a3c73d3f6c7662431cf7f5985b8c3a6dcc2be869e
4382,mb-dielectric-4383,Mg10 Fe1 O11,Mg10FeO11,Fe-Mg-O,22,214.3093,3.6796,1.838095,22301103aea0cd1b3362edb129a80d4b506302d4ca26da69995d0b34f834ccdf
4383,mb-dielectric-4384,Ca3 C3 O9,CaCO3,C-Ca-O,15,191.6279,2.6019,1.646595,4c4d6c83d37d544775b79bc003d5884c4237d7fae434006bff1d058dac09d3da
4384,mb-dielectric-4385,Cu4 P8,CuP2,Cu-P,12,194.5002,4.2856,4.036087,01145636993087edbe89fd2ec05169efeec8e60131548382995bd06416142668
4386,mb-dielectric-4387,Ba2 Na8 O6,BaNa4O3,Ba-Na-O,16,310.427,2.9665,1.885424,4cb24525e07dd3308d73864031cee96754ff745e49970b5a7ce47eba519e67ff
4387,mb-dielectric-4388,Li8 Mn3 Cr1 O12,Li8Mn3CrO12,Cr-Li-Mn-O,24,206.1847,3.7396,2.618664,75d256581afc8b772c87a310f7f3e81a79f214128058d638b33a2e72ddb425c8
4388,mb-dielectric-4389,Mg4 V2 N6,Mg2VN3,Mg-N-V,12,147.8655,3.1797,2.498795,494c1458e67e14409c6371599c9e0489c6318007968f6eaec3e6627af1204989
4389,mb-dielectric-4390,H28 N4 O24,H7NO6,H-N-O,56,531.0761,1.4641,1.454602,c52b262f638411880d8144f2467f5059c121d19f84b239362dc2c3aec098df43
4390,mb-dielectric-4391,Sn16 O4 F24,Sn4OF6,F-O-Sn,44,929.748,4.3209,1.845171,8223c5246683cd1f60b731ec6869ed1faa82a5eb71f74971c5dd0a82207a9786
4391,mb-dielectric-4392,Na4 Zr8 S4 N8 Cl4,NaZr2SN2Cl,Cl-N-Na-S-Zr,28,472.6419,4.2296,2.494501,d86fed0b227f08ebb41580796af6e43383e3cdac6ff3970ea84aa4998e595db2
4392,mb-dielectric-4393,Al4 In4 Cl16,AlInCl4,Al-Cl-In,24,743.4874,2.5337,1.736088,9a24abb0099b26eb7a9c238285f039a0636625c498b1ac49d5896c5aaee41919
4393,mb-dielectric-4394,Zn4 Ge4 N8,ZnGeN2,Ge-N-Zn,16,197.6683,5.5801,2.432543,6b176974aeb1705cb15d0a110168fcc63eb923dacdbe6da5aa9f4582bba2cc1f
4394,mb-dielectric-4395,Ba20 Co20 N20,BaCoN,Ba-Co-N,60,1255.4459,5.5623,9.523673,10a03008e2df6c33eb723a616c005351d5b6779d82589b68dfda0c67fcaf3087
4396,mb-dielectric-4397,K4 H2 S4 N2 O12,K2HS2NO6,H-K-N-O-S,24,424.9312,1.98,1.435652,7f0b08bed5343afa5aa47c972fc2d3db456dd32708885ad803ff7cabe122af9d
4397,mb-dielectric-4398,B4 H16 O8 F12,BH4O2F3,B-F-H-O,40,368.0559,1.8739,1.393557,3c44b736718b339fb61b8e0c9ca77dfee27b2528f516a6faf15832b9d0e4f395
4398,mb-dielectric-4399,Ca16 Si4 N16,Ca4SiN4,Ca-N-Si,36,545.0651,2.9786,2.409066,8e4f35c5f88e4b990834d7b543b39772675ce4117013e46d34f2297996a3ad23
4401,mb-dielectric-4402,Li4 Mn1 V2 W1 O12,Li4MnV2WO12,Li-Mn-O-V-W,20,198.3022,4.6928,2.800015,cd9a77989d60efb123259edfe9af23a634e67097407cbd04d509fc688558a0b9
4402,mb-dielectric-4403,Al4 H12 O12,Al(HO)3,Al-H-O,28,216.4379,2.3938,1.61995,c747432d60d83105a11d7e47068785ff09bfb63c27b4f9d391e3f4ad75e0f8fb
4404,mb-dielectric-4405,Li3 Mn4 B4 O12,Li3Mn4(BO3)4,B-Li-Mn-O,23,252.5859,3.1281,1.96461,06bc4e0f992ae39a0084a33714017eca531f6bbbf926bb7657c376d945a5fd70
4405,mb-dielectric-4406,Li2 Cr2 P4 O14,LiCrP2O7,Cr-Li-O-P,22,264.6384,2.9225,1.750828,0a6aac96003b4466868380195867749aba9f07ab5584571496465b2383f4e7b8
4406,mb-dielectric-4407,Ba8 Si16,BaSi2,Ba-Si,24,708.4828,3.6282,3.513261,b79f4863e250592e7ee8c94ff1bd17cda37ed70423bc57a9484f033a78c92d06
4408,mb-dielectric-4409,Li2 Mn2 P8 O24,LiMn(PO3)4,Li-Mn-O-P,36,521.4271,2.4061,1.628738,5b3620fcba654996cee3afef2716f2e8b1b44e37e0d66649c51a7c94e99c6840
4409,mb-dielectric-4410,Mn8 O2 F16,Mn4OF8,F-Mn-O,26,387.5132,3.323,1.950583,e56e11a33e96d08bf06c870405e719efe4d55f736d70dbb6c979a2e748e371b9
4410,mb-dielectric-4411,Cr2 P4 O14,CrP2O7,Cr-O-P,20,258.6619,2.9009,2.33151,3e4807cb5d31961a2b8bd0d36be5ed0c7370b46144607670e4554bc1879c810c
4411,mb-dielectric-4412,Ba4 H8 S8 O32,BaH2(SO4)2,Ba-H-O-S,52,691.3711,3.1845,1.58264,808ec05a09cf9c16afbba8082a7b702c10d76790befaccb4dd3cf0911a5a3a48
4414,mb-dielectric-4415,V8 O20,V2O5,O-V,28,417.9077,2.8908,2.12695,0840a05c744d1b66c723b3f944afcce3f99a993629a70d1bc70ba8b152a4a73c
4415,mb-dielectric-4416,Li3 Mn1 V1 P4 O14,Li3MnV(P2O7)2,Li-Mn-O-P-V,23,283.1772,2.783,1.683075,5d7e6944f0c9a04e483b27b1fe11118f60deb339e79838716a1269e2b80f1963
4416,mb-dielectric-4417,As8 Pb8 Cl8 O16,AsPbClO2,As-Cl-O-Pb,40,842.1052,5.5146,2.11082,4e9ee08497993df79f99da8d36df35f36c514f1eadebbd51713d897ea144e113
4417,mb-dielectric-4418,Sr4 Al4 H20,SrAlH5,Al-H-Sr,28,297.216,2.6737,2.128335,4dd68bdc1951e99cd471ba8a6211af16ef6d628c1f99301b34ccc3591e5eb544
4418,mb-dielectric-4419,Nd3 Al3 Si3 N2 O12,Nd3Al3Si3(NO6)2,Al-N-Nd-O-Si,23,276.3364,4.9151,1.942215,628460ea66a4c2f84f895e498f65e6fdd1dc491fba25da0934b441c4c663ccee
4419,mb-dielectric-4420,Sb8 O12,Sb2O3,O-Sb,20,361.5317,5.3559,2.237558,0760f4a3be91d9ed755b8aabf37f8df7b7d98bbef9e277162e71057d6788f0f4
4420,mb-dielectric-4421,K12 Co2 Se8,K6CoSe4,Co-K-Se,22,724.6774,2.7926,2.099128,7d3eb0772444c3407fe88959ffecb713c5019950564049e45f73a2d18d6dfc1a
4421,mb-dielectric-4422,P8 W2 O24,P4WO12,O-P-W,34,534.3023,3.1062,1.589441,60287f59aaa7ca2c74845176407cbd991b931331df46f12e7943172de022f203
4422,mb-dielectric-4423,B4 N4 O8 F16,BN(OF2)2,B-F-N-O,32,421.15,2.0946,1.395708,ea1ce73e4539023fa492dfc585bc16a716ce55946d37c798cadb1476fdb236d7
4423,mb-dielectric-4424,Cr1 Te1 W2 O12,CrTe(WO6)2,Cr-O-Te-W,16,202.7158,6.0557,2.448521,55c10c0f942a28c883a1f9f3991f22c6faeb969fb55f5b1229c167dcc16b218b
4424,mb-dielectric-4425,Te3,Te,Te,3,105.0944,6.0484,10.88182,771c20671f48eb74f1b90b344aed7f8b701a47848ebc437d6661c08f3694e471
4426,mb-dielectric-4427,Li1 Nb1 Te2 W1 O12,LiNbTe2WO12,Li-Nb-O-Te-W,17,209.397,5.796,2.372368,af075cd6c89dc311277b96e3b7d131f81ed970dcbebf7ef73099b0eb7e9f1e8e
4427,mb-dielectric-4428,Ca4 Zn4 As4 H4 O20,CaZnAsHO5,As-Ca-H-O-Zn,36,419.8664,4.1355,1.866931,a67467e8766ea7de48dcb7663867d6e67156ad047ad1e2e5f07189dec130bd46
4428,mb-dielectric-4429,Rb2 P2 S6,RbPS3,P-Rb-S,10,308.2249,2.2911,1.871219,5ff8bf3568481b57bbd468607fd87ea2a295f783d6c020ff48679425ff8a43f5
4429,mb-dielectric-4430,Na8 Al6 Ge6 B2 H8 O24,Na4Al3Ge3B(HO3)4,Al-B-Ge-H-Na-O,54,763.5011,2.5997,1.57036,398808ac922f6876361002d02ca3160f89d5aaf94d29d03e0d401f35900abea5
4430,mb-dielectric-4431,Ag4 Ge2 Pb2 S8,Ag2GePbS4,Ag-Ge-Pb-S,16,374.2559,5.5358,2.92799,f662cabf7e1c22405b6ad1852aaf0f342b090f3fd43faad8c56ad3ef14b192d2
4432,mb-dielectric-4433,Li8 B16 O28,Li2B4O7,B-Li-O,52,496.4252,2.2628,1.594051,25b3202f2e02cf76598065db87c67c2315df273c3dfc4bd6cb5d022ad6e07dff
4433,mb-dielectric-4434,Ca8 Zr2 N8,Ca4ZrN4,Ca-N-Zr,18,311.1283,3.283,2.472639,314f434b456671f6a23c1fe9939c40874432a489fe004730cb5ced6f6a114137
4435,mb-dielectric-4436,Cu3 Te1 S3 Cl1,Cu3TeS3Cl,Cl-Cu-S-Te,8,162.9837,4.5836,3.183453,5be92ad0727766c32b1c4dcd25d6cf0008251689aa618ee4a9aadf390bc67e95
4436,mb-dielectric-4437,K1 Na1 B2 H8,KNa(BH4)2,B-H-K-Na,12,128.0156,1.1904,1.556171,784e13980c75fbc58e5b69f848b786b82eeacb0debe2ffe21fc293e600885564
4437,mb-dielectric-4438,V2 Br2 O2,VBrO,Br-O-V,6,121.1248,4.0263,2.098172,9b013637686e7928e6e53c3b6a9a548757f7d99a9f36c18da43af85d8c1f3eba
4438,mb-dielectric-4439,P8 H24 O24,P(HO)3,H-O-P,56,639.3323,1.7037,1.569294,26ebef6b5fd087973289e7f87ece1c066d819f8f7dbd5d41a3e89716886ec144
4440,mb-dielectric-4441,Li1 Sc1 As2 O7,LiScAs2O7,As-Li-O-Sc,11,143.0245,3.6425,1.866864,c4c0d5faf2a61a57772833c510334b753fe2af3de49423621a062b4d4ab59e4c
4441,mb-dielectric-4442,Pr2 P6 O18,Pr(PO3)3,O-P-Pr,26,366.2422,3.4261,1.66285,864fb520547ae4d93bd6e4d4b5b18cc8827e53707a2190a5e063ea071ea8b0fb
4442,mb-dielectric-4443,Mg4 P2 N6,Mg2PN3,Mg-N-P,12,132.6085,3.0455,2.101834,0a15a8ba9202c975ee0f4ec2eb9141d21bd35fe78ab791219c2a0f22118bbfe3
4443,mb-dielectric-4444,Li1 V1 Te3 O12,LiV(TeO4)3,Li-O-Te-V,17,214.6007,4.8955,2.240319,d7790fc2854485ea86032f2d7e194fdd4e3118fb2e2cc2d5f4d14199b05dbf2a
4445,mb-dielectric-4446,Li1 Bi3 P2 O10,LiBi3(PO5)2,Bi-Li-O-P,16,227.1488,6.2564,2.042841,c014b79737db485220cfb433b2bf9c6060ab3147da9dcf4e9445998ee37a3081
4446,mb-dielectric-4447,Rb4 As4 Pt2,Rb2As2Pt,As-Pt-Rb,10,322.0134,5.3203,2.892892,d3f2519f943d2408c7085821f32c2093e8df73a4254ba09785d4c81fd0eb424f
4447,mb-dielectric-4448,Li4 Cu4 S4,LiCuS,Cu-Li-S,12,246.2435,2.7662,2.149683,8b13b3a79f5aa78dd57fd7c3ccdc6a073684539bae13b6046d61c4fd1b36069d
4448,mb-dielectric-4449,K2 Ta2 Cu4 Se8,KTa(CuSe2)2,Cu-K-Se-Ta,16,431.1121,5.1073,2.375674,3a7665d90f517f01ee65c9fd0681d9cd482dbf20e388be00055e38fa67d9a520
4449,mb-dielectric-4450,Na4 Cl4 O12,NaClO3,Cl-Na-O,20,299.3654,2.3617,1.530455,a389f70885633fbaaa6812a3a91fa9e731e8afb452f81c58ce3942bc95dfb882
4450,mb-dielectric-4451,Ga2 Te5,Ga2Te5,Ga-Te,7,234.6841,5.5009,3.72232,30cecaf0e31a2135aeef1ba599e7850301a6aeaa25ec2b923595553685ce640b
4451,mb-dielectric-4452,Li4 V2 Cr6 O16,Li2VCr3O8,Cr-Li-O-V,28,283.8683,4.0808,2.576927,084844fd9a36692f89f6f9d2f92899f22e506a4dde28b653952761fdc163828e
4452,mb-dielectric-4453,Nd2 H2 O4,NdHO2,H-Nd-O,8,101.3039,5.8108,1.960539,c14bb8520afff7e711c5be0e03d10296ee7a309b4df08302c9da4bb02d04f2b0
4454,mb-dielectric-4455,Cr2 O6,CrO3,Cr-O,8,140.34,2.3663,2.094954,c73b245b5cdbbcb5e2d0cb48688882e22a46bc0e72942a68bccb64bf42d26f1f
4455,mb-dielectric-4456,K2 Mn1 H4 Cl4 O2,K2MnH4(Cl2O)2,Cl-H-K-Mn-O,13,229.8543,2.2466,1.641002,bf9840b2aad9034634903a812c1ae946aa26a0d54d26338aa6d45d34fc42265a
4456,mb-dielectric-4457,In2 Si2 Te6,InSiTe3,In-Si-Te,10,334.0393,5.2266,3.54222,30d9b016252ffac10f2246b57c80ac0f384be19b28bc64dbb3621d058fb2c36f
4457,mb-dielectric-4458,Ti2 Br2 N2,TiBrN,Br-N-Ti,6,119.5188,3.9396,3.030499,1697510be49025db62a98ba7993d70770fa43e0279badc8d761299b8fa9c6813
4460,mb-dielectric-4461,H8 C2 S2 N4,H4CSN2,C-H-N-S,16,351.8812,0.7184,1.369472,7ed9ce1e82613b2acaa2054d151dc939420ed2ca41e60a1eb2e9dd5782153212
4461,mb-dielectric-4462,Bi2 O3,Bi2O3,Bi-O,5,91.9438,8.4154,2.495166,aff1202406125d3f4d38d8471b781ce9be61dee3609603b5588f0821955c2cc0
4462,mb-dielectric-4463,Na12 As4 Se12,Na3AsSe3,As-Na-Se,28,730.768,3.4609,2.314665,e15b80692081db2663eec49acdde7ff825af5da40589005215df87ac7e06e097
4463,mb-dielectric-4464,Ca10 Ga4 As12,Ca5(GaAs3)2,As-Ca-Ga,26,634.7523,4.13,3.73992,71c783f48a1fc7b46f8a2a44089cd066f566d8f34e128db42356c829f424a6ec
4464,mb-dielectric-4465,Li2 Mn1 Br4,Li2MnBr4,Br-Li-Mn,7,171.1271,3.7692,1.912154,31bdd17e6e6c4088c8a01059b0430fbccc7424cdfb7fff4fde8b4d093716ad57
4465,mb-dielectric-4466,Na8 Al6 Si6 C1 O27,Na8Al6Si6CO27,Al-C-Na-O-Si,48,754.918,2.1079,1.468821,728c0d2d51dd9cee9035fb36fe4cbf0e608d202e143ac0e98587f21874024992
4466,mb-dielectric-4467,Ca8 Sb4 S2,Ca4Sb2S,Ca-S-Sb,14,401.3634,3.6068,3.061108,401ed6e1217a6cd4d0cbb87ec8da2a38a4f2654732ed9e286691caae71a22cbc
4467,mb-dielectric-4468,Ba1 Li1 As1,BaLiAs,As-Ba-Li,3,83.0266,4.3838,3.233096,24771c9354a147f1f2b05f1a5f66ff2fc0d39f377be53f883a72c6cb55136974
4468,mb-dielectric-4469,Fe1 Cl2,FeCl2,Cl-Fe,3,66.106,3.1839,55.885979,f6dd61651331f35982a12cde88dab6307d38fd23281037b39965d8a767714772
4471,mb-dielectric-4472,K16 V16 N32,KVN2,K-N-V,64,1052.2594,2.9807,3.587749,4db9d7812c218bf6f169f9d1d72c2ba631ab611167d3d972896c055e38f1e5fd
4472,mb-dielectric-4473,La6 Cu2 Sn2 S14,La3CuSnS7,Cu-La-S-Sn,24,566.9715,4.8233,2.746308,29a09f32bb8e2f16a17ff0dc9c0ccdb821ea2dbeeda4e99cdc7e66f7f1af5634
4473,mb-dielectric-4474,Li1 Mn5 O3 F5,LiMn5O3F5,F-Li-Mn-O,14,188.9205,3.7323,1.777526,f13850708ce38d737b3aba31483bbe47661a5d50d6c0a9895e27aedd93ca1ad5
4474,mb-dielectric-4475,Rb2 Pd3 S4,Rb2Pd3S4,Pd-Rb-S,9,229.8063,4.4688,2.689557,75991bd552e760f8cca5d6687f557a210c7f6be2a2fecb49c1fb0b8ca121cf75
4475,mb-dielectric-4476,Si4 Cl8,SiCl2,Cl-Si,12,399.4332,1.6461,1.704967,99936e9c6224bb5ae07228a1468dd222d85eefdf5a0e0a2c38aff0fea0fa18c9
4477,mb-dielectric-4478,Sr16 Ge16 N32,SrGeN2,Ge-N-Sr,64,954.5482,5.2403,2.39204,0c6f2d37359b9f9f709529a92b58a27ea988c6360d690d0829e6af174c2af5a8
4478,mb-dielectric-4479,Zn2 Mo4 O14,ZnMo2O7,Mo-O-Zn,20,386.8346,3.1704,1.823023,270e79a093353e73cbd2511b9da8f19b50a5b81e38d8ec5d8343eda8c09cdcf8
4479,mb-dielectric-4480,Li2 Si4 Ni2 O12,LiSi2NiO6,Li-Ni-O-Si,20,275.7975,2.6227,1.836025,84e7e56b584a00b3c2540e4b872d91eef7fbab3de6abbe4cca13a89ff4256d38
4480,mb-dielectric-4481,K2 B12 H12,K(BH)6,B-H-K,26,313.3802,1.1659,1.582403,115fc12cd47dfb35a020165b7dc288ded4b7b0f5ed79a47f131570311b82d10c
4481,mb-dielectric-4482,Li1 Fe3 O2 F6,LiFe3(OF3)2,F-Fe-Li-O,12,158.229,3.3631,1.699392,e374fa1d33a1d64cb991fc47a86cdb25b4a26676652d5066f25266cd0074024c
4482,mb-dielectric-4483,Li4 Cl4 O16,LiClO4,Cl-Li-O,24,302.2787,2.3378,1.523811,d676354124f0df326dead4e910fa8f81a0ed943e92eb6cb9b32b4b2a724bc637
4484,mb-dielectric-4485,Ca4 Be2 Si4 O14,Ca2BeSi2O7,Be-Ca-O-Si,24,282.5907,3.0243,1.729871,ab8b92e48e45089c0cd347bfbbbadf63d3445d645fd4e33c1e62266067de7a40
4485,mb-dielectric-4486,Ca1 Cd3 O4,CaCd3O4,Ca-Cd-O,8,110.263,6.646,2.46331,c1bc40c2417ffddc880a3692a201b61f9b7754cfb3106d400c42bfa73dd231f1
4486,mb-dielectric-4487,Fe2 Te2 Cl14,FeTeCl7,Cl-Fe-Te,18,587.2987,2.4407,1.836842,20ecd3bab0fd21a18387dfa338011816f1bdd315ba3393916674298a2f0d7362
4487,mb-dielectric-4488,Dy6 Cu2 Ge2 Se14,Dy3CuGeSe7,Cu-Dy-Ge-Se,24,564.7481,6.918,3.136552,a3bd84abe33e8f92d16c9986bb0237b4dd7003906ece74a33531d8ca0057874a
4488,mb-dielectric-4489,In2 Br2,InBr,Br-In,4,136.513,4.7372,2.615849,fe9ef07a4ab01968f3ec1884e04905b8ef71b5b44b019215be4a17ceceba1025
4489,mb-dielectric-4490,Sr5 Au2 O8,Sr5(AuO4)2,Au-O-Sr,15,234.3661,6.802,2.143819,a48cccb1b10e707c53d50f56f9e2d1869544c62526797d553e9481c88220981f
4490,mb-dielectric-4491,Si2,Si,Si,2,40.8883,2.2812,3.60602,896da8087a098bbf9f760b9cfc202cc156b545352b44d30445191ae7b198ebec
4492,mb-dielectric-4493,Ti2 O4,TiO2,O-Ti,6,64.292,4.1256,2.845874,1588e65f4b5272012b4d1c3161a67f6eda9f7c6e23ab4024b59357e9f8be189a
4493,mb-dielectric-4494,Rb4 Si2 As4,Rb2SiAs2,As-Rb-Si,10,336.1616,3.4466,2.486337,29281798be3d0921e41b28aa4c708e1e4b82f6c4f96659f3c0e10d4c59d60e7d
4495,mb-dielectric-4496,K6 As2,K3As,As-K,8,309.0687,2.0654,3.714342,9fc3e894bf886dac3bf2af122b0989847d3d8d56d03341c9fec0628ee7ff06ef
4496,mb-dielectric-4497,Cd1 Hg1 O2,CdHgO2,Cd-Hg-O,4,69.3291,8.2633,2.409847,8249d58f00aa1edcd0ffdbdcec2d28f4890b9c5521406fe984f0bacf2374c9f0
4497,mb-dielectric-4498,Na6 Li6 S6 O24,NaLiSO4,Li-Na-O-S,42,520.3802,2.4123,1.510031,a4e06febd0d3fd4330f882afb9ea8ac54dc3117937cd4162000e87e9eafdc95e
4498,mb-dielectric-4499,Ca2 Tb4 S8,Ca(TbS2)2,Ca-S-Tb,14,296.505,5.4457,2.768536,8bfeb7daad0fe1b3792b1b47f9a4c828f1a940820ca7a659e52129a01a55dc15
4499,mb-dielectric-4500,H16 C4 S4 N8,H4CSN2,C-H-N-S,32,354.5196,1.4262,1.742865,0fc4496e24da562c62794526183b409e4b4b8de223b5e21c5abc6a3a1ed34aff
4501,mb-dielectric-4502,Cs4 Cu4 Se16,CsCuSe4,Cs-Cu-Se,24,750.343,4.5349,2.807887,bcc35a491ee33691beee4d2545f8e14c65844f68b054f6a4c976cc061bcb5211
4502,mb-dielectric-4503,K1 F1,KF,F-K,2,39.8929,2.4183,1.447066,46ec8bd812eb5afe5c57363d528b8095d8155606bba291fc8b24aa014bd05546
4503,mb-dielectric-4504,Ag1 Br1,AgBr,Ag-Br,2,50.0922,6.2246,2.613044,61fd02134953c90c7f32b9043af81cfbc67878c42819f6ae99442caf8125da55
4504,mb-dielectric-4505,Li2 Te1,Li2Te,Li-Te,3,69.1165,3.3991,2.228752,18259161581ba69ad9f14bdb68123f067aa64966d976caa1e439b741c95bb53d
4505,mb-dielectric-4506,Sr2 Bi1 Au1,Sr2BiAu,Au-Bi-Sr,4,129.0429,7.4788,5.218649,d911aecb380b55af80c647299a8ffda15a954ac29587e1f208d36535cb574c6e
4506,mb-dielectric-4507,Sc8 C6,Sc4C3,C-Sc,14,188.6828,3.7994,4.09516,9392744e81237f9c79293a2e0bb648d01a4e52da2edba3fb08f7d01415e58595
4507,mb-dielectric-4508,V2 Re4 O18,VRe2O9,O-Re-V,24,402.6689,4.6793,1.832302,94573de175e3ae6a9be8a9ebf11336332557f9747941240afa25e52fefe95c6b
4508,mb-dielectric-4509,Rb2 O1,Rb2O,O-Rb,3,81.3155,3.8174,1.8686,59a47ae010606bbcfd998281ef42dc99d6a11057945fed140edf95aec165465e
4509,mb-dielectric-4510,K1 Zn1 F3,KZnF3,F-K-Zn,5,70.5259,3.8026,1.532887,8e8e1a2c473862a297ec9d7a8131be53559adc9b22a83816dd592b0a4c4a16ba
4510,mb-dielectric-4511,La1 N3 O6,La(NO2)3,La-N-O,10,137.4917,3.3445,1.776212,1f758c51178e3f85ff8ceaebe219101111d8543fa0e520482b843406ffb08ed5
4511,mb-dielectric-4512,Na2 Sm2 O4,NaSmO2,Na-O-Sm,8,120.1667,5.6753,1.967952,878c1f764a4b4994ac23c4cd54ad976af919544cc871381911211422fe3d07dc
4512,mb-dielectric-4513,Na1 Br1,NaBr,Br-Na,2,54.7485,3.1208,1.680674,c1bbad8f56dcd2824f057ddb3cc286968512721216adffc2b2203271125b9834
4513,mb-dielectric-4514,V4 O4 F12,VOF3,F-O-V,20,264.6458,3.1106,1.68961,304eb1c250d7cf76ab96deb543df15c30847296423fdc1538142fad2def97bca
4514,mb-dielectric-4515,Ca1 Te1,CaTe,Ca-Te,2,65.4509,4.2541,2.567489,90777df880321975560049377caf7d148383af12afcf51ca41e7082cf5b0c265
4515,mb-dielectric-4516,K3 I1 O1,K3IO,I-K-O,5,155.8209,2.7729,1.804479,8925f3b3d81a886d2ce1dc75913e956f583b124a48aa845048ddc5e3efee03c9
4516,mb-dielectric-4517,Cr3 Si6,CrSi2,Cr-Si,9,107.0701,5.0327,5.530527,d209060c47a6bb8a5ffb64564dfb3555c139ea1bf0940db5d8e8361585f9ee0d
4517,mb-dielectric-4518,Te1 Pb1,TePb,Pb-Te,2,70.7584,7.857,5.120364,40f43fb573f6404e88698c9cc14bd948cb0955ae2107d420d958e58f8acfdad8
4519,mb-dielectric-4520,H32 S16,H2S,H-S,48,798.1845,1.1344,1.612129,fd9487e4235e7897ed979457e4c5feac5c28a2500814874c417437ee4a374659
4520,mb-dielectric-4521,Ga2 Cu2 S4,GaCuS2,Cu-Ga-S,8,153.2743,4.2772,2.962431,694256291fae24997be3131f710ee398b801418f9675e629f3de86621876ca4b
4521,mb-dielectric-4522,Hg1 F2,HgF2,F-Hg,3,45.1578,8.7733,1.959592,2dda969b9e2cdcf196c87627e962ac468497961c2588ed21318becb2e6eb68f5
4522,mb-dielectric-4523,Cd2 As4,CdAs2,As-Cd,6,158.5988,5.4916,3.877668,b8f17d13c35d6bd45ee1dc4b090b86120b2a46ce7fa15ed2fc0e0c8a97cb7916
4523,mb-dielectric-4524,Sr2 Ca2 C4 O12,SrCa(CO3)2,C-Ca-O-Sr,20,255.9465,3.2143,1.66917,5b699f3179c1b4dbeb856c7f2a144f7267c0ad2337d89eeb4692e008139f3cb6
4524,mb-dielectric-4525,Na1 Li2 Sb1,NaLi2Sb,Li-Na-Sb,4,80.2754,3.2814,3.042965,b52eeae865d46da3eee5e7f59248ca5c8acfe582202399f3e2a08db08852342e
4526,mb-dielectric-4527,Pb1 F2,PbF2,F-Pb,3,53.926,7.5503,1.861182,95924416722080623cc7049d9ed6d451fe60ba387cc60a60089d5e1f05ceaae3
4527,mb-dielectric-4528,Li6 Ta6 O9 F18,Li2Ta2(OF2)3,F-Li-O-Ta,39,592.836,4.5189,1.677793,8e47784bc0b89cbb2519f15e7431c3c09895d0978e6552fc63e0616da1934713
4528,mb-dielectric-4529,Li1 Br1,LiBr,Br-Li,2,41.8991,3.4418,1.922758,258f20d1d2ea0edd52200c64de7e90b65f540d0c27227d1a2af2ca752008ee26
4529,mb-dielectric-4530,Sr2 Er4 S8,Sr(ErS2)2,Er-S-Sr,14,305.7742,5.978,2.70384,8dc250ad0b55e7122c0c57fc9e11fe5c3533bd50c0f952b5a50783c8c6914c76
4530,mb-dielectric-4531,Eu2 Y4 S8,Eu(YS2)2,Eu-S-Y,14,301.9549,5.0377,3.353942,c9ca2941b2f4f5623851bee44a1c9690f8e1920e5df443194b22314497eb3c5d
4531,mb-dielectric-4532,Na1 F1,NaF,F-Na,2,25.8936,2.6927,1.38528,2fe1b2f8de8abfd9bd23d28d0615989ce0cf391121aa264e0b20df0f5e44cebb
4534,mb-dielectric-4535,Na16 P8 O24 F8,Na2PO3F,F-Na-O-P,56,743.7165,2.5712,1.485385,8f924c35ee9ba0571d638dd91f1cbcfe86fd78a39ba2a0375aa0c92b69721588
4536,mb-dielectric-4537,H8 O4,H2O,H-O,12,98.1497,1.2192,1.475969,9f174562e1f53485efcf394ea90cbe0fdde177eff105ce7b25ce90872fb1dd6f
4537,mb-dielectric-4538,Cs1 Ca1 Br3,CsCaBr3,Br-Ca-Cs,5,192.3607,3.5626,1.724117,4186a5a68ede6395420c03eba05a5fa1edb3eef3998ea0a9f64bc5d0dcd634c0
4538,mb-dielectric-4539,Ag6 S3,Ag2S,Ag-S,9,194.7575,6.3384,3.292483,faf68935cdd07c0841bb6d216d6ebcc380ac4af2c4149615bf651962e474676d
4539,mb-dielectric-4540,Si3 O6,SiO2,O-Si,9,146.6164,2.0415,1.455791,0aa3702367f420a4aa5fbe9385af3374c8156641448f9d7e191d385994c746de
4540,mb-dielectric-4541,K2 O1,K2O,K-O,3,68.2689,2.2912,1.783816,bf9feafb4129a5adbdf5afc1242739f38974f3b0ace2e73bd80a0a7439f9895d
4541,mb-dielectric-4542,K2 Te1,K2Te,K-Te,3,139.4678,2.4503,1.864135,b7fbfbed020456168c73884e30f4344ccba0763be9e2f0d8a46e129eea122aa4
4543,mb-dielectric-4544,Si4 O8,SiO2,O-Si,12,183.2446,2.1779,1.49206,ce78fa94e850afdfb0b9cfa86d8ac746e2485a7015666e1fd0c42dbcecadf29b
4544,mb-dielectric-4545,Tl1 Br1,TlBr,Br-Tl,2,77.954,6.0558,2.148763,a7bb75206800a8aa4afaa4cf2bca0c54158b78eb571a62e56e308b0dec2ccee3
4547,mb-dielectric-4548,In2 Ge2 Cl6,InGeCl3,Cl-Ge-In,10,343.065,2.8443,1.887343,e0503a420bd716b52ec776f966c86d82b4cde1292bb156714dce9afd041484b9
4548,mb-dielectric-4549,Al2 Cd1 Te4,Al2CdTe4,Al-Cd-Te,7,236.556,4.7507,2.822189,e88e6137149242aa5c420ca197a8201a26c7d6377f447bbc63d882a001c46f25
4549,mb-dielectric-4550,Pd2 F8,PdF4,F-Pd,10,135.4238,4.4734,2.312418,71b1f4c0a82e371ff7e85c40ded07e0f38ef951b8eef0d09b64d36517e9a7e62
4550,mb-dielectric-4551,Rb1 Cl1 O4,RbClO4,Cl-O-Rb,6,117.5882,2.6114,1.43651,20e4c3141320143e530d273e5dbc7a676750b395f4f4bf155d93df574df8fe3b
4551,mb-dielectric-4552,Sr2 Hg1 Pb1,Sr2HgPb,Hg-Pb-Sr,4,136.4991,7.0927,9.775963,c9c2183501b69d981ad95712afeafe05d5d48157fe9089d55b14a768ce63eb60
4553,mb-dielectric-4554,Li1 Al1 O2,LiAlO2,Al-Li-O,4,33.2199,3.2952,1.758408,b8f80b1a799f0196ca63bd5429c0795e5ee69d005519067ab84632a04860aebb
4554,mb-dielectric-4555,Sb8 O12,Sb2O3,O-Sb,20,379.3382,5.1044,2.060744,1bdad9d912ce8a9d0376f5b119ce52b4d33e85f9e29a4ddc4c91833a9670e780
4555,mb-dielectric-4556,P2 N2 F4,PNF2,F-N-P,8,125.5171,2.1955,1.536885,8bac1634393ba0700d97e30de7c839a4ddd6c71ae546ef2faa614b050a2c7232
4556,mb-dielectric-4557,Sr2 Pr4 S8,Sr(PrS2)2,Pr-S-Sr,14,334.3311,4.9439,2.736927,3456d5de81baa91c564f24925565306b60a3eebaa32bfea92d29737dfef647ef
4557,mb-dielectric-4558,Sc2 Bi2 O6,ScBiO3,Bi-O-Sc,10,141.5282,7.0851,2.440633,488ed10c4d6860589c8819eaa5476e1ba20aee5c4c634f75c10066d97afa7590
4558,mb-dielectric-4559,Sr2 Gd4 S8,Sr(GdS2)2,Gd-S-Sr,14,315.831,5.5771,2.800573,de704a799f75bea49d1e8fce54b3672af1248ac6cfbe63f9e93f067367797ffb
4559,mb-dielectric-4560,Li3 Sb1,Li3Sb,Li-Sb,4,70.6317,3.3521,3.191708,2ebde85dfcaefc2a63d4e8fb6f354069e12c6fa565343a721570a8d754dcc0e1
4560,mb-dielectric-4561,Y16 Te12 N8,Y4Te3N2,N-Te-Y,36,928.4728,5.483,2.999304,47e563f5bcb401e64c324578e3cbc56ba019285535174337822694328ebaad09
4561,mb-dielectric-4562,Li2 Ti1 Te3 O12,Li2Ti(TeO4)3,Li-O-Te-Ti,18,220.9904,4.783,2.11294,3024358138a2c16db49040d3dcf51651592c9efd43a73b5109611a58bc91f54c
4562,mb-dielectric-4563,Sr1 F2,SrF2,F-Sr,3,50.4596,4.1338,1.526106,5138375d7fd98b6de33912c45c384050aa4f38f63b7247f0fd2e2fc3eb3ac9f3
4563,mb-dielectric-4564,Mo1 F6,MoF6,F-Mo,7,143.1225,2.4357,1.38608,b9f61afe4581687086ae117ddefb74ca368f73bdae52a2a47281ef534d5f4ee6
4564,mb-dielectric-4565,Na16 Nb16 N32,NaNbN2,N-Na-Nb,64,1022.6252,3.7389,2.59312,ff2aecedab479b6b12127ecfc9750d757188e7167853f8329508851f7619b97c
4565,mb-dielectric-4566,N4 O4 F4,NOF,F-N-O,12,198.5691,1.6392,1.394457,f3e22bad9217dc7925d5cb2c670c47a038ba5f2f04a15d3b6af9d40b069521ef
4566,mb-dielectric-4567,Tl1 Cl1,TlCl,Cl-Tl,2,69.6666,5.7166,2.019486,5d2a65d606e6b21d51c33bf11654cf73b935a2fd918c25e745d87cef45a651e2
4568,mb-dielectric-4569,Ba1 O1,BaO,Ba-O,2,44.255,5.7531,2.064946,096ba96634547fd62e07c5229aa87572f11940715fa3c2b1e648652fd5ec1a09
4569,mb-dielectric-4570,Li2 Ti2 P2 C2 O14,LiTiPCO7,C-Li-O-P-Ti,22,309.1148,2.2539,1.74275,3c08972dffa93923f6ca94b021855e6ee72ee8e4a65b757a25810728d113178f
4571,mb-dielectric-4572,Ba8 Ti4 Ge8 O32,Ba2Ti(GeO4)2,Ba-Ge-O-Ti,52,859.2318,4.6057,1.857813,1cf028d0e4d93a8a873ad683817c799ebc107b8bd4160dbf13d9f048700263eb
4572,mb-dielectric-4573,Hg8 Se4 O12,Hg2SeO3,Hg-O-Se,24,510.593,6.8704,2.095633,996bafc6fc61705444856282bf280df961bea96b8ac8abc73ce391817f8b9a13
4573,mb-dielectric-4574,K1 Na2 Sb1,KNa2Sb,K-Na-Sb,4,118.8275,2.8904,3.023784,e3aadaf65f9848e18338423eece7986552f1f54ae75f5cf3c6557c0d8dba1926
4574,mb-dielectric-4575,Ca1 S1,CaS,Ca-S,2,46.6951,2.5655,2.233383,5447f392e863452de987e43597df8b9467402ee41b89d5ef29ef59e676ef46ce
4575,mb-dielectric-4576,Y1 N1,YN,N-Y,2,29.7575,5.7428,3.927849,07ecfef565f07f844f070eb5c030ca3a978f82810c0922a018e5711521942028
4576,mb-dielectric-4577,Li1 Cl1,LiCl,Cl-Li,2,34.2024,2.0582,1.785497,aa435c328ffa50d058ea8cb55e47b06a7c0532133d25d90a987520b5d0b6043b
4577,mb-dielectric-4578,B3 P3 O12,BPO4,B-O-P,18,180.1219,2.9256,1.663263,2855ec6a3b29727232ba96e81e6adfede22443378ffd6488bd27a356ebef0472
4578,mb-dielectric-4579,H2,H2,H,2,83.7358,0.04,1.122943,410e2d42180d11844b0e03fb90330bcb7543d6fe755e1a0cfab39cb09c4540a7
4581,mb-dielectric-4582,Na2 Te1,Na2Te,Na-Te,3,98.4829,2.9268,2.079102,74e8b85dbd331842e31bdaa042232398f7685b14f6cfffa942b73740506b2376
4584,mb-dielectric-4585,K1 Br1,KBr,Br-K,2,75.2944,2.6245,1.659518,53103cae90bf0c86d2979e36d82c6cbacaa8e16feefd4f3e068916d451f835a3
4585,mb-dielectric-4586,Ca1 Mg2 N2,CaMg2N2,Ca-Mg-N,5,67.1579,2.8855,2.417481,35c3d115713b12b5ead59cf8dcc246b297fe7321873ab5b9e85688d8f81b30c1
4586,mb-dielectric-4587,As8 O12,As2O3,As-O,20,398.7665,3.2954,1.67342,6f663a5ff808efcffc2cbbc347eb94a2217cdb5da60f0acfd7252fda5e9e59be
4587,mb-dielectric-4588,V1 Cu3 S4,VCu3S4,Cu-S-V,8,158.2242,3.8814,2.681256,9323142fd0725c5be7b85fda3f351c67f324baa1cd620c62e8f2b1e739c5cfb6
4588,mb-dielectric-4589,Rb2 Al2 O4,RbAlO2,Al-O-Rb,8,133.5762,3.5914,1.671144,32a589e82eb480ffb049ab7afe55aee5408289d4d505c5642fae74a2d902cffa
4589,mb-dielectric-4590,Ba1 O2,BaO2,Ba-O,3,52.1469,5.3919,1.876166,5cacbda6bd74a757fcc5111b457809edc6fdb544c322ded45c9f180ec71f18ea
4590,mb-dielectric-4591,K2 Sn2 O3,K2Sn2O3,K-O-Sn,7,157.1913,3.8412,2.209802,59144b25a20dc837d9d90e15595ac69782f902916f63d4a7efd1e181b1c7c5d7
4591,mb-dielectric-4592,Li4 Mn2 P4 H2 O16,Li2MnP2HO8,H-Li-Mn-O-P,28,293.1131,2.9433,1.853559,324e7f1e712557fbc905d4506466bfc8f45181cc0a4599e355215b7ec5173b8c
4592,mb-dielectric-4593,Sr10 Si4 N12,Sr5(SiN3)2,N-Si-Sr,26,441.1116,4.354,2.330223,b537651775f46b9945c9f9511c77b82a6e8c104b5631a35d73567d6167f6b34a
4593,mb-dielectric-4594,Ca1 H2 O2,Ca(HO)2,Ca-H-O,5,56.3868,2.182,1.62635,bb457c915ff4616ef90920767c286d5858790d39cd1a0e19eeccf5b2bbe37d31
4594,mb-dielectric-4595,Na2 O1,Na2O,Na-O,3,43.7886,2.3504,1.808867,11291372747e0c21f4d41985daa183f5643b9dd88beaf20af548c8b4a6c1bb6b
4595,mb-dielectric-4596,Li2 O1,Li2O,Li-O,3,25.2797,1.9628,1.709291,8179301dfe11da3b024f8656e96039824b0bf69d708c05e28cac1fb88291bd30
4596,mb-dielectric-4597,Mo4 S4 Br4,MoSBr,Br-Mo-S,12,256.1746,5.3907,2.886779,1c604bbf0add7ea9532744cad16ad697670a02f1045df8019fa3294a97352ba9
4597,mb-dielectric-4598,Rb1 Cl1,RbCl,Cl-Rb,2,75.1479,2.672,1.510298,3bad56f93f74e045efe020bdb9fb88e8b1d0aeb76e9129c5c9519927852f35e1
4598,mb-dielectric-4599,Ca1 F2,CaF2,Ca-F,3,41.959,3.0898,1.536229,397f0b2caa8903a3b33a5360df75237264deca9fad85d2afff0058a7e526cecf
4599,mb-dielectric-4600,Al1 Ga3 N4,AlGa3N4,Al-Ga-N,8,91.5482,5.2996,2.357323,a361ec86b9ddf31ab4f20af58f8c1f2a032011f2cc6f89902fe88ac193f61d52
4600,mb-dielectric-4601,Li3 Bi1,Li3Bi,Bi-Li,4,76.4403,4.9921,3.711693,bfacbe8a7694b8b35c445d115340a8eb4ccc60ed6a3315738888cd74738f60d0
4601,mb-dielectric-4602,B2 N2,BN,B-N,4,42.1326,1.9562,1.890961,09f120b6016d5e94638e679854ea8a7b158e6b739dcc7a511b60a128fc9b9e4b
4603,mb-dielectric-4604,Mn2 O2,MnO,Mn-O,4,45.3866,5.1907,2.212088,c089c73c2bed21efbe45fde40d533430e796d7e0a1c4fbd28ac9b92a61891af1
4604,mb-dielectric-4605,Rb1 Br1,RbBr,Br-Rb,2,86.7805,3.1644,1.566206,510b80ec3f0f59674e96cc6fc672a14f9105e2188fa6b615ef5fe0dca6d99441
4605,mb-dielectric-4606,Mn2 P2 O8,MnPO4,Mn-O-P,12,188.9807,2.6345,2.274294,c71abb200f214a79ab6b0a13248282083b396080b5d5a5dfd33948393afa3fe3
4606,mb-dielectric-4607,K2 S1,K2S,K-S,3,103.982,1.7608,1.759451,3882a227bce2abe3dc4bcad9969b6b7076f15be954be197645e189f00da99fb9
4607,mb-dielectric-4608,Sr1 Cl2,SrCl2,Cl-Sr,3,87.4973,3.0085,1.696762,73b5e1b5a2485e5623ac7c09ec6d0857856a199c6dbec4ee4d226c2a184e4e31
4608,mb-dielectric-4609,Ag1 Cl1,AgCl,Ag-Cl,2,44.4329,5.3562,2.398541,bb32e4986d181f54569764eca324f78d2ead04f2bcfa9bc1377f9503199507d1
4609,mb-dielectric-4610,Rb3 Br1 O1,Rb3BrO,Br-O-Rb,5,173.6025,3.3699,1.860094,899fe62a5699422b1e794aa72090e4ed479b0610514cb6b17257ba6caf9a6878
4610,mb-dielectric-4611,Li2 B26 C4,LiB13C2,B-C-Li,32,247.2073,2.3041,2.633979,f05fae1cba8855aab2e239bffd1f95f489ecca6966ecfea42399d739444c5340
4611,mb-dielectric-4612,Ca2 Bi1 Au1,Ca2BiAu,Au-Bi-Ca,4,111.1742,7.2606,6.726808,92cb6ab8f2edd6ad9e9e2ceb47057010e7eeaceede2ccbfa8e9974e6d612d565
4612,mb-dielectric-4613,H8 N2 F2,H4NF,F-H-N,12,123.4334,0.9965,1.333623,8a1fd0c5a93e8c5ae479a9f70f883589101f7d9ccc6b1163717ec5c30cf2c537
4613,mb-dielectric-4614,Na1 Ca1 As1,NaCaAs,As-Ca-Na,3,84.5834,2.709,2.555011,81e7e622b843fd4e83924b29766349efa85dc0106daaa3b576cf171ee5f180dd
4615,mb-dielectric-4616,Nb1 Cu3 Se4,NbCu3Se4,Cu-Nb-Se,8,186.2134,5.345,2.71237,f7ffff72f4b751f41c6c5d0b1fea7b21a5a182cb56532cac14843fce461d96bd
4616,mb-dielectric-4617,Na2 In2 Te4,NaInTe2,In-Na-Te,8,258.2039,5.055,3.073866,1cb4f73c318b3fd37fd8f4c560829aa9c0b76d63907d59e1c9f061acbf060bc2
4617,mb-dielectric-4618,Li4 Ga4 S8,LiGaS2,Ga-Li-S,16,329.8998,2.8347,2.20134,79d20e17d729a420f504bc2c059b35557f71ae824532856a92efaccf0b61f6c8
4618,mb-dielectric-4619,Li3 V1 S4,Li3VS4,Li-S-V,8,211.2212,1.5725,1.779333,190f7a6106b09f6b84fb90854eddee6d38303923f431d8211d8254a2a16f1481
4619,mb-dielectric-4620,Rb1 I1 O3,RbIO3,I-O-Rb,5,99.0716,4.3641,1.840225,c51ef871cda0f3d5c85693a23043ac00f2b6e5fcc5a7d33d273ee246669672a9
4620,mb-dielectric-4621,Tl3 N3 O6,TlNO2,N-O-Tl,12,213.3436,5.8466,2.020205,c70fae26b2d56ae5e107be6ee68683a113197f8c5d338af8769585b6f0b89c29
4621,mb-dielectric-4622,K1 Na2 Cu1 O2,KNa2CuO2,Cu-K-Na-O,6,105.4767,2.8436,1.827504,a2cbc842272f208d8462a5f6cb93ba123dffcc4bf9c432708a5d4914ccdcbdb6
4624,mb-dielectric-4625,Na1 Sb1 F6,NaSbF6,F-Na-Sb,8,151.891,2.8287,1.316435,c179dc4bedcac9c543ed01a98d8c045524800e1556f3bb8a4ed1672cd54de29b
4625,mb-dielectric-4626,Li1 Mn2 C4 O12,LiMn2(CO3)4,C-Li-Mn-O,19,245.0347,2.4183,1.916976,da8fc0143970763b60f372d0006ef6a7083365e2fbdddf10cf4f833da63dbeaf
4626,mb-dielectric-4627,Li5 P1 S4 Cl2,Li5P(S2Cl)2,Cl-Li-P-S,12,227.9624,1.9292,1.953545,831745378f8ca3d5aa74a52f53520ba5ec43a09ff2b5ad42de07b5d87f0fe586
4627,mb-dielectric-4628,Li1 Cr1 O2,LiCrO2,Cr-Li-O,4,37.113,4.0687,2.148336,7fd228fe57748647f58b1450b8004720c86848eaefa05bc2e9ecb3e8e6080e0a
4628,mb-dielectric-4629,S1 F6,SF6,F-S,7,107.4449,2.2573,1.309198,d345b7c7129255d0c277f20b827e08f1099129d46c9799a9d90c75fff2149a87
4630,mb-dielectric-4631,Mg1 S1,MgS,Mg-S,2,35.7435,2.6188,2.323862,a00ebda5551e90895b40fee2be5347911a4d69393a1d5e10936d6e397235897b
4631,mb-dielectric-4632,Sr4 As2 O1,Sr4As2O,As-O-Sr,7,196.2681,4.3684,2.815966,d57c7398c839672fc95b3f172298460e92564fe6003710a6863cb401e45e526e
4633,mb-dielectric-4634,Nd2 P6 O18,Nd(PO3)3,Nd-O-P,26,361.6483,3.5002,1.665569,026ad08a25b91da6fffe85c114d000b6a52c89a144ded507b93e9b32c86046e0
4634,mb-dielectric-4635,Cs1 Cl1,CsCl,Cl-Cs,2,88.0493,3.1751,1.622344,c0d1125f00f532204d83b7604f1286eed98d81b94e708813dfe776d6f0556c76
4635,mb-dielectric-4636,H6 C1 N1 F1,H6CNF,C-F-H-N,9,79.3303,1.0689,1.412384,4128fbaed7116124ed28698f3aa373a23355942dac48a45e3eb289a9a1ccbded
4636,mb-dielectric-4637,Sr2 Sn1 Hg1,Sr2SnHg,Hg-Sn-Sr,4,132.9395,6.1773,8.319696,d6e1b33c7b1cf8d575bf4fc3dbad82675b53cf44713bad05b57be5dbe27a7b0c
4637,mb-dielectric-4638,Rb1 Ge1 I1 O6,RbGeIO6,Ge-I-O-Rb,9,147.8172,4.2802,1.752379,7b32e532a5d696f7b169e17d5a1fb1f7b450c421121a4cb62a012ecce208b634
4638,mb-dielectric-4639,Ca3 Cd3 Ge3,CaCdGe,Ca-Cd-Ge,9,213.0164,5.2649,1.0,73e8e9cd5055f8f04b9a0c8f4491e6b623b5d43393494ecc6bc42fd916a6ff69
4639,mb-dielectric-4640,Ba3 Mg3 O6,BaMgO2,Ba-Mg-O,12,211.4589,4.5616,1.90909,bae5fe75d6be7fde72bd5ef32f40e936bd873a25baec9142195ab4b159b51434
4640,mb-dielectric-4641,K1 N1 O2,KNO2,K-N-O,4,72.579,1.9471,1.487532,5b1345095e51f0f07790c9ace50b659d17f88ab3d21187fcbc3d0acd65d7f50e
4641,mb-dielectric-4642,Cs2 Al2 O4,CsAlO2,Al-Cs-O,8,138.1862,4.6117,1.796056,e4fcbbf7cca6bbf6456b5180b10ebc482d36b244bd012880fe8f69c3f2aff018
4642,mb-dielectric-4643,K3 Cr1 O4,K3CrO4,Cr-K-O,8,160.7961,2.4092,1.653402,ec4451ee7b46ef99782355f3e8394b40d5009764a36f1c4e08ee168798588226
4643,mb-dielectric-4644,H12 Os1 N5 Cl3 O1,H12OsN5Cl3O,Cl-H-N-O-Os,22,252.051,2.6004,1.691472,d75a54cfe6b9196cd5776c61494b80927ba60e47ddae6ddcdaf1cd9e3011b949
4644,mb-dielectric-4645,Zn4 B6 Se1 O12,Zn4B6SeO12,B-O-Se-Zn,23,233.2982,4.2525,1.873908,48cb1a2830d0932b688495bd22574c32d5f6307d08fcbaae1c49443c58f31f0c
4645,mb-dielectric-4646,Zn4 Ag4 P4 S16,ZnAgPS4,Ag-P-S-Zn,28,603.0708,3.6622,2.48868,550e99f8b5400fe0ab3ce79584dff3500b2e04c9e09694a12e7b3f97afcd3b91
4649,mb-dielectric-4650,Ca2 Mn1 W1 O6,Ca2MnWO6,Ca-Mn-O-W,10,129.0846,5.3376,2.137216,fb26dff73696ca6819ded59182ab99b678b692348a969c8f6d021c6b3f51f241
4650,mb-dielectric-4651,Sr1 Mg2 As2,Sr(MgAs)2,As-Mg-Sr,5,127.3218,3.731,2.974281,05f280f44816d1cb1648f754163b72ecf22072a320ade7ccdc336663eb6d45d4
4651,mb-dielectric-4652,Ca8 Tl8 O20,Ca2Tl2O5,Ca-O-Tl,36,524.8759,7.1995,2.406548,8cf8284eece6a49490bb0624fef6edc7f6a99e61da972bf28c2186129cd6db3b
4652,mb-dielectric-4653,Sn2 F8,SnF4,F-Sn,10,136.5895,4.7341,1.588325,8dc2b06be5032d4e804c50240882ba5c0868b40eeb282b08d1ef61b6b6330e0e
4654,mb-dielectric-4655,Cs1 Ge1 Br3,CsGeBr3,Br-Cs-Ge,5,191.7416,3.8561,2.116069,d3af2aeee88a955b86411691d18f689978739f7fdc4d4c73f17d0c6c9dfe0035
4655,mb-dielectric-4656,Na6 Sr2 P2 C2 O14,Na3SrPCO7,C-Na-O-P-Sr,26,354.296,2.9206,1.569366,ad96a78d4f21aa53f80e6a165dc2ce0b83536bbba38943f1e338539db9b5a284
4656,mb-dielectric-4657,Cs1 K2 Bi1,CsK2Bi,Bi-Cs-K,4,177.3696,3.9328,3.402046,e65881a073ee243f76eb9d8ffdd5fb48deee439f629090603c02912bb9a8207d
4657,mb-dielectric-4658,Al1 Fe1 W2 O8,AlFe(WO4)2,Al-Fe-O-W,12,144.7887,6.6347,2.132404,527843dd58e8b14c03c7e6244399336155d753a68247e4e71bd0c8e94252ea69
4661,mb-dielectric-4662,Er4 Be4 Ge2 O14,Er2Be2GeO7,Be-Er-Ge-O,24,263.0023,6.7833,1.936724,69330880bf0a8390a00cf86efeb984cd2382b452c6fe6b41fc7ca2f21ee45c3f
4662,mb-dielectric-4663,Dy4 Be4 Ge2 O14,Dy2Be2GeO7,Be-Dy-Ge-O,24,267.662,6.5471,1.943005,30818ced153e468a1517da15d7aa8af1e9508a0b73813d18b7bbb4118e704144
4663,mb-dielectric-4664,Mg2 Sb4 O12,Mg(SbO3)2,Mg-O-Sb,18,214.4723,5.6337,2.116291,bb6aed2665d1f23aeae9b2d5666913bcaf1815a1cf3a32801b60ca4aa79bca27
4664,mb-dielectric-4665,Sr4 Mg1 Cr2 S2 O6,Sr4MgCr2(SO3)2,Cr-Mg-O-S-Sr,15,247.9705,4.2784,2.184642,e66baade54d884681b64f14c9938e285b1c8eddd332e89fc7d58126ba0dd0524
4665,mb-dielectric-4666,Mg2 V2 P2 O10,MgVPO5,Mg-O-P-V,16,182.6016,3.3868,1.907938,115ba360d4e9cfa88e4692677bd0cde2dab7f0c3477427b206e0120737c6e022
4666,mb-dielectric-4667,Li4 Mn4 P4 O16,LiMnPO4,Li-Mn-O-P,28,370.4115,2.8126,1.621999,0184a255f07e9a72b46d9a7ca516491dea4a4348f41aabc293517876de7ca2fe
4670,mb-dielectric-4671,Al1 Co1 W2 O8,AlCo(WO4)2,Al-Co-O-W,12,141.6129,6.8197,3.641049,c7aa5f4a1b225973c74dfece191c89db5a108cb5a4481dabdf1511d87c6ec103
4671,mb-dielectric-4672,Rb1 Sr1 C1 O3 F1,RbSrCO3F,C-F-O-Rb-Sr,7,121.7199,3.4392,1.53784,8f4223bf841ee7ef3deeea99fbddbd5b17e71341850fef64df473a399d79d3b8
4672,mb-dielectric-4673,Zn2 Cu1 W1 O6,Zn2CuWO6,Cu-O-W-Zn,10,115.5245,6.8161,2.573888,0f288a23bec268d589af809d764aa6b5dd28ffd467bec9ec41223339f8cd7b42
4673,mb-dielectric-4674,Mg2 Sn1 W1 O6,Mg2SnWO6,Mg-O-Sn-W,10,143.2041,5.1851,2.211696,7eda99e3d01996d9451e7c2f087dba0672335d91c974047f7722d7e194ec476d
4675,mb-dielectric-4676,Ag4 H4 I2 O2 F2,Ag2H2IOF,Ag-F-H-I-O,14,249.9645,5.0442,2.023649,35d6f3e06ab1e15d3438aa842f55f85b8fcd56f2a4df364a87d5e1c49fa8c6ba
4677,mb-dielectric-4678,Li8 Al6 Ge6 Br2 O24,Li4Al3Ge3BrO12,Al-Br-Ge-Li-O,46,674.8339,2.9455,1.630252,72c7bce577c9de84b310d87cf7ef7dbe70900a5d5a1b4359b1fe135bb927b932
4678,mb-dielectric-4679,Te4 S28 Br8,TeS7Br2,Br-S-Te,40,1607.875,2.1145,1.840924,9ee8d375e82a6c5f4e8265085ca5c833734e3a904bf73e98ba328e3cea3f8f34
4679,mb-dielectric-4680,Ca2 Mn1 W1 O6,Ca2MnWO6,Ca-Mn-O-W,10,129.6303,5.3152,2.133481,0dd1da5f1a73c8376349e0ebccb63a129451a8a092a3bb7b21dd5bb2e53a471f
4680,mb-dielectric-4681,Ca1 Fe2 Si4 O12,CaFe2(SiO3)4,Ca-Fe-O-Si,19,223.5527,3.3879,1.871697,d1641aecf3c0b6f61e202a3299d3f3b42adc85976527efa57b62cc360ad0abe6
4682,mb-dielectric-4683,Na2 H2 O2,NaHO,H-Na-O,6,68.4769,1.9398,1.545499,3792e7c4299d6d3f2f5b312301162fbc4404180e5f0c69e0c36cc86287990609
4683,mb-dielectric-4684,Ca2 Cr1 W1 O6,Ca2CrWO6,Ca-Cr-O-W,10,120.7369,5.6662,2.255898,0d37ff3e0c1165fd2288a386126bb9177c4d8fc856a57eb56f1cb24ea8dcfa18
4684,mb-dielectric-4685,Mg2 V4 O8,MgV2O4,Mg-O-V,14,157.0412,4.022,2.174392,29fa6ca4e54fe11218979c85a6529d22ed05d3d05aecfd0a188b6f7f89aafe58
4685,mb-dielectric-4686,Ca4 Sn6 O16,Ca2Sn3O8,Ca-O-Sn,26,383.4211,4.8876,1.933461,7a5270a7d6a5c59c683c07d7bfefe7601907c4b2b10ebeae88c91f3a0cee7fdd
4687,mb-dielectric-4688,Ti2 F8,TiF4,F-Ti,10,143.4841,2.8669,1.564607,0000437dae41536c8483b568383faa74cf475a4fa6c9e33f07e1ccf68d2ed7a9
4688,mb-dielectric-4689,K2 Au2 Se4,KAuSe2,Au-K-Se,8,234.939,5.5693,3.119218,77b292e9e2653edfb0b0de123eca6b69e9c31ba4facc16e76e874cb9669f06d2
4689,mb-dielectric-4690,Li2 W1 S4,Li2WS4,Li-S-W,7,200.7957,2.6958,1.799192,81c7b0b526d790fd0b1089592b68bb1a4f0a7d19656cc44db928195f7710e115
4690,mb-dielectric-4691,Ba2 Nb4 Bi4 O18,BaNb2Bi2O9,Ba-Bi-Nb-O,28,419.8792,7.0008,2.44885,fa7519661e62c33061ae2427126e79d178540fa7e996dc44952e1c713d8bc0b7
4691,mb-dielectric-4692,Li1 La1 Nb2 O7,LiLaNb2O7,La-Li-Nb-O,11,158.6063,4.6449,2.176833,2519655462f2f8c3b212053fe98e3b1d0150c2788226e37ceb7a2235fd83e03f
4692,mb-dielectric-4693,Cs2 Na2 S2,CsNaS,Cs-Na-S,6,187.0839,3.3366,1.960563,048c696c198a8a321b9da7762efafa0245c3ccd91e66975cd267dd093a335feb
4693,mb-dielectric-4694,K2 Pd1 Cl4,K2PdCl4,Cl-K-Pd,7,215.5567,2.5146,1.829474,6002eac24caee9848397e356fd2cb0b1cee040bfa18ab91876697aea4b2d83d0
4695,mb-dielectric-4696,Li4 H4 Se4 O12,LiHSeO3,H-Li-O-Se,24,315.4227,2.8409,1.642559,3bfffe11332c73d24c70d88b95ff1e67021ff6034c93fed78957402995a31b7a
4697,mb-dielectric-4698,Li2 B2 C2,LiBC,B-C-Li,6,45.9432,2.1514,3.415884,0b13e9ef55295fbd0870a97d125219b642b65186b6158f9462d752e183580a2b
4698,mb-dielectric-4699,Sn4 O8,SnO2,O-Sn,12,151.4905,6.6079,2.177805,3bc7791e7802524be945554bd613bd33f62f0e22be4266ad5881319e7cd51da6
4699,mb-dielectric-4700,Li8 Al6 Ge6 Cl2 O24,Li4Al3Ge3ClO12,Al-Cl-Ge-Li-O,46,662.6078,2.7771,1.612167,0850b7fa0045b0eec99957d7026d9607a169bd14bd6d864855848572fae49247
4700,mb-dielectric-4701,Mg2 Fe2 F8,MgFeF4,F-Fe-Mg,12,133.67,3.8794,1.535095,d561bae54d80b691a4a4e4d80f039421d0ba636ad8fc006c6f86aba6bc36758d
4701,mb-dielectric-4702,Ca2 Fe4 O8,Ca(FeO2)2,Ca-Fe-O,14,173.9419,4.1196,2.271005,44cd4bdeadcd82b6f4078a2193001f83fb9dcf8fbf9d46d8609144ab410abddc
4702,mb-dielectric-4703,Ge4 N4 O2,Ge2N2O,Ge-N-O,10,138.7288,4.5315,2.091061,76da257146bafdd7a29dd4f60366dd7e23da53d7f665c4f636bfd6e611839ba3
4703,mb-dielectric-4704,Ca5 Cr2 N6,Ca5(CrN3)2,Ca-Cr-N,13,214.6556,3.0048,2.532187,32c996cb6fbbf30b636a8a05fb85307e03ec876674920c69b422876883cdd8a7
4704,mb-dielectric-4705,Ca1 Cd1 O2,CaCdO2,Ca-Cd-O,4,55.5267,5.5172,2.346423,4c3a1bb917494f5b3bdc88f0f9fb12bc4c2f54279441902eae2969b4eaa24cf9
4705,mb-dielectric-4706,Zr1 Si1 Pt1,ZrSiPt,Pt-Si-Zr,3,57.9364,9.011,4.056564,ac9b427e2a382a75b3eccd0f06da24de3fab7e27ee5c5f1933dcd480f5532751
4706,mb-dielectric-4707,Au1 O2 F6,Au(OF3)2,Au-F-O,9,129.6283,4.3933,2.97608,6823ef5bd1cf21c9f9a2a3fc01011f41401f11ca4ffc32586e124484963e907b
4707,mb-dielectric-4708,Cs2 Hf1 F6,Cs2HfF6,Cs-F-Hf,9,187.0429,4.9564,1.489055,065e0ee3cef0d4fe29bd1432ee8889cddd37c0016deb6fcaba262e9044baf86f
4708,mb-dielectric-4709,Cd2 Si2 As4,CdSiAs2,As-Cd-Si,8,198.7323,4.852,3.751615,e48a319491460eba7314991a591d8d939ca78fafceddaa612323c38c060b4d7b
4710,mb-dielectric-4711,Rb2 Mg1 P4 H8 O16,Rb2MgP4(HO2)8,H-Mg-O-P-Rb,31,378.1481,2.5609,1.526896,a46e3b0c0a32d12d3302fa6a7ebea486ef3cf08d9e1c0edf14922e53292dde0c
4712,mb-dielectric-4713,Mo4 O10,Mo2O5,Mo-O,14,276.6004,3.2644,1.924762,ac1e55665f65cd98b82cac72165be0a50c16d27a28ec489bce8ac33f1a9890be
4713,mb-dielectric-4714,Li4 Mn4 Si4 O14,Li2Mn2Si2O7,Li-Mn-O-Si,26,293.7461,3.3005,1.769695,e15967314668cfee6d84a400965838e41be29c8d02945c4fd19ad132d9b5cb0a
4715,mb-dielectric-4716,Ca2 Zn1 N2,Ca2ZnN2,Ca-N-Zn,5,81.8321,3.5223,2.520581,ec80f0e71af9a615b1fb2fca682b8e194344fe4d81e61f194821207b85ee2fb5
4716,mb-dielectric-4717,Sr2 As1 Au1,Sr2AsAu,As-Au-Sr,4,112.9622,6.5728,4.783778,648fbbacebf0d664c5efaa28ba8d159a4e806ee45c4a58f0551e7f027f554b4c
4717,mb-dielectric-4718,Sr2 Sb1 Au1,Sr2SbAu,Au-Sb-Sr,4,124.9689,6.5636,5.227213,16802064391b1af61c84e03c0a5973ece68f53e67324e2c36f87037bccb24b23
4718,mb-dielectric-4719,K2 Mg1 Cl4,K2MgCl4,Cl-K-Mg,7,197.434,2.0548,1.585981,42a844bd07addc6bf33b7a0be2321f3b15a05b35da0aa27e860961c0f9b9777a
4719,mb-dielectric-4720,Ba4 Cu4 P4 Cl4 O16,BaCuPClO4,Ba-Cl-Cu-O-P,32,520.1625,4.2305,1.966752,0a3939c75440cfaaaae6c1ec4eefe4c6b9462134bbf21bbd5a8842bcfcd20fb5
4720,mb-dielectric-4721,Li2 Mn4 O2 F6,LiMn2OF3,F-Li-Mn-O,14,182.87,3.4471,1.631308,4b04f27f8190237f18368fa0f58dc8e0787e315c8f06972f44107ccc1fd45855
4721,mb-dielectric-4722,Li1 Zn1 P1 S4,LiZnPS4,Li-P-S-Zn,7,153.9899,2.4973,2.181369,36e378b029dd574962fa734e9151e58816ba3b0878c32c7624fcd5a7b90ff08f
4723,mb-dielectric-4724,Mg2 Mn4 O8,MgMn2O4,Mg-Mn-O,14,156.6861,4.2005,2.942078,c21054c39124d9ac942f1743c1728aeee80c5e34d94da9360882f260449d5827
4724,mb-dielectric-4725,Zn2 Cr4 O14,ZnCr2O7,Cr-O-Zn,20,317.6553,2.942,1.899184,b4d7e61827d4dbdb34ba0c759c012feb6696d0bd2307d8b99ca36568adb3ca49
4725,mb-dielectric-4726,Mg2 Cu2 F8,MgCuF4,Cu-F-Mg,12,130.6982,4.1633,1.654759,a73a91ea79d94bd54b821804804d63b7110e166f5d1c10a661d56bfa8c7b1df9
4726,mb-dielectric-4727,W4 O12,WO3,O-W,16,223.1131,6.9019,2.575549,eb013593bf40eb118af2a75cfb7dda5960201a71f32b0685511b57f888598b97
4727,mb-dielectric-4728,Zn6 Sn4 O14,Zn3Sn2O7,O-Sn-Zn,24,278.844,6.4987,2.263811,edf7ad49a4001e52eed401525ffe07729d261ce0db60d41ca6ace5f20afecb0f
4728,mb-dielectric-4729,Cr1 Cu1 Se2,CrCuSe2,Cr-Cu-Se,4,77.498,5.8594,4.461102,77f0f989b473b5cd1ba529ba584e489cfd010bb673c7dd8c068257ef0982683e
4729,mb-dielectric-4730,Ba1 Cu1 B2 O5,BaCuB2O5,B-Ba-Cu-O,9,123.5219,4.0665,1.987716,f8db496ef062ad3ee53a7f4a7b4e57cfbd82dad864ca46a18386d1692b559933
4730,mb-dielectric-4731,Ti2 N2 Cl2,TiNCl,Cl-N-Ti,6,109.1679,2.9608,2.927651,b67a2546b56befebf1e780061127488728f922ac92dcb1d55523f832761c3c1f
4732,mb-dielectric-4733,Y1 Cr1 W2 O8,YCr(WO4)2,Cr-O-W-Y,12,159.252,6.6377,2.16889,ed14c2c199435549bb1ba86de4e70d3b84f055f332787192e30286e03d9f0457
4733,mb-dielectric-4734,Ca6 Mo4 O14,Ca3Mo2O7,Ca-Mo-O,24,319.7676,4.4048,2.247,daf64b7a78caaa94d2d1be115992e33d792596fe8b5e1c457588d9773638684e
4734,mb-dielectric-4735,Mg4 Ti6 O16,Mg2Ti3O8,Mg-O-Ti,26,292.0165,3.6417,2.244229,127823b9853ba07ddf661270cebabb2b8f7487f5b00b5ee7a3be9c49299f25d7
4735,mb-dielectric-4736,Rb8 Zn4 Cl16,Rb2ZnCl4,Cl-Rb-Zn,28,899.8021,2.7915,1.585443,ab35ad4447f2cb8cb6e123f79a3d4dd4f76ffeee0a491c76a4480bd73f80b5c7
4736,mb-dielectric-4737,Li2 Hf2 P2 C2 O14,LiHfPCO7,C-Hf-Li-O-P,22,323.3973,3.4958,1.596744,3b9e13745d578d4f8d1e336f2710d543a4472bcce523e781d86f0c73dc0b5668
4738,mb-dielectric-4739,Ca2 Cr4 O8,CaCr2O4,Ca-Cr-O,14,177.2573,3.8983,2.096654,fa0a7413aa0fc25ac1d6aa58e9c5b97a2ab27cb42e73442a2e2a74421304bff7
4739,mb-dielectric-4740,K2 Y2 Si2 S8,KYSiS4,K-S-Si-Y,14,352.9433,2.6756,2.125648,edef2b74753ed706e6cdc7f68886c382eebdcccb5d063afbaf97a9771a2ee073
4740,mb-dielectric-4741,Y1 Fe1 W2 O8,YFe(WO4)2,Fe-O-W-Y,12,160.8723,6.6105,2.129931,1e77bda93f583176e3e61dd0342110a9ee56be7b5e27267b0b69e16914df382d
4741,mb-dielectric-4742,Ca2 Ta1 W1 O6,Ca2TaWO6,Ca-O-Ta-W,10,130.6889,6.8732,2.208164,c5e45bb82465fe060ad6b3f20ff9c06edaa5d5c2521cec55a6d4b9cb6697aa53
4743,mb-dielectric-4744,Cr2 P2 O10,CrPO5,Cr-O-P,14,178.5872,3.0306,2.194524,296846f0765b2dedc638341d130828537ae7191ac6139476961808a69f4b5a2c
4744,mb-dielectric-4745,Na1 Li2 Bi1,NaLi2Bi,Bi-Li-Na,4,86.1682,4.7378,4.063563,716d00f0559e0dd6e0c934134ff9ad09060ff53bcb41b94fcaed830c7aafaf06
4746,mb-dielectric-4747,Li3 Mn3 P3 O12,LiMnPO4,Li-Mn-O-P,21,328.5134,2.3785,1.547549,a2025cf7845bfa1be376064849db0c3fdbec2b9b09bfe9991f40a924b40e8a8e
4747,mb-dielectric-4748,Li5 Mn1 Si2 O8,Li5Mn(SiO4)2,Li-Mn-O-Si,16,175.7007,2.5878,1.992282,83d668cb2464cd4f59002f0d824ba1e51613118db5c53c20a79f036407c23bb2
4748,mb-dielectric-4749,Sr36 Mo12 N48,Sr3MoN4,Mo-N-Sr,96,1841.6663,4.4883,2.28583,c13ee40b5c640582dd93c7274300f2a5abb3041bfd9a6968fc58e19a9c3d70e4
4749,mb-dielectric-4750,Rb2 Se1 Cl6,Rb2SeCl6,Cl-Rb-Se,9,275.353,2.7898,1.793441,0d7b0bd4d0483e516c7e4131b7988d9be5127505454b70bdfdc82d5c041a0e0e
4751,mb-dielectric-4752,Zn4 Sn6 O16,Zn2Sn3O8,O-Sn-Zn,26,330.3809,6.1816,2.114958,148b547874250fa92a05fd8e5f25be156d7d2a3a47a6af166b88251b09f446ff
4752,mb-dielectric-4753,Mg4 Cr4 O8,MgCrO2,Cr-Mg-O,16,174.9166,4.1125,2.045619,16f6abf537d58b53f725695d3834d5f2061eeb446ea06e7c7001d43ee8fe5845
4753,mb-dielectric-4754,Y2 S2 F2,YSF,F-S-Y,6,99.2125,4.6854,2.412418,452c651d385702aa5eb745bf1222f78a3ea6e7e67c1fac59479f4ef6e36259be
4754,mb-dielectric-4755,Na4 Sr4 Fe4 F24,NaSrFeF6,F-Fe-Na-Sr,36,545.1067,3.4172,1.480012,f99e0e18047dd00cc91790be47bcd125400b7a798637cf7a292e9b324d1aed0f
4755,mb-dielectric-4756,H20 N4 O4,H5NO,H-N-O,28,246.8597,0.943,1.446836,db165891bb5c0141943457c0f14f2b3c929ff2b3c83406470977b725aa394e48
4756,mb-dielectric-4757,Cs2 Nd2 Nb4 O14,CsNdNb2O7,Cs-Nb-Nd-O,22,351.1989,5.437,2.134237,dd7d94bc8c29366ec1d69c32b7857c853d572dd393ef768bf01fed870b72f772
4757,mb-dielectric-4758,Mo1 W1 O6,MoWO6,Mo-O-W,8,116.7981,5.3425,2.506033,e272510ecf5a8339c2d8192a3c0f8d8d29836fd1c0cc8d55b384a07256c5079f
4758,mb-dielectric-4759,Cr4 O10,Cr2O5,Cr-O,14,192.3083,3.1774,2.458294,a9be2f4a7f7f960d3336057ad307df0517b264d6c4f5fc3ddb55f9fe7b4a8c8e
4759,mb-dielectric-4760,Ca2 Fe1 W1 O6,Ca2FeWO6,Ca-Fe-O-W,10,126.5957,5.4545,2.136837,9cfd5ae3f347f4f5eb6a8d7ed7ad5492b7e0b00ca8e81bf55d220a158e03053e
4760,mb-dielectric-4761,La8 Mn2 S12 O2,La4MnS6O,La-Mn-O-S,24,539.6945,5.0395,2.690619,11a2c3973d0d32c893728a1e220dc4b50cf36f9d50a9ca3c6445c98fbcfbb125
4761,mb-dielectric-4762,Ba1 Ag2 Ge1 Se4,BaAg2GeSe4,Ag-Ba-Ge-Se,8,223.0113,5.5215,2.811494,6a91f4fe36a30ab5582f255de5d2803fa8d18cf26fc89a312be17eefa5e36e5d
4762,mb-dielectric-4763,K2 Zn1 H4 I4 O14,K2ZnH4(I2O7)2,H-I-K-O-Zn,25,368.3086,3.9641,1.832887,de3c83da0d6bbd22a45bd781c95d3d3320766e35e28510c5f9dd58140f224efe
4763,mb-dielectric-4764,Cs1 Ge1 Br3,CsGeBr3,Br-Cs-Ge,5,176.8223,4.1814,2.559279,525ff00f60cb7b8bf25ff315c0d4831fd17ee621d4a266541d260338915a3f03
