original_index,matbench_id,reduced_formula,chemical_system,target_n,ood_fold
1,mb-dielectric-0002,K3VO4,K-O-V,1.6528587356456086,0
2,mb-dielectric-0003,Rb2ZrO3,O-Rb-Zr,1.867857596285113,2
3,mb-dielectric-0004,MnOF,F-Mn-O,2.67688749607948,4
5,mb-dielectric-0006,CaTlF3,Ca-F-Tl,1.6774943616398088,2
6,mb-dielectric-0007,TlPd2Se3,Pd-Se-Tl,5.083371584555542,2
7,mb-dielectric-0008,CaHgO2,Ca-Hg-O,2.0323401126123875,4
8,mb-dielectric-0009,MoSe2,Mo-Se,3.3691739838376953,4
9,mb-dielectric-0010,Li4Zr3O8,Li-O-Zr,2.077186558785705,4
10,mb-dielectric-0011,CsGeCl3,Cl-Cs-Ge,1.9084626448182502,1
11,mb-dielectric-0012,RbAuO2,Au-O-Rb,1.8904877677467267,2
12,mb-dielectric-0013,RbCuO2,Cu-O-Rb,2.0107925468995194,1
13,mb-dielectric-0014,Na6MnTe4,Mn-Na-Te,2.2758439460267637,0
14,mb-dielectric-0015,Cs3YF6,Cs-F-Y,1.451558357995522,1
15,mb-dielectric-0016,Si3N4,N-Si,2.0692683892300336,2
16,mb-dielectric-0017,MnCN2,C-Mn-N,2.3237190736690407,1
17,mb-dielectric-0018,Na2SbAu,Au-Na-Sb,4.248906133739992,1
19,mb-dielectric-0020,K2CuP,Cu-K-P,2.5537053471377607,1
20,mb-dielectric-0021,SiO2,O-Si,1.3754999091239513,0
22,mb-dielectric-0023,LiAsO3,As-Li-O,1.9014183302647014,4
26,mb-dielectric-0027,OsOF5,F-O-Os,1.610746203886054,2
27,mb-dielectric-0028,CsSbF6,Cs-F-Sb,1.4138462905610778,0
28,mb-dielectric-0029,Ag2HgI4,Ag-Hg-I,2.3173647389509777,1
29,mb-dielectric-0030,AlAgO2,Ag-Al-O,2.4161255486142887,1
31,mb-dielectric-0032,Cs2V5O13,Cs-O-V,1.8932521402778522,4
32,mb-dielectric-0033,K3Cu3P2,Cu-K-P,2.697724164303435,1
33,mb-dielectric-0034,KGeNO,Ge-K-N-O,1.8898024588123843,0
34,mb-dielectric-0035,IO2F,F-I-O,1.980909471261454,1
36,mb-dielectric-0037,Ca4Cl6O,Ca-Cl-O,1.7971544174054714,2
37,mb-dielectric-0038,K2P3,K-P,2.189977168813812,4
38,mb-dielectric-0039,K2SiP2,K-P-Si,2.338098871590616,2
39,mb-dielectric-0040,Au2O3,Au-O,3.0468834897317616,0
40,mb-dielectric-0041,Na2GeO3,Ge-Na-O,1.706842015731587,1
41,mb-dielectric-0042,Li2Mn3ZnO8,Li-Mn-O-Zn,2.464982555719208,0
42,mb-dielectric-0043,K2ZnF4,F-K-Zn,1.465016950982716,1
43,mb-dielectric-0044,Cd(PtO2)3,Cd-O-Pt,4.168143991434717,4
44,mb-dielectric-0045,GaGeTe,Ga-Ge-Te,7.057081313593224,1
45,mb-dielectric-0046,TlGaSe2,Ga-Se-Tl,3.032020338542082,4
46,mb-dielectric-0047,AlTlSe2,Al-Se-Tl,2.878486292017612,4
48,mb-dielectric-0049,K2ZnO2,K-O-Zn,1.8209356569265847,0
50,mb-dielectric-0051,Sr(MgSb)2,Mg-Sb-Sr,3.1864654922552242,4
51,mb-dielectric-0052,Ca(MgSb)2,Ca-Mg-Sb,3.2598568475727294,2
52,mb-dielectric-0053,Ag2S,Ag-S,2.6869483309757434,2
54,mb-dielectric-0055,LiBeAs,As-Be-Li,3.0382326002683424,4
55,mb-dielectric-0056,As2Ru,As-Ru,4.852215988597375,4
56,mb-dielectric-0057,SiO2,O-Si,1.507309413049181,0
57,mb-dielectric-0058,BaSn(GeO3)3,Ba-Ge-O-Sn,1.8015767168418597,1
58,mb-dielectric-0059,ZnGeN2,Ge-N-Zn,2.4532481869282337,0
59,mb-dielectric-0060,BiTeCl,Bi-Cl-Te,2.758195303696484,2
60,mb-dielectric-0061,Zn(PtO2)3,O-Pt-Zn,3.9697187137965515,4
61,mb-dielectric-0062,Rb3Sb2Au3,Au-Rb-Sb,2.8633313930921336,0
62,mb-dielectric-0063,K3Sb2Au3,Au-K-Sb,3.1325708292059513,2
64,mb-dielectric-0065,RbSbF6,F-Rb-Sb,1.4052790944625002,1
65,mb-dielectric-0066,BaNaBi,Ba-Bi-Na,3.968053763076638,4
66,mb-dielectric-0067,LiFeP2O7,Fe-Li-O-P,1.8668244873760003,2
67,mb-dielectric-0068,SiC,C-Si,2.6600899107611577,1
68,mb-dielectric-0069,Na2AgSb,Ag-Na-Sb,3.4746702481438385,4
70,mb-dielectric-0071,K2Be2PbF8,Be-F-K-Pb,1.5250136611268135,1
72,mb-dielectric-0073,K2AlF5,Al-F-K,1.350185172485611,2
73,mb-dielectric-0074,RbNaO,Na-O-Rb,1.8586097851171806,1
74,mb-dielectric-0075,NaLiS,Li-Na-S,1.9801239018472219,4
75,mb-dielectric-0076,KI,I-K,1.7655027612552967,1
76,mb-dielectric-0077,ZnAs,As-Zn,4.6191629833408845,0
77,mb-dielectric-0078,CsAsF6,As-Cs-F,1.4094877320028891,2
78,mb-dielectric-0079,RbAsF6,As-F-Rb,1.3964240043888014,4
79,mb-dielectric-0080,W(ClO)2,Cl-O-W,1.9889645547369617,0
81,mb-dielectric-0082,Sr(CdAs)2,As-Cd-Sr,11.709114967978296,0
82,mb-dielectric-0083,HBr,Br-H,1.5146782936760312,4
83,mb-dielectric-0084,Tb5AgS8,Ag-S-Tb,2.951872740592451,1
84,mb-dielectric-0085,TbH3(CO2)3,C-H-O-Tb,1.7613562009618193,1
85,mb-dielectric-0086,Sr(ZnAs)2,As-Sr-Zn,3.8789603418098255,0
86,mb-dielectric-0087,SrCO3,C-O-Sr,1.6407889362539392,1
87,mb-dielectric-0088,KYO2,K-O-Y,1.885771283409888,1
88,mb-dielectric-0089,Li3LaP2,La-Li-P,3.480852386030394,4
89,mb-dielectric-0090,P4S5,P-S,1.8867078911868331,0
91,mb-dielectric-0092,K2AgAs,Ag-As-K,2.6416650683486123,0
92,mb-dielectric-0093,BAsO4,As-B-O,1.7483560850124324,2
94,mb-dielectric-0095,RbAuS,Au-Rb-S,2.0392252613840065,1
96,mb-dielectric-0097,Mn2CrO4,Cr-Mn-O,2.454645120311013,0
97,mb-dielectric-0098,CsBe4Al4(B3O7)4,Al-B-Be-Cs-O,1.0,0
99,mb-dielectric-0100,TeO2,O-Te,2.3709354693875584,2
100,mb-dielectric-0101,H3BrO,Br-H-O,1.6240468999795952,1
101,mb-dielectric-0102,K3V5O14,K-O-V,2.0405490274270153,0
102,mb-dielectric-0103,K2GeAs2,As-Ge-K,2.6771061490597114,1
103,mb-dielectric-0104,CsAu3Se2,Au-Cs-Se,2.271348718272904,2
104,mb-dielectric-0105,RbAu3Se2,Au-Rb-Se,2.3854807342196946,1
106,mb-dielectric-0107,SrZrN2,N-Sr-Zr,3.3895555264173876,1
107,mb-dielectric-0108,SrHfN2,Hf-N-Sr,3.3035334618125787,2
108,mb-dielectric-0109,Na(SnAs)2,As-Na-Sn,5.113721280372387,4
109,mb-dielectric-0110,TmH3(CO2)3,C-H-O-Tm,1.7614708815835323,0
111,mb-dielectric-0112,TlSbF6,F-Sb-Tl,1.5213994654045815,1
112,mb-dielectric-0113,AlCuCl4,Al-Cl-Cu,1.7202859258468248,2
113,mb-dielectric-0114,BaSeO3,Ba-O-Se,1.81589940984259,2
114,mb-dielectric-0115,KNbO3,K-Nb-O,2.314658002095917,1
115,mb-dielectric-0116,Ca(GdS2)2,Ca-Gd-S,2.8430924477861583,4
116,mb-dielectric-0117,K3CO3F,C-F-K-O,1.4898545790270756,1
117,mb-dielectric-0118,Sr(P3Pt2)2,P-Pt-Sr,4.339277973734212,2
120,mb-dielectric-0121,BaSnF6,Ba-F-Sn,1.5332039438161322,4
121,mb-dielectric-0122,KZnSb,K-Sb-Zn,4.977921085486728,0
122,mb-dielectric-0123,Ba(MgP)2,Ba-Mg-P,2.9011306991125627,0
124,mb-dielectric-0125,K4HgP2,Hg-K-P,2.2153718273313205,4
126,mb-dielectric-0127,KNaO,K-Na-O,1.796831748754828,1
127,mb-dielectric-0128,Zn(InS2)2,In-S-Zn,4.4490205289104585,1
128,mb-dielectric-0129,Ag3SI,Ag-I-S,2.8963630067149158,4
130,mb-dielectric-0131,CaPtF6,Ca-F-Pt,1.5685820560833765,0
131,mb-dielectric-0132,Ba2HfS4,Ba-Hf-S,2.596806821206896,2
132,mb-dielectric-0133,Na2CuP,Cu-Na-P,3.078148794323722,4
133,mb-dielectric-0134,K2MnSe2,K-Mn-Se,2.0910867190689677,0
134,mb-dielectric-0135,Rb2MnS2,Mn-Rb-S,2.000526847274647,4
135,mb-dielectric-0136,K2MnS2,K-Mn-S,1.9960270539248668,1
137,mb-dielectric-0138,KZnP,K-P-Zn,2.918650829864154,1
138,mb-dielectric-0139,CrHO2,Cr-H-O,2.259266178799361,1
139,mb-dielectric-0140,Li5Fe(SiO4)2,Fe-Li-O-Si,1.738807062327503,2
140,mb-dielectric-0141,KCuTe,Cu-K-Te,2.9955796879179664,2
141,mb-dielectric-0142,Cs2GeF6,Cs-F-Ge,1.420801182431946,2
143,mb-dielectric-0144,KCuSe,Cu-K-Se,6.781759604507768,0
145,mb-dielectric-0146,Rb2PtF6,F-Pt-Rb,1.5347608934293397,4
146,mb-dielectric-0147,KScO2,K-O-Sc,1.9665045130891439,2
147,mb-dielectric-0148,RbTlO2,O-Rb-Tl,2.3034223812984687,0
149,mb-dielectric-0150,RbScO2,O-Rb-Sc,2.007593335314689,2
150,mb-dielectric-0151,Na4Al3Si3IO12,Al-I-Na-O-Si,1.5591555406693711,1
151,mb-dielectric-0152,Al2HgTe4,Al-Hg-Te,3.054270234715106,2
152,mb-dielectric-0153,CSO,C-O-S,1.4748881313509725,2
154,mb-dielectric-0155,Ca(CdSb)2,Ca-Cd-Sb,6.256365132140762,4
155,mb-dielectric-0156,K2UF6,F-K-U,1.5889969582517507,2
156,mb-dielectric-0157,K3AuO,Au-K-O,2.2260123539639207,4
158,mb-dielectric-0159,KZnAs,As-K-Zn,5.88881292508657,0
159,mb-dielectric-0160,SbPd2,Pd-Sb,1.0000000000000047,0
160,mb-dielectric-0161,TlClO4,Cl-O-Tl,1.5855645682216792,4
161,mb-dielectric-0162,Li9Fe5(SiO8)2,Fe-Li-O-Si,2.0568615250748734,2
162,mb-dielectric-0163,K2V3O8,K-O-V,1.8426493607484487,0
163,mb-dielectric-0164,TmCuPbSe3,Cu-Pb-Se-Tm,3.4042752578205437,4
164,mb-dielectric-0165,RbLiSe,Li-Rb-Se,2.0240219037022964,2
165,mb-dielectric-0166,Si,Si,3.57042649179805,2
166,mb-dielectric-0167,Sm2PbS4,Pb-S-Sm,3.120332460919296,1
167,mb-dielectric-0168,BeH8SO8,Be-H-O-S,1.4714697867551794,4
169,mb-dielectric-0170,AlFeF5,Al-F-Fe,1.459316735096724,0
170,mb-dielectric-0171,Ba4As2O,As-Ba-O,3.0586418554646158,0
171,mb-dielectric-0172,Fe5CuO8,Cu-Fe-O,3.5623479616679803,2
172,mb-dielectric-0173,TlF,F-Tl,1.9497008317517162,2
173,mb-dielectric-0174,Ba(CuO)2,Ba-Cu-O,2.4331128895580143,1
174,mb-dielectric-0175,LiCuO2,Cu-Li-O,2.866867396073055,2
177,mb-dielectric-0178,Ca3VN3,Ca-N-V,2.825056577604538,1
178,mb-dielectric-0179,Ba(SbO3)2,Ba-O-Sb,1.8561662102301122,4
179,mb-dielectric-0180,Ca(SbO3)2,Ca-O-Sb,1.8927030934618352,2
180,mb-dielectric-0181,Sr(SbO3)2,O-Sb-Sr,1.8584589494166042,4
182,mb-dielectric-0183,TaCrO4,Cr-O-Ta,2.4011490304990786,1
183,mb-dielectric-0184,ZrPdF6,F-Pd-Zr,1.6488897274630965,1
185,mb-dielectric-0186,Sr3TaGa3(SiO7)2,Ga-O-Si-Sr-Ta,1.849595361153356,0
187,mb-dielectric-0188,ZnCO3,C-O-Zn,1.8472982072926578,4
188,mb-dielectric-0189,Cs2NbF6,Cs-F-Nb,1.6105499060879795,2
189,mb-dielectric-0190,BaS2,Ba-S,2.230919093108781,1
191,mb-dielectric-0192,P2Pt,P-Pt,4.4323056452971885,4
192,mb-dielectric-0193,Rb2NbF6,F-Nb-Rb,1.6119180086675284,1
194,mb-dielectric-0195,Sc2SO2,O-S-Sc,2.5211395571579667,2
196,mb-dielectric-0197,SiO2,O-Si,1.4782042033043565,0
197,mb-dielectric-0198,Cs2HgF4,Cs-F-Hg,1.631620973142971,4
198,mb-dielectric-0199,Rb2HgF4,F-Hg-Rb,1.57942700580517,2
199,mb-dielectric-0200,RbNO2,N-O-Rb,1.526946517290854,2
200,mb-dielectric-0201,ZrSO,O-S-Zr,2.781247561796684,4
203,mb-dielectric-0204,Rb2MgF4,F-Mg-Rb,1.4509832298594512,1
204,mb-dielectric-0205,CsCuCl3,Cl-Cs-Cu,1.913883747775708,4
205,mb-dielectric-0206,RbNaS,Na-Rb-S,1.8947872351973105,2
208,mb-dielectric-0209,AsF5,As-F,1.347837774610385,0
209,mb-dielectric-0210,Li5Cr2O8,Cr-Li-O,1.8718011824621403,4
210,mb-dielectric-0211,BaBeSiO4,Ba-Be-O-Si,1.7136056528073587,0
212,mb-dielectric-0213,Cs3Li2F5,Cs-F-Li,1.5073215759529661,4
213,mb-dielectric-0214,SrFeO2,Fe-O-Sr,2.266571346034946,2
214,mb-dielectric-0215,Na5WNO4,N-Na-O-W,1.7716690812150369,0
215,mb-dielectric-0216,Ti3N2O3,N-O-Ti,2.9652321438070692,1
216,mb-dielectric-0217,Mg2Al2Se5,Al-Mg-Se,2.417878339922559,1
217,mb-dielectric-0218,K2AgP,Ag-K-P,2.5917249082416105,0
218,mb-dielectric-0219,LiSiPCO7,C-Li-O-P-Si,1.5793628462136242,0
219,mb-dielectric-0220,Ba2SbAu,Au-Ba-Sb,4.3378687163168035,1
220,mb-dielectric-0221,K3Nb3(BO6)2,B-K-Nb-O,2.122921257764088,0
221,mb-dielectric-0222,LiMg4V3O12,Li-Mg-O-V,1.9263904069528588,2
222,mb-dielectric-0223,Sr2Nb2O7,Nb-O-Sr,2.184187034115888,4
223,mb-dielectric-0224,K3SbO3,K-O-Sb,1.7303066202266,4
224,mb-dielectric-0225,Na2GeF6,F-Ge-Na,1.3672717359764388,1
226,mb-dielectric-0227,K6MnS4,K-Mn-S,1.929759311399838,1
228,mb-dielectric-0229,Ge(Bi3O5)4,Bi-Ge-O,2.4977329721169017,4
231,mb-dielectric-0232,RbGaO2,Ga-O-Rb,1.7582118757419418,2
232,mb-dielectric-0233,K4Nb8Si(P2O17)2,K-Nb-O-P-Si,2.139465353774162,4
234,mb-dielectric-0235,Li3SbS4,Li-S-Sb,2.4093299206764245,4
235,mb-dielectric-0236,Li2Ti3ZnO8,Li-O-Ti-Zn,2.2361826848448674,4
236,mb-dielectric-0237,NaNbO3,Na-Nb-O,2.3274064249001865,1
237,mb-dielectric-0238,Al3NO3,Al-N-O,1.9045086855494604,4
238,mb-dielectric-0239,SiO2,O-Si,1.5863028294328503,0
240,mb-dielectric-0241,NaSb,Na-Sb,3.76040777930621,1
242,mb-dielectric-0243,LiSbWO6,Li-O-Sb-W,2.0207690365033013,0
243,mb-dielectric-0244,Mg(GaO2)2,Ga-Mg-O,1.977507353547221,4
244,mb-dielectric-0245,Li2V(PO4)2,Li-O-P-V,1.9472533647850416,4
245,mb-dielectric-0246,NaH9O5,H-Na-O,1.4453357164802,1
247,mb-dielectric-0248,RbHF2,F-H-Rb,1.387506756740305,0
248,mb-dielectric-0249,BaNa(PO3)3,Ba-Na-O-P,1.5823539427068773,0
250,mb-dielectric-0251,In2HgSe4,Hg-In-Se,2.9445298436252942,2
251,mb-dielectric-0252,Tl4SiS4,S-Si-Tl,2.580605161585166,0
252,mb-dielectric-0253,RbLaSe2,La-Rb-Se,2.262070364363887,2
253,mb-dielectric-0254,LiAlSi2H2O7,Al-H-Li-O-Si,1.5511993209556705,0
255,mb-dielectric-0256,Sr(PIr)2,Ir-P-Sr,6.252679425654279,1
256,mb-dielectric-0257,InAgTe2,Ag-In-Te,3.5602727423611795,2
257,mb-dielectric-0258,K2Hg3(GeS4)2,Ge-Hg-K-S,2.2656287574681437,1
259,mb-dielectric-0260,Cd3AsI3,As-Cd-I,2.369584773752566,4
260,mb-dielectric-0261,Li7VO5F,F-Li-O-V,1.8608056498911074,1
262,mb-dielectric-0263,BPPbO5,B-O-P-Pb,1.89708820740278,0
263,mb-dielectric-0264,Sr(Si3N4)2,N-Si-Sr,2.147400676787326,4
264,mb-dielectric-0265,RbHgF3,F-Hg-Rb,1.7387624909687924,2
266,mb-dielectric-0267,BePH3O5,Be-H-O-P,1.5288308168880775,0
267,mb-dielectric-0268,Cr3O8,Cr-O,2.485578581276071,0
268,mb-dielectric-0269,Na8Al6Si6SO28,Al-Na-O-S-Si,1.4715369516257482,1
270,mb-dielectric-0271,GeAs,As-Ge,3.7453526759981965,1
271,mb-dielectric-0272,Na3LiMn5O9,Li-Mn-Na-O,2.676233235974274,0
272,mb-dielectric-0273,NaYP2O7,Na-O-P-Y,1.6144476867750572,4
273,mb-dielectric-0274,Na4SnTe4,Na-Sn-Te,2.573402740860176,2
274,mb-dielectric-0275,SrLiP,Li-P-Sr,2.8917565019666984,0
276,mb-dielectric-0277,CaGeN2,Ca-Ge-N,2.369647723467211,2
278,mb-dielectric-0279,K3Sb,K-Sb,2.8448784391135926,4
279,mb-dielectric-0280,Te(HO)6,H-O-Te,1.6207319334177384,1
280,mb-dielectric-0281,ErCuS2,Cu-Er-S,2.758497900428178,0
281,mb-dielectric-0282,MgAs4,As-Mg,3.7240658784004705,4
282,mb-dielectric-0283,ZnFeH4O2F5,F-Fe-H-O-Zn,1.5603069142533037,2
284,mb-dielectric-0285,DyBO3,B-Dy-O,1.850960291308271,0
285,mb-dielectric-0286,RbFe(SeO4)2,Fe-O-Rb-Se,1.781126984056262,0
287,mb-dielectric-0288,AlPO4,Al-O-P,1.5054302817910026,2
289,mb-dielectric-0290,Ba2CaI6,Ba-Ca-I,1.8766975426708128,0
290,mb-dielectric-0291,AuI,Au-I,2.1611725212640165,0
291,mb-dielectric-0292,Ta2SnO6,O-Sn-Ta,2.460595550669691,0
294,mb-dielectric-0295,Li10Sn(PSe6)2,Li-P-Se-Sn,2.2758664284179773,2
295,mb-dielectric-0296,Ba(ZnAs)2,As-Ba-Zn,4.192254763250917,2
296,mb-dielectric-0297,Mg3BeAl8O16,Al-Be-Mg-O,1.7594908354407504,1
297,mb-dielectric-0298,NbBiO4,Bi-Nb-O,2.331677865114876,1
298,mb-dielectric-0299,InAgS2,Ag-In-S,2.6815496763376707,0
300,mb-dielectric-0301,Hg2TeO3,Hg-O-Te,2.177788021517858,1
301,mb-dielectric-0302,Ag2PSe3,Ag-P-Se,3.104686242870069,1
302,mb-dielectric-0303,SrH4O3,H-O-Sr,1.6074217451144137,2
303,mb-dielectric-0304,BaCl2,Ba-Cl,1.788507571505733,0
304,mb-dielectric-0305,Li3VBO5,B-Li-O-V,1.8758513622708313,2
305,mb-dielectric-0306,RbVBr3,Br-Rb-V,1.869856678999754,1
307,mb-dielectric-0308,AlPO4,Al-O-P,1.4575808725418977,2
308,mb-dielectric-0309,Na2MgAlF7,Al-F-Mg-Na,1.3771952173408908,1
310,mb-dielectric-0311,Cs2SnAs2,As-Cs-Sn,2.549667298557462,4
311,mb-dielectric-0312,Rb2SnAs2,As-Rb-Sn,2.5949080908579334,2
312,mb-dielectric-0313,GaSeBr7,Br-Ga-Se,1.9640222334111528,0
313,mb-dielectric-0314,Sr3CaI8,Ca-I-Sr,1.9900096478100004,0
315,mb-dielectric-0316,Ca2NbN3,Ca-N-Nb,2.5813615270498884,1
316,mb-dielectric-0317,KMgSb,K-Mg-Sb,2.7963538164307224,1
317,mb-dielectric-0318,KSO2F,F-K-O-S,1.4889593681494468,1
319,mb-dielectric-0320,Li3Co2(GeO4)2,Co-Ge-Li-O,4.699785456096197,0
320,mb-dielectric-0321,Rb2MnTe2,Mn-Rb-Te,2.1707563198111353,2
321,mb-dielectric-0322,K2MnTe2,K-Mn-Te,2.202091203076447,4
324,mb-dielectric-0325,RbPPbS4,P-Pb-Rb-S,2.23498433998988,4
325,mb-dielectric-0326,RbCrI3,Cr-I-Rb,2.2705080195116563,4
326,mb-dielectric-0327,ZrO2,O-Zr,2.3125022522511554,2
327,mb-dielectric-0328,SrP3,P-Sr,3.3719430600098916,0
328,mb-dielectric-0329,As2Se3,As-Se,2.842358175881428,1
329,mb-dielectric-0330,Ag3SI,Ag-I-S,2.903175330564794,4
330,mb-dielectric-0331,PH3NF5,F-H-N-P,1.4100827398891647,0
331,mb-dielectric-0332,ZnAs2,As-Zn,3.669377785583454,0
332,mb-dielectric-0333,Y4Se3N2,N-Se-Y,2.6651184463984583,2
333,mb-dielectric-0334,LiMn(PO3)3,Li-Mn-O-P,1.5472029601833115,1
334,mb-dielectric-0335,V2Te2O9,O-Te-V,2.3174876536715594,2
336,mb-dielectric-0337,Li3ErCl6,Cl-Er-Li,1.742565445925442,2
337,mb-dielectric-0338,Rb2Se5,Rb-Se,2.395379023592439,1
338,mb-dielectric-0339,KMg(PO3)3,K-Mg-O-P,1.5507784066934536,2
339,mb-dielectric-0340,TaGaO4,Ga-O-Ta,2.2720269217888536,1
340,mb-dielectric-0341,BaSe3,Ba-Se,2.852917045177911,1
341,mb-dielectric-0342,TmBO3,B-O-Tm,1.8402106763447856,4
342,mb-dielectric-0343,BaCuN,Ba-Cu-N,3.584953509693908,2
343,mb-dielectric-0344,SrTaNO2,N-O-Sr-Ta,2.806005464475554,1
344,mb-dielectric-0345,LuBO3,B-Lu-O,1.8107797748319099,2
345,mb-dielectric-0346,Ca(ClO3)2,Ca-Cl-O,1.6660274107388908,2
347,mb-dielectric-0348,ZnF2,F-Zn,1.597915308560918,0
348,mb-dielectric-0349,Ca2Al2SiO7,Al-Ca-O-Si,1.7341352311743166,1
350,mb-dielectric-0351,TiSiPt,Pt-Si-Ti,4.279369112381033,0
351,mb-dielectric-0352,Ag2S,Ag-S,2.944857724679433,2
352,mb-dielectric-0353,SrCaSi,Ca-Si-Sr,4.07602747782691,4
353,mb-dielectric-0354,SmSnAu,Au-Sm-Sn,4.992550951167149,2
354,mb-dielectric-0355,K4BeP2,Be-K-P,2.08579856809487,4
356,mb-dielectric-0357,Sr2In2O5,In-O-Sr,2.069078699969304,2
357,mb-dielectric-0358,LiPN2,Li-N-P,2.0585636578287563,2
358,mb-dielectric-0359,SiAs2,As-Si,3.418674206959963,1
361,mb-dielectric-0362,K2PtSe2,K-Pt-Se,2.459783188277644,4
362,mb-dielectric-0363,LiAgF4,Ag-F-Li,1.7300095231892412,0
363,mb-dielectric-0364,SiP2,P-Si,2.71422180375886,4
364,mb-dielectric-0365,YB4Mo,B-Mo-Y,5.932677866416368,0
365,mb-dielectric-0366,LiIO3,I-Li-O,1.897450394608513,4
366,mb-dielectric-0367,Be4Si2H2O9,Be-H-O-Si,1.634634005927117,2
367,mb-dielectric-0368,NbOF3,F-Nb-O,1.7765732933562484,4
368,mb-dielectric-0369,CoO2,Co-O,3.7423341949942914,4
369,mb-dielectric-0370,Ca4PtO6,Ca-O-Pt,2.1718655575337715,4
370,mb-dielectric-0371,LiFeSiO4,Fe-Li-O-Si,1.7162899910368643,2
371,mb-dielectric-0372,KAlTe2,Al-K-Te,2.470693087644302,0
372,mb-dielectric-0373,SnS2,S-Sn,2.474671695397193,1
373,mb-dielectric-0374,Li4Mn3P3O12F,F-Li-Mn-O-P,1.5877462013810648,1
374,mb-dielectric-0375,TiFeTe,Fe-Te-Ti,4.621601526166767,4
375,mb-dielectric-0376,S(OF)2,F-O-S,1.3415165547493877,1
376,mb-dielectric-0377,LiVF6,F-Li-V,1.6121828887153764,4
378,mb-dielectric-0379,Ba2TiOF6,Ba-F-O-Ti,1.6779550053562222,4
379,mb-dielectric-0380,Ga(MoSe2)4,Ga-Mo-Se,4.019361806721726,0
380,mb-dielectric-0381,NaLiZnP2O7,Li-Na-O-P-Zn,1.5884340296866806,2
381,mb-dielectric-0382,Sr2Sn,Sn-Sr,4.3744332966301664,4
382,mb-dielectric-0383,Cs5Te3H4NCl18,Cl-Cs-H-N-Te,1.7853641085224008,2
385,mb-dielectric-0386,K3Nb3(BO6)2,B-K-Nb-O,2.226257172924996,0
386,mb-dielectric-0387,Se,Se,3.113321216964291,0
389,mb-dielectric-0390,Sr2ZnN2,N-Sr-Zn,2.532808980822149,2
390,mb-dielectric-0391,Ba4Cl6O,Ba-Cl-O,1.7502413166951216,4
391,mb-dielectric-0392,Cs2ZrCl6,Cl-Cs-Zr,1.6542822209848804,0
392,mb-dielectric-0393,K3NbO8,K-Nb-O,1.6465161199737262,1
393,mb-dielectric-0394,Sm2CdSe4,Cd-Se-Sm,3.2736348808829208,0
394,mb-dielectric-0395,Mn4Be3Si3SeO12,Be-Mn-O-Se-Si,1.7968305429282974,4
396,mb-dielectric-0397,Ba(NO2)2,Ba-N-O,1.6264896761635674,4
397,mb-dielectric-0398,K3VO4,K-O-V,1.5980884414407945,0
398,mb-dielectric-0399,Zn(GaTe2)2,Ga-Te-Zn,3.236760726405336,0
399,mb-dielectric-0400,KBePO4,Be-K-O-P,1.5703709752794084,0
400,mb-dielectric-0401,Li2AlCoO4,Al-Co-Li-O,1.9396056300186384,2
401,mb-dielectric-0402,BaAgP,Ag-Ba-P,5.310262328736687,1
402,mb-dielectric-0403,IrF3,F-Ir,2.663080922538144,0
405,mb-dielectric-0406,Y3CuSnS7,Cu-S-Sn-Y,2.814122953959193,1
406,mb-dielectric-0407,Li2CO3,C-Li-O,1.5394804318330149,2
407,mb-dielectric-0408,K2NaNb(OF2)2,F-K-Na-Nb-O,1.5964209177224782,2
408,mb-dielectric-0409,N2,N,1.2367720080920332,0
409,mb-dielectric-0410,Li2V3O6,Li-O-V,2.341882184768923,4
410,mb-dielectric-0411,YAlO3,Al-O-Y,2.032404159281974,1
411,mb-dielectric-0412,RbSO2F,F-O-Rb-S,1.4761436244485155,1
412,mb-dielectric-0413,CrSiTe3,Cr-Si-Te,3.4453350103226854,4
413,mb-dielectric-0414,FePO4,Fe-O-P,1.7517056449833883,0
415,mb-dielectric-0416,AlSb,Al-Sb,3.394573161955062,4
417,mb-dielectric-0418,NaNb(CuS2)2,Cu-Na-Nb-S,2.2427307016224662,0
418,mb-dielectric-0419,CsNaSe,Cs-Na-Se,2.023342284439289,4
419,mb-dielectric-0420,H3BrO,Br-H-O,1.6238117707008712,1
420,mb-dielectric-0421,Cd(BO2)2,B-Cd-O,1.912151754786568,0
425,mb-dielectric-0426,Na8BeAl4Si7(ClO12)2,Al-Be-Cl-Na-O-Si,1.5131518980811764,4
428,mb-dielectric-0429,Li7MnN4,Li-Mn-N,2.5724535629109684,0
431,mb-dielectric-0432,SrH2(CO2)2,C-H-O-Sr,1.5677398806349645,2
432,mb-dielectric-0433,Na3MoN3,Mo-N-Na,2.2598399648352685,1
433,mb-dielectric-0434,K4Br2O,Br-K-O,1.6426119444348395,4
434,mb-dielectric-0435,H2O,H-O,1.478829700298634,1
435,mb-dielectric-0436,NaY(SeO3)2,Na-O-Se-Y,1.8308372401718291,1
436,mb-dielectric-0437,Rb2NaTlF6,F-Na-Rb-Tl,1.4939879517586478,4
437,mb-dielectric-0438,FeBr2,Br-Fe,12.891263191130154,2
438,mb-dielectric-0439,Sr2CaWO6,Ca-O-Sr-W,2.017576929553534,4
439,mb-dielectric-0440,Ca2Cu2O5,Ca-Cu-O,2.516849750514851,4
440,mb-dielectric-0441,LiSn(PO3)3,Li-O-P-Sn,1.7817616750471053,1
441,mb-dielectric-0442,As2S3,As-S,2.3507873149223855,2
442,mb-dielectric-0443,TmCu(BO2)5,B-Cu-O-Tm,1.8554555595145183,2
443,mb-dielectric-0444,Rb2NaSbF6,F-Na-Rb-Sb,1.5270887335056853,0
444,mb-dielectric-0445,LiMn2(BO3)2,B-Li-Mn-O,2.1841239281078657,4
445,mb-dielectric-0446,La(GePt)2,Ge-La-Pt,1.0,1
447,mb-dielectric-0448,YAgSe2,Ag-Se-Y,3.0739387573118586,4
448,mb-dielectric-0449,CsVN2,Cs-N-V,4.355800997903064,1
449,mb-dielectric-0450,Rb2NaAsF6,As-F-Na-Rb,1.5310127367203703,0
450,mb-dielectric-0451,Sr4ZrN4,N-Sr-Zr,2.5075953953272982,1
451,mb-dielectric-0452,KLiBeF4,Be-F-K-Li,1.3426342266852485,2
452,mb-dielectric-0453,YScS3,S-Sc-Y,2.8452885032394635,1
453,mb-dielectric-0454,MgH8(ClO6)2,Cl-H-Mg-O,1.4449913494550757,4
454,mb-dielectric-0455,CaNdTiMnO6,Ca-Mn-Nd-O-Ti,2.542509652554604,0
455,mb-dielectric-0456,FeP2O7,Fe-O-P,8.322433898806286,0
456,mb-dielectric-0457,ZrO2,O-Zr,2.365286733851381,2
457,mb-dielectric-0458,ZnSi(AgO2)2,Ag-O-Si-Zn,2.1287804803063497,2
458,mb-dielectric-0459,Li5SbS,Li-S-Sb,2.622592419725185,4
459,mb-dielectric-0460,Nb2Te3O11,Nb-O-Te,2.2219750973702053,2
460,mb-dielectric-0461,B6As,As-B,2.770198548849521,2
461,mb-dielectric-0462,Y3Si6N11,N-Si-Y,2.2818953379446074,4
463,mb-dielectric-0464,NaMg4V3O12,Mg-Na-O-V,1.9119105627617627,1
467,mb-dielectric-0468,AlPS4,Al-P-S,1.7818750423827892,1
468,mb-dielectric-0469,TeOF2,F-O-Te,1.80583849407046,4
470,mb-dielectric-0471,TiNbTl(O2F)2,F-Nb-O-Ti-Tl,2.241734744938987,2
471,mb-dielectric-0472,Na2BeF4,Be-F-Na,1.334291322512941,4
472,mb-dielectric-0473,Rb6Si10O23,O-Rb-Si,1.5419268248958315,1
474,mb-dielectric-0475,BaGaF5,Ba-F-Ga,1.539747923092175,4
475,mb-dielectric-0476,GeClF,Cl-F-Ge,2.383538126399492,4
476,mb-dielectric-0477,SbClO,Cl-O-Sb,2.4789492397653756,2
477,mb-dielectric-0478,PPdSe,P-Pd-Se,3.6428926235433656,0
479,mb-dielectric-0480,Sb2S3,S-Sb,3.3483423759625697,4
480,mb-dielectric-0481,Y2TeO6,O-Te-Y,2.0124451959411633,1
481,mb-dielectric-0482,ScClO,Cl-O-Sc,2.060352882396605,1
482,mb-dielectric-0483,SnBrCl,Br-Cl-Sn,2.4374430591639813,1
483,mb-dielectric-0484,S,S,1.6828874987156275,2
484,mb-dielectric-0485,SnBrF,Br-F-Sn,2.435326535258328,4
485,mb-dielectric-0486,Ba2ZrS4,Ba-S-Zr,2.6771101957147794,0
487,mb-dielectric-0488,TiFeO3,Fe-O-Ti,2.4603113624092385,1
489,mb-dielectric-0490,TaAgO3,Ag-O-Ta,2.5941644126770416,1
490,mb-dielectric-0491,TiMnO3,Mn-O-Ti,2.4457458984939606,2
491,mb-dielectric-0492,GaS,Ga-S,2.314519388535018,0
493,mb-dielectric-0494,Mn2FeO4,Fe-Mn-O,2.490724058046844,2
494,mb-dielectric-0495,LiV(TeO4)3,Li-O-Te-V,2.548506229146792,0
495,mb-dielectric-0496,InCl3,Cl-In,1.6163091701251775,1
496,mb-dielectric-0497,PbCl2,Cl-Pb,2.0031641636837123,2
497,mb-dielectric-0498,PbBr2,Br-Pb,2.208544015107389,2
498,mb-dielectric-0499,KNa(BH4)2,B-H-K-Na,1.5063297558414412,4
499,mb-dielectric-0500,Ir2S3,Ir-S,4.378317789598859,0
500,mb-dielectric-0501,CoBr2,Br-Co,3.4788408031567326,0
502,mb-dielectric-0503,Yb(As2Rh3)2,As-Rh-Yb,1.0000000000000044,0
503,mb-dielectric-0504,RbCdF3,Cd-F-Rb,1.5443976171957798,1
504,mb-dielectric-0505,Ba(AgS)2,Ag-Ba-S,2.7395852484150387,0
506,mb-dielectric-0507,InPS4,In-P-S,2.3333723806256614,2
507,mb-dielectric-0508,PdPtF6,F-Pd-Pt,2.517154875383449,4
508,mb-dielectric-0509,Mg3SbN,Mg-N-Sb,3.2797004333964472,1
509,mb-dielectric-0510,K2Se,K-Se,1.8155807151939771,2
510,mb-dielectric-0511,Au2S,Au-S,2.6387197653407615,2
511,mb-dielectric-0512,Sr6Y2Al4O15,Al-O-Sr-Y,1.8698023959766445,4
512,mb-dielectric-0513,Y2P4O13,O-P-Y,1.6560536424484178,2
513,mb-dielectric-0514,K3FeO2,Fe-K-O,1.9230928214727439,0
514,mb-dielectric-0515,H3ClO5,Cl-H-O,1.485373129329238,4
515,mb-dielectric-0516,SrLiTa2O6F,F-Li-O-Sr-Ta,2.1244904487115646,0
516,mb-dielectric-0517,TlSbSe2,Sb-Se-Tl,4.08656334834051,4
517,mb-dielectric-0518,LiCoPO4,Co-Li-O-P,1.6791650703052792,0
518,mb-dielectric-0519,Li2FeSiO4,Fe-Li-O-Si,1.78403961092049,2
519,mb-dielectric-0520,P(HO)3,H-O-P,1.554197756614861,0
520,mb-dielectric-0521,NaH9O5,H-Na-O,1.4326295171234376,1
522,mb-dielectric-0523,Y(PO3)3,O-P-Y,1.5731309544980672,2
523,mb-dielectric-0524,RbNbN2,N-Nb-Rb,2.644064106635843,0
524,mb-dielectric-0525,KAs,As-K,2.7182301227085244,4
526,mb-dielectric-0527,Sr3Ta4(O6F)2,F-O-Sr-Ta,2.1350035909415466,0
528,mb-dielectric-0529,AlInS3,Al-In-S,2.326079820929052,4
529,mb-dielectric-0530,H3N,H-N,1.4046074184625397,2
530,mb-dielectric-0531,Rb7NbAs4,As-Nb-Rb,2.461332769050134,0
531,mb-dielectric-0532,Sr4Sb2O,O-Sb-Sr,2.9222677968142743,4
532,mb-dielectric-0533,BaGa4S7,Ba-Ga-S,2.3780759729944148,0
533,mb-dielectric-0534,Mg3WN4,Mg-N-W,2.2736556467504045,4
534,mb-dielectric-0535,CdAg2GeS4,Ag-Cd-Ge-S,2.646006235820316,4
535,mb-dielectric-0536,AlTlF4,Al-F-Tl,1.6448124513147389,2
536,mb-dielectric-0537,Ca5(CoN2)2,Ca-Co-N,3.171589769605563,1
537,mb-dielectric-0538,Te2SO7,O-S-Te,1.9858150299897857,0
538,mb-dielectric-0539,Li2Cr3CoO8,Co-Cr-Li-O,2.800877362541969,0
539,mb-dielectric-0540,NaPH4O5,H-Na-O-P,1.5001562140879416,1
540,mb-dielectric-0541,Cs2CN2,C-Cs-N,1.6437987508613499,0
541,mb-dielectric-0542,BeO,Be-O,1.7643505887436313,0
542,mb-dielectric-0543,PCl3O,Cl-O-P,1.4281689909344295,4
543,mb-dielectric-0544,BaSiF6,Ba-F-Si,1.480138169226103,0
544,mb-dielectric-0545,CsRuF6,Cs-F-Ru,1.5291192454045766,1
545,mb-dielectric-0546,RbRuF6,F-Rb-Ru,1.5334072083653119,2
547,mb-dielectric-0548,Ce2Dy2O7,Ce-Dy-O,2.4228578167114962,2
548,mb-dielectric-0549,SrLiN,Li-N-Sr,2.6145331641933076,1
549,mb-dielectric-0550,AgI,Ag-I,2.2289628380332758,0
551,mb-dielectric-0552,KOsF6,F-K-Os,1.5129709184250635,2
553,mb-dielectric-0554,K2PdF6,F-K-Pd,1.5696456075602971,2
554,mb-dielectric-0555,LiSnPO4,Li-O-P-Sn,1.8610882121310997,1
555,mb-dielectric-0556,Tl3AsSe3,As-Se-Tl,3.234553034551897,0
556,mb-dielectric-0557,RbLaO2,La-O-Rb,1.9365816963574352,0
557,mb-dielectric-0558,KH3F4,F-H-K,1.3263986328846589,1
559,mb-dielectric-0560,UCO5,C-O-U,1.8410779451180224,0
560,mb-dielectric-0561,Al2O3,Al-O,1.8111663829330193,2
561,mb-dielectric-0562,MnSiN2,Mn-N-Si,2.4154613775978007,2
562,mb-dielectric-0563,Al2HgO4,Al-Hg-O,2.143739489770159,0
563,mb-dielectric-0564,CsClO3,Cl-Cs-O,1.536564674851008,4
564,mb-dielectric-0565,Cs2ZrF6,Cs-F-Zr,1.4999332207357325,0
565,mb-dielectric-0566,K3P,K-P,2.9661422757514724,4
567,mb-dielectric-0568,Mg3As2,As-Mg,3.359315406448186,4
568,mb-dielectric-0569,Mn4OF6,F-Mn-O,1.699909017173174,4
569,mb-dielectric-0570,AlCuO2,Al-Cu-O,2.358862790979302,1
570,mb-dielectric-0571,Na4Al3Si3BrO12,Al-Br-Na-O-Si,1.5248754047462372,1
572,mb-dielectric-0573,KAsF6,As-F-K,1.3940349110870147,4
573,mb-dielectric-0574,HgI2,Hg-I,1.99949435274688,4
574,mb-dielectric-0575,K2PAu,Au-K-P,2.577056719075719,4
575,mb-dielectric-0576,K2NiP2,K-Ni-P,2.9382402329739166,4
576,mb-dielectric-0577,Sr2CuSi2O7,Cu-O-Si-Sr,2.1817338670577278,4
577,mb-dielectric-0578,Li7Mn3(SiO6)2,Li-Mn-O-Si,2.0181096765702966,1
578,mb-dielectric-0579,Al2PbO4,Al-O-Pb,1.9122249693311018,2
579,mb-dielectric-0580,BeO,Be-O,6.547365882551681,0
580,mb-dielectric-0581,K2P2Pd,K-P-Pd,2.7624740722764938,4
581,mb-dielectric-0582,WOF4,F-O-W,1.5708245181008178,0
582,mb-dielectric-0583,K2GeF6,F-Ge-K,1.4250946167418732,4
583,mb-dielectric-0584,K2ReF6,F-K-Re,1.5011889732253347,4
585,mb-dielectric-0586,LaBO3,B-La-O,1.919334606923278,4
587,mb-dielectric-0588,RbMgF3,F-Mg-Rb,1.4783500938546321,1
589,mb-dielectric-0590,NaCrS2,Cr-Na-S,2.9248136692787794,0
590,mb-dielectric-0591,CuBi(WO4)2,Bi-Cu-O-W,2.494546184512659,4
591,mb-dielectric-0592,NaInBr4,Br-In-Na,1.7455671475674222,2
592,mb-dielectric-0593,Li4Cr3GaO8,Cr-Ga-Li-O,2.084862665341133,0
594,mb-dielectric-0595,SrTaNO2,N-O-Sr-Ta,2.6978671205231737,1
595,mb-dielectric-0596,TiH2SO6,H-O-S-Ti,1.9198159634020477,2
597,mb-dielectric-0598,K9Li3I2O13,I-K-Li-O,1.8318792718589991,0
599,mb-dielectric-0600,Mn6O5F7,F-Mn-O,3.2523260394165083,4
600,mb-dielectric-0601,NaH8SeNO6,H-N-Na-O-Se,1.512175585042954,1
602,mb-dielectric-0603,RbZnPO4,O-P-Rb-Zn,1.6129929737396047,2
603,mb-dielectric-0604,NaInO2,In-Na-O,1.9847281929775569,1
604,mb-dielectric-0605,V2P4H3O16,H-O-P-V,2.2260923161450425,4
605,mb-dielectric-0606,GaN5O14,Ga-N-O,1.5725938233801293,4
606,mb-dielectric-0607,Na5LiMn2P2(CO7)2,C-Li-Mn-Na-O-P,1.6065551136930638,2
607,mb-dielectric-0608,Li3GaN2,Ga-Li-N,2.2873797236138986,4
609,mb-dielectric-0610,Ti2CuSb3,Cu-Sb-Ti,1.0,2
610,mb-dielectric-0611,RbB3O5,B-O-Rb,1.5459902975115982,4
611,mb-dielectric-0612,CsSnF3,Cs-F-Sn,1.679777366200652,0
612,mb-dielectric-0613,TlP(HO2)2,H-O-P-Tl,1.7048949136725895,0
613,mb-dielectric-0614,BaCO3,Ba-C-O,1.6388129850596131,0
614,mb-dielectric-0615,KCrP2S7,Cr-K-P-S,2.293787333937768,2
615,mb-dielectric-0616,Li4Cr3(CoO4)3,Co-Cr-Li-O,2.5721376323983907,0
616,mb-dielectric-0617,Rb4SnO3,O-Rb-Sn,1.9463585658009332,1
617,mb-dielectric-0618,Li2VGa3O8,Ga-Li-O-V,1.843488088741919,0
619,mb-dielectric-0620,ScNiBi,Bi-Ni-Sc,4.74940680506524,4
620,mb-dielectric-0621,Re3S4Br,Br-Re-S,2.685951104047379,1
622,mb-dielectric-0623,LiMnAsCO7,As-C-Li-Mn-O,1.9761350324982012,0
623,mb-dielectric-0624,LiAlSi2H2O7,Al-H-Li-O-Si,1.5390773209946278,0
625,mb-dielectric-0626,NaTlO2,Na-O-Tl,2.3170745923829665,1
627,mb-dielectric-0628,NbCu3Te4,Cu-Nb-Te,3.1343651669835784,0
628,mb-dielectric-0629,BaS3,Ba-S,2.4116733471457805,1
629,mb-dielectric-0630,Na2Ge2O5,Ge-Na-O,1.6679188629346853,1
630,mb-dielectric-0631,Mg2B24C,B-C-Mg,2.845845392849021,0
631,mb-dielectric-0632,GaF3,F-Ga,1.51624536272974,1
632,mb-dielectric-0633,Li2Ti(BO3)2,B-Li-O-Ti,1.783482081023898,0
633,mb-dielectric-0634,LiSb(PO3)4,Li-O-P-Sb,1.6078812145180377,1
634,mb-dielectric-0635,Li2MnP2O7,Li-Mn-O-P,1.6159223372427278,1
635,mb-dielectric-0636,LiScP2O7,Li-O-P-Sc,1.6701481970172587,1
636,mb-dielectric-0637,Tl3AgTe2,Ag-Te-Tl,4.144353588518561,2
637,mb-dielectric-0638,K2HgO2,Hg-K-O,1.745257860603978,0
638,mb-dielectric-0639,K2PtF6,F-K-Pt,1.5334464451033167,0
639,mb-dielectric-0640,Ca2SnS4,Ca-S-Sn,2.5920913692743675,4
640,mb-dielectric-0641,CdPtF6,Cd-F-Pt,1.737312004218016,2
641,mb-dielectric-0642,Hg(AsO3)2,As-Hg-O,2.266044277296151,0
642,mb-dielectric-0643,Pr2SbO5F,F-O-Pr-Sb,2.090681866441345,2
643,mb-dielectric-0644,Li2TiVO4,Li-O-Ti-V,2.776422938482776,0
644,mb-dielectric-0645,Zn3(PS4)2,P-S-Zn,2.353148599925923,2
645,mb-dielectric-0646,RbAlF4,Al-F-Rb,1.4292189008919054,0
647,mb-dielectric-0648,CsAsF4,As-Cs-F,1.4678818072310862,2
648,mb-dielectric-0649,Li3YN2,Li-N-Y,2.442198190155747,0
650,mb-dielectric-0651,Zr4MnO9,Mn-O-Zr,2.2866911320362733,1
651,mb-dielectric-0652,Si2H6Se,H-Se-Si,1.6382013510758273,4
652,mb-dielectric-0653,Ca4GeN4,Ca-Ge-N,2.4674507087275317,2
653,mb-dielectric-0654,NaCuPO4,Cu-Na-O-P,2.031307953019433,4
654,mb-dielectric-0655,Sc2O3,O-Sc,2.1271267788576527,2
655,mb-dielectric-0656,Lu2Cu2O5,Cu-Lu-O,2.358350200175255,4
656,mb-dielectric-0657,SiH6(NF2)2,F-H-N-Si,1.386602562620835,4
657,mb-dielectric-0658,LiCdPO4,Cd-Li-O-P,1.7427019251725178,2
658,mb-dielectric-0659,SnPS3,P-S-Sn,2.6576186709157508,4
659,mb-dielectric-0660,SiO2,O-Si,1.4181368058124717,0
660,mb-dielectric-0661,KAlF4,Al-F-K,1.4014278433083882,2
662,mb-dielectric-0663,Ca2SbAu,Au-Ca-Sb,7.758024039663723,4
664,mb-dielectric-0665,MgGeO3,Ge-Mg-O,1.9153554935485593,4
665,mb-dielectric-0666,HfSiRu2,Hf-Ru-Si,5.1661916340762986,1
666,mb-dielectric-0667,Li4V(TeO4)3,Li-O-Te-V,2.255754788683084,0
668,mb-dielectric-0669,DyTa7O19,Dy-O-Ta,2.3597290804949065,1
669,mb-dielectric-0670,NaNbO2,Na-Nb-O,2.8642106533330756,1
670,mb-dielectric-0671,Na3Sr3GaAs4,As-Ga-Na-Sr,2.976178982073042,2
672,mb-dielectric-0673,HBr,Br-H,1.5814582932639525,4
673,mb-dielectric-0674,LiMn4(PO4)3,Li-Mn-O-P,1.7894874498954538,1
674,mb-dielectric-0675,Zn4B6O13,B-O-Zn,1.8082660202525507,2
675,mb-dielectric-0676,NbBr3O,Br-Nb-O,2.113688324548663,4
676,mb-dielectric-0677,RbHO,H-O-Rb,1.6190845149857576,2
677,mb-dielectric-0678,HCl,Cl-H,1.4520716235778452,0
678,mb-dielectric-0679,BaCl2,Ba-Cl,1.7686152775547814,0
680,mb-dielectric-0681,Li2VPO6,Li-O-P-V,1.848816648561993,4
681,mb-dielectric-0682,P(HO)3,H-O-P,1.5861023506276846,0
682,mb-dielectric-0683,Zn2PtO4,O-Pt-Zn,2.4285375571867664,4
683,mb-dielectric-0684,Mo(HO2)2,H-Mo-O,1.8626207343418038,4
684,mb-dielectric-0685,PHSF2,F-H-P-S,1.5618365258033038,1
685,mb-dielectric-0686,Li4V2OF7,F-Li-O-V,1.6530282312572082,1
687,mb-dielectric-0688,LiMnPO4,Li-Mn-O-P,1.6197923735261053,1
689,mb-dielectric-0690,Na3Sb,Na-Sb,3.3130046785358043,1
690,mb-dielectric-0691,Li3Sb,Li-Sb,2.879409661718893,4
691,mb-dielectric-0692,GeSe,Ge-Se,4.826662062612906,2
692,mb-dielectric-0693,RbScO2,O-Rb-Sc,2.0121631809241114,2
693,mb-dielectric-0694,La5TlTe8,La-Te-Tl,3.5325052016946823,0
695,mb-dielectric-0696,NaCrO2,Cr-Na-O,2.070657142068659,1
696,mb-dielectric-0697,VCuO3,Cu-O-V,2.7361072103751103,4
697,mb-dielectric-0698,KNbSe2,K-Nb-Se,3.408127540649576,2
699,mb-dielectric-0700,NaNbSe2,Na-Nb-Se,3.514626106240422,4
701,mb-dielectric-0702,LiNbS2,Li-Nb-S,3.464969889239056,2
702,mb-dielectric-0703,CaPdF6,Ca-F-Pd,1.6362305257308203,1
703,mb-dielectric-0704,MgPdF6,F-Mg-Pd,1.7550803400414552,2
706,mb-dielectric-0707,H5ClO6,Cl-H-O,1.4936059275011822,4
707,mb-dielectric-0708,TiZn(BiO3)2,Bi-O-Ti-Zn,2.5031388961328798,1
708,mb-dielectric-0709,AsS2NF6,As-F-N-S,1.5620499351777215,1
709,mb-dielectric-0710,Ce3Zr5O16,Ce-O-Zr,2.576975164712841,4
710,mb-dielectric-0711,RbPH3O4F,F-H-O-P-Rb,1.4825653442597395,4
711,mb-dielectric-0712,Y3TaO7,O-Ta-Y,2.128489135513718,2
712,mb-dielectric-0713,Sb2Pb2O7,O-Pb-Sb,2.3621115553673584,1
714,mb-dielectric-0715,Yb2Cu4As3,As-Cu-Yb,1.0,0
715,mb-dielectric-0716,La2TeO6,La-O-Te,2.037764870309297,1
716,mb-dielectric-0717,LiTlPHO3,H-Li-O-P-Tl,1.824284700003447,4
717,mb-dielectric-0718,SrTiO3,O-Sr-Ti,2.538092656569759,0
718,mb-dielectric-0719,BeSiN2,Be-N-Si,2.1387452707915746,2
720,mb-dielectric-0721,KPrSiSe4,K-Pr-Se-Si,2.3016443397420607,1
721,mb-dielectric-0722,Li2VO3,Li-O-V,2.219064217187056,4
722,mb-dielectric-0723,Ca2PI,Ca-I-P,2.4137852017112045,4
723,mb-dielectric-0724,Sm3NbO7,Nb-O-Sm,2.2350011931391296,4
724,mb-dielectric-0725,CsSbCl6,Cl-Cs-Sb,1.6622489785428256,0
728,mb-dielectric-0729,CsGeI3,Cs-Ge-I,2.3862456565352472,4
730,mb-dielectric-0731,LiSbO3,Li-O-Sb,1.8620329778233269,4
731,mb-dielectric-0732,NbCl2O,Cl-Nb-O,2.1399259332977025,0
732,mb-dielectric-0733,K3AsSe3,As-K-Se,1.9861112758352688,2
735,mb-dielectric-0736,Er2TeO6,Er-O-Te,2.0090711784304705,4
736,mb-dielectric-0737,Nd5CuSe8,Cu-Nd-Se,3.332205875992658,4
737,mb-dielectric-0738,Sm5CuSe8,Cu-Se-Sm,3.328011468329599,0
738,mb-dielectric-0739,PbWO4,O-Pb-W,2.168356059322362,4
739,mb-dielectric-0740,LiFeP2O7,Fe-Li-O-P,1.7731887472385262,2
740,mb-dielectric-0741,KRb2ZrOF5,F-K-O-Rb-Zr,1.4842224676015834,2
741,mb-dielectric-0742,AsH6NO4,As-H-N-O,1.5323355811744808,2
742,mb-dielectric-0743,Ba5CrN5,Ba-Cr-N,3.848759323903397,1
743,mb-dielectric-0744,Li2FeF5,F-Fe-Li,1.5562477309220404,4
744,mb-dielectric-0745,YTmO3,O-Tm-Y,2.0147716165031353,2
745,mb-dielectric-0746,KNO3,K-N-O,1.4312166153311665,0
746,mb-dielectric-0747,RbFeO2,Fe-O-Rb,1.920796970010105,1
747,mb-dielectric-0748,Li4Mn(TeO4)3,Li-Mn-O-Te,2.4183468182486423,4
748,mb-dielectric-0749,BeH4NF3,Be-F-H-N,1.3551129104248103,4
749,mb-dielectric-0750,SiO2,O-Si,1.418684836976369,0
750,mb-dielectric-0751,Ca10P6O25,Ca-O-P,1.7084904643183305,0
751,mb-dielectric-0752,Li3CrO4,Cr-Li-O,1.8487436274399973,4
752,mb-dielectric-0753,Li2FeF5,F-Fe-Li,1.4610606877653416,4
753,mb-dielectric-0754,H7SIO10,H-I-O-S,1.5751190431202335,0
754,mb-dielectric-0755,La8Al7InO24,Al-In-La-O,2.2122386851332303,0
755,mb-dielectric-0756,La8Al7BO24,Al-B-La-O,2.215851980616033,2
756,mb-dielectric-0757,Ba2PrF7,Ba-F-Pr,1.5608172004861218,1
757,mb-dielectric-0758,La7ScAl8O24,Al-La-O-Sc,2.238972978845436,4
759,mb-dielectric-0760,Nd3GaO6,Ga-Nd-O,2.0675217048437484,2
760,mb-dielectric-0761,Li2SO4,Li-O-S,1.5198253189100384,2
761,mb-dielectric-0762,MnTl2GeTe4,Ge-Mn-Te-Tl,3.8187916500729218,0
762,mb-dielectric-0763,Mo3H24C8S13N2,C-H-Mo-N-S,1.834389635092104,4
763,mb-dielectric-0764,PH8IN4,H-I-N-P,1.630539864928738,1
765,mb-dielectric-0766,Ba3As14,As-Ba,3.256634254359348,1
766,mb-dielectric-0767,Ba3GeO5,Ba-Ge-O,1.9634995968083786,4
767,mb-dielectric-0768,NaP,Na-P,2.8509445218500247,0
768,mb-dielectric-0769,LiZr2N3,Li-N-Zr,3.0435652887143174,4
769,mb-dielectric-0770,MgH8(ClO6)2,Cl-H-Mg-O,1.48144074018054,4
771,mb-dielectric-0772,K3Li2Nb5O15,K-Li-Nb-O,2.3076683759442846,4
772,mb-dielectric-0773,LiVF6,F-Li-V,1.472299896125275,4
773,mb-dielectric-0774,Cr3Sb(PO4)4,Cr-O-P-Sb,2.0128384601518987,2
774,mb-dielectric-0775,H7C3N3O5,C-H-N-O,1.5686512253100326,1
775,mb-dielectric-0776,Cs3VH8(Cl3O2)2,Cl-Cs-H-O-V,1.5941164742054872,1
776,mb-dielectric-0777,KCaCO3F,C-Ca-F-K-O,1.5468760993262087,0
777,mb-dielectric-0778,Li2CuPO4,Cu-Li-O-P,1.7875701384840819,2
778,mb-dielectric-0779,LiAgF2,Ag-F-Li,1.7123831346985405,0
779,mb-dielectric-0780,LiCoO2,Co-Li-O,2.550713233587814,0
780,mb-dielectric-0781,GaAgTe2,Ag-Ga-Te,4.427489882658496,0
781,mb-dielectric-0782,Sr2CaI6,Ca-I-Sr,1.8819310640509552,0
782,mb-dielectric-0783,Cr(PO3)3,Cr-O-P,1.754135874630773,2
783,mb-dielectric-0784,Ca2Si,Ca-Si,3.970222495864264,0
784,mb-dielectric-0785,BiTeBr,Bi-Br-Te,3.0107447583612954,4
786,mb-dielectric-0787,Rb3W2N5,N-Rb-W,2.246558627471508,0
787,mb-dielectric-0788,BaZnGeO4,Ba-Ge-O-Zn,1.8479715906907208,4
788,mb-dielectric-0789,Ba3WN4,Ba-N-W,2.3458944278604412,2
789,mb-dielectric-0790,Ba3WO6,Ba-O-W,2.046925662222902,2
790,mb-dielectric-0791,Ba(BrO3)2,Ba-Br-O,1.690463052933525,1
791,mb-dielectric-0792,Sm3NbS3O4,Nb-O-S-Sm,2.592334147700356,1
792,mb-dielectric-0793,Na3Mo2N5,Mo-N-Na,2.4588685067187575,1
793,mb-dielectric-0794,Li2SiO3,Li-O-Si,1.6632907142168505,0
794,mb-dielectric-0795,Li4FeSb(WO6)2,Fe-Li-O-Sb-W,2.29216237063026,1
795,mb-dielectric-0796,Li2H2SeO5,H-Li-O-Se,1.5337752986231936,1
796,mb-dielectric-0797,CaAlH5,Al-Ca-H,2.2024567343461405,0
798,mb-dielectric-0799,Li10Si(PO6)2,Li-O-P-Si,1.5872554929815175,0
799,mb-dielectric-0800,LiMnFeO4,Fe-Li-Mn-O,2.636611082431385,4
800,mb-dielectric-0801,B2S2O9,B-O-S,1.605534905672665,1
802,mb-dielectric-0803,Li2CuPO4,Cu-Li-O-P,1.7823563990777302,2
803,mb-dielectric-0804,SbAsO5,As-O-Sb,1.8697029175780842,0
804,mb-dielectric-0805,KLiMnS2,K-Li-Mn-S,2.1301826995197697,0
805,mb-dielectric-0806,Li2Mn3NiO8,Li-Mn-Ni-O,2.5537376529314844,1
806,mb-dielectric-0807,RbV(CuS2)2,Cu-Rb-S-V,2.3742796802398827,2
808,mb-dielectric-0809,LiH3(SeO3)2,H-Li-O-Se,1.7599024594183243,1
809,mb-dielectric-0810,LiV2(OF)3,F-Li-O-V,2.303076420790244,1
810,mb-dielectric-0811,Rb2V3O8,O-Rb-V,1.8311113201186504,4
813,mb-dielectric-0814,RbSi,Rb-Si,2.415749987064059,0
814,mb-dielectric-0815,Na5Fe2P2(CO7)2,C-Fe-Na-O-P,1.6610088299986046,2
815,mb-dielectric-0816,Li2NiP2O7,Li-Ni-O-P,1.6422428768810862,2
817,mb-dielectric-0818,Na2SnO2,Na-O-Sn,2.0741740524845063,4
818,mb-dielectric-0819,Sr4Al6WO16,Al-O-Sr-W,1.6490184959544876,0
819,mb-dielectric-0820,Li2MnCr3O8,Cr-Li-Mn-O,3.4640852087287515,4
821,mb-dielectric-0822,Li6VCrP2(CO7)2,C-Cr-Li-O-P-V,1.6667857290805757,4
827,mb-dielectric-0828,Ca3AsN,As-Ca-N,3.011976095522672,2
828,mb-dielectric-0829,Li3CrBO5,B-Cr-Li-O,1.915645409081058,4
829,mb-dielectric-0830,TaVO4,O-Ta-V,2.4537425836192894,1
830,mb-dielectric-0831,Cu2HgI4,Cu-Hg-I,2.693994370199512,4
831,mb-dielectric-0832,SiO2,O-Si,1.4251095864295253,0
833,mb-dielectric-0834,KF2,F-K,1.4022600804891128,0
836,mb-dielectric-0837,Li2NiSnO4,Li-Ni-O-Sn,2.055940660622286,0
838,mb-dielectric-0839,Li6CrN4,Cr-Li-N,2.3603287906560815,0
839,mb-dielectric-0840,Na4Ga3Si3ClO12,Cl-Ga-Na-O-Si,1.5595544235453918,1
841,mb-dielectric-0842,Na3PS4,Na-P-S,2.040749127158947,4
842,mb-dielectric-0843,NaNdPCO7,C-Na-Nd-O-P,1.8409822559347677,4
843,mb-dielectric-0844,MgO,Mg-O,1.7425722366662435,4
844,mb-dielectric-0845,Ag2O3,Ag-O,3.832268518775791,1
845,mb-dielectric-0846,Li3Cu3(PO4)2,Cu-Li-O-P,1.9010909148872042,2
847,mb-dielectric-0848,BaGeO3,Ba-Ge-O,1.7944085376524488,4
848,mb-dielectric-0849,Li3Fe2(SiO4)2,Fe-Li-O-Si,1.7940222964054824,2
849,mb-dielectric-0850,LiFeO2,Fe-Li-O,2.311773273620328,2
852,mb-dielectric-0853,Al2Os,Al-Os,4.159647420954114,2
853,mb-dielectric-0854,NaNb6O15F,F-Na-Nb-O,2.5536145624062634,0
854,mb-dielectric-0855,VFeSb,Fe-Sb-V,5.620228465107094,2
855,mb-dielectric-0856,H5NO,H-N-O,1.4318625399574267,0
856,mb-dielectric-0857,PHF2,F-H-P,1.526548503432935,1
857,mb-dielectric-0858,LiMgBi,Bi-Li-Mg,3.6064636418519442,2
858,mb-dielectric-0859,SbO2F,F-O-Sb,2.0569959487887512,1
859,mb-dielectric-0860,BiPbF5,Bi-F-Pb,1.8367575597594075,0
860,mb-dielectric-0861,LiVN2,Li-N-V,3.1170839471103973,0
861,mb-dielectric-0862,Na3PO4,Na-O-P,1.5333344927531847,4
863,mb-dielectric-0864,Cs2Ti(PO4)2,Cs-O-P-Ti,1.6339023838650826,0
864,mb-dielectric-0865,BaSn2(HO2)2,Ba-H-O-Sn,2.094770154456092,2
865,mb-dielectric-0866,H20C3(N2O5)2,C-H-N-O,1.5316679288232167,1
866,mb-dielectric-0867,Ca3GaN3,Ca-Ga-N,2.5660291632533463,2
867,mb-dielectric-0868,BiOF,Bi-F-O,2.2562196929214826,1
868,mb-dielectric-0869,Ca2SnS4,Ca-S-Sn,2.32673397705883,4
871,mb-dielectric-0872,ZnCl2,Cl-Zn,1.6775838776844114,1
872,mb-dielectric-0873,Na2PH11O8,H-Na-O-P,1.47347175066236,1
873,mb-dielectric-0874,Na3ZnPCO7,C-Na-O-P-Zn,1.6120453881120511,1
874,mb-dielectric-0875,TeO2,O-Te,2.3628252157110565,2
876,mb-dielectric-0877,Li3BePCO7,Be-C-Li-O-P,1.5898887801771961,1
877,mb-dielectric-0878,K2GeF6,F-Ge-K,1.409515046626567,4
878,mb-dielectric-0879,TaZn2N3,N-Ta-Zn,2.6203751639793875,0
879,mb-dielectric-0880,Ba3NbGa3(SiO7)2,Ba-Ga-Nb-O-Si,1.8991429646027216,1
880,mb-dielectric-0881,Re2S2O13,O-Re-S,1.8426869873457439,0
881,mb-dielectric-0882,NaGe2N3,Ge-N-Na,2.29217487698183,1
882,mb-dielectric-0883,Ca2SnS4,Ca-S-Sn,2.7665583312122646,4
885,mb-dielectric-0886,Li2AgF5,Ag-F-Li,1.961364066153961,0
886,mb-dielectric-0887,MnSn3(PO4)4,Mn-O-P-Sn,1.875361209651801,2
887,mb-dielectric-0888,Li4VGa3O8,Ga-Li-O-V,1.8694682844773447,0
888,mb-dielectric-0889,SiC,C-Si,2.6689549765154656,1
889,mb-dielectric-0890,Ba2H6Ru,Ba-H-Ru,2.1047372757662663,0
890,mb-dielectric-0891,SiO2,O-Si,1.502462201410294,0
891,mb-dielectric-0892,SrH4O3,H-O-Sr,1.6634666613230737,2
892,mb-dielectric-0893,KAg2AsO4,Ag-As-K-O,2.051232718797813,2
893,mb-dielectric-0894,LiBF4,B-F-Li,1.2880051759730375,1
894,mb-dielectric-0895,LiNiF3,F-Li-Ni,1.519310384446241,4
895,mb-dielectric-0896,MnCu2GeS4,Cu-Ge-Mn-S,3.0769890044219093,4
896,mb-dielectric-0897,SrCN2,C-N-Sr,1.774527636677812,1
897,mb-dielectric-0898,RbHO,H-O-Rb,1.5587388064286674,2
898,mb-dielectric-0899,BaCO3,Ba-C-O,1.6527233081593946,0
899,mb-dielectric-0900,H2CO2,C-H-O,1.4438513312203118,4
900,mb-dielectric-0901,Li7Cr2O8,Cr-Li-O,1.961179067126032,4
901,mb-dielectric-0902,SO2,O-S,1.555350764297237,1
902,mb-dielectric-0903,Na4Sr(SiO3)3,Na-O-Si-Sr,1.6181245316723927,0
903,mb-dielectric-0904,RbTe,Rb-Te,2.0603434988693805,1
904,mb-dielectric-0905,CdSiP2,Cd-P-Si,3.2845073197259484,4
905,mb-dielectric-0906,BH4NF4,B-F-H-N,1.3661381091724707,2
906,mb-dielectric-0907,Li3YbPCO7,C-Li-O-P-Yb,1.6295844050963832,2
907,mb-dielectric-0908,Li3ZnPCO7,C-Li-O-P-Zn,1.6447807351336126,1
908,mb-dielectric-0909,PI3,I-P,1.9080003494059827,0
909,mb-dielectric-0910,LiSnPO4,Li-O-P-Sn,1.7756186715245665,1
910,mb-dielectric-0911,Ga2HgSe4,Ga-Hg-Se,2.929372003234368,0
911,mb-dielectric-0912,KHO,H-K-O,1.5508062419270823,4
912,mb-dielectric-0913,Sr2HN,H-N-Sr,2.3668797321931287,1
913,mb-dielectric-0914,CaPtO3,Ca-O-Pt,2.7034455792562144,4
914,mb-dielectric-0915,Hg3(TeCl)2,Cl-Hg-Te,2.5795623659838123,4
915,mb-dielectric-0916,LiCuO2,Cu-Li-O,2.4536751347044023,2
916,mb-dielectric-0917,H7ClO3,Cl-H-O,1.5032187687315066,4
917,mb-dielectric-0918,NaCuP2O7,Cu-Na-O-P,1.9716058219143542,4
918,mb-dielectric-0919,FeHO2,Fe-H-O,2.453266394014315,4
919,mb-dielectric-0920,BaCa(GaO2)4,Ba-Ca-Ga-O,1.8798945005859593,1
921,mb-dielectric-0922,Li4Fe3P3O12F,F-Fe-Li-O-P,1.6031624995614135,1
922,mb-dielectric-0923,CaTeO3,Ca-O-Te,1.8375521761299731,2
923,mb-dielectric-0924,Na3ReO5,Na-O-Re,1.7688498146158924,0
924,mb-dielectric-0925,BaGe4O9,Ba-Ge-O,1.8635054780350553,4
925,mb-dielectric-0926,LiAgF2,Ag-F-Li,1.8302387883135356,0
926,mb-dielectric-0927,BaMnF4,Ba-F-Mn,1.5528885987088707,0
927,mb-dielectric-0928,H3N,H-N,1.477986129840196,2
928,mb-dielectric-0929,Pr2Be2GeO7,Be-Ge-O-Pr,1.9654799244289762,0
929,mb-dielectric-0930,CsNd(PO3)4,Cs-Nd-O-P,1.590861820942766,1
930,mb-dielectric-0931,Mn3Cr(PO4)4,Cr-Mn-O-P,2.2119945750385552,4
931,mb-dielectric-0932,Y2SeO2,O-Se-Y,2.3504771892894416,0
932,mb-dielectric-0933,Fe2OF3,F-Fe-O,1.7917728650696771,2
933,mb-dielectric-0934,Cs2TeO3,Cs-O-Te,1.6928090067498236,0
934,mb-dielectric-0935,Lu2WO6,Lu-O-W,2.115553670634081,2
935,mb-dielectric-0936,NaClO3,Cl-Na-O,1.4147349575097095,4
936,mb-dielectric-0937,NiH12(BrO7)2,Br-H-Ni-O,1.60665283554975,4
937,mb-dielectric-0938,Na3Ca3AlAs4,Al-As-Ca-Na,2.882288327006858,0
938,mb-dielectric-0939,InClO,Cl-In-O,1.861729482676435,2
939,mb-dielectric-0940,LiCaPO4,Ca-Li-O-P,1.6581097671746763,2
940,mb-dielectric-0941,K2PtCl4,Cl-K-Pt,1.8265534028145287,4
941,mb-dielectric-0942,VZn2P2O9,O-P-V-Zn,1.7319541949293389,0
942,mb-dielectric-0943,Be3Cd4Si3TeO12,Be-Cd-O-Si-Te,1.8986123880350094,4
943,mb-dielectric-0944,HgBr2,Br-Hg,2.1314016514960272,0
945,mb-dielectric-0946,Li4TiS4,Li-S-Ti,2.010650972529378,1
946,mb-dielectric-0947,KAg2SbS4,Ag-K-S-Sb,2.564470380669922,4
947,mb-dielectric-0948,Ba2SrI6,Ba-I-Sr,2.1066830959274974,4
949,mb-dielectric-0950,Be(HO)2,Be-H-O,1.627956797133552,0
950,mb-dielectric-0951,PH6NO2,H-N-O-P,1.593423986263543,4
951,mb-dielectric-0952,LiMn2F6,F-Li-Mn,1.6066897647025702,4
952,mb-dielectric-0953,Si,Si,3.470229963561495,2
953,mb-dielectric-0954,SiO2,O-Si,1.3527749258468682,0
954,mb-dielectric-0955,Tb2PbS4,Pb-S-Tb,3.112475060141045,0
955,mb-dielectric-0956,Rb4I2O,I-O-Rb,1.7139539083650999,1
956,mb-dielectric-0957,Ca2SnS4,Ca-S-Sn,2.3399290587536954,4
957,mb-dielectric-0958,DyAgTe2,Ag-Dy-Te,3.356026718209099,4
958,mb-dielectric-0959,CrHO2,Cr-H-O,2.0941490714209756,1
959,mb-dielectric-0960,RbNiBr3,Br-Ni-Rb,2.0363279860245185,1
960,mb-dielectric-0961,La3CuGeSe7,Cu-Ge-La-Se,3.0028257802720857,0
961,mb-dielectric-0962,GaAgSe2,Ag-Ga-Se,4.777830749200304,1
962,mb-dielectric-0963,Ca3PCl3,Ca-Cl-P,2.09036695343186,2
963,mb-dielectric-0964,SrHfO3,Hf-O-Sr,2.0857646080035015,0
964,mb-dielectric-0965,Tb3CuSnSe7,Cu-Se-Sn-Tb,3.1239333646329057,4
965,mb-dielectric-0966,LiAl5O8,Al-Li-O,1.7777693888690962,4
966,mb-dielectric-0967,Ca2ZnGe2O7,Ca-Ge-O-Zn,1.8211511926983623,1
967,mb-dielectric-0968,SrCu2GeS4,Cu-Ge-S-Sr,2.802965037241815,0
969,mb-dielectric-0970,Si3Ru2,Ru-Si,4.609096838499563,0
970,mb-dielectric-0971,MnGeN2,Ge-Mn-N,2.71209175115199,1
971,mb-dielectric-0972,Nd4Se3O4,Nd-O-Se,2.7503797313583207,0
973,mb-dielectric-0974,CsVCl3,Cl-Cs-V,1.7561899100040366,1
974,mb-dielectric-0975,PHN2,H-N-P,1.9346109858745935,2
976,mb-dielectric-0977,Na3PS4,Na-P-S,2.019813027650497,4
979,mb-dielectric-0980,Sr3SiO5,O-Si-Sr,1.8633570958532524,1
980,mb-dielectric-0981,SnB4O7,B-O-Sn,1.982969574485028,1
981,mb-dielectric-0982,SiH8(NF3)2,F-H-N-Si,1.4093733833583277,4
982,mb-dielectric-0983,LiAs(HO2)2,As-H-Li-O,1.5783707844905561,4
983,mb-dielectric-0984,KHS,H-K-S,1.6736188335460376,2
985,mb-dielectric-0986,NaHS,H-Na-S,1.8111690515612653,4
986,mb-dielectric-0987,HgH12(ClO7)2,Cl-H-Hg-O,1.5341664373695225,4
988,mb-dielectric-0989,Li2MnF4,F-Li-Mn,1.4562508941342034,4
989,mb-dielectric-0990,Ca3TaGa3(SiO7)2,Ca-Ga-O-Si-Ta,1.8657993818557561,0
990,mb-dielectric-0991,Li2Cr(CO3)2,C-Cr-Li-O,1.6411450850929106,0
991,mb-dielectric-0992,BeAlH5,Al-Be-H,1.8787723828784229,2
992,mb-dielectric-0993,NaScAs2O7,As-Na-O-Sc,1.8444036073123116,2
993,mb-dielectric-0994,SrB4O7,B-O-Sr,1.7774847397375877,0
994,mb-dielectric-0995,InSnBr3,Br-In-Sn,2.2885041693939168,4
995,mb-dielectric-0996,Y2Si3N4O3,N-O-Si-Y,2.1203586174670233,2
996,mb-dielectric-0997,LiRe(OF2)2,F-Li-O-Re,1.6046952981796887,2
997,mb-dielectric-0998,Rb3TaO8,O-Rb-Ta,1.6243719812079171,1
998,mb-dielectric-0999,CsTaN2,Cs-N-Ta,2.499849328792971,2
999,mb-dielectric-1000,Na2HgO2,Hg-Na-O,1.902222910176397,1
1000,mb-dielectric-1001,Ba(PrSe2)2,Ba-Pr-Se,2.9700853523089195,2
1001,mb-dielectric-1002,KBiO2,Bi-K-O,2.029869043395006,0
1004,mb-dielectric-1005,LiFe5O8,Fe-Li-O,2.3251537583566426,2
1005,mb-dielectric-1006,Sc2CCl2,C-Cl-Sc,2.5907225504351845,4
1006,mb-dielectric-1007,LaIO,I-La-O,2.1139903815612158,2
1008,mb-dielectric-1009,WBr6,Br-W,2.2081808500815043,2
1009,mb-dielectric-1010,CeInNi,Ce-In-Ni,1.0,1
1010,mb-dielectric-1011,Bi2Se3,Bi-Se,4.0358394418014205,4
1011,mb-dielectric-1012,Ag3SnP7,Ag-P-Sn,4.017005518210467,1
1012,mb-dielectric-1013,Rb2Te5,Rb-Te,4.089172695464663,1
1013,mb-dielectric-1014,IO2,I-O,2.261489184880912,0
1015,mb-dielectric-1016,ReCl3,Cl-Re,2.0051600102426073,4
1016,mb-dielectric-1017,HgBr,Br-Hg,2.317397966118755,0
1018,mb-dielectric-1019,SiO2,O-Si,1.5304803167633356,0
1019,mb-dielectric-1020,AlPO4,Al-O-P,1.3566852988073503,2
1020,mb-dielectric-1021,ZrMnO3,Mn-O-Zr,2.221732807217524,1
1021,mb-dielectric-1022,LiP2WO7,Li-O-P-W,1.739958045471212,0
1022,mb-dielectric-1023,Na4PtO4,Na-O-Pt,2.247837350759881,2
1023,mb-dielectric-1024,BI3,B-I,1.6647322106973774,4
1024,mb-dielectric-1025,As4S5,As-S,2.108316864230802,2
1026,mb-dielectric-1027,TlI,I-Tl,2.8835741710592426,4
1027,mb-dielectric-1028,H8Se2N2O5,H-N-O-Se,1.6827534974954985,1
1028,mb-dielectric-1029,InI,I-In,2.908321394436285,2
1029,mb-dielectric-1030,PBr3O,Br-O-P,1.5779181432085339,0
1030,mb-dielectric-1031,MgI2,I-Mg,1.9165942015286754,0
1031,mb-dielectric-1032,CsGaS2,Cs-Ga-S,1.9031402120355356,2
1032,mb-dielectric-1033,ClO2,Cl-O,1.7623847480048165,2
1033,mb-dielectric-1034,As2PbO6,As-O-Pb,2.1273701292127396,2
1034,mb-dielectric-1035,LiMnNbO4,Li-Mn-Nb-O,2.1318487282168967,4
1035,mb-dielectric-1036,MgCl2,Cl-Mg,1.607859446593521,4
1036,mb-dielectric-1037,Ho3CuSnS7,Cu-Ho-S-Sn,2.819181205007346,0
1037,mb-dielectric-1038,AsI3,As-I,2.4040244036453635,4
1038,mb-dielectric-1039,Te2MoW3(SeS2)2,Mo-S-Se-Te-W,1.0000000000274398,0
1039,mb-dielectric-1040,SiH3I,H-I-Si,1.6557978942693057,4
1040,mb-dielectric-1041,TlInS2,In-S-Tl,3.138567029712764,2
1041,mb-dielectric-1042,BBr3,B-Br,1.4903019828209472,4
1042,mb-dielectric-1043,KLiMnPCO7,C-K-Li-Mn-O-P,1.7822210861730932,4
1043,mb-dielectric-1044,TiMn3O8,Mn-O-Ti,2.623760532772251,2
1047,mb-dielectric-1048,Ca2IN,Ca-I-N,2.382170648799115,1
1048,mb-dielectric-1049,Ca2AsI,As-Ca-I,2.4976873303117837,0
1052,mb-dielectric-1053,BaZnO2,Ba-O-Zn,2.048316625915045,1
1053,mb-dielectric-1054,K3Ta3Si2O13,K-O-Si-Ta,2.013362279041374,1
1054,mb-dielectric-1055,Zr2SN2,N-S-Zr,3.089380520428003,4
1055,mb-dielectric-1056,NaCNO,C-N-Na-O,1.468609546475842,0
1056,mb-dielectric-1057,NbCl4,Cl-Nb,1.8897089723023,4
1057,mb-dielectric-1058,H5NF2,F-H-N,1.4029730337156638,0
1058,mb-dielectric-1059,LiUO3,Li-O-U,2.3526397230912046,2
1059,mb-dielectric-1060,Li4Mn2P4H3O16,H-Li-Mn-O-P,1.912022227904268,2
1060,mb-dielectric-1061,CO2,C-O,1.365772064926404,1
1062,mb-dielectric-1063,Bi2O3,Bi-O,2.5747491787227226,4
1063,mb-dielectric-1064,MgSiN2,Mg-N-Si,2.090972182183844,0
1064,mb-dielectric-1065,Cl2O7,Cl-O,1.4789636010846696,2
1065,mb-dielectric-1066,FeOF,F-Fe-O,2.139403343613977,2
1066,mb-dielectric-1067,BeCl2,Be-Cl,1.5188811671822433,0
1067,mb-dielectric-1068,GeF2,F-Ge,1.7008704634196377,0
1068,mb-dielectric-1069,Na5SbO5,Na-O-Sb,1.8199857142296474,0
1069,mb-dielectric-1070,LaCuO2,Cu-La-O,2.1889913963589094,1
1070,mb-dielectric-1071,Cr4OF11,Cr-F-O,1.864304159733599,2
1071,mb-dielectric-1072,TeI,I-Te,2.9015513092137453,4
1072,mb-dielectric-1073,KNaGeO3,Ge-K-Na-O,1.6824014582336366,4
1074,mb-dielectric-1075,RbLi2(H2N)3,H-Li-N-Rb,1.670146001601856,0
1075,mb-dielectric-1076,Rb3Sn4Au,Au-Rb-Sn,3.370262106523269,4
1076,mb-dielectric-1077,MnF3,F-Mn,1.8697730873595013,4
1078,mb-dielectric-1079,Ga2CoS4,Co-Ga-S,2.914581101976749,1
1079,mb-dielectric-1080,LiVP2O7,Li-O-P-V,1.8241449138340593,4
1081,mb-dielectric-1082,AlPO4,Al-O-P,1.4188558771066218,2
1082,mb-dielectric-1083,CsNbN2,Cs-N-Nb,2.7662565559494534,1
1084,mb-dielectric-1085,ZnTe,Te-Zn,3.0028711261058145,1
1085,mb-dielectric-1086,Na4HgP2,Hg-Na-P,2.4545567828021437,0
1086,mb-dielectric-1087,Na4Br2O,Br-Na-O,1.730238230225339,0
1087,mb-dielectric-1088,Ba2PbO4,Ba-O-Pb,2.2782106282489907,0
1088,mb-dielectric-1089,Na3ClO,Cl-Na-O,1.697742029873797,4
1089,mb-dielectric-1090,ScCl3,Cl-Sc,1.7503333016038731,1
1090,mb-dielectric-1091,Tl2TeI6,I-Te-Tl,2.504263031978337,0
1092,mb-dielectric-1093,Tl9SbTe6,Sb-Te-Tl,4.638823774024403,0
1093,mb-dielectric-1094,KMnF3,F-K-Mn,1.4916417130128814,0
1094,mb-dielectric-1095,LiMnP2O7,Li-Mn-O-P,1.9762737664605075,1
1095,mb-dielectric-1096,Na(LiSi2)3,Li-Na-Si,4.036871726143071,2
1096,mb-dielectric-1097,LiInTe2,In-Li-Te,2.6795377710841595,1
1097,mb-dielectric-1098,Li6Br3N,Br-Li-N,1.8639991952787964,4
1098,mb-dielectric-1099,BeGeP2,Be-Ge-P,3.259410478394316,2
1099,mb-dielectric-1100,Ba4Br6O,Ba-Br-O,1.8484147261910677,1
1100,mb-dielectric-1101,ZrNiSn,Ni-Sn-Zr,4.686844247465455,0
1101,mb-dielectric-1102,Cr(PO3)3,Cr-O-P,1.6482742436245061,2
1102,mb-dielectric-1103,Tl9BiTe6,Bi-Te-Tl,4.581522581434256,2
1103,mb-dielectric-1104,AgPF6,Ag-F-P,1.3670726632723826,0
1104,mb-dielectric-1105,S2O5F2,F-O-S,1.4124446891825535,1
1105,mb-dielectric-1106,Mn(GaSe2)2,Ga-Mn-Se,2.7818834746744274,1
1106,mb-dielectric-1107,Y2Ge2O7,Ge-O-Y,1.9351345345134705,2
1108,mb-dielectric-1109,KLiSi2O5,K-Li-O-Si,1.5716018367682487,2
1109,mb-dielectric-1110,TaTl(GeO3)3,Ge-O-Ta-Tl,1.8937842186127372,0
1111,mb-dielectric-1112,Li8CoO6,Co-Li-O,2.001639744479775,0
1112,mb-dielectric-1113,CrAgSe2,Ag-Cr-Se,3.898136135813285,1
1113,mb-dielectric-1114,Rb2PtCl6,Cl-Pt-Rb,1.7561791859982072,2
1114,mb-dielectric-1115,Pr4Se3O4,O-Pr-Se,2.7354047232539465,1
1115,mb-dielectric-1116,Mg2NbN3,Mg-N-Nb,2.3871189050122044,4
1116,mb-dielectric-1117,Li3Ti(PO4)2,Li-O-P-Ti,2.0594421125985707,4
1117,mb-dielectric-1118,Rb4Br2O,Br-O-Rb,1.6664197150378055,2
1119,mb-dielectric-1120,TaAsO4,As-O-Ta,2.297963736296405,2
1120,mb-dielectric-1121,Li4Ti3O8,Li-O-Ti,2.3089527207516967,1
1122,mb-dielectric-1123,Cd(PO3)2,Cd-O-P,1.671341975778745,0
1124,mb-dielectric-1125,CsBr2F,Br-Cs-F,1.8703325907442234,0
1125,mb-dielectric-1126,KLaGeSe4,Ge-K-La-Se,2.3773124181170076,2
1126,mb-dielectric-1127,H4IN,H-I-N,1.702366783823823,0
1128,mb-dielectric-1129,KNO3,K-N-O,1.425395851450874,0
1129,mb-dielectric-1130,KPSe3,K-P-Se,2.3467429911830284,2
1131,mb-dielectric-1132,BClF6,B-Cl-F,1.4385177556545254,4
1132,mb-dielectric-1133,Cs2PtCl6,Cl-Cs-Pt,1.7040929160895728,1
1133,mb-dielectric-1134,BeP2,Be-P,3.1419739017499264,4
1134,mb-dielectric-1135,PH3,H-P,53.79349929746778,1
1135,mb-dielectric-1136,Dy3CuSnSe7,Cu-Dy-Se-Sn,3.1276584425626357,2
1136,mb-dielectric-1137,MgBr2,Br-Mg,1.7397317800933187,4
1137,mb-dielectric-1138,GeAs2,As-Ge,3.622246080357692,1
1139,mb-dielectric-1140,RbBiS2,Bi-Rb-S,2.7297285579339134,0
1140,mb-dielectric-1141,Cs2PbCl6,Cl-Cs-Pb,1.716243863790927,0
1141,mb-dielectric-1142,FeP4,Fe-P,4.441396176879518,2
1142,mb-dielectric-1143,Cu2HgGeS4,Cu-Ge-Hg-S,3.3086332021949287,0
1143,mb-dielectric-1144,Te2MoWSeS,Mo-S-Se-Te-W,1.0000000000062306,0
1144,mb-dielectric-1145,RbCaSb,Ca-Rb-Sb,2.4857067405468416,1
1145,mb-dielectric-1146,Mg2TaN3,Mg-N-Ta,2.2931774898598674,2
1146,mb-dielectric-1147,NaCdPO4,Cd-Na-O-P,1.7110589313833309,4
1147,mb-dielectric-1148,K2PtBr4,Br-K-Pt,1.9270003459608755,0
1148,mb-dielectric-1149,NaMnCl3,Cl-Mn-Na,1.7524414398204657,0
1149,mb-dielectric-1150,P4Ru,P-Ru,4.176761105609625,2
1150,mb-dielectric-1151,Na6P4W,Na-P-W,2.530437445713027,2
1151,mb-dielectric-1152,K2ReH9,H-K-Re,1.6562727231145609,4
1153,mb-dielectric-1154,Cs2PtBr6,Br-Cs-Pt,1.8765469174346099,1
1154,mb-dielectric-1155,BaLaMgBiO6,Ba-Bi-La-Mg-O,2.2643177780514834,2
1155,mb-dielectric-1156,B2PdO4,B-O-Pd,2.1753906928794806,2
1156,mb-dielectric-1157,SrAlSiH,Al-H-Si-Sr,3.6382935102416654,2
1158,mb-dielectric-1159,Re(AgCl3)2,Ag-Cl-Re,2.039985784264191,1
1160,mb-dielectric-1161,Rb2PbCl6,Cl-Pb-Rb,1.7527285395443613,2
1162,mb-dielectric-1163,ZnH12SeO10,H-O-Se-Zn,1.553913232240891,0
1163,mb-dielectric-1164,GeCl4,Cl-Ge,1.4722997883130549,4
1164,mb-dielectric-1165,CsAuCl3,Au-Cl-Cs,2.6561682301139413,2
1165,mb-dielectric-1166,K2MgF4,F-K-Mg,1.4119107620526208,4
1166,mb-dielectric-1167,Na4SnS4,Na-S-Sn,2.0213898683826437,0
1167,mb-dielectric-1168,RbNiCl3,Cl-Ni-Rb,1.871153476691138,1
1169,mb-dielectric-1170,TiCl4,Cl-Ti,1.5072049186048548,0
1170,mb-dielectric-1171,K2ZnBr4,Br-K-Zn,1.6649324310613929,4
1171,mb-dielectric-1172,Ag2PbO2,Ag-O-Pb,2.7085241984027615,0
1173,mb-dielectric-1174,BaBe2Si2O7,Ba-Be-O-Si,1.7393777623046696,0
1174,mb-dielectric-1175,AsCl5,As-Cl,1.5938423175877008,4
1175,mb-dielectric-1176,K2PtCl6,Cl-K-Pt,1.7842934175745917,4
1176,mb-dielectric-1177,Li2SiN2,Li-N-Si,2.0651494699738646,1
1177,mb-dielectric-1178,Li2AlFeO4,Al-Fe-Li-O,1.8370946264867976,4
1178,mb-dielectric-1179,Al2O3,Al-O,1.6811088488396426,2
1179,mb-dielectric-1180,LaGeBO5,B-Ge-La-O,1.9194414986309645,2
1180,mb-dielectric-1181,Mo(PO4)2,Mo-O-P,1.9045672299326513,0
1183,mb-dielectric-1184,Ag8GeTe6,Ag-Ge-Te,4.637978618608183,2
1184,mb-dielectric-1185,Fe(SiP)4,Fe-P-Si,4.110912753472964,0
1186,mb-dielectric-1187,Ba(CuTe)2,Ba-Cu-Te,3.5233979811161458,1
1189,mb-dielectric-1190,Li5CrO5,Cr-Li-O,2.1354795714312043,4
1190,mb-dielectric-1191,Li5SbS,Li-S-Sb,2.4675171861644283,4
1191,mb-dielectric-1192,AgClO4,Ag-Cl-O,1.6784913861361737,1
1192,mb-dielectric-1193,SiCl2O,Cl-O-Si,1.4659467930317254,2
1193,mb-dielectric-1194,PBr3,Br-P,1.6105899540230593,1
1194,mb-dielectric-1195,Rb2MnBr4,Br-Mn-Rb,1.795811608530613,1
1195,mb-dielectric-1196,ReP4,P-Re,4.280809892220552,4
1196,mb-dielectric-1197,Li2AlFeO4,Al-Fe-Li-O,1.9257127684747448,4
1197,mb-dielectric-1198,K2Se5,K-Se,2.5590657800585483,2
1198,mb-dielectric-1199,LiFeSiO4,Fe-Li-O-Si,1.7692414570468704,2
1199,mb-dielectric-1200,LiNb(TeO4)3,Li-Nb-O-Te,2.1128118704702508,4
1201,mb-dielectric-1202,PCl3O,Cl-O-P,1.5,4
1202,mb-dielectric-1203,KTbGeS4,Ge-K-S-Tb,2.1679759377508474,2
1203,mb-dielectric-1204,PtS,Pt-S,3.803105047194989,2
1204,mb-dielectric-1205,GaCuI4,Cu-Ga-I,2.1651668911810624,0
1205,mb-dielectric-1206,CaHN,Ca-H-N,2.1389273791630545,2
1207,mb-dielectric-1208,Li4Mn5O10,Li-Mn-O,2.3700902233178103,2
1208,mb-dielectric-1209,LiVPO5,Li-O-P-V,1.6700068862133473,4
1209,mb-dielectric-1210,BH6N,B-H-N,1.5127701962514553,1
1211,mb-dielectric-1212,Rb2SnTe5,Rb-Sn-Te,3.4914101735545193,4
1212,mb-dielectric-1213,Ga2TeSe2,Ga-Se-Te,2.6111824269220767,0
1213,mb-dielectric-1214,RbAuBr3,Au-Br-Rb,2.5451749121294864,0
1214,mb-dielectric-1215,H3NO4,H-N-O,1.5432996036630953,0
1215,mb-dielectric-1216,Zn2Ge3O8,Ge-O-Zn,2.0109796120299177,1
1216,mb-dielectric-1217,Ga2TeS2,Ga-S-Te,2.506573757143404,2
1217,mb-dielectric-1218,Na6S2ClO8F,Cl-F-Na-O-S,1.4815532390029094,2
1218,mb-dielectric-1219,AlBiBr6,Al-Bi-Br,1.852925614624973,0
1219,mb-dielectric-1220,Mn2OF3,F-Mn-O,2.605789771515218,4
1220,mb-dielectric-1221,LiCo2(BO3)2,B-Co-Li-O,2.1969107856260344,1
1221,mb-dielectric-1222,K2MnCl6,Cl-K-Mn,1.8597763306376458,2
1222,mb-dielectric-1223,Li2MnP2O7,Li-Mn-O-P,1.5881504966469644,1
1223,mb-dielectric-1224,H7Se2NO6,H-N-O-Se,1.6795158032401283,1
1225,mb-dielectric-1226,LuGaO3,Ga-Lu-O,2.1040287545563627,4
1226,mb-dielectric-1227,Ca3BN3,B-Ca-N,2.325276399341234,2
1227,mb-dielectric-1228,Li2AgF3,Ag-F-Li,1.6274776524953398,0
1228,mb-dielectric-1229,H4CN2O,C-H-N-O,1.5327221970511595,1
1229,mb-dielectric-1230,NaH4BrO2,Br-H-Na-O,1.5470401847829722,0
1231,mb-dielectric-1232,Bi(BO2)3,B-Bi-O,1.85260213393666,2
1232,mb-dielectric-1233,Pd3(PbS)2,Pb-Pd-S,8.521518820022639,2
1233,mb-dielectric-1234,NaNO2,N-Na-O,1.5593802187650836,4
1234,mb-dielectric-1235,BN,B-N,2.109719333623946,0
1235,mb-dielectric-1236,BaLaMgNbO6,Ba-La-Mg-Nb-O,2.273992524174167,0
1236,mb-dielectric-1237,Ga3NO3,Ga-N-O,2.036567373466112,4
1237,mb-dielectric-1238,RbB3O5,B-O-Rb,1.5377284112178804,4
1239,mb-dielectric-1240,MgH2,H-Mg,2.0134547424762244,4
1240,mb-dielectric-1241,CaH2,Ca-H,2.1101342769280507,0
1241,mb-dielectric-1242,SrH2,H-Sr,2.0189105973271824,2
1242,mb-dielectric-1243,ReH3O5,H-O-Re,1.6819879111733633,1
1243,mb-dielectric-1244,SiO2,O-Si,1.4637417805063841,0
1246,mb-dielectric-1247,Li5SbS4,Li-S-Sb,2.432617931365302,4
1248,mb-dielectric-1249,NaBiSe2,Bi-Na-Se,4.828912049356761,2
1249,mb-dielectric-1250,KMgH3,H-K-Mg,1.8843391414498618,4
1250,mb-dielectric-1251,YInO3,In-O-Y,2.109298303543937,4
1251,mb-dielectric-1252,ReH3O5,H-O-Re,1.65351101195809,1
1252,mb-dielectric-1253,Re2H4O9,H-O-Re,1.7631987976402435,1
1253,mb-dielectric-1254,SiH4,H-Si,1.4883995879243361,0
1254,mb-dielectric-1255,CdBr2,Br-Cd,1.8813882285872463,2
1255,mb-dielectric-1256,BSF7,B-F-S,1.3953494186045299,1
1256,mb-dielectric-1257,LiCrO2,Cr-Li-O,2.25347413268195,4
1257,mb-dielectric-1258,Li2TiCoO4,Co-Li-O-Ti,2.4361432634391598,4
1259,mb-dielectric-1260,Ca5P8,Ca-P,3.086853846022823,4
1260,mb-dielectric-1261,Zr3GeO8,Ge-O-Zr,2.3044012237455527,0
1261,mb-dielectric-1262,ZnTe,Te-Zn,3.0332658966862756,1
1262,mb-dielectric-1263,MgSiN2,Mg-N-Si,2.115017730422135,0
1263,mb-dielectric-1264,Nb(SeCl)2,Cl-Nb-Se,2.316053899775795,2
1265,mb-dielectric-1266,Mg2FeH6,Fe-H-Mg,2.3448335406449123,2
1267,mb-dielectric-1268,HfO2,Hf-O,2.1933991884743644,1
1268,mb-dielectric-1269,YAgO2,Ag-O-Y,2.2104598314981168,4
1269,mb-dielectric-1270,SeOF2,F-O-Se,1.5631165450257807,2
1270,mb-dielectric-1271,NaBF4,B-F-Na,1.3243866504893247,2
1271,mb-dielectric-1272,RbGeCl3,Cl-Ge-Rb,1.672689251873561,0
1272,mb-dielectric-1273,Sr2CaI6,Ca-I-Sr,1.889790993734492,0
1273,mb-dielectric-1274,BaS3,Ba-S,2.4351209415550596,1
1274,mb-dielectric-1275,Rb3Ge4Au,Au-Ge-Rb,3.005605873474875,2
1275,mb-dielectric-1276,AlAgSe2,Ag-Al-Se,2.6408996573137724,0
1278,mb-dielectric-1279,H4OF2,F-H-O,1.3621062122071588,2
1279,mb-dielectric-1280,ZnSnSb2,Sb-Sn-Zn,4.723656704997376,1
1280,mb-dielectric-1281,Na2SiO3,Na-O-Si,1.5933306834008645,4
1281,mb-dielectric-1282,NaN3,N-Na,1.5203069865474197,2
1282,mb-dielectric-1283,KAg2PS4,Ag-K-P-S,2.394120645804356,4
1283,mb-dielectric-1284,BaP8,Ba-P,3.3432020579079573,2
1284,mb-dielectric-1285,NbOF3,F-Nb-O,1.7880928387530666,4
1285,mb-dielectric-1286,BaLiH3,Ba-H-Li,2.2318902302756745,4
1287,mb-dielectric-1288,HgAsO3,As-Hg-O,2.20903432899236,0
1288,mb-dielectric-1289,K2Zn(SiO3)2,K-O-Si-Zn,1.6286699072146777,0
1289,mb-dielectric-1290,Rb3Sm(PS4)2,P-Rb-S-Sm,1.9775178886675084,4
1291,mb-dielectric-1292,YCrB4,B-Cr-Y,6.43886635984938,2
1292,mb-dielectric-1293,Cu2HgGeS4,Cu-Ge-Hg-S,3.6770253829239024,0
1293,mb-dielectric-1294,Na5Li3Ti5O14,Li-Na-O-Ti,2.110826615333434,0
1294,mb-dielectric-1295,PtPbF6,F-Pb-Pt,1.868191460566442,2
1296,mb-dielectric-1297,BaPbO3,Ba-O-Pb,2.979498727414845,0
1297,mb-dielectric-1298,HgHOF,F-H-Hg-O,1.8915602025840996,4
1298,mb-dielectric-1299,KHF2,F-H-K,1.3766334539980685,1
1299,mb-dielectric-1300,KCO3,C-K-O,1.4877275736280935,2
1301,mb-dielectric-1302,Lu2Ge2O7,Ge-Lu-O,1.9240281529471788,2
1302,mb-dielectric-1303,Dy3Se4O12F,Dy-F-O-Se,1.7929001645378952,0
1303,mb-dielectric-1304,In2HgTe4,Hg-In-Te,3.3378099107049226,1
1304,mb-dielectric-1305,Li4NbFe(WO6)2,Fe-Li-Nb-O-W,2.3630992361727,2
1308,mb-dielectric-1309,CaHCl,Ca-Cl-H,1.9406796060486986,1
1309,mb-dielectric-1310,SrHCl,Cl-H-Sr,1.8732453122856065,4
1310,mb-dielectric-1311,Fe3H10S2NO14,Fe-H-N-O-S,1.8208415636732347,4
1311,mb-dielectric-1312,As3(HO2)5,As-H-O,1.7291616465790585,1
1312,mb-dielectric-1313,BaHI,Ba-H-I,2.107291705799967,0
1313,mb-dielectric-1314,H2SeO4,H-O-Se,1.5938423175877008,2
1314,mb-dielectric-1315,TlP5,P-Tl,3.28359559020291,4
1315,mb-dielectric-1316,LiFeSiO4,Fe-Li-O-Si,1.790884325317151,2
1316,mb-dielectric-1317,Si2Cl2O3,Cl-O-Si,1.4632156368750695,2
1317,mb-dielectric-1318,BiTeI,Bi-I-Te,3.159292853366615,1
1319,mb-dielectric-1320,KAuO2,Au-K-O,2.076655805215042,4
1320,mb-dielectric-1321,Zn(InSe2)2,In-Se-Zn,2.7739002024826585,4
1322,mb-dielectric-1323,LiBiF6,Bi-F-Li,1.562583331102744,1
1323,mb-dielectric-1324,N2,N,1.1814080582085091,0
1325,mb-dielectric-1326,RbBiF6,Bi-F-Rb,1.4768399823045604,4
1326,mb-dielectric-1327,LaN,La-N,2.653584996440352,4
1327,mb-dielectric-1328,CsBiF6,Bi-Cs-F,1.4780298824223237,2
1329,mb-dielectric-1330,AlPO4,Al-O-P,1.5717294084330677,2
1330,mb-dielectric-1331,MgH12SO9,H-Mg-O-S,1.5241391012602485,2
1331,mb-dielectric-1332,Mn4SiO7,Mn-O-Si,2.4295187452113503,4
1332,mb-dielectric-1333,NaHO,H-Na-O,1.5303805626923854,1
1333,mb-dielectric-1334,LiMnF3,F-Li-Mn,1.4810002250731316,4
1334,mb-dielectric-1335,Cu8GeS6,Cu-Ge-S,3.3740822455891615,2
1335,mb-dielectric-1336,Na2GeN2,Ge-N-Na,2.227327471807113,1
1336,mb-dielectric-1337,In2Se3,In-Se,2.7781061294822194,0
1337,mb-dielectric-1338,PH3O4,H-O-P,1.4891832213218987,0
1339,mb-dielectric-1340,SiO2,O-Si,1.3335416503977675,0
1340,mb-dielectric-1341,Na2Si2O5,Na-O-Si,1.5451816505943026,4
1341,mb-dielectric-1342,NaCuP2O7,Cu-Na-O-P,2.046351468671336,4
1343,mb-dielectric-1344,Zn(InS2)2,In-S-Zn,4.609312819354603,1
1344,mb-dielectric-1345,GeS2,Ge-S,2.3576052115087744,0
1345,mb-dielectric-1346,Ba(NdSe2)2,Ba-Nd-Se,2.976920836479645,1
1346,mb-dielectric-1347,KLi2As,As-K-Li,2.5269928769191257,1
1347,mb-dielectric-1348,RbNb(GeO3)3,Ge-Nb-O-Rb,1.8450388433128788,2
1348,mb-dielectric-1349,Al(HO)3,Al-H-O,1.620936971836557,2
1349,mb-dielectric-1350,Al2PdCl8,Al-Cl-Pd,1.6232683080747925,0
1350,mb-dielectric-1351,Rb3AuO,Au-O-Rb,2.530833261990999,2
1351,mb-dielectric-1352,Zr3Ni3Sb4,Ni-Sb-Zr,5.89550676362941,2
1352,mb-dielectric-1353,YCl3,Cl-Y,1.615343100807625,2
1353,mb-dielectric-1354,Ge5Ir4,Ge-Ir,6.536015529357317,0
1354,mb-dielectric-1355,SrLiPrTeO6,Li-O-Pr-Sr-Te,2.0124442021250344,2
1355,mb-dielectric-1356,SrPr2O4,O-Pr-Sr,2.1090906413270467,0
1356,mb-dielectric-1357,RbCaH3,Ca-H-Rb,1.773426626618649,0
1357,mb-dielectric-1358,Na2Ti2O5,Na-O-Ti,1.8113919141551524,0
1358,mb-dielectric-1359,BaP10,Ba-P,3.106381925434583,2
1359,mb-dielectric-1360,NaCaAlF6,Al-Ca-F-Na,1.3977362650610023,1
1360,mb-dielectric-1361,RbAu,Au-Rb,2.3006520814760334,2
1361,mb-dielectric-1362,GaCuTe2,Cu-Ga-Te,3.87471164518514,2
1362,mb-dielectric-1363,VAg3O4,Ag-O-V,2.31109396895352,0
1363,mb-dielectric-1364,Na2V(PO4)2,Na-O-P-V,1.6442475482724614,0
1364,mb-dielectric-1365,AlAs,Al-As,3.0839580087932483,1
1365,mb-dielectric-1366,MgH2SeO5,H-Mg-O-Se,1.6453976216502404,4
1366,mb-dielectric-1367,Li5Br2N,Br-Li-N,1.9310988236407396,4
1367,mb-dielectric-1368,Li2CuPO4,Cu-Li-O-P,1.7863446849175926,2
1369,mb-dielectric-1370,Ba2In2O5,Ba-In-O,2.2392489068137706,4
1370,mb-dielectric-1371,Sn2OF2,F-O-Sn,2.084470516302243,0
1372,mb-dielectric-1373,MnSe,Mn-Se,2.636810573401129,0
1374,mb-dielectric-1375,Tl2O,O-Tl,3.5326099889491824,0
1375,mb-dielectric-1376,Sm5AgS8,Ag-S-Sm,2.956436086461761,2
1376,mb-dielectric-1377,SiSe2,Se-Si,1.877853118771935,4
1378,mb-dielectric-1379,Li2V(PO4)2,Li-O-P-V,1.988345375766829,4
1379,mb-dielectric-1380,BaMnO3,Ba-Mn-O,2.2523545458030103,0
1380,mb-dielectric-1381,Y(AgCl2)3,Ag-Cl-Y,1.93097505594108,0
1381,mb-dielectric-1382,Ta3N5,N-Ta,3.290997822333249,1
1383,mb-dielectric-1384,CuH,Cu-H,3.6552009976652817,1
1386,mb-dielectric-1387,Li4Ti7O16,Li-O-Ti,2.2162835257851525,1
1387,mb-dielectric-1388,KCl,Cl-K,1.5824032355882571,4
1388,mb-dielectric-1389,LiNbO3,Li-Nb-O,2.601542298970624,1
1389,mb-dielectric-1390,KSi5N7,K-N-Si,2.0251073222589135,4
1390,mb-dielectric-1391,KSb2,K-Sb,3.9301399466158076,4
1391,mb-dielectric-1392,Li2Fe2SiO6,Fe-Li-O-Si,1.797799117439617,2
1392,mb-dielectric-1393,Pr2CdS4,Cd-Pr-S,2.9304453586443135,1
1393,mb-dielectric-1394,H2O,H-O,1.4459137825711954,1
1394,mb-dielectric-1395,CrP(HO)5,Cr-H-O-P,1.621797973443877,0
1395,mb-dielectric-1396,NaRuN,N-Na-Ru,4.443108521444562,1
1396,mb-dielectric-1397,Ca2SnN2,Ca-N-Sn,17.407039744501844,0
1397,mb-dielectric-1398,Rb2CoI4,Co-I-Rb,1.912764142979125,4
1398,mb-dielectric-1399,LiSn(PO3)3,Li-O-P-Sn,1.7304536977336318,1
1399,mb-dielectric-1400,Si3Ag3(SnP3)2,Ag-P-Si-Sn,1.0000000000000016,2
1400,mb-dielectric-1401,TaIn3O7,In-O-Ta,2.394628502851051,1
1401,mb-dielectric-1402,BH6N,B-H-N,1.5171266701674362,1
1402,mb-dielectric-1403,Na8Ta7VO24,Na-O-Ta-V,2.4251146364656666,1
1403,mb-dielectric-1404,Cu2O,Cu-O,3.2414502926930724,2
1404,mb-dielectric-1405,Nb2SiTe4,Nb-Si-Te,3.9661064030103885,2
1405,mb-dielectric-1406,Nb2GeTe4,Ge-Nb-Te,4.082931953061836,1
1407,mb-dielectric-1408,Ca(PrS2)2,Ca-Pr-S,2.773072363522693,2
1409,mb-dielectric-1410,LaOF,F-La-O,1.939753077069349,4
1410,mb-dielectric-1411,Ti(CuS)4,Cu-S-Ti,3.1293641526674394,4
1411,mb-dielectric-1412,Si3Ru2,Ru-Si,4.521283003750153,0
1412,mb-dielectric-1413,LiSn2P4H3O16,H-Li-O-P-Sn,1.6937288252058926,0
1413,mb-dielectric-1414,SiC,C-Si,2.6457783353863924,1
1414,mb-dielectric-1415,CaClF,Ca-Cl-F,1.7373855837627599,2
1415,mb-dielectric-1416,FeBiO3,Bi-Fe-O,2.6882451525112145,0
1417,mb-dielectric-1418,HfO2,Hf-O,2.2388924345160786,1
1418,mb-dielectric-1419,K2AgBi,Ag-Bi-K,2.970066609802995,1
1419,mb-dielectric-1420,Mg3Si2H4O9,H-Mg-O-Si,1.589339485446709,1
1420,mb-dielectric-1421,Na4ReN3,N-Na-Re,1.978805784642172,2
1421,mb-dielectric-1422,LiZnN,Li-N-Zn,2.7960613369523895,4
1422,mb-dielectric-1423,TlZnAsO4,As-O-Tl-Zn,1.9212978252559738,2
1423,mb-dielectric-1424,NaTlO2,Na-O-Tl,2.45904300153966,1
1425,mb-dielectric-1426,H4SO5,H-O-S,1.4860462083439174,0
1428,mb-dielectric-1429,Cu4SnP10,Cu-P-Sn,4.121486139731639,0
1429,mb-dielectric-1430,DySbPt,Dy-Pt-Sb,4.84877489681672,0
1431,mb-dielectric-1432,AlP,Al-P,2.8523700671546828,0
1432,mb-dielectric-1433,Li4VF8,F-Li-V,1.4630416945528242,4
1433,mb-dielectric-1434,Ba(InTe2)2,Ba-In-Te,2.9142582818503464,2
1434,mb-dielectric-1435,ZnP2,P-Zn,3.135974064518604,4
1435,mb-dielectric-1436,Ba2MgO3,Ba-Mg-O,2.003748035777196,2
1436,mb-dielectric-1437,Al2(FeSi)3,Al-Fe-Si,5.444967095094944,4
1437,mb-dielectric-1438,LiCrP2O7,Cr-Li-O-P,1.8353147777243375,4
1438,mb-dielectric-1439,Ca2Ni7P4,Ca-Ni-P,1.0,4
1439,mb-dielectric-1440,ScCuO2,Cu-O-Sc,2.4303062221319567,0
1440,mb-dielectric-1441,H2SO4,H-O-S,1.47975223151265,0
1442,mb-dielectric-1443,ErCu(WO4)2,Cu-Er-O-W,2.290187546905275,1
1443,mb-dielectric-1444,MgB4,B-Mg,3.407100429006068,1
1444,mb-dielectric-1445,Na4Ga3Si3B(HO3)4,B-Ga-H-Na-O-Si,1.5733683611919997,4
1445,mb-dielectric-1446,OsCl2O,Cl-O-Os,11.357103822133508,0
1446,mb-dielectric-1447,PHN2,H-N-P,1.9190475067942774,2
1447,mb-dielectric-1448,H4CN2O,C-H-N-O,1.4514554764098004,1
1449,mb-dielectric-1450,Te3Cl2,Cl-Te,2.9842363623993773,2
1450,mb-dielectric-1451,CaHI,Ca-H-I,2.025005679004382,4
1451,mb-dielectric-1452,CrCl3,Cl-Cr,2.0057417580555184,2
1452,mb-dielectric-1453,RbCaF3,Ca-F-Rb,1.4550130583606462,4
1454,mb-dielectric-1455,Rb2SnI6,I-Rb-Sn,2.1786018452209284,4
1455,mb-dielectric-1456,H24C8S(NO2)2,C-H-N-O-S,1.5125926968839516,2
1456,mb-dielectric-1457,Li3NbS4,Li-Nb-S,1.743191326274887,2
1457,mb-dielectric-1458,IBr,Br-I,2.132369573971553,4
1458,mb-dielectric-1459,KPH3O4F,F-H-K-O-P,1.4717336715588185,0
1459,mb-dielectric-1460,CsBr3,Br-Cs,1.7941571837495174,0
1460,mb-dielectric-1461,CoAsSe,As-Co-Se,5.384298159153769,1
1461,mb-dielectric-1462,Li4NCl,Cl-Li-N,2.0100429514482308,0
1462,mb-dielectric-1463,Li5NCl2,Cl-Li-N,1.9109404316548775,0
1463,mb-dielectric-1464,KTb(PO3)4,K-O-P-Tb,1.6346130021098775,2
1464,mb-dielectric-1465,LiMnPO4,Li-Mn-O-P,1.7287985230596805,1
1465,mb-dielectric-1466,CuH6SO7,Cu-H-O-S,1.7365171080834954,4
1466,mb-dielectric-1467,SiO2,O-Si,1.5337222695129675,0
1467,mb-dielectric-1468,Te2Br,Br-Te,3.2696584938899456,0
1468,mb-dielectric-1469,Na10CaSn12,Ca-Na-Sn,3.973663297261114,1
1469,mb-dielectric-1470,In2Te5,In-Te,3.4785007937948538,1
1470,mb-dielectric-1471,Te2I,I-Te,3.4855893810564287,4
1471,mb-dielectric-1472,Li3B5(HO5)2,B-H-Li-O,1.5943914199468083,1
1472,mb-dielectric-1473,Cs2Se5,Cs-Se,2.212149030543226,0
1475,mb-dielectric-1476,Sb2PbO6,O-Pb-Sb,2.108717461713005,1
1476,mb-dielectric-1477,FeOF,F-Fe-O,2.043327514945499,2
1477,mb-dielectric-1478,Sr5(GeN3)2,Ge-N-Sr,2.3963963222583473,4
1478,mb-dielectric-1479,TaTl3Se4,Se-Ta-Tl,2.7057512819917515,0
1480,mb-dielectric-1481,SeF4,F-Se,1.5185519418182571,0
1482,mb-dielectric-1483,IrCl3,Cl-Ir,2.106418761792081,1
1483,mb-dielectric-1484,KSe,K-Se,1.883386046459939,2
1484,mb-dielectric-1485,CaZrN2,Ca-N-Zr,3.2819475925127133,1
1485,mb-dielectric-1486,Y2Cl3,Cl-Y,2.5561038059200243,2
1486,mb-dielectric-1487,Tl4O3,O-Tl,2.8554042329122744,0
1487,mb-dielectric-1488,LiCoP2O7,Co-Li-O-P,2.1918826282862973,0
1488,mb-dielectric-1489,Na6ZnS4,Na-S-Zn,1.9887080395741021,2
1489,mb-dielectric-1490,Al4(B2O5)3,Al-B-O,1.6415439886477827,0
1490,mb-dielectric-1491,PH4Br,Br-H-P,1.9681632723599602,2
1491,mb-dielectric-1492,K2PtBr6,Br-K-Pt,1.983003866192229,0
1492,mb-dielectric-1493,H3ClO5,Cl-H-O,1.472299788313055,4
1494,mb-dielectric-1495,Rb2SnO2,O-Rb-Sn,1.9421892286798421,1
1495,mb-dielectric-1496,Ti3Zn2O8,O-Ti-Zn,2.3218740275906438,1
1496,mb-dielectric-1497,Li2FePO5,Fe-Li-O-P,1.8392379762644455,2
1497,mb-dielectric-1498,Rb2Na(NO3)3,N-Na-O-Rb,1.4755953600722207,1
1498,mb-dielectric-1499,Ca(MgBi)2,Bi-Ca-Mg,4.092799001498444,2
1499,mb-dielectric-1500,H3OF,F-H-O,1.388044187577134,2
1500,mb-dielectric-1501,Ba(AuF4)2,Au-Ba-F,1.615600404390475,2
1501,mb-dielectric-1502,Ba(MgBi)2,Ba-Bi-Mg,4.133848811942693,1
1502,mb-dielectric-1503,KTlO,K-O-Tl,2.2294862636939423,2
1506,mb-dielectric-1507,CdPbF6,Cd-F-Pb,1.6099689438029896,4
1508,mb-dielectric-1509,K3BrO,Br-K-O,1.7346184018394362,4
1509,mb-dielectric-1510,CrBr3,Br-Cr,2.1619435700313887,2
1510,mb-dielectric-1511,Li4MnCr(WO6)2,Cr-Li-Mn-O-W,2.9124194981721527,4
1511,mb-dielectric-1512,Re2P5,P-Re,4.3537723106902755,4
1513,mb-dielectric-1514,NaZnSiHO4,H-Na-O-Si-Zn,1.6516897408411786,1
1514,mb-dielectric-1515,LiGa5O8,Ga-Li-O,2.023872772681129,1
1515,mb-dielectric-1516,CsSc3(CuTe3)2,Cs-Cu-Sc-Te,3.4427291360356844,0
1516,mb-dielectric-1517,KAlCl4,Al-Cl-K,1.5330796891660046,1
1517,mb-dielectric-1518,H4CN5Cl,C-Cl-H-N,1.6097258565772412,4
1518,mb-dielectric-1519,RhCl3,Cl-Rh,2.21705510381835,1
1519,mb-dielectric-1520,Ca4Mg4Fe3H22,Ca-Fe-H-Mg,2.2046763934872615,1
1521,mb-dielectric-1522,Li6VCl8,Cl-Li-V,1.7501428513124364,2
1522,mb-dielectric-1523,LiCoS2,Co-Li-S,4.1506143948833705,0
1525,mb-dielectric-1526,Ti(Bi3O5)4,Bi-O-Ti,2.503843046199187,2
1526,mb-dielectric-1527,La3CuSiS7,Cu-La-S-Si,2.664318111637571,0
1527,mb-dielectric-1528,SrGe(HO2)2,Ge-H-O-Sr,1.7483757223968386,2
1528,mb-dielectric-1529,NaZn(HO)3,H-Na-O-Zn,1.6341969485550591,4
1529,mb-dielectric-1530,LaSi3N5,La-N-Si,2.3172083059866093,4
1533,mb-dielectric-1534,La4MnSe6O,La-Mn-O-Se,2.9193538668827066,1
1534,mb-dielectric-1535,NaCl,Cl-Na,1.577386129012174,0
1535,mb-dielectric-1536,BeSiP2,Be-P-Si,3.0780945946044826,0
1537,mb-dielectric-1538,SnS,S-Sn,2.549949215180569,1
1538,mb-dielectric-1539,CdSe,Cd-Se,2.9350330492176746,0
1539,mb-dielectric-1540,Ca4TiN4,Ca-N-Ti,2.498974256236613,4
1541,mb-dielectric-1542,LuCuS2,Cu-Lu-S,2.8691650959650197,2
1542,mb-dielectric-1543,PICl6,Cl-I-P,1.7585979263796105,2
1543,mb-dielectric-1544,SbF3,F-Sb,1.7289068800834821,2
1544,mb-dielectric-1545,Rb2TiCl6,Cl-Rb-Ti,1.7530299484036267,2
1545,mb-dielectric-1546,NaInSe2,In-Na-Se,2.7489668362253217,0
1546,mb-dielectric-1547,Cs2TiCl6,Cl-Cs-Ti,1.7260706822143819,2
1547,mb-dielectric-1548,Cs2SeCl6,Cl-Cs-Se,1.7558718632064272,4
1549,mb-dielectric-1550,Rb2ZrCl6,Cl-Rb-Zr,1.6748913397590939,0
1550,mb-dielectric-1551,Er3TaO7,Er-O-Ta,2.1348868041811175,0
1551,mb-dielectric-1552,Tl2SnCl6,Cl-Sn-Tl,1.8766607755976161,4
1552,mb-dielectric-1553,Tl2TeCl6,Cl-Te-Tl,1.9838317300954025,1
1553,mb-dielectric-1554,Y3CuGeSe7,Cu-Ge-Se-Y,3.138998407135626,2
1555,mb-dielectric-1556,K2TiCl6,Cl-K-Ti,1.7903914841918407,1
1556,mb-dielectric-1557,LiMgH6Ir,H-Ir-Li-Mg,2.129000469704034,1
1557,mb-dielectric-1558,Nd3SiAgSe7,Ag-Nd-Se-Si,2.9840115616398,2
1558,mb-dielectric-1559,LiV5O7F,F-Li-O-V,2.6234158394480014,1
1559,mb-dielectric-1560,LaF3,F-La,1.746158163893905,0
1562,mb-dielectric-1563,RbHO,H-O-Rb,1.5813944268693163,2
1563,mb-dielectric-1564,Na2O,Na-O,1.8630840918577305,0
1564,mb-dielectric-1565,Be3Cd4Si3SeO12,Be-Cd-O-Se-Si,1.8585472821534565,0
1565,mb-dielectric-1566,HfSnPd,Hf-Pd-Sn,4.411198703300496,2
1566,mb-dielectric-1567,Li2O2,Li-O,1.7775451236654127,1
1567,mb-dielectric-1568,Y3TaO7,O-Ta-Y,2.1035957311232596,2
1569,mb-dielectric-1570,PdBr2,Br-Pd,2.0549939172659366,1
1570,mb-dielectric-1571,Ba2CaSi4(BO7)2,B-Ba-Ca-O-Si,1.6674758369063902,0
1571,mb-dielectric-1572,LiMnF3,F-Li-Mn,1.5123728596700794,4
1572,mb-dielectric-1573,Na2BeSiO4,Be-Na-O-Si,1.649506592893766,1
1573,mb-dielectric-1574,AlClO,Al-Cl-O,1.7307821931138532,2
1574,mb-dielectric-1575,Ga2HgTe4,Ga-Hg-Te,3.4071138323611474,4
1575,mb-dielectric-1576,KNO2,K-N-O,1.426835192538601,0
1577,mb-dielectric-1578,Sr5(SnP3)2,P-Sn-Sr,3.203227539009158,2
1578,mb-dielectric-1579,RhBr3,Br-Rh,2.47473904348934,4
1579,mb-dielectric-1580,Li2MgCl4,Cl-Li-Mg,1.6594175685058743,1
1580,mb-dielectric-1581,K2SbSO4F3,F-K-O-S-Sb,1.5505428081804127,0
1581,mb-dielectric-1582,BaBPO5,B-Ba-O-P,1.6891586663188236,0
1582,mb-dielectric-1583,Cs2GeCl6,Cl-Cs-Ge,1.6533348118273044,1
1583,mb-dielectric-1584,CrO3,Cr-O,2.180544045263322,0
1584,mb-dielectric-1585,Bi2SO2,Bi-O-S,3.27523978765932,0
1585,mb-dielectric-1586,NaLi5N2,Li-N-Na,2.642863724573529,0
1586,mb-dielectric-1587,Ti(SiO3)2,O-Si-Ti,1.9062658010174847,0
1587,mb-dielectric-1588,Sr3YRhO6,O-Rh-Sr-Y,2.2048431539081776,1
1588,mb-dielectric-1589,Tl2PdCl4,Cl-Pd-Tl,2.0953317955238817,4
1589,mb-dielectric-1590,CsHO,Cs-H-O,1.6107941105761054,1
1590,mb-dielectric-1591,Ca(ZnN)2,Ca-N-Zn,2.9841432047853638,2
1592,mb-dielectric-1593,Ba4LiCu(CO5)2,Ba-C-Cu-Li-O,1.9898938832678155,4
1593,mb-dielectric-1594,Ga2Te3,Ga-Te,3.4164796696864603,2
1595,mb-dielectric-1596,TlInS2,In-S-Tl,3.139212799413256,2
1596,mb-dielectric-1597,VCu3Te4,Cu-Te-V,3.3643555103466687,1
1597,mb-dielectric-1598,ZrO2,O-Zr,2.1864478803148577,2
1598,mb-dielectric-1599,Rb2MnCl4,Cl-Mn-Rb,1.6880298180620785,2
1599,mb-dielectric-1600,Rb3MgH5,H-Mg-Rb,1.6778597478136643,2
1600,mb-dielectric-1601,TiMnO4,Mn-O-Ti,3.064483806450933,2
1602,mb-dielectric-1603,Cu2PbO2,Cu-O-Pb,2.9683639152457935,2
1604,mb-dielectric-1605,AlAgTe2,Ag-Al-Te,2.9595749131702456,4
1605,mb-dielectric-1606,SiTePt,Pt-Si-Te,4.854688455503607,1
1606,mb-dielectric-1607,BaHgO2,Ba-Hg-O,1.8871223242457513,1
1607,mb-dielectric-1608,Cs2HfI6,Cs-Hf-I,1.9499841024993012,0
1608,mb-dielectric-1609,Ba2SrI6,Ba-I-Sr,1.793234228984044,4
1609,mb-dielectric-1610,LiFeP2O7,Fe-Li-O-P,1.789563354564459,2
1611,mb-dielectric-1612,CdCl2,Cd-Cl,1.7699448202321637,4
1612,mb-dielectric-1613,LiMnP2O7,Li-Mn-O-P,1.8234174873937492,1
1613,mb-dielectric-1614,LiNbO2,Li-Nb-O,2.9489777889974027,1
1614,mb-dielectric-1615,NaH9O5,H-Na-O,1.4487609648707869,1
1616,mb-dielectric-1617,Sc2MnS4,Mn-S-Sc,2.826835686770641,1
1617,mb-dielectric-1618,Li3AlN2,Al-Li-N,2.145332142116927,1
1620,mb-dielectric-1621,FeHO2,Fe-H-O,2.276794823137708,4
1621,mb-dielectric-1622,SrH4O3,H-O-Sr,1.6348819529250422,2
1622,mb-dielectric-1623,Ag3AsS4,Ag-As-S,2.9347391706930277,4
1623,mb-dielectric-1624,B2O3,B-O,1.6502434163884208,2
1624,mb-dielectric-1625,La3Ti2N3O4,La-N-O-Ti,2.9673174754313023,1
1625,mb-dielectric-1626,Al6Cd4TeO12,Al-Cd-O-Te,1.8712217933745856,2
1626,mb-dielectric-1627,SnI4,I-Sn,1.7485759920575374,2
1627,mb-dielectric-1628,LiH2N,H-Li-N,1.6372271273915133,2
1628,mb-dielectric-1629,LiSbF6,F-Li-Sb,1.4160979250523094,2
1629,mb-dielectric-1630,KNb(CuSe2)2,Cu-K-Nb-Se,2.457614968487402,4
1630,mb-dielectric-1631,KCuO2,Cu-K-O,2.0346396077274553,2
1631,mb-dielectric-1632,RbVPO5,O-P-Rb-V,1.652179368793433,0
1632,mb-dielectric-1633,Li2ZrF6,F-Li-Zr,1.5237613548934381,0
1633,mb-dielectric-1634,Ba5(Ga3H)2,Ba-Ga-H,4.226701353695734,4
1634,mb-dielectric-1635,AcN,Ac-N,2.6273773361789265,2
1636,mb-dielectric-1637,SiNiH12(OF)6,F-H-Ni-O-Si,1.4073615976969538,1
1638,mb-dielectric-1639,CaP,Ca-P,2.8633229530273616,4
1639,mb-dielectric-1640,TlGaS2,Ga-S-Tl,2.5990382836735604,1
1640,mb-dielectric-1641,Li3N,Li-N,2.3616378497419253,2
1641,mb-dielectric-1642,NaSm3SiS7,Na-S-Si-Sm,2.625547434980624,1
1642,mb-dielectric-1643,NaHO,H-Na-O,1.5637727882698613,1
1643,mb-dielectric-1644,Li5SiP3,Li-P-Si,2.684860753778477,1
1644,mb-dielectric-1645,KCrS2,Cr-K-S,2.7826196889501897,1
1646,mb-dielectric-1647,Cu3Se2,Cu-Se,22.78068624222428,1
1647,mb-dielectric-1648,Sr4LiCu(CO5)2,C-Cu-Li-O-Sr,1.941713246937697,2
1648,mb-dielectric-1649,FeAgO2,Ag-Fe-O,2.6875973160675155,4
1649,mb-dielectric-1650,KV(CuS2)2,Cu-K-S-V,2.426106689052785,2
1650,mb-dielectric-1651,SrS3,S-Sr,2.378514522413797,2
1651,mb-dielectric-1652,BeSiN2,Be-N-Si,2.136540661911212,2
1652,mb-dielectric-1653,MnF2,F-Mn,1.5903109758786174,4
1653,mb-dielectric-1654,BaYSi4N7,Ba-N-Si-Y,2.3048464157075617,0
1656,mb-dielectric-1657,HfMgN2,Hf-Mg-N,2.5098396363114515,1
1657,mb-dielectric-1658,Ca3MoN3,Ca-Mo-N,9.43521881152455,2
1658,mb-dielectric-1659,NaVN2,N-Na-V,2.530654460806532,2
1659,mb-dielectric-1660,LiAlGe,Al-Ge-Li,4.069957002229881,4
1660,mb-dielectric-1661,Mg2MnN3,Mg-Mn-N,3.8912506130206177,1
1661,mb-dielectric-1662,Al(HO)3,Al-H-O,1.6175864737317756,2
1662,mb-dielectric-1663,FePO4,Fe-O-P,1.7062743038562116,0
1663,mb-dielectric-1664,TeMoWSeS2,Mo-S-Se-Te-W,1.0000000000471083,0
1664,mb-dielectric-1665,Li2SnTeO6,Li-O-Sn-Te,1.9590753771443643,2
1665,mb-dielectric-1666,LiMgB3(H9N)2,B-H-Li-Mg-N,1.597725153046886,2
1666,mb-dielectric-1667,BaSi3SnO9,Ba-O-Si-Sn,1.6992752376626206,1
1668,mb-dielectric-1669,Rb2CN2,C-N-Rb,1.662063195145829,2
1669,mb-dielectric-1670,NaAg(NO2)2,Ag-N-Na-O,1.6384614734561012,1
1671,mb-dielectric-1672,Se,Se,2.240461262032144,0
1672,mb-dielectric-1673,Li2H2SeO5,H-Li-O-Se,1.5515458957654673,1
1673,mb-dielectric-1674,K3MnO4,K-Mn-O,1.6869762891042661,0
1674,mb-dielectric-1675,KAlF4,Al-F-K,1.3915219485632746,2
1675,mb-dielectric-1676,CrCdF6,Cd-Cr-F,1.6631345906650676,1
1676,mb-dielectric-1677,MgCO3,C-Mg-O,1.6632959247630321,2
1677,mb-dielectric-1678,FeF2,F-Fe,1.5545631755148024,1
1678,mb-dielectric-1679,Li5VO3F2,F-Li-O-V,1.761260994721806,1
1680,mb-dielectric-1681,La5AgSe8,Ag-La-Se,3.1110510014034407,4
1681,mb-dielectric-1682,LiV(OF)2,F-Li-O-V,1.6769200935047561,1
1683,mb-dielectric-1684,Li3Mn(PO4)2,Li-Mn-O-P,2.14640971547062,1
1684,mb-dielectric-1685,MgTiN2,Mg-N-Ti,2.937404806968219,1
1685,mb-dielectric-1686,Ca4P2O,Ca-O-P,2.71393975614788,0
1686,mb-dielectric-1687,TaGaFe2,Fe-Ga-Ta,6.347627115702377,4
1687,mb-dielectric-1688,ErBO3,B-Er-O,1.8449619688943906,4
1688,mb-dielectric-1689,Ca2CdSb2,Ca-Cd-Sb,3.6642871066552627,4
1689,mb-dielectric-1690,LaSF,F-La-S,2.3563664118015826,4
1690,mb-dielectric-1691,Cs2Se,Cs-Se,1.919114379086347,0
1691,mb-dielectric-1692,Li3Mn2CrO6,Cr-Li-Mn-O,2.286368663769399,4
1693,mb-dielectric-1694,Ag3Ge5P6,Ag-Ge-P,4.306622806794214,2
1694,mb-dielectric-1695,K3TaF8,F-K-Ta,1.4645236995920095,0
1695,mb-dielectric-1696,ZnCl2,Cl-Zn,1.67908705353038,1
1696,mb-dielectric-1697,CaMoN3,Ca-Mo-N,3.186528623230406,2
1697,mb-dielectric-1698,BaFe(Si2O5)2,Ba-Fe-O-Si,1.6522054956935592,0
1698,mb-dielectric-1699,Li7IN2,I-Li-N,2.2637930455002384,0
1699,mb-dielectric-1700,LiCaPrTeO6,Ca-Li-O-Pr-Te,1.9833143136342932,1
1701,mb-dielectric-1702,Li2MnSiO4,Li-Mn-O-Si,1.7306192533310152,1
1702,mb-dielectric-1703,BaYF5,Ba-F-Y,1.5319397290146022,2
1703,mb-dielectric-1704,AsS,As-S,2.099047402988793,2
1704,mb-dielectric-1705,Ca3AlAs3,Al-As-Ca,3.1563692221707313,1
1705,mb-dielectric-1706,K4ZnAs2,As-K-Zn,2.2602366395284093,0
1707,mb-dielectric-1708,TmClO,Cl-O-Tm,1.711168703936971,1
1708,mb-dielectric-1709,Li4SiO4,Li-O-Si,1.642120275741092,0
1709,mb-dielectric-1710,SiO2,O-Si,1.4286357128393508,0
1710,mb-dielectric-1711,OsO4,O-Os,1.5740326129615825,4
1711,mb-dielectric-1712,Li3VSiO5,Li-O-Si-V,1.838348806220771,4
1712,mb-dielectric-1713,NbCu3S4,Cu-Nb-S,2.5281028460092365,2
1713,mb-dielectric-1714,Li5Sn2,Li-Sn,10.537710062708628,1
1714,mb-dielectric-1715,NaTiPCO7,C-Na-O-P-Ti,1.7149613212353605,2
1715,mb-dielectric-1716,Na6MgO4,Mg-Na-O,1.770461145201065,4
1716,mb-dielectric-1717,CaSnN2,Ca-N-Sn,2.4514909748967053,0
1717,mb-dielectric-1718,RbGa3,Ga-Rb,6.1980721465092135,4
1719,mb-dielectric-1720,RbSnIO6,I-O-Rb-Sn,1.7405997050825281,4
1720,mb-dielectric-1721,Li4Ga3Si3ClO12,Cl-Ga-Li-O-Si,1.6146900631390535,2
1723,mb-dielectric-1724,Na6PbO4,Na-O-Pb,2.016808039121887,2
1724,mb-dielectric-1725,Li2MnF4,F-Li-Mn,1.4506344063790486,4
1725,mb-dielectric-1726,BaCaI4,Ba-Ca-I,2.0035971817375535,0
1726,mb-dielectric-1727,Ca2SnS4,Ca-S-Sn,2.3793570560132413,4
1728,mb-dielectric-1729,TmGaO3,Ga-O-Tm,2.117266083104971,2
1729,mb-dielectric-1730,Ag2HgI4,Ag-Hg-I,2.3073424828866074,1
1730,mb-dielectric-1731,Ca2SiB2O7,B-Ca-O-Si,1.7732908202924114,2
1731,mb-dielectric-1732,Mg3B7ClO13,B-Cl-Mg-O,1.7113224905512856,2
1732,mb-dielectric-1733,Li7VN4,Li-N-V,2.2600982279538213,0
1735,mb-dielectric-1736,LiMnPO4,Li-Mn-O-P,1.7362721630897655,1
1737,mb-dielectric-1738,RuO4,O-Ru,1.6184276319934734,4
1738,mb-dielectric-1739,Tl9SbSe6,Sb-Se-Tl,4.12855929297689,4
1739,mb-dielectric-1740,BaCO3,Ba-C-O,1.647627182748978,0
1740,mb-dielectric-1741,Sc(ClO4)3,Cl-O-Sc,1.7576095633632554,1
1741,mb-dielectric-1742,Y3GaO6,Ga-O-Y,2.0359487550852764,0
1742,mb-dielectric-1743,SmBS3,B-S-Sm,2.6088740866511744,0
1743,mb-dielectric-1744,AlHO2,Al-H-O,1.7590717248973484,2
1744,mb-dielectric-1745,Y3Sb4Au3,Au-Sb-Y,5.201600651081676,0
1745,mb-dielectric-1746,LiFePO4,Fe-Li-O-P,1.8326684551949561,2
1746,mb-dielectric-1747,Na2Zn2O3,Na-O-Zn,2.017929549480523,4
1747,mb-dielectric-1748,LiMoP2O7,Li-Mo-O-P,1.7681971043975837,1
1748,mb-dielectric-1749,Tl3VO4,O-Tl-V,2.2713476909828962,4
1749,mb-dielectric-1750,H2S,H-S,1.439851844230278,0
1750,mb-dielectric-1751,Ag2S,Ag-S,2.968741764900859,2
1753,mb-dielectric-1754,Li4TiMn(WO6)2,Li-Mn-O-Ti-W,2.65760594019003,4
1754,mb-dielectric-1755,NaSiBO4,B-Na-O-Si,1.6225940137117896,2
1755,mb-dielectric-1756,LiFeO2,Fe-Li-O,2.1956737007123683,2
1756,mb-dielectric-1757,TaGaO4,Ga-O-Ta,2.279260186990507,1
1759,mb-dielectric-1760,Li4Al3Si3ClO12,Al-Cl-Li-O-Si,1.560350922068494,4
1762,mb-dielectric-1763,Zn2SiO4,O-Si-Zn,1.8516165009706163,4
1764,mb-dielectric-1765,PtSe2,Pt-Se,3.9091346015906843,2
1765,mb-dielectric-1766,CdSe,Cd-Se,3.1103054512378905,0
1767,mb-dielectric-1768,RbP(HO2)2,H-O-P-Rb,1.50628782110193,4
1768,mb-dielectric-1769,Ti3TeO8,O-Te-Ti,1.9743602339323323,4
1769,mb-dielectric-1770,Hf3N2O3,Hf-N-O,2.3182502740932294,1
1770,mb-dielectric-1771,Li2SbS2,Li-S-Sb,2.795451662969689,4
1771,mb-dielectric-1772,LiAsS2,As-Li-S,2.9209036273043996,1
1772,mb-dielectric-1773,BrO2F,Br-F-O,1.595302583629001,2
1773,mb-dielectric-1774,Sr(AlTe2)2,Al-Sr-Te,2.7093812946870357,2
1774,mb-dielectric-1775,Li5TiP3,Li-P-Ti,3.0551612447018455,4
1776,mb-dielectric-1777,LiFePO4,Fe-Li-O-P,1.631904204704848,2
1777,mb-dielectric-1778,AlPO4,Al-O-P,1.3355908804720116,2
1778,mb-dielectric-1779,Cs2LiAsO4,As-Cs-Li-O,1.6811203605532432,0
1779,mb-dielectric-1780,Li5ReN4,Li-N-Re,2.0884277180054216,1
1781,mb-dielectric-1782,CsClO3,Cl-Cs-O,1.5511814851912074,4
1782,mb-dielectric-1783,BaAg2SnS4,Ag-Ba-S-Sn,2.576896712456024,4
1783,mb-dielectric-1784,Ag2S,Ag-S,3.945262179712099,2
1784,mb-dielectric-1785,Li2Ti3CoO8,Co-Li-O-Ti,2.34192428001704,4
1785,mb-dielectric-1786,Na10Be4Si4O17,Be-Na-O-Si,1.6043612436106773,1
1786,mb-dielectric-1787,Zr2P3H4NO12,H-N-O-P-Zr,1.7644941673654462,4
1788,mb-dielectric-1789,Na4SnO3,Na-O-Sn,1.9461523578589628,4
1789,mb-dielectric-1790,PH6NO4,H-N-O-P,1.5361440904637385,4
1790,mb-dielectric-1791,BaZnF4,Ba-F-Zn,1.5812619433014041,2
1791,mb-dielectric-1792,Tb2Ge2O7,Ge-O-Tb,1.9397551391863872,4
1792,mb-dielectric-1793,Na4Ga3Si3IO12,Ga-I-Na-O-Si,1.6038802947851187,2
1793,mb-dielectric-1794,Li2Se,Li-Se,2.079663434308561,2
1794,mb-dielectric-1795,H7NO6,H-N-O,1.4740558560199362,0
1795,mb-dielectric-1796,TiPHO5,H-O-P-Ti,2.033852993704314,1
1796,mb-dielectric-1797,YMoN3,Mo-N-Y,2.8057945992772413,4
1797,mb-dielectric-1798,KZnAs,As-K-Zn,5.3136282331378855,0
1799,mb-dielectric-1800,CsLiH4SO5,Cs-H-Li-O-S,1.5593747678690544,1
1800,mb-dielectric-1801,Li2FeF4,F-Fe-Li,1.45899659880992,4
1801,mb-dielectric-1802,AlPO4,Al-O-P,1.5142383123757854,2
1802,mb-dielectric-1803,Si(Sn3O4)2,O-Si-Sn,2.318972976700393,2
1803,mb-dielectric-1804,YWN3,N-W-Y,2.653020731166645,1
1804,mb-dielectric-1805,Na3Sr3AlP4,Al-Na-P-Sr,2.6926501815126294,0
1806,mb-dielectric-1807,Li6I3N,I-Li-N,2.0759295909704276,0
1807,mb-dielectric-1808,LiVPO4,Li-O-P-V,1.776708004522221,4
1808,mb-dielectric-1809,Ga2S3,Ga-S,2.4215091712951793,0
1810,mb-dielectric-1811,Mn4Be3Ge3SO12,Be-Ge-Mn-O-S,1.8362399080730165,1
1811,mb-dielectric-1812,Li6MnS4,Li-Mn-S,2.0774182702664863,4
1812,mb-dielectric-1813,Li2Fe2Si2O7,Fe-Li-O-Si,1.80792044441489,2
1813,mb-dielectric-1814,Li3VCr2O6,Cr-Li-O-V,2.1483044476982305,2
1816,mb-dielectric-1817,In2TeO6,In-O-Te,2.1423336963850135,0
1818,mb-dielectric-1819,LiVF4,F-Li-V,1.484587639826923,4
1820,mb-dielectric-1821,Sb2Os,Os-Sb,4.679173716230961,1
1822,mb-dielectric-1823,Ge3As4,As-Ge,4.5930006531678185,1
1823,mb-dielectric-1824,Li2GeF6,F-Ge-Li,1.4448813100043916,2
1824,mb-dielectric-1825,K2H4Pd,H-K-Pd,1.6762863717157637,0
1826,mb-dielectric-1827,Rb2H6Pt,H-Pt-Rb,1.6350730870514623,0
1827,mb-dielectric-1828,CrFe(BiO3)2,Bi-Cr-Fe-O,2.6789559533519833,4
1828,mb-dielectric-1829,Li2Mn3TeO8,Li-Mn-O-Te,4.0477872967832695,4
1829,mb-dielectric-1830,PrGeBO5,B-Ge-O-Pr,1.9110379378756428,0
1830,mb-dielectric-1831,Na2CoP2O7,Co-Na-O-P,1.6059334772441023,4
1831,mb-dielectric-1832,InHO2,H-In-O,2.067868225975727,2
1832,mb-dielectric-1833,Na6PbO5,Na-O-Pb,1.9468952206012522,2
1833,mb-dielectric-1834,GeI2,Ge-I,2.3826490859265603,4
1834,mb-dielectric-1835,RbVBr3,Br-Rb-V,1.8599254465345347,1
1835,mb-dielectric-1836,BaTiO3,Ba-O-Ti,2.420043801256498,2
1836,mb-dielectric-1837,BaSr2I6,Ba-I-Sr,1.8216138449188402,4
1837,mb-dielectric-1838,KBiF6,Bi-F-K,1.4444168373430157,2
1841,mb-dielectric-1842,HF,F-H,1.3192199715488442,2
1842,mb-dielectric-1843,BaTiO3,Ba-O-Ti,2.5469589710083667,2
1844,mb-dielectric-1845,C3N4,C-N,2.073978141961324,4
1845,mb-dielectric-1846,MgCl2,Cl-Mg,1.5592389169078613,4
1846,mb-dielectric-1847,FeSbO4,Fe-O-Sb,2.3191748532613925,4
1847,mb-dielectric-1848,Li2ZnGeO4,Ge-Li-O-Zn,1.808552367687114,4
1848,mb-dielectric-1849,MoS2,Mo-S,2.1111606602372395,0
1849,mb-dielectric-1850,Li2CrO3,Cr-Li-O,2.1290401593206267,4
1850,mb-dielectric-1851,Mg3NF3,F-Mg-N,1.6768121540590053,2
1851,mb-dielectric-1852,Li3Co3OF7,Co-F-Li-O,1.583416243443272,1
1852,mb-dielectric-1853,SiO2,O-Si,1.5620517490360768,0
1853,mb-dielectric-1854,Sm3CuSnS7,Cu-S-Sm-Sn,2.8102238938086983,0
1854,mb-dielectric-1855,AuBrF6,Au-Br-F,1.6489747319673116,1
1855,mb-dielectric-1856,Sr2SnS4,S-Sn-Sr,2.2661006155949917,2
1856,mb-dielectric-1857,LiNb(TeO4)3,Li-Nb-O-Te,2.1055046900921406,4
1857,mb-dielectric-1858,Li3VF8,F-Li-V,1.6438588747213065,4
1859,mb-dielectric-1860,Si4P4Ru,P-Ru-Si,3.8919154667078786,1
1860,mb-dielectric-1861,Sc2P7Ru12,P-Ru-Sc,1.0,2
1861,mb-dielectric-1862,WN2,N-W,3.10100096742971,2
1862,mb-dielectric-1863,MnAl2O4,Al-Mn-O,1.8653128423940035,4
1863,mb-dielectric-1864,SmYO3,O-Sm-Y,2.1052337954092732,1
1864,mb-dielectric-1865,BrF5,Br-F,1.477599517235077,1
1866,mb-dielectric-1867,Be(HO)2,Be-H-O,1.5742965624896303,0
1867,mb-dielectric-1868,Ba2NaNb5O15,Ba-Na-Nb-O,2.3502024735470486,1
1868,mb-dielectric-1869,Mn(PbO2)2,Mn-O-Pb,2.7361603875991385,1
1869,mb-dielectric-1870,CsHSO3,Cs-H-O-S,1.5471830316202,2
1870,mb-dielectric-1871,AsN(OF3)2,As-F-N-O,1.4211497692858746,2
1871,mb-dielectric-1872,SmTaO4,O-Sm-Ta,2.2540868069649256,2
1872,mb-dielectric-1873,P3BrCl14,Br-Cl-P,1.8811733040844485,2
1873,mb-dielectric-1874,PH2F3,F-H-P,1.405753653146003,1
1874,mb-dielectric-1875,Mn2Nb2Zn2O9,Mn-Nb-O-Zn,2.294805583631578,4
1875,mb-dielectric-1876,Hf3SnO8,Hf-O-Sn,2.150406473204543,1
1876,mb-dielectric-1877,LiSbO3,Li-O-Sb,1.8597069263294506,4
1878,mb-dielectric-1879,GeS2,Ge-S,2.1639846008535226,0
1879,mb-dielectric-1880,LiMnO2,Li-Mn-O,2.2770665339423,2
1880,mb-dielectric-1881,Cs2SnBr6,Br-Cs-Sn,1.790323341373467,2
1881,mb-dielectric-1882,CdTe,Cd-Te,3.0511132394586764,0
1882,mb-dielectric-1883,CrSbO4,Cr-O-Sb,2.0550184102987172,2
1883,mb-dielectric-1884,CdSeO4,Cd-O-Se,1.9049485557358234,1
1885,mb-dielectric-1886,KGe2N3,Ge-K-N,2.323667216563795,1
1886,mb-dielectric-1887,LiCuO2,Cu-Li-O,2.545845308209698,2
1887,mb-dielectric-1888,Th2HN3,H-N-Th,2.8354113717298293,0
1888,mb-dielectric-1889,Li3NbO4,Li-Nb-O,1.9912297707698134,1
1889,mb-dielectric-1890,CdCu2GeSe4,Cd-Cu-Ge-Se,4.322703899181622,2
1890,mb-dielectric-1891,Ho3CuSiS7,Cu-Ho-S-Si,2.751220092976931,1
1891,mb-dielectric-1892,Be3Cd4Si3SO12,Be-Cd-O-S-Si,1.829359177417054,1
1892,mb-dielectric-1893,KSi2N3,K-N-Si,2.114653005420353,4
1895,mb-dielectric-1896,MgO,Mg-O,1.7403484325463725,4
1897,mb-dielectric-1898,Li3GaSiO5,Ga-Li-O-Si,1.70212377144946,0
1898,mb-dielectric-1899,Cs2RbZrOF5,Cs-F-O-Rb-Zr,1.5301832134312108,4
1900,mb-dielectric-1901,CsPr(PO3)4,Cs-O-P-Pr,1.5877524996043935,2
1901,mb-dielectric-1902,AsH6NO4,As-H-N-O,1.6,2
1902,mb-dielectric-1903,KBrO3,Br-K-O,1.6549724066179223,4
1903,mb-dielectric-1904,Zr3N4,N-Zr,3.642286369850675,0
1904,mb-dielectric-1905,Li3Sb(PO4)2,Li-O-P-Sb,1.8885897275854477,1
1905,mb-dielectric-1906,Ca6MnN5,Ca-Mn-N,2.5966399442356183,1
1906,mb-dielectric-1907,LiHO,H-Li-O,1.5068853086195158,1
1907,mb-dielectric-1908,CsH3O2,Cs-H-O,1.638534100957316,1
1910,mb-dielectric-1911,Cs2SiF6,Cs-F-Si,1.4021055595068455,4
1911,mb-dielectric-1912,KAl(SO4)2,Al-K-O-S,1.5267993756002518,2
1912,mb-dielectric-1913,Li10Ge(PO6)2,Ge-Li-O-P,1.607729869515813,0
1913,mb-dielectric-1914,Ba(Si3N4)2,Ba-N-Si,2.179594687092075,2
1915,mb-dielectric-1916,AgI,Ag-I,2.243255966967063,0
1917,mb-dielectric-1918,CrSbO4,Cr-O-Sb,2.1979021057969494,2
1918,mb-dielectric-1919,Cs2CoF6,Co-Cs-F,1.5450699013313314,2
1919,mb-dielectric-1920,PtO2,O-Pt,2.728125119320393,2
1920,mb-dielectric-1921,Li5CoO4,Co-Li-O,1.9443071775290148,0
1921,mb-dielectric-1922,BeF2,Be-F,1.3211067330083577,0
1922,mb-dielectric-1923,AgI,Ag-I,2.174998620689218,0
1923,mb-dielectric-1924,CuI,Cu-I,2.494010959612379,1
1924,mb-dielectric-1925,LiHO,H-Li-O,1.4968638325957822,1
1925,mb-dielectric-1926,Rb2O,O-Rb,2.2616243425172695,2
1926,mb-dielectric-1927,FeOF,F-Fe-O,2.1712394309855987,2
1927,mb-dielectric-1928,BaHBr,Ba-Br-H,1.9730725615986182,1
1928,mb-dielectric-1929,Li2VF6,F-Li-V,1.6106889320821056,4
1929,mb-dielectric-1930,SrZrN2,N-Sr-Zr,2.6798454557430484,1
1930,mb-dielectric-1931,CdS,Cd-S,2.4940140336413488,1
1931,mb-dielectric-1932,Al2CdS4,Al-Cd-S,2.2383008436460603,1
1932,mb-dielectric-1933,TlZnPO4,O-P-Tl-Zn,1.8258525862365413,2
1934,mb-dielectric-1935,Li2AgF4,Ag-F-Li,21.911911576191162,0
1935,mb-dielectric-1936,LiVF4,F-Li-V,1.57498878302884,4
1936,mb-dielectric-1937,LiCuPO4,Cu-Li-O-P,2.639533039510335,2
1937,mb-dielectric-1938,Li2FeF4,F-Fe-Li,1.38743276113355,4
1939,mb-dielectric-1940,KHO,H-K-O,1.595412590314284,4
1940,mb-dielectric-1941,CaHClO,Ca-Cl-H-O,1.6970088391048535,0
1941,mb-dielectric-1942,LiFeF4,F-Fe-Li,1.6025894670813194,4
1942,mb-dielectric-1943,TeO3,O-Te,2.0688966463633056,2
1943,mb-dielectric-1944,LiTiV2O6,Li-O-Ti-V,2.337362120012613,0
1944,mb-dielectric-1945,Cd4SiS6,Cd-S-Si,2.418396782994883,0
1945,mb-dielectric-1946,Al5CuS8,Al-Cu-S,2.6069004583988242,0
1946,mb-dielectric-1947,Ba2H6Os,Ba-H-Os,2.105445558545743,1
1948,mb-dielectric-1949,Mg2Ge,Ge-Mg,4.048456495999471,1
1949,mb-dielectric-1950,LiMn4O8,Li-Mn-O,27.654888609430362,2
1950,mb-dielectric-1951,Li2VOF3,F-Li-O-V,1.7348813429327563,1
1951,mb-dielectric-1952,Li5CoOF5,Co-F-Li-O,1.5280765687621758,1
1952,mb-dielectric-1953,NaH3SO5,H-Na-O-S,1.472168921467008,2
1953,mb-dielectric-1954,LiMgP,Li-Mg-P,2.637788657189958,1
1954,mb-dielectric-1955,RbVN2,N-Rb-V,3.9095612712084895,1
1955,mb-dielectric-1956,SiO2,O-Si,1.5337135760412908,0
1956,mb-dielectric-1957,NaHS,H-Na-S,1.8203485929898156,4
1958,mb-dielectric-1959,BeCN2,Be-C-N,2.191780478667211,0
1959,mb-dielectric-1960,Li5BiO5,Bi-Li-O,2.0043079437385196,4
1960,mb-dielectric-1961,Fe2P2O7,Fe-O-P,1.7615493180720205,0
1961,mb-dielectric-1962,LiCoPO4,Co-Li-O-P,1.694224699776669,0
1962,mb-dielectric-1963,ZnSnN2,N-Sn-Zn,12.604126506823073,2
1963,mb-dielectric-1964,Cs2TiS3,Cs-S-Ti,2.2036481116548527,1
1964,mb-dielectric-1965,H2S,H-S,1.594693700997154,0
1966,mb-dielectric-1967,Li5NiOF5,F-Li-Ni-O,1.4967566045731409,4
1968,mb-dielectric-1969,NbVO4,Nb-O-V,2.6247349707478405,1
1969,mb-dielectric-1970,Ni(HO)2,H-Ni-O,1.5028350985165784,0
1971,mb-dielectric-1972,Na2ZrNi(P2O7)2,Na-Ni-O-P-Zr,1.720021802187403,2
1972,mb-dielectric-1973,Zn2SiH2O5,H-O-Si-Zn,1.6729481960499155,4
1973,mb-dielectric-1974,K2PdN2(ClO2)2,Cl-K-N-O-Pd,1.7242700871189913,1
1974,mb-dielectric-1975,HgB4O7,B-Hg-O,2.095743702523442,1
1975,mb-dielectric-1976,ZnSe,Se-Zn,2.6874921395233886,2
1976,mb-dielectric-1977,CsBrO3,Br-Cs-O,1.6381519058581435,2
1977,mb-dielectric-1978,Ca3ZnGe5O14,Ca-Ge-O-Zn,1.9008347289195522,1
1978,mb-dielectric-1979,SrSiN2,N-Si-Sr,2.1831225343530307,4
1979,mb-dielectric-1980,BH2OF3,B-F-H-O,1.3290347374441847,0
1980,mb-dielectric-1981,Hg,Hg,4.332966074180593,0
1981,mb-dielectric-1982,Pr3NF6,F-N-Pr,1.9024160953902804,2
1982,mb-dielectric-1983,YHO2,H-O-Y,1.9117063930774865,2
1983,mb-dielectric-1984,CsAgO,Ag-Cs-O,1.9297803847415729,0
1984,mb-dielectric-1985,Re3(TeBr)7,Br-Re-Te,2.5230272821931656,0
1985,mb-dielectric-1986,BaCa2I6,Ba-Ca-I,1.872524499172174,0
1986,mb-dielectric-1987,PH4N(OF)2,F-H-N-O-P,1.4375905768565216,1
1988,mb-dielectric-1989,CsPbCl3,Cl-Cs-Pb,1.9123022773609817,0
1990,mb-dielectric-1991,K2ZnCl4,Cl-K-Zn,1.5781953829189421,0
1992,mb-dielectric-1993,CuAsSe2,As-Cu-Se,4.555184335823668,1
1993,mb-dielectric-1994,SeBr,Br-Se,2.1506347900096845,0
1994,mb-dielectric-1995,Ga3PO7,Ga-O-P,1.8534676510080608,1
1995,mb-dielectric-1996,BaAl2B2O7,Al-B-Ba-O,1.578462120757636,1
1996,mb-dielectric-1997,BaLaMgRuO6,Ba-La-Mg-O-Ru,2.4965110320872475,4
1997,mb-dielectric-1998,LiFePO4,Fe-Li-O-P,1.6336671427599117,2
1998,mb-dielectric-1999,NaNbO3,Na-Nb-O,2.305034489980573,1
1999,mb-dielectric-2000,NbZn2N3,N-Nb-Zn,2.7640116376986064,4
2000,mb-dielectric-2001,TaCu3S4,Cu-S-Ta,2.461745925151497,0
2002,mb-dielectric-2003,KBi2F7,Bi-F-K,1.6910553903800234,2
2003,mb-dielectric-2004,La3Si6N11,La-N-Si,2.3428628498769046,4
2004,mb-dielectric-2005,InCuTe2,Cu-In-Te,3.9810807577842477,1
2005,mb-dielectric-2006,AlAsO4,Al-As-O,1.5550667724141836,2
2006,mb-dielectric-2007,K2ZnBr4,Br-K-Zn,1.6589982921429827,4
2007,mb-dielectric-2008,BaLiPrTeO6,Ba-Li-O-Pr-Te,2.0992379569739095,0
2008,mb-dielectric-2009,Li3N,Li-N,2.4498979570586266,2
2009,mb-dielectric-2010,Ge2N2O,Ge-N-O,2.1087570588698297,2
2012,mb-dielectric-2013,PrN,N-Pr,2.845010720542189,4
2013,mb-dielectric-2014,CsNb(BO3)2,B-Cs-Nb-O,1.8428490623669282,4
2014,mb-dielectric-2015,Cs2Al2As2O7,Al-As-Cs-O,1.7007702176759016,4
2015,mb-dielectric-2016,LiTeO3,Li-O-Te,2.2019876626962893,2
2016,mb-dielectric-2017,NbSbO4,Nb-O-Sb,2.4775122603127517,0
2017,mb-dielectric-2018,Li7SbO6,Li-O-Sb,1.7919168507494987,4
2018,mb-dielectric-2019,LiCr(PO4)2,Cr-Li-O-P,1.9364470041805946,4
2019,mb-dielectric-2020,BrCl,Br-Cl,2.007511975887898,1
2020,mb-dielectric-2021,BeSiAs2,As-Be-Si,3.30170915335275,2
2021,mb-dielectric-2022,Cu2O3,Cu-O,4.816341488446737,2
2022,mb-dielectric-2023,Ba5(TiN3)2,Ba-N-Ti,2.707734415829342,4
2023,mb-dielectric-2024,Cd5(S2Cl)2,Cd-Cl-S,2.2432998759268306,2
2025,mb-dielectric-2026,Ba(TaN2)2,Ba-N-Ta,2.556293410389348,4
2026,mb-dielectric-2027,SnH4(NF)2,F-H-N-Sn,1.6769019053003666,4
2027,mb-dielectric-2028,Li2MnSiO4,Li-Mn-O-Si,1.7490062892968683,1
2028,mb-dielectric-2029,Ta2Pb2O7,O-Pb-Ta,2.607615897297277,2
2030,mb-dielectric-2031,SiO2,O-Si,1.5261061562027722,0
2031,mb-dielectric-2032,Al2ZnTe4,Al-Te-Zn,2.874087275408781,1
2032,mb-dielectric-2033,SiO2,O-Si,1.571936491507635,0
2033,mb-dielectric-2034,YBiO3,Bi-O-Y,2.357555584357097,1
2034,mb-dielectric-2035,AlAgS2,Ag-Al-S,2.7693738161059644,1
2035,mb-dielectric-2036,Li4CO4,C-Li-O,1.6438163928289964,2
2036,mb-dielectric-2037,Hf3N2O3,Hf-N-O,2.3180620497878537,1
2037,mb-dielectric-2038,Re2H4O9,H-O-Re,1.8763229999123285,1
2038,mb-dielectric-2039,Mg(BH4)2,B-H-Mg,1.5394822722807389,0
2039,mb-dielectric-2040,LiAlSe2,Al-Li-Se,2.2250579018683236,4
2040,mb-dielectric-2041,SbBr3,Br-Sb,1.6785668490312402,1
2041,mb-dielectric-2042,Li2MnF6,F-Li-Mn,1.5319547425865208,4
2043,mb-dielectric-2044,CaH2(CO2)2,C-Ca-H-O,1.5430346723259332,4
2044,mb-dielectric-2045,Li2MnF4,F-Li-Mn,1.395594377556268,4
2045,mb-dielectric-2046,Li3Mn(CO3)3,C-Li-Mn-O,1.833562743222422,4
2046,mb-dielectric-2047,K2ThF6,F-K-Th,1.5157647134917303,4
2047,mb-dielectric-2048,Al(HO)3,Al-H-O,1.6014103159402964,2
2048,mb-dielectric-2049,SrTaNO2,N-O-Sr-Ta,2.705981029743803,1
2050,mb-dielectric-2051,AgBiS2,Ag-Bi-S,5.713662339807397,0
2051,mb-dielectric-2052,AgNO3,Ag-N-O,1.849484432664058,4
2054,mb-dielectric-2055,AlCuSe2,Al-Cu-Se,2.8945350805287013,4
2055,mb-dielectric-2056,CrPO4,Cr-O-P,2.0094259545120505,2
2056,mb-dielectric-2057,Ba3GaN3,Ba-Ga-N,2.8935168336587687,2
2057,mb-dielectric-2058,Bi2Te2S,Bi-S-Te,4.223403011790372,0
2058,mb-dielectric-2059,SrZrO3,O-Sr-Zr,2.157176163413642,4
2059,mb-dielectric-2060,NdGaO3,Ga-Nd-O,2.197949878106111,2
2060,mb-dielectric-2061,H2O,H-O,1.3611106984126358,1
2062,mb-dielectric-2063,TiNiO3,Ni-O-Ti,2.4312260281594464,2
2063,mb-dielectric-2064,LiNi4(PO4)3,Li-Ni-O-P,1.840861573647876,2
2064,mb-dielectric-2065,Sr(GaTe2)2,Ga-Sr-Te,3.073688283913427,2
2065,mb-dielectric-2066,Cu2HgI4,Cu-Hg-I,2.812105735328362,4
2066,mb-dielectric-2067,PrAsO4,As-O-Pr,1.8927286299590502,1
2067,mb-dielectric-2068,K2SnHgSe4,Hg-K-Se-Sn,2.5075275339133034,2
2069,mb-dielectric-2070,Cd(InTe2)2,Cd-In-Te,3.085034359614168,1
2071,mb-dielectric-2072,H4SO5,H-O-S,1.4961527328451463,0
2073,mb-dielectric-2074,LiMnPO4,Li-Mn-O-P,1.6213445037992387,1
2074,mb-dielectric-2075,LiMnF5,F-Li-Mn,1.663445620792376,4
2075,mb-dielectric-2076,SiO2,O-Si,1.4893163979938357,0
2076,mb-dielectric-2077,LaBiO3,Bi-La-O,2.389686729817668,4
2077,mb-dielectric-2078,MgSnN2,Mg-N-Sn,2.5174244113114237,4
2078,mb-dielectric-2079,Mg5H8O9,H-Mg-O,1.6316658175236003,0
2079,mb-dielectric-2080,KCa(PO3)3,Ca-K-O-P,1.535035830200723,4
2080,mb-dielectric-2081,NaAgO,Ag-Na-O,2.112907869895577,0
2081,mb-dielectric-2082,Ag3Sn2(GeP2)3,Ag-Ge-P-Sn,4.8699927104668115,1
2083,mb-dielectric-2084,Ag2S,Ag-S,3.2960814108068788,2
2084,mb-dielectric-2085,MgAl2O4,Al-Mg-O,1.7730898642388828,0
2085,mb-dielectric-2086,Li6WN4,Li-N-W,2.1924268136777867,1
2086,mb-dielectric-2087,Li2CrO2,Cr-Li-O,2.01479237970897,4
2087,mb-dielectric-2088,Mg2ReN3,Mg-N-Re,3.2484830818911976,0
2088,mb-dielectric-2089,LiFeSiO4,Fe-Li-O-Si,1.9102425674941563,2
2089,mb-dielectric-2090,SrGeO3,Ge-O-Sr,1.7724299704078539,4
2090,mb-dielectric-2091,CsNbN2,Cs-N-Nb,2.767568969330306,1
2091,mb-dielectric-2092,MnF2,F-Mn,1.5414279094398153,4
2092,mb-dielectric-2093,FePO4,Fe-O-P,1.7282604934827774,0
2093,mb-dielectric-2094,Li2CrFeO4,Cr-Fe-Li-O,2.2639493516125015,1
2094,mb-dielectric-2095,Al2O3,Al-O,1.7814735473758796,2
2096,mb-dielectric-2097,ErAgSe2,Ag-Er-Se,2.9475860745136293,0
2097,mb-dielectric-2098,BeH8(NO5)2,Be-H-N-O,1.4586852527761658,1
2098,mb-dielectric-2099,Ti3Sn7O20,O-Sn-Ti,2.323392203940896,0
2099,mb-dielectric-2100,SrTaNO2,N-O-Sr-Ta,2.749060445558324,1
2100,mb-dielectric-2101,SiO2,O-Si,1.3936761938604438,0
2101,mb-dielectric-2102,HfSO,Hf-O-S,2.6552197649158913,2
2102,mb-dielectric-2103,SiO2,O-Si,1.3584304668746698,0
2103,mb-dielectric-2104,SiO2,O-Si,1.3924798023669855,0
2104,mb-dielectric-2105,KGa3,Ga-K,6.120909327869512,2
2105,mb-dielectric-2106,Rb2LiVO4,Li-O-Rb-V,1.6806596919067227,1
2106,mb-dielectric-2107,PbCN2,C-N-Pb,2.389184519175249,4
2109,mb-dielectric-2110,SrGeTeO6,Ge-O-Sr-Te,1.8604572914564104,2
2110,mb-dielectric-2111,LaH6(ClO3)3,Cl-H-La-O,1.6924756029753234,2
2111,mb-dielectric-2112,SnF2,F-Sn,1.8237056597305754,1
2112,mb-dielectric-2113,LiMnF4,F-Li-Mn,1.5838043860696098,4
2113,mb-dielectric-2114,LiVOF3,F-Li-O-V,1.789214539027298,1
2114,mb-dielectric-2115,Li3CrO4,Cr-Li-O,2.1224761716326803,4
2115,mb-dielectric-2116,AlCuTe2,Al-Cu-Te,3.1568697576343987,1
2117,mb-dielectric-2118,W(OF)2,F-O-W,1.7663866130229435,0
2118,mb-dielectric-2119,K2Se3,K-Se,2.6113283337540425,2
2119,mb-dielectric-2120,NbO2F,F-Nb-O,2.396929146498355,4
2120,mb-dielectric-2121,RbCrO2,Cr-O-Rb,2.148057029038113,4
2121,mb-dielectric-2122,CsGa3,Cs-Ga,6.651138098100203,4
2123,mb-dielectric-2124,Na3AsS3,As-Na-S,2.11148739044305,1
2124,mb-dielectric-2125,LuHO2,H-Lu-O,1.914056686725866,1
2125,mb-dielectric-2126,LiV4O5F7,F-Li-O-V,2.1449428896826137,1
2127,mb-dielectric-2128,Ca5P3HO13,Ca-H-O-P,1.71314749316378,0
2128,mb-dielectric-2129,NaHO,H-Na-O,1.5368971989043378,1
2129,mb-dielectric-2130,Cr3CuO8,Cr-Cu-O,3.204140033530118,2
2131,mb-dielectric-2132,H3N,H-N,1.549020012782275,2
2132,mb-dielectric-2133,LiGaSiO4,Ga-Li-O-Si,1.674380581986461,0
2133,mb-dielectric-2134,NaCdF3,Cd-F-Na,1.510642578507571,0
2134,mb-dielectric-2135,Ba3Ti3(BO6)2,B-Ba-O-Ti,2.2523335306595573,0
2135,mb-dielectric-2136,KAlSiO4,Al-K-O-Si,1.558757945716182,1
2136,mb-dielectric-2137,KScH4(C2O5)2,C-H-K-O-Sc,1.556565449957052,2
2137,mb-dielectric-2138,KEr(PO3)4,Er-K-O-P,1.6362296089893171,2
2138,mb-dielectric-2139,LiVF6,F-Li-V,1.4795837252416641,4
2139,mb-dielectric-2140,Li2Si3NiO8,Li-Ni-O-Si,1.7866726057115223,1
2140,mb-dielectric-2141,Ag2GeO3,Ag-Ge-O,2.8197085546796026,4
2142,mb-dielectric-2143,SiO2,O-Si,1.5726208485624669,0
2143,mb-dielectric-2144,Ca2Si5N8,Ca-N-Si,2.0802180975400955,1
2145,mb-dielectric-2146,Cu2WS4,Cu-S-W,2.2964271524841946,2
2146,mb-dielectric-2147,HS8N,H-N-S,1.8336884504553475,2
2148,mb-dielectric-2149,SiO2,O-Si,1.4767548882600658,0
2149,mb-dielectric-2150,NaZrPCO7,C-Na-O-P-Zr,1.5885006557547696,0
2150,mb-dielectric-2151,BaCO3,Ba-C-O,1.6813642278419838,0
2152,mb-dielectric-2153,H11O8,H-O,1.5040595068015095,1
2153,mb-dielectric-2154,Na3VS3O,Na-O-S-V,1.994709586213826,1
2154,mb-dielectric-2155,LiHS,H-Li-S,1.760864371078401,0
2156,mb-dielectric-2157,CsSnBr3,Br-Cs-Sn,2.4299639915027558,2
2157,mb-dielectric-2158,LiVO3,Li-O-V,1.8505716233999991,4
2158,mb-dielectric-2159,YBrO,Br-O-Y,1.9911048021973463,4
2159,mb-dielectric-2160,In4SnS8,In-S-Sn,3.0173113859858747,4
2161,mb-dielectric-2162,K2Sn2O3,K-O-Sn,2.1977201823708126,1
2162,mb-dielectric-2163,LiFeF4,F-Fe-Li,1.4886706597946142,4
2164,mb-dielectric-2165,GeTeRh,Ge-Rh-Te,5.264978632435273,1
2166,mb-dielectric-2167,Mn6O7F5,F-Mn-O,3.5008293303158897,4
2167,mb-dielectric-2168,YBr3,Br-Y,1.7667295586289753,1
2170,mb-dielectric-2171,Li2MnSi3O8,Li-Mn-O-Si,1.5979689191804285,1
2171,mb-dielectric-2172,Ti3(BiO3)4,Bi-O-Ti,2.6162497332377623,2
2173,mb-dielectric-2174,Sr6CoC2N7,C-Co-N-Sr,2.394384332836592,2
2174,mb-dielectric-2175,ScHO2,H-O-Sc,1.957870952505978,1
2176,mb-dielectric-2177,KPH3O3F,F-H-K-O-P,1.464126588334037,0
2179,mb-dielectric-2180,AsCl3,As-Cl,1.5714164523342202,4
2180,mb-dielectric-2181,BaTeO3,Ba-O-Te,1.954638756053575,0
2181,mb-dielectric-2182,MgTe,Mg-Te,2.3432169482714733,2
2182,mb-dielectric-2183,SnO,O-Sn,2.6536138887701983,4
2183,mb-dielectric-2184,ScF3,F-Sc,1.4936250087176057,2
2184,mb-dielectric-2185,Sc2TiO5,O-Sc-Ti,2.189687116157618,0
2185,mb-dielectric-2186,CrCl3,Cl-Cr,1.9377822375071876,2
2186,mb-dielectric-2187,SiC,C-Si,2.6641446407180776,1
2189,mb-dielectric-2190,CuCl,Cl-Cu,2.387676695032352,4
2191,mb-dielectric-2192,LiCu(PO3)2,Cu-Li-O-P,1.691026217025232,2
2192,mb-dielectric-2193,K2NaAlF6,Al-F-K-Na,1.4032106042928854,4
2193,mb-dielectric-2194,SbS(BrF2)3,Br-F-S-Sb,1.6063737630659518,1
2196,mb-dielectric-2197,Sr4CN4,C-N-Sr,2.3106846748673147,1
2198,mb-dielectric-2199,PH6NO4,H-N-O-P,1.4865415119217715,4
2201,mb-dielectric-2202,K3SnIrCl8,Cl-Ir-K-Sn,1.7630065229601393,0
2202,mb-dielectric-2203,K2NaVOF5,F-K-Na-O-V,1.5088839142447859,0
2203,mb-dielectric-2204,CoO,Co-O,2.334981941400541,4
2204,mb-dielectric-2205,TeO2,O-Te,2.213538343919075,2
2205,mb-dielectric-2206,Ba(FeO2)2,Ba-Fe-O,2.020501835353452,1
2206,mb-dielectric-2207,Hf2SeN2,Hf-N-Se,3.1003393900238185,0
2207,mb-dielectric-2208,Th3Sb4,Sb-Th,5.8884588815750405,4
2208,mb-dielectric-2209,Li4CO4,C-Li-O,1.5486993467638148,2
2209,mb-dielectric-2210,IOF3,F-I-O,1.640934692992584,1
2212,mb-dielectric-2213,Li7CuO4,Cu-Li-O,1.8795041899394638,2
2215,mb-dielectric-2216,H2O,H-O,1.3659219108963296,1
2216,mb-dielectric-2217,MgGeN2,Ge-Mg-N,2.241992268794282,0
2217,mb-dielectric-2218,H2O,H-O,1.4276461980009847,1
2218,mb-dielectric-2219,RbAlF4,Al-F-Rb,1.4243094233112878,0
2219,mb-dielectric-2220,Sm2AlNO3,Al-N-O-Sm,2.40313212287631,2
2220,mb-dielectric-2221,BeF2,Be-F,1.19916637711048,0
2221,mb-dielectric-2222,CdCl2,Cd-Cl,1.8022072331248986,4
2222,mb-dielectric-2223,KNbO3,K-Nb-O,2.481397455734644,1
2224,mb-dielectric-2225,FeTeBr7,Br-Fe-Te,2.0642527300050575,4
2225,mb-dielectric-2226,Be3P2,Be-P,3.173483889985897,4
2226,mb-dielectric-2227,ReTeS,Re-S-Te,4.0835749044189225,2
2229,mb-dielectric-2230,H4C,C-H,1.2848574499399725,4
2231,mb-dielectric-2232,K6MnSe4,K-Mn-Se,1.9996798077025628,0
2232,mb-dielectric-2233,KZnPO4,K-O-P-Zn,1.596561826759824,2
2233,mb-dielectric-2234,P3N5,N-P,2.0044949488583645,1
2235,mb-dielectric-2236,SiO2,O-Si,1.4919473851312584,0
2236,mb-dielectric-2237,Be3Zn4Si3SO12,Be-O-S-Si-Zn,1.7954044112678351,4
2237,mb-dielectric-2238,LaTaN2O,La-N-O-Ta,3.469678179252988,2
2238,mb-dielectric-2239,CaCN2,C-Ca-N,1.8296621728249784,2
2239,mb-dielectric-2240,CdGeO3,Cd-Ge-O,1.9204462907921758,2
2240,mb-dielectric-2241,Ga2S3,Ga-S,2.459932316142052,0
2241,mb-dielectric-2242,CdTe,Cd-Te,3.097692044087017,0
2242,mb-dielectric-2243,Ga5(PS)3,Ga-P-S,2.825550801761195,0
2243,mb-dielectric-2244,LiAlB2O5,Al-B-Li-O,1.5506987672174266,1
2244,mb-dielectric-2245,Mn(InTe2)2,In-Mn-Te,3.1991460839834533,2
2245,mb-dielectric-2246,ICl,Cl-I,1.9430217017144542,2
2246,mb-dielectric-2247,RbSb2,Rb-Sb,3.051720826025871,1
2247,mb-dielectric-2248,Tm2P4O13,O-P-Tm,1.6581864591575137,1
2248,mb-dielectric-2249,FeCl3,Cl-Fe,2.2815930107419997,2
2249,mb-dielectric-2250,ICl,Cl-I,1.9473914175977394,2
2250,mb-dielectric-2251,SO3,O-S,1.5102979838429236,1
2252,mb-dielectric-2253,Ca(InTe2)2,Ca-In-Te,3.2306380174819957,1
2253,mb-dielectric-2254,CuI,Cu-I,2.520979902075117,1
2254,mb-dielectric-2255,K2Ga3,Ga-K,5.591004679804512,2
2255,mb-dielectric-2256,PNO,N-O-P,1.8489262649801175,2
2256,mb-dielectric-2257,TlAgTe,Ag-Te-Tl,4.206304791619361,2
2257,mb-dielectric-2258,BeGeAs2,As-Be-Ge,3.6182629810449103,1
2258,mb-dielectric-2259,KHS,H-K-S,1.6810370806935409,2
2259,mb-dielectric-2260,Mn(CuCl2)2,Cl-Cu-Mn,2.150386709408333,0
2260,mb-dielectric-2261,Bi2SeO2,Bi-O-Se,3.571148648077629,4
2261,mb-dielectric-2262,Li4CO4,C-Li-O,1.6336593892583327,2
2262,mb-dielectric-2263,Al5CuSe8,Al-Cu-Se,2.949792196070769,4
2264,mb-dielectric-2265,SnAu5,Au-Sn,1.0000000000000144,1
2265,mb-dielectric-2266,SmOF,F-O-Sm,1.9074375481257586,1
2266,mb-dielectric-2267,Al2CdO4,Al-Cd-O,1.9336020790224673,4
2268,mb-dielectric-2269,CdGeP2,Cd-Ge-P,3.575811143409748,1
2269,mb-dielectric-2270,Na6MoN4,Mo-N-Na,2.1615367218717334,1
2270,mb-dielectric-2271,Ti2MnAl,Al-Mn-Ti,13.348394884779225,2
2272,mb-dielectric-2273,Al2CoO4,Al-Co-O,1.9025206963394636,4
2273,mb-dielectric-2274,Mg3Si2H4O9,H-Mg-O-Si,1.5908069231263369,1
2274,mb-dielectric-2275,LiNdS2,Li-Nd-S,2.492974194277456,1
2275,mb-dielectric-2276,Li2NiBO4,B-Li-Ni-O,2.2763877086296174,2
2278,mb-dielectric-2279,SrBPO5,B-O-P-Sr,1.6789643633303593,0
2279,mb-dielectric-2280,Rb2MnCl6,Cl-Mn-Rb,1.8002451684886358,2
2280,mb-dielectric-2281,CsCu3O2,Cs-Cu-O,2.1411467353620197,1
2281,mb-dielectric-2282,Al2HgS4,Al-Hg-S,2.3882519409252727,4
2282,mb-dielectric-2283,MgS,Mg-S,2.0097676482618594,4
2283,mb-dielectric-2284,Sn3PO4F3,F-O-P-Sn,1.862301264564893,4
2284,mb-dielectric-2285,Zn2GeSe4,Ge-Se-Zn,2.748108197772909,4
2286,mb-dielectric-2287,KZrPCO7,C-K-O-P-Zr,1.574671500133705,4
2287,mb-dielectric-2288,GaH3NF3,F-Ga-H-N,1.532795920314682,0
2288,mb-dielectric-2289,K2PdO2,K-O-Pd,2.0701010442327052,4
2290,mb-dielectric-2291,B2AsP,As-B-P,3.0917826573030647,0
2291,mb-dielectric-2292,CaSiN2,Ca-N-Si,2.203103719755382,1
2292,mb-dielectric-2293,Nb3SBr7,Br-Nb-S,2.4706043794990715,2
2293,mb-dielectric-2294,KVF3,F-K-V,1.5037163961332594,1
2294,mb-dielectric-2295,CuH4Pb2(ClO2)2,Cl-Cu-H-O-Pb,2.0134313166002626,1
2295,mb-dielectric-2296,CoPSe,Co-P-Se,4.927237224517069,2
2296,mb-dielectric-2297,K6MgO4,K-Mg-O,1.7892322375812462,2
2298,mb-dielectric-2299,PbI2,I-Pb,2.278669202241778,2
2299,mb-dielectric-2300,Li3GaGeO5,Ga-Ge-Li-O,1.7640212583753065,2
2301,mb-dielectric-2302,SClO2F,Cl-F-O-S,1.4357344229812605,0
2302,mb-dielectric-2303,Li7TaO6,Li-O-Ta,1.858145311863415,4
2303,mb-dielectric-2304,Be2BO3F,B-Be-F-O,1.5107393597581473,0
2304,mb-dielectric-2305,Lu2(CN2)3,C-Lu-N,1.9364735990970874,4
2305,mb-dielectric-2306,Na3VH6O7,H-Na-O-V,1.659284886128161,0
2306,mb-dielectric-2307,Sr2H5Rh,H-Rh-Sr,2.8313412604865085,2
2308,mb-dielectric-2309,CsPbF3,Cs-F-Pb,1.6988893430709526,1
2309,mb-dielectric-2310,LiMn2(PO4)2,Li-Mn-O-P,2.4372058454987617,1
2311,mb-dielectric-2312,InCl,Cl-In,2.4049255012901587,1
2312,mb-dielectric-2313,SrMgH4,H-Mg-Sr,2.0398441933964793,0
2313,mb-dielectric-2314,RbP(HO2)2,H-O-P-Rb,1.5245182845738519,4
2314,mb-dielectric-2315,Si3N4,N-Si,2.166280068073659,2
2315,mb-dielectric-2316,CsIO3,Cs-I-O,1.7905949662984462,2
2318,mb-dielectric-2319,FePO4,Fe-O-P,1.7319377394506228,0
2319,mb-dielectric-2320,FeAsS,As-Fe-S,5.001766358493747,0
2322,mb-dielectric-2323,S,S,1.8386589315766715,2
2323,mb-dielectric-2324,NaTeH6O6F,F-H-Na-O-Te,1.6217804002597482,2
2324,mb-dielectric-2325,MgGeP2,Ge-Mg-P,3.0874924561311343,2
2326,mb-dielectric-2327,PICl8,Cl-I-P,1.749952380310495,2
2328,mb-dielectric-2329,Ca2Ga2O5,Ca-Ga-O,1.9831236303703643,1
2329,mb-dielectric-2330,Li3VOF5,F-Li-O-V,1.4873154787513418,1
2331,mb-dielectric-2332,LiY3WO8,Li-O-W-Y,2.035381946138529,4
2334,mb-dielectric-2335,CuI,Cu-I,2.3308237456601724,1
2337,mb-dielectric-2338,RbBrO3,Br-O-Rb,1.6462668880429645,2
2339,mb-dielectric-2340,SiO2,O-Si,1.4143314085932397,0
2340,mb-dielectric-2341,TlNO2,N-O-Tl,1.930354544291454,2
2341,mb-dielectric-2342,Ca3SbN,Ca-N-Sb,3.7214056484076,4
2342,mb-dielectric-2343,MoF3,F-Mo,1.586372591795499,2
2343,mb-dielectric-2344,LaTa7O19,La-O-Ta,2.3750652622612276,2
2344,mb-dielectric-2345,Ba(BO2)2,B-Ba-O,1.6426604437055439,2
2345,mb-dielectric-2346,Li4Si2NiO7,Li-Ni-O-Si,1.724855646133902,1
2347,mb-dielectric-2348,LiMnPO4,Li-Mn-O-P,1.745217369460511,1
2348,mb-dielectric-2349,HoAgSe2,Ag-Ho-Se,2.9506319097214866,1
2349,mb-dielectric-2350,Al2Se3,Al-Se,2.434216437925491,0
2350,mb-dielectric-2351,K2Mg2O3,K-Mg-O,1.727618399222853,2
2351,mb-dielectric-2352,LiGePCO7,C-Ge-Li-O-P,1.6215423727632485,1
2353,mb-dielectric-2354,LiCr3O4,Cr-Li-O,2.278064512554959,4
2354,mb-dielectric-2355,Li2V3(OF)4,F-Li-O-V,2.1865122912986332,1
2355,mb-dielectric-2356,PH3CS3,C-H-P-S,1.8436377084449103,4
2356,mb-dielectric-2357,Bi14Te13S8,Bi-S-Te,4.248686071400577,0
2357,mb-dielectric-2358,CuPO4,Cu-O-P,5.245432302900093,1
2358,mb-dielectric-2359,Ba2Sb2O5,Ba-O-Sb,1.9963722097845382,4
2359,mb-dielectric-2360,Mn(SbO3)2,Mn-O-Sb,2.131139366629972,2
2360,mb-dielectric-2361,LiGaSe2,Ga-Li-Se,2.4021452218104273,2
2361,mb-dielectric-2362,LiH3O2,H-Li-O,1.5100751636921919,1
2364,mb-dielectric-2365,MnPtF6,F-Mn-Pt,1.8435956715071935,1
2365,mb-dielectric-2366,CdBr2,Br-Cd,1.8762221794517289,2
2366,mb-dielectric-2367,PNF2,F-N-P,1.4216187955988762,0
2367,mb-dielectric-2368,Hf2N2O,Hf-N-O,2.8909354887302485,1
2371,mb-dielectric-2372,LiTaN2,Li-N-Ta,3.3076778359850363,0
2372,mb-dielectric-2373,K2LiAlF6,Al-F-K-Li,1.4314328485821501,2
2373,mb-dielectric-2374,H10SO8,H-O-S,1.4559464275858507,0
2375,mb-dielectric-2376,AlSb,Al-Sb,3.465530262456239,4
2376,mb-dielectric-2377,Ag8GeTe6,Ag-Ge-Te,7.064418494587271,2
2377,mb-dielectric-2378,Hg3(TeBr)2,Br-Hg-Te,2.618785787344967,0
2381,mb-dielectric-2382,TeI,I-Te,3.1348600129860054,4
2383,mb-dielectric-2384,Li7BiN4,Bi-Li-N,2.47459592661105,1
2384,mb-dielectric-2385,TeF4,F-Te,1.6102794788483148,1
2385,mb-dielectric-2386,FeP4,Fe-P,4.5713161489152485,2
2387,mb-dielectric-2388,Li2SnN2,Li-N-Sn,2.5315980460307386,2
2388,mb-dielectric-2389,CsNiF3,Cs-F-Ni,1.5185317470065116,0
2389,mb-dielectric-2390,PbCl2,Cl-Pb,2.170944494914598,2
2390,mb-dielectric-2391,Li2MnSiO4,Li-Mn-O-Si,1.7845836115650806,1
2391,mb-dielectric-2392,La3SiAgS7,Ag-La-S-Si,2.6632711715732813,0
2392,mb-dielectric-2393,Na3SnPCO7,C-Na-O-P-Sn,1.726083717552541,0
2395,mb-dielectric-2396,VZn2N3,N-V-Zn,3.0020956014091222,2
2396,mb-dielectric-2397,RbSnF3,F-Rb-Sn,1.6436277964713706,4
2397,mb-dielectric-2398,BaAs2,As-Ba,3.83865479910172,1
2399,mb-dielectric-2400,H6PbCNCl3,C-Cl-H-N-Pb,1.8955888268998442,2
2401,mb-dielectric-2402,SiO2,O-Si,1.5017767242805886,0
2402,mb-dielectric-2403,Ca2B5Os3,B-Ca-Os,1.000000048724702,1
2403,mb-dielectric-2404,RbTa(GeO3)3,Ge-O-Rb-Ta,1.7970435906417697,4
2404,mb-dielectric-2405,LiMn3CrO8,Cr-Li-Mn-O,2.6862674848197767,4
2405,mb-dielectric-2406,BCl(OF2)2,B-Cl-F-O,1.5517731793028926,4
2407,mb-dielectric-2408,BaCa2I6,Ba-Ca-I,1.9055308971517622,0
2408,mb-dielectric-2409,HfTiO4,Hf-O-Ti,2.430172147537426,0
2409,mb-dielectric-2410,GePb3O5,Ge-O-Pb,2.554288485403845,0
2410,mb-dielectric-2411,Sr2ZnGe2O7,Ge-O-Sr-Zn,1.7971208455007508,1
2411,mb-dielectric-2412,SiO2,O-Si,1.3890044396398005,0
2413,mb-dielectric-2414,Si2Ru,Ru-Si,4.485495141750542,0
2415,mb-dielectric-2416,GeSe2,Ge-Se,2.6719374368923137,2
2416,mb-dielectric-2417,Na4Al3Ge3ClO12,Al-Cl-Ge-Na-O,1.5586231103124317,4
2418,mb-dielectric-2419,Sr4Cl6O,Cl-O-Sr,1.7441666587036162,0
2419,mb-dielectric-2420,Cs3TlF6,Cs-F-Tl,1.5079804375388937,2
2420,mb-dielectric-2421,KMnF3,F-K-Mn,1.4940828848047998,0
2421,mb-dielectric-2422,Cs2ZrTlOF5,Cs-F-O-Tl-Zr,1.653880688965602,2
2422,mb-dielectric-2423,BiO2,Bi-O,2.7660441066606336,4
2423,mb-dielectric-2424,Na4Al3Ge3BrO12,Al-Br-Ge-Na-O,1.5728086342591074,2
2425,mb-dielectric-2426,RbNO3,N-O-Rb,1.4590970952384603,2
2426,mb-dielectric-2427,S,S,1.7454703282114727,2
2429,mb-dielectric-2430,HgBr2,Br-Hg,1.8669381350221543,0
2430,mb-dielectric-2431,K4Al3Si3ClO12,Al-Cl-K-O-Si,1.506735875991542,0
2431,mb-dielectric-2432,Li4CoO4,Co-Li-O,2.048992028616347,0
2432,mb-dielectric-2433,PbI2,I-Pb,2.3126463917632387,2
2433,mb-dielectric-2434,Al11NO15,Al-N-O,1.8111023346753952,4
2434,mb-dielectric-2435,RbS,Rb-S,1.6841417200691213,2
2435,mb-dielectric-2436,Li8NiO5F,F-Li-Ni-O,1.9807551590239516,4
2436,mb-dielectric-2437,K2P3,K-P,2.1770009952561935,4
2438,mb-dielectric-2439,Tb2Ti2O7,O-Tb-Ti,2.0822415806049017,0
2439,mb-dielectric-2440,K2LiBO3,B-K-Li-O,1.5989401698208305,2
2440,mb-dielectric-2441,IrCl3,Cl-Ir,2.183727699915078,1
2441,mb-dielectric-2442,K3WF6,F-K-W,1.4165655650198623,0
2443,mb-dielectric-2444,GaAs,As-Ga,3.852321507870285,4
2444,mb-dielectric-2445,LiSbTe2WO12,Li-O-Sb-Te-W,2.2972195512546616,1
2445,mb-dielectric-2446,Re3Se4Cl,Cl-Re-Se,3.084207083406258,2
2447,mb-dielectric-2448,Li2CrO4,Cr-Li-O,1.7395662294568341,4
2448,mb-dielectric-2449,SiOs,Os-Si,4.89393645238677,1
2449,mb-dielectric-2450,LiBH4,B-H-Li,1.7374124438370988,2
2450,mb-dielectric-2451,AlPO4,Al-O-P,1.4615943349643907,2
2452,mb-dielectric-2453,MgCl2,Cl-Mg,1.6233709783451777,4
2453,mb-dielectric-2454,CaSnF6,Ca-F-Sn,1.3750826641817937,4
2455,mb-dielectric-2456,CdBr2,Br-Cd,1.8809529499697786,2
2457,mb-dielectric-2458,KTcCl3,Cl-K-Tc,1.8704099372419227,2
2458,mb-dielectric-2459,Cs2PbO3,Cs-O-Pb,2.115318809699064,4
2460,mb-dielectric-2461,Zn3BPO7,B-O-P-Zn,1.8017054883267318,4
2461,mb-dielectric-2462,CaTaNO2,Ca-N-O-Ta,2.6225830778070693,2
2462,mb-dielectric-2463,Nb2CoO6,Co-Nb-O,2.784912925030152,2
2463,mb-dielectric-2464,CuBr,Br-Cu,2.501834127195485,1
2464,mb-dielectric-2465,SrLi4N2,Li-N-Sr,2.5662395965043228,1
2465,mb-dielectric-2466,NbS3,Nb-S,3.067137644993021,4
2466,mb-dielectric-2467,HgI2,Hg-I,2.2201351310224338,4
2467,mb-dielectric-2468,CsCd(NO2)3,Cd-Cs-N-O,1.7254279662352396,4
2468,mb-dielectric-2469,NaFeP2O7,Fe-Na-O-P,1.7715873296754714,1
2469,mb-dielectric-2470,Na2MgAlF7,Al-F-Mg-Na,1.3766949553187156,1
2470,mb-dielectric-2471,Sm3CuSiS7,Cu-S-Si-Sm,2.735602919528587,1
2471,mb-dielectric-2472,SiC,C-Si,2.6614476010873003,1
2472,mb-dielectric-2473,LiCoPO4,Co-Li-O-P,1.5781389883868489,0
2473,mb-dielectric-2474,Mn2OF3,F-Mn-O,2.9777868179796436,4
2474,mb-dielectric-2475,Li3SbS4,Li-S-Sb,2.0955808264058917,4
2477,mb-dielectric-2478,Li3Fe2(SiO4)2,Fe-Li-O-Si,1.786325931439538,2
2478,mb-dielectric-2479,SiPN3,N-P-Si,2.051411465308703,0
2479,mb-dielectric-2480,Ce5Zr3O16,Ce-O-Zr,2.6837121678749383,4
2481,mb-dielectric-2482,InAgO2,Ag-In-O,2.3648047135722026,4
2483,mb-dielectric-2484,P2O5,O-P,1.4701473848981694,1
2484,mb-dielectric-2485,Lu3AlO6,Al-Lu-O,1.9649097519563927,1
2486,mb-dielectric-2487,FeOF,F-Fe-O,2.102928513605095,2
2487,mb-dielectric-2488,Ce(Ni2Sn)2,Ce-Ni-Sn,33.46723669501263,0
2488,mb-dielectric-2489,SO3,O-S,1.4498373471991033,1
2489,mb-dielectric-2490,SrReN3,N-Re-Sr,2.4344816012175294,0
2490,mb-dielectric-2491,Li2P2WO8,Li-O-P-W,1.7510792862308282,0
2491,mb-dielectric-2492,PClOF2,Cl-F-O-P,1.4034481346550243,1
2492,mb-dielectric-2493,Na2MgSiO4,Mg-Na-O-Si,1.5874772439313896,2
2493,mb-dielectric-2494,Cs2TeI6,Cs-I-Te,2.2011206236824026,4
2495,mb-dielectric-2496,Mn4Be3Si3SO12,Be-Mn-O-S-Si,1.7729813873811533,0
2498,mb-dielectric-2499,GaCl2,Cl-Ga,1.7961996919422218,1
2499,mb-dielectric-2500,MnSnF6,F-Mn-Sn,1.4881220828054744,0
2500,mb-dielectric-2501,K3BN2,B-K-N,1.7866547885177295,1
2503,mb-dielectric-2504,K2V(PO4)2,K-O-P-V,1.629952146536824,1
2504,mb-dielectric-2505,NiPtF6,F-Ni-Pt,1.7947444572046152,2
2505,mb-dielectric-2506,CrHgF6,Cr-F-Hg,1.7870887871992747,1
2506,mb-dielectric-2507,Mg2Mn3O8,Mg-Mn-O,2.3803216869434536,2
2507,mb-dielectric-2508,CuI,Cu-I,2.3370922104404004,1
2508,mb-dielectric-2509,GaTeI7,Ga-I-Te,2.1583126125131487,0
2509,mb-dielectric-2510,H8N2O,H-N-O,1.4464017422555877,0
2510,mb-dielectric-2511,NaSnN,N-Na-Sn,2.9062683404439142,4
2511,mb-dielectric-2512,LiFeAs2O7,As-Fe-Li-O,1.9911811402615616,1
2512,mb-dielectric-2513,BaBe2Si2O7,Ba-Be-O-Si,1.738489478445776,0
2513,mb-dielectric-2514,SiO2,O-Si,1.3531444860028823,0
2515,mb-dielectric-2516,LiH3CO3,C-H-Li-O,1.464727164582765,0
2518,mb-dielectric-2519,LiSiBO4,B-Li-O-Si,1.6440255472467575,1
2519,mb-dielectric-2520,SrTaNO2,N-O-Sr-Ta,2.673325020768456,1
2521,mb-dielectric-2522,In5S5Br,Br-In-S,2.884475977827978,1
2523,mb-dielectric-2524,HoAgS2,Ag-Ho-S,2.6694080914075644,2
2524,mb-dielectric-2525,MgH2SO5,H-Mg-O-S,1.5597008260114076,2
2525,mb-dielectric-2526,Ca4CN4,C-Ca-N,2.225551916566615,2
2526,mb-dielectric-2527,SiH8,H-Si,1.4877192835567692,0
2527,mb-dielectric-2528,Li3Cu3(PO4)2,Cu-Li-O-P,1.901043310044952,2
2528,mb-dielectric-2529,Cr2AgBiO8,Ag-Bi-Cr-O,2.6847562893740156,2
2529,mb-dielectric-2530,BCl(OF2)2,B-Cl-F-O,1.5443445211480502,4
2530,mb-dielectric-2531,Ca3(BN2)2,B-Ca-N,2.0551391680370457,2
2531,mb-dielectric-2532,FeSbAs,As-Fe-Sb,6.116742624414838,4
2532,mb-dielectric-2533,FePO4,Fe-O-P,1.7127534362345718,0
2534,mb-dielectric-2535,LiMnP2O7,Li-Mn-O-P,1.6942994819864101,1
2535,mb-dielectric-2536,Hg(SbO3)2,Hg-O-Sb,2.2810123404977705,2
2537,mb-dielectric-2538,Li4VCr(TeO6)2,Cr-Li-O-Te-V,2.4621642241464454,0
2538,mb-dielectric-2539,Er3GaS6,Er-Ga-S,2.5618520644252665,4
2541,mb-dielectric-2542,NaSnPCO7,C-Na-O-P-Sn,1.5829197705506113,0
2542,mb-dielectric-2543,CaHfN2,Ca-Hf-N,3.0811751005095394,4
2543,mb-dielectric-2544,VCu3O4,Cu-O-V,3.384514736265747,4
2544,mb-dielectric-2545,Sr2MgH6,H-Mg-Sr,2.1680691872697215,0
2545,mb-dielectric-2546,H6S(NO2)2,H-N-O-S,1.5898742088605626,4
2546,mb-dielectric-2547,Li3VS4,Li-S-V,2.609320792850124,2
2547,mb-dielectric-2548,Li2Mn3NiO8,Li-Mn-Ni-O,2.5195860109682036,1
2548,mb-dielectric-2549,ZnSO4,O-S-Zn,1.4346110971270232,0
2549,mb-dielectric-2550,BeZnO2,Be-O-Zn,1.9639809062208315,1
2551,mb-dielectric-2552,Cd4GeS6,Cd-Ge-S,2.46400209686058,0
2557,mb-dielectric-2558,RbTa(CuSe2)2,Cu-Rb-Se-Ta,2.339127971417269,1
2558,mb-dielectric-2559,BaCN2,Ba-C-N,1.7992043611922874,2
2560,mb-dielectric-2561,KZnSb,K-Sb-Zn,4.290720491168511,0
2561,mb-dielectric-2562,Rb2O,O-Rb,2.0591329081274226,2
2562,mb-dielectric-2563,AlGaN2,Al-Ga-N,2.2850382199575274,1
2563,mb-dielectric-2564,Ca(InN)2,Ca-In-N,4.714203078640828,2
2564,mb-dielectric-2565,Li3ScN2,Li-N-Sc,2.3805522468536595,4
2565,mb-dielectric-2566,B2Se2O7,B-O-Se,1.7935177724237918,4
2567,mb-dielectric-2568,Ba(ReN2)2,Ba-N-Re,9.538562103378057,2
2568,mb-dielectric-2569,BaHfN2,Ba-Hf-N,2.71173228767148,4
2570,mb-dielectric-2571,Li15Cr2N9,Cr-Li-N,2.4018590716359696,0
2571,mb-dielectric-2572,BN,B-N,2.146197101852483,0
2572,mb-dielectric-2573,Cs2CoSiO4,Co-Cs-O-Si,1.7530597061518849,1
2573,mb-dielectric-2574,LiZnPH2O5,H-Li-O-P-Zn,1.591704118233034,2
2574,mb-dielectric-2575,LiCaUF8,Ca-F-Li-U,1.610153822879458,0
2575,mb-dielectric-2576,LaH3(CO2)3,C-H-La-O,1.7440919318277546,1
2576,mb-dielectric-2577,InAgS2,Ag-In-S,2.8242769576182383,0
2577,mb-dielectric-2578,Sr2HfO4,Hf-O-Sr,1.9822964796753622,0
2578,mb-dielectric-2579,LiBH4,B-H-Li,1.6169001206011449,2
2580,mb-dielectric-2581,NaSi2N3,N-Na-Si,2.071827373761305,0
2581,mb-dielectric-2582,CdS,Cd-S,2.540341184434355,1
2582,mb-dielectric-2583,ErCuSe2,Cu-Er-Se,3.185856242833309,4
2583,mb-dielectric-2584,SiO2,O-Si,1.5564967073527616,0
2584,mb-dielectric-2585,GeRh,Ge-Rh,7.194759342743855,2
2585,mb-dielectric-2586,K2Pb2O3,K-O-Pb,2.2100975091610775,1
2586,mb-dielectric-2587,Ga2Se3,Ga-Se,2.7922674776365297,0
2587,mb-dielectric-2588,PBr7,Br-P,2.2083930809527543,1
2588,mb-dielectric-2589,LaF3,F-La,1.70304854109721,0
2591,mb-dielectric-2592,TiZn(BiO3)2,Bi-O-Ti-Zn,2.486887076916307,1
2592,mb-dielectric-2593,B2O3,B-O,1.747608079633417,2
2593,mb-dielectric-2594,LiSb(PO3)4,Li-O-P-Sb,1.7515363732068674,1
2594,mb-dielectric-2595,NbCrO4,Cr-Nb-O,2.561582648806528,2
2597,mb-dielectric-2598,SrLiNb2O6F,F-Li-Nb-O-Sr,2.0592047008493353,0
2599,mb-dielectric-2600,Cs2CaH4,Ca-Cs-H,1.7877329218873828,0
2600,mb-dielectric-2601,KSnSb,K-Sb-Sn,3.551964808384231,1
2602,mb-dielectric-2603,LiAgF2,Ag-F-Li,1.6504383256173698,0
2603,mb-dielectric-2604,TaRhO4,O-Rh-Ta,3.051632350071024,0
2604,mb-dielectric-2605,TiVO4,O-Ti-V,2.989166215965025,0
2605,mb-dielectric-2606,Sr(SmS2)2,S-Sm-Sr,2.7405465999808625,4
2606,mb-dielectric-2607,NbBr2O,Br-Nb-O,2.306482632861149,4
2608,mb-dielectric-2609,Mg2H2O3,H-Mg-O,1.6701297354796876,0
2609,mb-dielectric-2610,LaHBr2,Br-H-La,1.9979889055976756,1
2610,mb-dielectric-2611,RbP(HO2)2,H-O-P-Rb,1.5224979474534606,4
2611,mb-dielectric-2612,Ca5NbN5,Ca-N-Nb,2.5722529035847157,1
2614,mb-dielectric-2615,TlGaTe2,Ga-Te-Tl,3.649783646555869,1
2615,mb-dielectric-2616,Si3NiP4,Ni-P-Si,4.310363751084898,2
2616,mb-dielectric-2617,KNbCl6,Cl-K-Nb,1.6722026264816852,0
2617,mb-dielectric-2618,SrP,P-Sr,2.734857644070955,0
2618,mb-dielectric-2619,Te2W,Te-W,2.423150414500907,2
2619,mb-dielectric-2620,MoSe2,Mo-Se,2.227162843918993,4
2620,mb-dielectric-2621,Te2Mo,Mo-Te,2.475659306124337,1
2621,mb-dielectric-2622,WS2,S-W,2.0487019467620646,0
2622,mb-dielectric-2623,ZnCl2,Cl-Zn,1.69392837314136,1
2623,mb-dielectric-2624,Li2MnF4,F-Li-Mn,1.3885482826799123,4
2626,mb-dielectric-2627,LiVF3,F-Li-V,1.52367352146055,4
2627,mb-dielectric-2628,LiHSO4,H-Li-O-S,1.484587484791651,4
2628,mb-dielectric-2629,LiMnPO4,Li-Mn-O-P,1.646856500528608,1
2629,mb-dielectric-2630,Cs2Mo3SeO12,Cs-Mo-O-Se,2.0844823498093388,0
2630,mb-dielectric-2631,Li9CrN5,Cr-Li-N,2.4450583496786606,0
2631,mb-dielectric-2632,LiSnPO4,Li-O-P-Sn,1.8643476070733163,1
2632,mb-dielectric-2633,NbGaO4,Ga-Nb-O,2.1502509155910157,0
2636,mb-dielectric-2637,P,P,1.631402157654574,0
2637,mb-dielectric-2638,RbV3(SeO6)2,O-Rb-Se-V,2.159644106482987,2
2639,mb-dielectric-2640,Li2H2SO5,H-Li-O-S,1.4937014427254196,4
2640,mb-dielectric-2641,BaH4O3,Ba-H-O,1.6444857352173456,0
2641,mb-dielectric-2642,Li2VO3F,F-Li-O-V,1.9724261709884099,1
2642,mb-dielectric-2643,HIO3,H-I-O,1.9746817465100546,4
2643,mb-dielectric-2644,P4Se5,P-Se,2.3567075196836225,1
2645,mb-dielectric-2646,MgH12(I4O3)2,H-I-Mg-O,2.2657596224371788,2
2646,mb-dielectric-2647,VCl2,Cl-V,1.9798148061540175,4
2647,mb-dielectric-2648,Pr5AgSe8,Ag-Pr-Se,3.220673221548555,0
2648,mb-dielectric-2649,PHOF2,F-H-O-P,1.406176849949299,0
2651,mb-dielectric-2652,V(PO3)3,O-P-V,1.712124995436959,4
2652,mb-dielectric-2653,PNO,N-O-P,1.7810971337914168,2
2654,mb-dielectric-2655,CsB3H8,B-Cs-H,1.5640851426099966,0
2655,mb-dielectric-2656,Na3BN2,B-N-Na,1.8145353858954272,4
2656,mb-dielectric-2657,LiCo(WO4)2,Co-Li-O-W,2.5637419916988526,1
2657,mb-dielectric-2658,Na2TiSiO5,Na-O-Si-Ti,1.8059603170243435,4
2658,mb-dielectric-2659,SiO2,O-Si,1.5191342929445046,0
2661,mb-dielectric-2662,LiV(TeO4)3,Li-O-Te-V,2.2268532356968054,0
2662,mb-dielectric-2663,PH3O4,H-O-P,1.5152557539900648,0
2663,mb-dielectric-2664,PH3O4,H-O-P,1.5193200233437765,0
2666,mb-dielectric-2667,Ca3SiO5,Ca-O-Si,1.7816722481983072,1
2667,mb-dielectric-2668,Tb3CuSnS7,Cu-S-Sn-Tb,2.8181577315686233,2
2668,mb-dielectric-2669,TiSnPt,Pt-Sn-Ti,4.555610716468206,2
2669,mb-dielectric-2670,TaCrO4,Cr-O-Ta,2.4395518906494553,1
2671,mb-dielectric-2672,La5TlSe8,La-Se-Tl,3.135532756433377,1
2672,mb-dielectric-2673,Ag3PS4,Ag-P-S,2.638894149702358,2
2673,mb-dielectric-2674,Li2CuPO4,Cu-Li-O-P,1.7687171433932938,2
2675,mb-dielectric-2676,CaO2,Ca-O,1.8388402141929934,0
2676,mb-dielectric-2677,Na2S,Na-S,1.8725205826335298,4
2677,mb-dielectric-2678,H2,H,1.2372011423639515,1
2678,mb-dielectric-2679,H2,H,1.0747092630102342,1
2679,mb-dielectric-2680,AgSbO3,Ag-O-Sb,4.152526058523801,4
2680,mb-dielectric-2681,Li5Cu(PO4)2,Cu-Li-O-P,1.6856027606368786,2
2681,mb-dielectric-2682,Ca2CoSi2O7,Ca-Co-O-Si,11.215872309663064,0
2682,mb-dielectric-2683,VFe(P2O7)2,Fe-O-P-V,2.0706131137097215,2
2683,mb-dielectric-2684,NaBrO3,Br-Na-O,1.6518777194453589,0
2684,mb-dielectric-2685,Cs2Se3,Cs-Se,2.2215057206018325,0
2686,mb-dielectric-2687,Li2Cr2CoO6,Co-Cr-Li-O,2.4662148736278215,0
2689,mb-dielectric-2690,Li3Mn2(CO3)4,C-Li-Mn-O,1.6963683758743757,4
2690,mb-dielectric-2691,V(PO3)4,O-P-V,1.6992601331167632,4
2692,mb-dielectric-2693,KH8N3,H-K-N,1.5985068032385725,2
2693,mb-dielectric-2694,Sn2PClO4,Cl-O-P-Sn,2.0669459757494066,4
2694,mb-dielectric-2695,NaPF6,F-Na-P,1.2918978287775045,1
2695,mb-dielectric-2696,CoSbS,Co-S-Sb,5.385629025471397,0
2696,mb-dielectric-2697,HgIBr,Br-Hg-I,1.9196575215386693,1
2697,mb-dielectric-2698,Li2CaHfF8,Ca-F-Hf-Li,1.5110997099243098,1
2698,mb-dielectric-2699,KHO,H-K-O,1.5453100012618828,4
2699,mb-dielectric-2700,AlGaCl4,Al-Cl-Ga,1.7242389625571046,1
2700,mb-dielectric-2701,SnPSe3,P-Se-Sn,3.2223231784950848,0
2701,mb-dielectric-2702,NiSnF6,F-Ni-Sn,1.529521384834719,1
2704,mb-dielectric-2705,Ca3(GaN2)2,Ca-Ga-N,2.5104096611243882,2
2705,mb-dielectric-2706,Li2CuSb,Cu-Li-Sb,4.28752947511734,0
2706,mb-dielectric-2707,Nd2TeO6,Nd-O-Te,2.0264016548223274,4
2707,mb-dielectric-2708,HfZnN2,Hf-N-Zn,2.8545598026082164,4
2708,mb-dielectric-2709,Mg(InSe2)2,In-Mg-Se,2.7908587686707946,0
2709,mb-dielectric-2710,KSi,K-Si,2.45068908676723,4
2710,mb-dielectric-2711,Cs2PdI6,Cs-I-Pd,2.535842003490495,1
2711,mb-dielectric-2712,InBr3,Br-In,1.9141577782503814,1
2712,mb-dielectric-2713,Be(HO)2,Be-H-O,1.6003398597381329,0
2713,mb-dielectric-2714,Li2V3(CO3)6,C-Li-O-V,1.9440394371857104,1
2714,mb-dielectric-2715,VS4,S-V,2.480591324158287,4
2715,mb-dielectric-2716,SrNiF6,F-Ni-Sr,2.131116061284943,0
2716,mb-dielectric-2717,H3ClO,Cl-H-O,1.5321676366072523,4
2717,mb-dielectric-2718,GaP,Ga-P,3.2537904050506965,4
2718,mb-dielectric-2719,LiMn2F6,F-Li-Mn,2.0148371315485196,4
2719,mb-dielectric-2720,BaAl2Sb2O7,Al-Ba-O-Sb,1.8405899416581972,0
2720,mb-dielectric-2721,Li2CrO3,Cr-Li-O,2.715373209462498,4
2721,mb-dielectric-2722,SiBr4,Br-Si,1.5310127367203712,4
2723,mb-dielectric-2724,K2PtS2,K-Pt-S,2.3087880659197078,0
2724,mb-dielectric-2725,Ni(HO)2,H-Ni-O,1.8154593541764208,0
2725,mb-dielectric-2726,CsBrF6,Br-Cs-F,1.528494139122998,0
2726,mb-dielectric-2727,LiNbFeO4,Fe-Li-Nb-O,2.0425869218550607,1
2727,mb-dielectric-2728,SnCl2,Cl-Sn,2.090215299915298,0
2728,mb-dielectric-2729,Na5HfAs3,As-Hf-Na,2.7543904346818135,1
2729,mb-dielectric-2730,Rb2TeBr6,Br-Rb-Te,1.919894528353051,2
2730,mb-dielectric-2731,LiMn2(PO4)2,Li-Mn-O-P,2.026630454720347,1
2731,mb-dielectric-2732,Ba3SbN,Ba-N-Sb,3.3376638536557315,1
2732,mb-dielectric-2733,ZrCl4,Cl-Zr,1.7302215657732005,1
2733,mb-dielectric-2734,Li3SbS4,Li-S-Sb,1.7295311503410395,4
2734,mb-dielectric-2735,K4IrO4,Ir-K-O,1.828881625474977,4
2735,mb-dielectric-2736,Tl3SbSe3,Sb-Se-Tl,3.254685238237332,4
2736,mb-dielectric-2737,Sm3GaO6,Ga-O-Sm,2.056050339850646,4
2737,mb-dielectric-2738,BaSi7N10,Ba-N-Si,2.0858503461817834,2
2739,mb-dielectric-2740,Li4VFe(TeO6)2,Fe-Li-O-Te-V,2.440832713098817,0
2740,mb-dielectric-2741,VBr2O,Br-O-V,2.85570233095384,2
2742,mb-dielectric-2743,Rb2Se3,Rb-Se,2.374989122782109,1
2743,mb-dielectric-2744,Na4BeAlSi4ClO12,Al-Be-Cl-Na-O-Si,1.5242105060216147,4
2744,mb-dielectric-2745,GaHO2,Ga-H-O,1.9907736352148797,0
2745,mb-dielectric-2746,BaTeW2O9,Ba-O-Te-W,2.088413752109481,4
2747,mb-dielectric-2748,KP,K-P,2.522955872252492,4
2748,mb-dielectric-2749,CaV2O6,Ca-O-V,1.9662860931207395,0
2749,mb-dielectric-2750,CsCaF3,Ca-Cs-F,1.5192313846152603,1
2751,mb-dielectric-2752,Cs3LiCl4,Cl-Cs-Li,1.586347073940933,4
2752,mb-dielectric-2753,BeCl2,Be-Cl,1.4029378698526407,0
2753,mb-dielectric-2754,Li3V2(CO3)4,C-Li-O-V,1.6687523283379515,1
2756,mb-dielectric-2757,Ge2N2O,Ge-N-O,2.0608125420167,2
2757,mb-dielectric-2758,Cd(InSe2)2,Cd-In-Se,2.755680436238329,2
2758,mb-dielectric-2759,BaMgTe2O7,Ba-Mg-O-Te,2.019978300213478,1
2759,mb-dielectric-2760,LaTaO4,La-O-Ta,2.2784935812944482,2
2761,mb-dielectric-2762,CuI,Cu-I,2.516081609695984,1
2763,mb-dielectric-2764,Cd(InSe2)2,Cd-In-Se,2.7449519728646132,2
2764,mb-dielectric-2765,BaBPO5,B-Ba-O-P,1.6892300021015467,0
2766,mb-dielectric-2767,LiFeSiO4,Fe-Li-O-Si,1.8597379743752434,2
2769,mb-dielectric-2770,AlN,Al-N,2.4566915421627082,0
2770,mb-dielectric-2771,ScTlO2,O-Sc-Tl,2.9722312045554826,4
2771,mb-dielectric-2772,InGaO3,Ga-In-O,2.1487383895362098,4
2772,mb-dielectric-2773,Ni(HO)2,H-Ni-O,1.7888275489828527,0
2773,mb-dielectric-2774,Rb2CoO3,Co-O-Rb,2.364817258619927,4
2775,mb-dielectric-2776,BaPt2S3,Ba-Pt-S,2.8967144606720674,1
2776,mb-dielectric-2777,Na6ZnSe4,Na-Se-Zn,2.1231693287021005,0
2777,mb-dielectric-2778,SmBO3,B-O-Sm,1.8596346415358045,2
2779,mb-dielectric-2780,FeP4,Fe-P,4.412029011690666,2
2780,mb-dielectric-2781,Ta3TeI7,I-Ta-Te,2.805405318309637,1
2781,mb-dielectric-2782,FeAgO2,Ag-Fe-O,2.684340887443319,4
2783,mb-dielectric-2784,NaH9O5,H-Na-O,1.4234598694729683,1
2784,mb-dielectric-2785,Bi4RuI2,Bi-I-Ru,3.2464339410098786,2
2786,mb-dielectric-2787,Bi4RuBr2,Bi-Br-Ru,3.1862204222197197,0
2789,mb-dielectric-2790,KNaSnF6,F-K-Na-Sn,1.3899778175688033,4
2790,mb-dielectric-2791,NaS,Na-S,1.9198208249729998,4
2791,mb-dielectric-2792,P4N3Cl11,Cl-N-P,1.7049615831449079,1
2792,mb-dielectric-2793,Si3N4,N-Si,2.0651069383125664,2
2795,mb-dielectric-2796,CsCdBr3,Br-Cd-Cs,1.8098550586534088,4
2796,mb-dielectric-2797,YBO3,B-O-Y,1.8523809003549998,2
2798,mb-dielectric-2799,InSe,In-Se,2.712665233062617,0
2800,mb-dielectric-2801,Ca7SiN6,Ca-N-Si,2.4545891034278355,1
2801,mb-dielectric-2802,K3NiO2,K-Ni-O,1.8063857100113845,0
2803,mb-dielectric-2804,Ge7Ir3,Ge-Ir,6.746011151496956,0
2804,mb-dielectric-2805,KSrCO3F,C-F-K-O-Sr,1.5199228050573221,0
2805,mb-dielectric-2806,LiMn2PO5,Li-Mn-O-P,1.803073579567216,1
2806,mb-dielectric-2807,Ca5(SiN3)2,Ca-N-Si,2.2878643607813234,1
2807,mb-dielectric-2808,LiNdTi2O6,Li-Nd-O-Ti,2.5424510483652054,2
2808,mb-dielectric-2809,CO2,C-O,1.37234592334926,1
2809,mb-dielectric-2810,H4IN,H-I-N,1.8239150199502165,0
2811,mb-dielectric-2812,KNa(BH4)2,B-H-K-Na,1.5435888917236544,4
2814,mb-dielectric-2815,Na5Fe3F14,F-Fe-Na,1.4738438406651726,4
2817,mb-dielectric-2818,ErClO,Cl-Er-O,1.7143023848395786,1
2819,mb-dielectric-2820,Fe6O5F7,F-Fe-O,2.36843935957837,2
2820,mb-dielectric-2821,MgTa2O6,Mg-O-Ta,2.315668009988929,4
2822,mb-dielectric-2823,FeF3,F-Fe,1.4913081505845944,1
2823,mb-dielectric-2824,Li2VGa3O8,Ga-Li-O-V,1.8442197989032292,0
2824,mb-dielectric-2825,Y2Hf2O7,Hf-O-Y,1.9752718800205709,4
2825,mb-dielectric-2826,CsTb(PO3)4,Cs-O-P-Tb,1.6017262562622865,1
2827,mb-dielectric-2828,CsTiNb(O2F)2,Cs-F-Nb-O-Ti,2.1585609403798016,1
2828,mb-dielectric-2829,H3NO4,H-N-O,1.478501831810386,0
2829,mb-dielectric-2830,Nd2Be2SiO7,Be-Nd-O-Si,1.9227758579720104,1
2830,mb-dielectric-2831,Sr(ClO3)2,Cl-O-Sr,1.6182419472995997,0
2831,mb-dielectric-2832,CdP2,Cd-P,3.1081393147669556,1
2832,mb-dielectric-2833,H7NO6,H-N-O,1.4699907029184458,0
2833,mb-dielectric-2834,SrAl2O4,Al-O-Sr,1.7006019522510214,2
2834,mb-dielectric-2835,H2,H,1.1168407824454485,1
2835,mb-dielectric-2836,CsNd5Se8,Cs-Nd-Se,3.063744713037734,0
2836,mb-dielectric-2837,Ba5(SiN3)2,Ba-N-Si,2.589092183243643,2
2837,mb-dielectric-2838,LiY3WO8,Li-O-W-Y,1.9832801953665884,4
2838,mb-dielectric-2839,Sr3SbN,N-Sb-Sr,3.137514940203472,4
2841,mb-dielectric-2842,Na2Ge2O5,Ge-Na-O,1.7093367134651967,1
2842,mb-dielectric-2843,Sr2VN3,N-Sr-V,2.6093543262654078,4
2844,mb-dielectric-2845,RbSe,Rb-Se,1.8343044094878769,1
2845,mb-dielectric-2846,ErH9C5(NO4)2,C-Er-H-N-O,1.6185656201299554,1
2846,mb-dielectric-2847,FeCo3(PO4)4,Co-Fe-O-P,2.4103548839676425,2
2847,mb-dielectric-2848,Cs2Pd3S4,Cs-Pd-S,2.476853829085494,2
2849,mb-dielectric-2850,H8Se2N2O5,H-N-O-Se,1.674135896514975,1
2850,mb-dielectric-2851,Tm2MgS4,Mg-S-Tm,2.744050898458943,1
2851,mb-dielectric-2852,Dy2P4O13,Dy-O-P,1.6581030325847266,2
2852,mb-dielectric-2853,BaZrN2,Ba-N-Zr,2.781510261230998,2
2855,mb-dielectric-2856,HgO,Hg-O,2.373114207531723,4
2857,mb-dielectric-2858,CoF2,Co-F,1.6160651802036534,0
2859,mb-dielectric-2860,CsSiTe3,Cs-Si-Te,2.5947048001651365,0
2861,mb-dielectric-2862,Cs3Ge4Au,Au-Cs-Ge,2.944769374104985,0
2864,mb-dielectric-2865,Ga2H6(SeO4)3,Ga-H-O-Se,1.8164381813501553,4
2865,mb-dielectric-2866,LiFe(SiO3)2,Fe-Li-O-Si,1.6765868105568924,2
2867,mb-dielectric-2868,Na2ZnB6O11,B-Na-O-Zn,1.6003935974211676,1
2868,mb-dielectric-2869,FeF3,F-Fe,1.6340134638364363,1
2869,mb-dielectric-2870,Sr2CuClO2,Cl-Cu-O-Sr,1.8991276067359608,4
2870,mb-dielectric-2871,Li3SiNiO5,Li-Ni-O-Si,2.332223974378676,1
2871,mb-dielectric-2872,Li7NbO6,Li-Nb-O,1.9201200912364176,1
2872,mb-dielectric-2873,Li5VCr3O8,Cr-Li-O-V,2.242001858458926,2
2873,mb-dielectric-2874,NaGaSiO4,Ga-Na-O-Si,1.6383110205330322,4
2874,mb-dielectric-2875,Li3FeF6,F-Fe-Li,1.5010812769467214,4
2875,mb-dielectric-2876,HIO3,H-I-O,1.9813295199604397,4
2876,mb-dielectric-2877,ScGaO3,Ga-O-Sc,2.131636226001052,1
2877,mb-dielectric-2878,BeF2,Be-F,1.3418140705775896,0
2879,mb-dielectric-2880,BeI2,Be-I,1.786803477341564,1
2880,mb-dielectric-2881,SnF4,F-Sn,1.5441292407218377,1
2881,mb-dielectric-2882,SrLiSb,Li-Sb-Sr,3.1821376463000464,0
2882,mb-dielectric-2883,SiO2,O-Si,1.3979747255711927,0
2884,mb-dielectric-2885,GaCuO2,Cu-Ga-O,2.4166871263501775,1
2885,mb-dielectric-2886,Li4CrGa3O8,Cr-Ga-Li-O,1.88322073409713,0
2886,mb-dielectric-2887,MnF2,F-Mn,1.5338404958360783,4
2887,mb-dielectric-2888,FeSi,Fe-Si,8.777528467626865,4
2890,mb-dielectric-2891,KCrF3,Cr-F-K,1.5700186836749779,0
2891,mb-dielectric-2892,RbH3O2,H-O-Rb,1.5481688107782905,2
2892,mb-dielectric-2893,PNCl2,Cl-N-P,1.5967675681409197,1
2893,mb-dielectric-2894,GaAs,As-Ga,8.311523927656108,4
2896,mb-dielectric-2897,Pr5AgS8,Ag-Pr-S,2.948162365497079,4
2897,mb-dielectric-2898,NaSiSbO5,Na-O-Sb-Si,1.7053489379009799,2
2898,mb-dielectric-2899,LiCrSnO4,Cr-Li-O-Sn,2.1956576084019415,1
2899,mb-dielectric-2900,Ba2Ge2Te5,Ba-Ge-Te,3.349764021539428,2
2900,mb-dielectric-2901,Cr4OF11,Cr-F-O,1.8528301775032343,2
2901,mb-dielectric-2902,Zn(InSe2)2,In-Se-Zn,2.7734176269241053,4
2902,mb-dielectric-2903,CsN3,Cs-N,1.5946786510076782,4
2904,mb-dielectric-2905,LiFe2(ClO)2,Cl-Fe-Li-O,2.016695233957443,0
2906,mb-dielectric-2907,H3NO4,H-N-O,1.4197180471253203,0
2908,mb-dielectric-2909,LiAlSiH2O5,Al-H-Li-O-Si,1.5601148461998986,0
2909,mb-dielectric-2910,LiIO3,I-Li-O,1.8060427274384552,4
2910,mb-dielectric-2911,LiI,I-Li,1.7744232865920053,1
2912,mb-dielectric-2913,Ca2ZnSi2O7,Ca-O-Si-Zn,1.7385467110971353,0
2913,mb-dielectric-2914,Rb(BH)6,B-H-Rb,1.5874507866387593,2
2914,mb-dielectric-2915,BaCaI4,Ba-Ca-I,1.8462199145056961,0
2915,mb-dielectric-2916,Li2MgBr4,Br-Li-Mg,1.848150967859497,2
2916,mb-dielectric-2917,TeO2,O-Te,2.5044626835577595,2
2917,mb-dielectric-2918,FePO4,Fe-O-P,1.678672292815565,0
2918,mb-dielectric-2919,Li4Ga3Si3BrO12,Br-Ga-Li-O-Si,1.6322374214555915,1
2919,mb-dielectric-2920,Li3CrO4,Cr-Li-O,2.467702237575136,4
2920,mb-dielectric-2921,K2SiAs2,As-K-Si,2.5254355399943678,1
2921,mb-dielectric-2922,LiCaAlF6,Al-Ca-F-Li,1.4247806848775073,2
2922,mb-dielectric-2923,Hg,Hg,1.832782737908545,0
2923,mb-dielectric-2924,K3MoF6,F-K-Mo,1.422811887308598,4
2924,mb-dielectric-2925,CaB4O7,B-Ca-O,1.775751014829125,1
2925,mb-dielectric-2926,YOF,F-O-Y,1.837250663355439,4
2926,mb-dielectric-2927,NaP3(PbO3)4,Na-O-P-Pb,1.9588597873933364,1
2927,mb-dielectric-2928,Ho3CuGeS7,Cu-Ge-Ho-S,2.8082226882258943,1
2928,mb-dielectric-2929,SiO2,O-Si,1.4180763966256074,0
2929,mb-dielectric-2930,K2O2,K-O,1.5924823389803213,2
2930,mb-dielectric-2931,Ca2B5H2ClO10,B-Ca-Cl-H-O,1.6843840615093302,4
2931,mb-dielectric-2932,Sn3As4,As-Sn,4.390339622398249,2
2932,mb-dielectric-2933,Ba(GaTe2)2,Ba-Ga-Te,2.9487870387669575,4
2934,mb-dielectric-2935,SiO2,O-Si,1.5182119966153167,0
2935,mb-dielectric-2936,BaYFeCuO5,Ba-Cu-Fe-O-Y,2.3044540929831228,4
2936,mb-dielectric-2937,ZrCuSi2,Cu-Si-Zr,25.19229307413942,4
2937,mb-dielectric-2938,BaSiN2,Ba-N-Si,2.308032351015326,2
2938,mb-dielectric-2939,Ca4Al6WO16,Al-Ca-O-W,1.6535997097242126,0
2939,mb-dielectric-2940,BaCdSb2,Ba-Cd-Sb,16.345261729320825,1
2940,mb-dielectric-2941,Na2MoSeO6,Mo-Na-O-Se,1.8057942850723614,2
2941,mb-dielectric-2942,NaMgSb,Mg-Na-Sb,3.082151088660862,0
2945,mb-dielectric-2946,Cd(AsO3)2,As-Cd-O,2.0518377128808214,2
2946,mb-dielectric-2947,Mg(HO)2,H-Mg-O,1.6148271321311114,0
2947,mb-dielectric-2948,Cs3TaO8,Cs-O-Ta,1.6715633401100898,1
2948,mb-dielectric-2949,Sr(RhO2)2,O-Rh-Sr,2.5974658162652817,2
2952,mb-dielectric-2953,Co(SiP)3,Co-P-Si,4.345560569899661,1
2953,mb-dielectric-2954,CaCO3,C-Ca-O,1.6916461410948838,1
2954,mb-dielectric-2955,In5Se5Br,Br-In-Se,3.24661182362988,0
2955,mb-dielectric-2956,Na2BeF4,Be-F-Na,1.3300375934536588,4
2956,mb-dielectric-2957,AlSCl3O2,Al-Cl-O-S,1.540562667772179,1
2957,mb-dielectric-2958,AgI2,Ag-I,7.2290382025089155,0
2958,mb-dielectric-2959,Ag3PSe4,Ag-P-Se,3.072189989784703,1
2959,mb-dielectric-2960,Fe4O5F3,F-Fe-O,3.136406383107903,2
2960,mb-dielectric-2961,LiHS,H-Li-S,1.7540196692169674,0
2961,mb-dielectric-2962,W(BrO)2,Br-O-W,2.2407182628196107,0
2962,mb-dielectric-2963,CuHO2,Cu-H-O,3.1405093535921846,0
2963,mb-dielectric-2964,RbVF3,F-Rb-V,1.5407394328698159,2
2964,mb-dielectric-2965,LiYF4,F-Li-Y,1.5214028581859798,1
2966,mb-dielectric-2967,Sc2S3,S-Sc,2.8271304650881586,4
2967,mb-dielectric-2968,Li2VF4,F-Li-V,1.4655102638102995,4
2968,mb-dielectric-2969,DyHO2,Dy-H-O,1.9103274588404993,4
2969,mb-dielectric-2970,SiC,C-Si,2.6580694748884035,1
2970,mb-dielectric-2971,CF4,C-F,1.2774975538123259,0
2971,mb-dielectric-2972,K2PbO3,K-O-Pb,2.077306589472692,1
2972,mb-dielectric-2973,FeBO3,B-Fe-O,2.20096713590488,0
2973,mb-dielectric-2974,Ca2Ga2Si(HO4)2,Ca-Ga-H-O-Si,1.7409694617271916,2
2974,mb-dielectric-2975,CO2,C-O,1.3748939353031324,1
2975,mb-dielectric-2976,LiNb(PO4)2,Li-Nb-O-P,1.9454260030474901,1
2977,mb-dielectric-2978,VCr(P2O7)2,Cr-O-P-V,2.071703485862138,1
2978,mb-dielectric-2979,GaS,Ga-S,2.324507116214819,0
2979,mb-dielectric-2980,Ga(IO3)3,Ga-I-O,2.025709587609568,1
2980,mb-dielectric-2981,K3Ta3(BO6)2,B-K-O-Ta,2.055087751573318,0
2983,mb-dielectric-2984,La2MoO6,La-Mo-O,2.034157974855116,0
2984,mb-dielectric-2985,NiCO3,C-Ni-O,1.8777045383481843,4
2985,mb-dielectric-2986,Mg2SbN3,Mg-N-Sb,2.377429984948733,1
2986,mb-dielectric-2987,SrTa4O11,O-Sr-Ta,2.294342316801633,4
2987,mb-dielectric-2988,Na2SbF5,F-Na-Sb,1.4782844787117262,4
2988,mb-dielectric-2989,H5CNO2,C-H-N-O,1.4761024128878502,1
2989,mb-dielectric-2990,Rb2S3,Rb-S,1.939628572691174,2
2990,mb-dielectric-2991,SiO2,O-Si,1.3600245095830688,0
2991,mb-dielectric-2992,CuRhO2,Cu-O-Rh,3.486784860966711,0
2992,mb-dielectric-2993,LiVCoO4,Co-Li-O-V,2.521041451464057,2
2993,mb-dielectric-2994,NiF2,F-Ni,1.5840875396686045,4
2994,mb-dielectric-2995,H10C2N2O5,C-H-N-O,1.5394804318340654,1
2995,mb-dielectric-2996,SrHClO,Cl-H-O-Sr,1.6531667590818966,0
2996,mb-dielectric-2997,SiO2,O-Si,1.4190372323045883,0
2998,mb-dielectric-2999,CdHClO,Cd-Cl-H-O,1.8847850452151482,0
2999,mb-dielectric-3000,Li3P2WO8,Li-O-P-W,1.738356755419313,0
3000,mb-dielectric-3001,RbTaN2,N-Rb-Ta,2.403672884011744,2
3001,mb-dielectric-3002,SiH12C2(NF)6,C-F-H-N-Si,1.4411800720243118,2
3002,mb-dielectric-3003,SnF3,F-Sn,1.612038047530823,1
3003,mb-dielectric-3004,Li4VCr3O8,Cr-Li-O-V,2.135372999146228,2
3004,mb-dielectric-3005,HgS,Hg-S,3.31154545995275,2
3005,mb-dielectric-3006,MgH2(SeO3)2,H-Mg-O-Se,1.7387735140993301,4
3008,mb-dielectric-3009,NaBiO3,Bi-Na-O,2.1233401360435264,0
3009,mb-dielectric-3010,YBO3,B-O-Y,1.8852640840653243,2
3010,mb-dielectric-3011,Ba12Cl5F19,Ba-Cl-F,1.6337847675464074,4
3011,mb-dielectric-3012,Li3FePO5,Fe-Li-O-P,1.6869017952052416,2
3012,mb-dielectric-3013,NbI4,I-Nb,2.615372503742695,1
3014,mb-dielectric-3015,Sr7GeN6,Ge-N-Sr,2.5854359400302305,4
3015,mb-dielectric-3016,Li2WS4,Li-S-W,1.8727595503249566,1
3016,mb-dielectric-3017,Si2H2S3,H-S-Si,1.7791813660594957,0
3017,mb-dielectric-3018,SrSi7N10,N-Si-Sr,2.051190629853793,4
3018,mb-dielectric-3019,Rb2CoF6,Co-F-Rb,1.5430320800294157,4
3020,mb-dielectric-3021,Li3V(FeO3)2,Fe-Li-O-V,2.118484757241993,4
3022,mb-dielectric-3023,Na2H6Pt,H-Na-Pt,1.7982669434764125,0
3023,mb-dielectric-3024,Na15W7N19,N-Na-W,2.211208191615314,4
3024,mb-dielectric-3025,BBr,B-Br,1.8084062965311012,4
3025,mb-dielectric-3026,CsB3PbF12,B-Cs-F-Pb,1.3563382075770531,1
3026,mb-dielectric-3027,Na4MgO3,Mg-Na-O,1.8055693469558756,4
3028,mb-dielectric-3029,Li5ReO6,Li-O-Re,2.1262402655077866,0
3030,mb-dielectric-3031,PbI2,I-Pb,2.2179939885701505,2
3031,mb-dielectric-3032,Na6Ti2O7,Na-O-Ti,1.6756634506964696,0
3032,mb-dielectric-3033,Li5Cu(PO4)2,Cu-Li-O-P,1.664784170195444,2
3034,mb-dielectric-3035,CuSe3Br,Br-Cu-Se,2.754764781247212,4
3035,mb-dielectric-3036,MgH12(ClO3)2,Cl-H-Mg-O,1.5318833724101408,4
3036,mb-dielectric-3037,H2S,H-S,1.657709262808168,0
3038,mb-dielectric-3039,MgNb2(PbO3)3,Mg-Nb-O-Pb,2.6035718414004507,4
3039,mb-dielectric-3040,BaBePO4F,Ba-Be-F-O-P,1.673222190782033,4
3040,mb-dielectric-3041,Li3SbS4,Li-S-Sb,2.124146338336101,4
3041,mb-dielectric-3042,BaLi2SiO4,Ba-Li-O-Si,1.7466739821729782,4
3042,mb-dielectric-3043,In2(CN2)3,C-In-N,2.0186206511708265,0
3044,mb-dielectric-3045,Y2SO2,O-S-Y,2.257542838279401,1
3045,mb-dielectric-3046,CaTiN2,Ca-N-Ti,2.7922883088964863,4
3046,mb-dielectric-3047,Li4TaN3,Li-N-Ta,2.2789887377226474,0
3047,mb-dielectric-3048,Li7SbO6,Li-O-Sb,1.786919602742838,4
3048,mb-dielectric-3049,BH3OF4,B-F-H-O,1.353021310499826,0
3049,mb-dielectric-3050,KNd(PO3)4,K-Nd-O-P,1.627711071822433,1
3050,mb-dielectric-3051,H2,H,1.2459266966131408,1
3051,mb-dielectric-3052,ZrO2,O-Zr,2.0964138524435754,2
3052,mb-dielectric-3053,Li2VOF4,F-Li-O-V,1.8300144808170233,1
3053,mb-dielectric-3054,Ba2SnHg,Ba-Hg-Sn,8.96991856150323,4
3054,mb-dielectric-3055,CaZnSO,Ca-O-S-Zn,2.1882834977823813,2
3055,mb-dielectric-3056,K2LiAlF6,Al-F-K-Li,1.4213179329997387,2
3056,mb-dielectric-3057,As3HO6,As-H-O,1.822361105818493,1
3057,mb-dielectric-3058,LiSbS,Li-S-Sb,6.159901216740412,4
3059,mb-dielectric-3060,LiSnPO4,Li-O-P-Sn,1.827111198951321,1
3060,mb-dielectric-3061,KSnAs,As-K-Sn,3.32137817780511,0
3061,mb-dielectric-3062,Cu3SbS4,Cu-S-Sb,1.0,4
3063,mb-dielectric-3064,TaTl3S4,S-Ta-Tl,2.5201609075612614,4
3064,mb-dielectric-3065,TmCuSe2,Cu-Se-Tm,3.1305480350890607,2
3065,mb-dielectric-3066,MgTe,Mg-Te,2.3464890794546642,2
3066,mb-dielectric-3067,LiFeSi3O8,Fe-Li-O-Si,1.6468933379750696,2
3067,mb-dielectric-3068,PNO,N-O-P,1.8259015342077558,2
3068,mb-dielectric-3069,H7BrO3,Br-H-O,1.6067565673326702,1
3069,mb-dielectric-3070,LiFe(Si2O5)2,Fe-Li-O-Si,1.7000240194381568,2
3071,mb-dielectric-3072,LiFeSiO4,Fe-Li-O-Si,1.817946827238538,2
3072,mb-dielectric-3073,H5N2F,F-H-N,1.5172927645426024,0
3073,mb-dielectric-3074,LiBeSb,Be-Li-Sb,3.6395706706515143,2
3074,mb-dielectric-3075,GeF4,F-Ge,1.3367598886860723,0
3075,mb-dielectric-3076,MgAgF3,Ag-F-Mg,1.6509376860727873,1
3076,mb-dielectric-3077,TmNiSb,Ni-Sb-Tm,4.310273773207448,4
3077,mb-dielectric-3078,GaN5O14,Ga-N-O,1.5403158766954264,4
3078,mb-dielectric-3079,P2S2O3,O-P-S,1.5915665239002736,1
3080,mb-dielectric-3081,Na8SnO6,Na-O-Sn,1.7985216151050252,4
3082,mb-dielectric-3083,LiFeSiO4,Fe-Li-O-Si,1.8064795413547683,2
3083,mb-dielectric-3084,LiGaSi,Ga-Li-Si,4.65718573818996,1
3084,mb-dielectric-3085,Li11TiSb5,Li-Sb-Ti,3.5587880427658702,4
3085,mb-dielectric-3086,TbSbPt,Pt-Sb-Tb,4.824100641570404,0
3086,mb-dielectric-3087,H2SO4,H-O-S,1.4749011266296237,0
3087,mb-dielectric-3088,CsSnI3,Cs-I-Sn,2.7114267461983914,2
3088,mb-dielectric-3089,B3H5,B-H,1.5531524930497542,4
3091,mb-dielectric-3092,NaSi2BH2O7,B-H-Na-O-Si,1.5294461960679318,4
3092,mb-dielectric-3093,Li3MnPCO7,C-Li-Mn-O-P,1.6673617883750766,2
3094,mb-dielectric-3095,PtS2,Pt-S,3.1847553542880913,2
3095,mb-dielectric-3096,K2MnF6,F-K-Mn,1.4756623371670539,0
3096,mb-dielectric-3097,AlGaO3,Al-Ga-O,1.929709131795083,2
3097,mb-dielectric-3098,Ca4VN4,Ca-N-V,8.476518192434124,1
3098,mb-dielectric-3099,H5CSN2Cl,C-Cl-H-N-S,1.6187865825982126,1
3099,mb-dielectric-3100,Li3FeO4,Fe-Li-O,2.9582445808283,2
3100,mb-dielectric-3101,Ba3BiN,Ba-Bi-N,3.5739334073258906,0
3102,mb-dielectric-3103,Zn2GeS4,Ge-S-Zn,2.433111793568064,0
3103,mb-dielectric-3104,K2Hg3(GeS4)2,Ge-Hg-K-S,2.2687309227848065,1
3105,mb-dielectric-3106,TiFe2Si,Fe-Si-Ti,6.189693130079839,0
3107,mb-dielectric-3108,Mn3SnO8,Mn-O-Sn,2.4639707790475116,1
3108,mb-dielectric-3109,Cd(GaS2)2,Cd-Ga-S,2.409087240706184,4
3109,mb-dielectric-3110,Y3CuSiSe7,Cu-Se-Si-Y,3.0259885437104104,1
3111,mb-dielectric-3112,BaYF5,Ba-F-Y,1.5634949099160294,2
3112,mb-dielectric-3113,Li4V3SiO10,Li-O-Si-V,1.8576320051793538,4
3113,mb-dielectric-3114,InCl,Cl-In,2.437271767092596,1
3115,mb-dielectric-3116,Li4CoSn3(PO4)4,Co-Li-O-P-Sn,1.915135156240067,4
3116,mb-dielectric-3117,Li4MnSb2WO12,Li-Mn-O-Sb-W,2.422153243156455,0
3117,mb-dielectric-3118,LiSi2N3,Li-N-Si,2.098891215221345,1
3118,mb-dielectric-3119,In3Ru,In-Ru,5.028862674688857,1
3119,mb-dielectric-3120,Li2MnBr4,Br-Li-Mn,2.00512717801141,2
3120,mb-dielectric-3121,BaWN3,Ba-N-W,2.841754446347068,2
3121,mb-dielectric-3122,Mn6O5F7,F-Mn-O,3.0234766963436863,4
3122,mb-dielectric-3123,Tm(CuTe)3,Cu-Te-Tm,3.5929762036506725,2
3124,mb-dielectric-3125,BaMnO3,Ba-Mn-O,2.2649381890020854,0
3125,mb-dielectric-3126,ClF3,Cl-F,1.4954375056595755,4
3126,mb-dielectric-3127,Yb2AsAu,As-Au-Yb,6.606031183698737,1
3127,mb-dielectric-3128,K6CoS4,Co-K-S,2.067546210688731,2
3129,mb-dielectric-3130,KH,H-K,1.6498484778912363,0
3130,mb-dielectric-3131,Rb2NiO2,Ni-O-Rb,1.7000415681192576,1
3131,mb-dielectric-3132,SiO2,O-Si,1.5067203898976524,0
3132,mb-dielectric-3133,MnSnO3,Mn-O-Sn,2.1468244766010387,1
3133,mb-dielectric-3134,BaS,Ba-S,2.192259108773441,1
3134,mb-dielectric-3135,RbCd(NO2)3,Cd-N-O-Rb,1.6929772591502859,1
3135,mb-dielectric-3136,CdO2,Cd-O,2.1111608181282633,1
3136,mb-dielectric-3137,K2NaTiOF5,F-K-Na-O-Ti,1.5081566010641378,1
3137,mb-dielectric-3138,Rb2HgO2,Hg-O-Rb,1.7370127614192348,4
3138,mb-dielectric-3139,Na2LiBe2F7,Be-F-Li-Na,1.342681769196757,4
3139,mb-dielectric-3140,Ca(PIr)2,Ca-Ir-P,5.692490608980687,0
3142,mb-dielectric-3143,RbH,H-Rb,1.6730212192318716,4
3143,mb-dielectric-3144,Sc2S3,S-Sc,2.8429093674521817,4
3144,mb-dielectric-3145,Rb2CoCl4,Cl-Co-Rb,1.6474016915535,2
3146,mb-dielectric-3147,LiMnGaF6,F-Ga-Li-Mn,1.5019459599688163,4
3147,mb-dielectric-3148,SrBPO5,B-O-P-Sr,1.6800945409906705,0
3148,mb-dielectric-3149,SiO2,O-Si,1.4647685824047432,0
3149,mb-dielectric-3150,InSnCl3,Cl-In-Sn,2.041549117963783,1
3150,mb-dielectric-3151,SiO2,O-Si,1.406455829381072,0
3151,mb-dielectric-3152,K3TiO4F3,F-K-O-Ti,1.562355593326948,4
3155,mb-dielectric-3156,LaAlO3,Al-La-O,2.1929005905421235,2
3156,mb-dielectric-3157,K2O,K-O,1.8133127143435575,2
3157,mb-dielectric-3158,LiGaTe2,Ga-Li-Te,2.7304694346088794,0
3158,mb-dielectric-3159,ZnCu2GeS4,Cu-Ge-S-Zn,3.1569650510155056,4
3159,mb-dielectric-3160,Li5NCl2,Cl-Li-N,1.8690142678249766,0
3160,mb-dielectric-3161,Fe3OF7,F-Fe-O,1.659987951763506,2
3161,mb-dielectric-3162,LiInP2O7,In-Li-O-P,1.6434984027981285,2
3162,mb-dielectric-3163,FeF3,F-Fe,1.5968588958744392,1
3163,mb-dielectric-3164,As2Ir,As-Ir,4.621435563400907,2
3164,mb-dielectric-3165,SrAl2O4,Al-O-Sr,1.7107669819898537,2
3165,mb-dielectric-3166,HCl,Cl-H,1.3527975951092364,0
3166,mb-dielectric-3167,LaCrO3,Cr-La-O,2.395170070509958,0
3167,mb-dielectric-3168,Al5BO9,Al-B-O,1.6438822950564314,0
3168,mb-dielectric-3169,CoH8(BrO2)2,Br-Co-H-O,1.6632297896963406,4
3169,mb-dielectric-3170,Ni(AsO3)2,As-Ni-O,2.072265427014607,4
3170,mb-dielectric-3171,KSrVO4,K-O-Sr-V,1.8174840668719308,4
3172,mb-dielectric-3173,FeH8(BrO2)2,Br-Fe-H-O,1.6343194302216442,1
3173,mb-dielectric-3174,Mn(AsO3)2,As-Mn-O,2.021210940665675,4
3174,mb-dielectric-3175,KYTe2,K-Te-Y,2.5567133198698624,2
3175,mb-dielectric-3176,AlBiO3,Al-Bi-O,2.4508482205146924,4
3176,mb-dielectric-3177,K3V(SO5)2,K-O-S-V,1.5669877685121434,0
3177,mb-dielectric-3178,LiVO3,Li-O-V,2.47366111933978,4
3178,mb-dielectric-3179,LiMnPO4,Li-Mn-O-P,1.6193096265590057,1
3179,mb-dielectric-3180,BaH4O3,Ba-H-O,1.6690805852324804,0
3180,mb-dielectric-3181,Li3Y3ZrO8,Li-O-Y-Zr,1.9695945437238263,0
3181,mb-dielectric-3182,SbO2,O-Sb,2.3106997497181583,0
3182,mb-dielectric-3183,Li6Br3N,Br-Li-N,1.93599345728922,4
3183,mb-dielectric-3184,BrCl,Br-Cl,1.7319947074591915,1
3184,mb-dielectric-3185,SiC,C-Si,2.7179649249694164,1
3186,mb-dielectric-3187,TiNiO3,Ni-O-Ti,2.4132170091800687,2
3187,mb-dielectric-3188,LiFePO4,Fe-Li-O-P,1.6476879761249297,2
3188,mb-dielectric-3189,ZnP2,P-Zn,3.137276525905869,4
3189,mb-dielectric-3190,RbNO3,N-O-Rb,1.5083184897980488,2
3192,mb-dielectric-3193,CsCa(NO2)3,Ca-Cs-N-O,1.5982804301290028,0
3194,mb-dielectric-3195,CNCl,C-Cl-N,1.5922730084209689,0
3195,mb-dielectric-3196,NaMgAs,As-Mg-Na,2.8818649054619705,4
3196,mb-dielectric-3197,MnH12N2(Cl2O)2,Cl-H-Mn-N-O,1.651751797335181,1
3197,mb-dielectric-3198,CClF3,C-Cl-F,1.4428962771684826,0
3198,mb-dielectric-3199,SnO,O-Sn,2.5613330513621224,4
3200,mb-dielectric-3201,HgI2,Hg-I,2.202044504545719,4
3201,mb-dielectric-3202,CS14,C-S,1.7677669529660431,2
3202,mb-dielectric-3203,Na6WN4,N-Na-W,2.0936297826183754,4
3203,mb-dielectric-3204,LiHf2N3,Hf-Li-N,2.885796250603982,4
3204,mb-dielectric-3205,LiSn2N3,Li-N-Sn,2.6645975305850595,2
3206,mb-dielectric-3207,Ba3ZnB5PO14,B-Ba-O-P-Zn,1.7258846040992042,1
3207,mb-dielectric-3208,Y2(CN2)3,C-N-Y,1.9332332157985124,1
3208,mb-dielectric-3209,Li2GeN2,Ge-Li-N,2.2123415950827607,4
3209,mb-dielectric-3210,LiAlTe2,Al-Li-Te,2.478838437655829,2
3211,mb-dielectric-3212,Sr3GeO5,Ge-O-Sr,1.9121050519726264,4
3212,mb-dielectric-3213,Li7SbN4,Li-N-Sb,2.2145602272234557,0
3214,mb-dielectric-3215,Te4Mo3W(SeS)2,Mo-S-Se-Te-W,1.000000000019242,0
3215,mb-dielectric-3216,Te2Mo(WS2)2,Mo-S-Te-W,1.0000000030609548,1
3216,mb-dielectric-3217,MoWS4,Mo-S-W,2.4956888811005387,0
3217,mb-dielectric-3218,K3SbS4,K-S-Sb,1.9529229375477155,0
3218,mb-dielectric-3219,Li2CN2,C-Li-N,1.6435423126081439,1
3220,mb-dielectric-3221,HfFe2Sn,Fe-Hf-Sn,6.177685084236644,1
3221,mb-dielectric-3222,BaAg(PO3)3,Ag-Ba-O-P,1.6536999929451128,2
3223,mb-dielectric-3224,Na2PdS2,Na-Pd-S,2.601218432453017,0
3224,mb-dielectric-3225,SiGeN2O,Ge-N-O-Si,1.9319095044368235,4
3225,mb-dielectric-3226,Li2PNO2,Li-N-O-P,1.7251919699944507,4
3226,mb-dielectric-3227,Bi2Se3,Bi-Se,4.1636922717151466,4
3227,mb-dielectric-3228,BaSe2,Ba-Se,2.8120573725782356,1
3229,mb-dielectric-3230,Sm3CuGeS7,Cu-Ge-S-Sm,2.7905614130493523,1
3230,mb-dielectric-3231,Li2HN,H-Li-N,1.9105859485159693,2
3231,mb-dielectric-3232,LiMnPO4,Li-Mn-O-P,1.6331024666770502,1
3232,mb-dielectric-3233,NaNbN2,N-Na-Nb,3.4634437101436277,0
3233,mb-dielectric-3234,Sr5Mo2N7,Mo-N-Sr,2.40077980386929,4
3234,mb-dielectric-3235,Li2AgSb,Ag-Li-Sb,4.8444230822668635,2
3235,mb-dielectric-3236,AgI,Ag-I,2.235916739654377,0
3236,mb-dielectric-3237,Ca(HoS2)2,Ca-Ho-S,2.7541333133526953,2
3237,mb-dielectric-3238,SiC,C-Si,2.667708129962365,1
3238,mb-dielectric-3239,Ca2VN3,Ca-N-V,2.64599370117668,1
3241,mb-dielectric-3242,N2,N,1.1865917579353087,0
3242,mb-dielectric-3243,BaTiO3,Ba-O-Ti,2.361572922157323,2
3243,mb-dielectric-3244,Rb2Sn2O3,O-Rb-Sn,2.1659999230532425,1
3244,mb-dielectric-3245,Fe2O3,Fe-O,2.492655879454044,4
3245,mb-dielectric-3246,CaAlSiHO5,Al-Ca-H-O-Si,1.7771221117300857,4
3246,mb-dielectric-3247,AlCuO2,Al-Cu-O,2.359020983374247,1
3247,mb-dielectric-3248,PH6NO4,H-N-O-P,1.483548111791458,4
3248,mb-dielectric-3249,Te2Ru,Ru-Te,4.57504098342299,0
3249,mb-dielectric-3250,KCrO2,Cr-K-O,2.0935711913697537,4
3250,mb-dielectric-3251,KNb(AgSe2)2,Ag-K-Nb-Se,2.258808166563361,1
3252,mb-dielectric-3253,KNbN2,K-N-Nb,2.5911242733608897,1
3253,mb-dielectric-3254,Ba3(AlN2)2,Al-Ba-N,2.587110614823675,2
3254,mb-dielectric-3255,Li7TaN4,Li-N-Ta,2.198604557440923,0
3256,mb-dielectric-3257,Cu2SnS3,Cu-S-Sn,4.503690449694191,4
3257,mb-dielectric-3258,SiO2,O-Si,1.5036621961065675,0
3258,mb-dielectric-3259,Li5SbS,Li-S-Sb,2.570573674208477,4
3259,mb-dielectric-3260,CsC2N3,C-Cs-N,1.4664927548406155,0
3260,mb-dielectric-3261,CdCN2,C-Cd-N,2.10475208357974,1
3261,mb-dielectric-3262,SrAl2B2O7,Al-B-O-Sr,1.5673260669050377,0
3262,mb-dielectric-3263,RbCaAs,As-Ca-Rb,2.438222029813254,4
3263,mb-dielectric-3264,Li3PO4,Li-O-P,1.585032386630212,2
3264,mb-dielectric-3265,CoO,Co-O,2.4181660406183876,4
3265,mb-dielectric-3266,Ge3N4,Ge-N,2.4117338161579944,2
3266,mb-dielectric-3267,MgH12SeO9,H-Mg-O-Se,1.559354674216233,4
3267,mb-dielectric-3268,HoAgTe2,Ag-Ho-Te,3.3536607361707493,0
3268,mb-dielectric-3269,HoBO3,B-Ho-O,1.848174594926933,0
3269,mb-dielectric-3270,AlN,Al-N,2.1489383425310256,0
3270,mb-dielectric-3271,BAsO4,As-B-O,1.820717807166549,2
3271,mb-dielectric-3272,Tl3AsS3,As-S-Tl,2.912058378535703,2
3272,mb-dielectric-3273,CsBe2BO3F2,B-Be-Cs-F-O,1.512177568938272,2
3273,mb-dielectric-3274,H4BrN,Br-H-N,1.669442222220743,2
3274,mb-dielectric-3275,TiSnPd,Pd-Sn-Ti,4.951363448586684,1
3275,mb-dielectric-3276,ZrSnPd,Pd-Sn-Zr,4.558289152741637,0
3276,mb-dielectric-3277,ZrSnPt,Pt-Sn-Zr,4.1805502030235955,1
3277,mb-dielectric-3278,ErSbPt,Er-Pt-Sb,5.108779893477499,1
3278,mb-dielectric-3279,CaPbF6,Ca-F-Pb,1.4355797899571192,2
3279,mb-dielectric-3280,TlCl,Cl-Tl,2.501399608219367,4
3280,mb-dielectric-3281,HoSnAu,Au-Ho-Sn,4.74679663913816,1
3281,mb-dielectric-3282,BN,B-N,2.150479791426398,0
3283,mb-dielectric-3284,ThNiSn,Ni-Sn-Th,5.655393266608426,1
3284,mb-dielectric-3285,Al3GaN4,Al-Ga-N,2.2139889340283525,1
3285,mb-dielectric-3286,MgO,Mg-O,1.7911901071633913,4
3286,mb-dielectric-3287,TmSbPt,Pt-Sb-Tm,5.3580113848329995,4
3287,mb-dielectric-3288,YN,N-Y,2.732587845492491,0
3288,mb-dielectric-3289,LiGeBO4,B-Ge-Li-O,1.7350370793348098,1
3290,mb-dielectric-3291,Dy3Sb4Au3,Au-Dy-Sb,5.227237798302273,1
3292,mb-dielectric-3293,ScNiSb,Ni-Sb-Sc,4.277998714352311,1
3293,mb-dielectric-3294,PbSe,Pb-Se,4.440080517287953,4
3294,mb-dielectric-3295,PtO2,O-Pt,2.7222201723348323,2
3295,mb-dielectric-3296,ThSbRh,Rh-Sb-Th,4.504394076898686,4
3296,mb-dielectric-3297,SnS2,S-Sn,2.9672096881301377,1
3298,mb-dielectric-3299,AgNO3,Ag-N-O,1.8141058403522161,4
3299,mb-dielectric-3300,NbRhO4,Nb-O-Rh,3.297513406593924,2
3300,mb-dielectric-3301,WS2,S-W,3.0397916595334946,0
3301,mb-dielectric-3302,ZrZnN2,N-Zn-Zr,3.024138610138986,1
3302,mb-dielectric-3303,ErNiSb,Er-Ni-Sb,4.296431309819811,1
3303,mb-dielectric-3304,HoNiSb,Ho-Ni-Sb,4.319236622367433,0
3305,mb-dielectric-3306,ScF3,F-Sc,1.5043270920913447,2
3307,mb-dielectric-3308,MgO,Mg-O,1.736477756839979,4
3308,mb-dielectric-3309,TlBiTe2,Bi-Te-Tl,4.904969248969189,2
3309,mb-dielectric-3310,KLaS2,K-La-S,2.154994818245905,2
3311,mb-dielectric-3312,NaCrSe2,Cr-Na-Se,3.2463879414923085,4
3312,mb-dielectric-3313,NaYS2,Na-S-Y,2.268475479259144,4
3313,mb-dielectric-3314,SiF4,F-Si,1.2766835943177153,4
3315,mb-dielectric-3316,BeSO4,Be-O-S,1.5460019404903733,0
3316,mb-dielectric-3317,HgI,Hg-I,2.807311881485937,4
3318,mb-dielectric-3319,NbSbRu,Nb-Ru-Sb,4.773150636634051,0
3319,mb-dielectric-3320,BN,B-N,1.8604658914727068,0
3320,mb-dielectric-3321,BN,B-N,1.9618544798226027,0
3321,mb-dielectric-3322,CrCuO2,Cr-Cu-O,2.69224064055698,2
3323,mb-dielectric-3324,TbNiSb,Ni-Sb-Tb,4.342058843452027,0
3324,mb-dielectric-3325,VPbO3,O-Pb-V,2.4476126463692465,0
3325,mb-dielectric-3326,FeBiO3,Bi-Fe-O,2.5333132455343974,0
3326,mb-dielectric-3327,NaTmO2,Na-O-Tm,1.9188598177042533,0
3327,mb-dielectric-3328,FeCuO2,Cu-Fe-O,2.866223240898509,2
3330,mb-dielectric-3331,Ga2HgS4,Ga-Hg-S,2.5714812851739755,1
3333,mb-dielectric-3334,NaTaO3,Na-O-Ta,2.2816788343301315,2
3334,mb-dielectric-3335,Ca(CdP)2,Ca-Cd-P,3.4721751107915457,4
3335,mb-dielectric-3336,Na3Mo(OF)3,F-Mo-Na-O,1.584861192660107,4
3336,mb-dielectric-3337,KMgF3,F-K-Mg,1.4342245291445832,4
3338,mb-dielectric-3339,Rb2Se,Rb-Se,1.8206226040962044,1
3339,mb-dielectric-3340,CaO,Ca-O,1.827498381212244,0
3340,mb-dielectric-3341,Ba(CdAs)2,As-Ba-Cd,9.88090459758957,4
3341,mb-dielectric-3342,ZnSnP2,P-Sn-Zn,3.513732867858151,1
3342,mb-dielectric-3343,Ca(ZnAs)2,As-Ca-Zn,3.794732709076272,1
3343,mb-dielectric-3344,NaO3,Na-O,1.534049868811311,0
3344,mb-dielectric-3345,Sr(CdP)2,Cd-P-Sr,3.4685731936922064,2
3345,mb-dielectric-3346,Si2Mo,Mo-Si,5.344037300269028,4
3346,mb-dielectric-3347,Sr(ZnP)2,P-Sr-Zn,3.3321664624285123,0
3347,mb-dielectric-3348,ErBiO3,Bi-Er-O,2.365161798552763,2
3348,mb-dielectric-3349,Ba(CdP)2,Ba-Cd-P,3.5981476716036367,2
3349,mb-dielectric-3350,SrGaSnH,Ga-H-Sn-Sr,5.74714085437272,2
3350,mb-dielectric-3351,CsPbF3,Cs-F-Pb,1.703894656368168,1
3352,mb-dielectric-3353,GaPO4,Ga-O-P,1.5502596556706234,1
3353,mb-dielectric-3354,CsCdF3,Cd-Cs-F,1.609237707736182,0
3355,mb-dielectric-3356,Ba(MgAs)2,As-Ba-Mg,3.0764397171622484,1
3357,mb-dielectric-3358,Ca(CdAs)2,As-Ca-Cd,6.284874117010353,4
3358,mb-dielectric-3359,FeHO2,Fe-H-O,2.1612176351924086,4
3359,mb-dielectric-3360,BaZrO3,Ba-O-Zr,2.2199099080818567,0
3360,mb-dielectric-3361,NbCrO4,Cr-Nb-O,2.472101198036466,2
3361,mb-dielectric-3362,LaOF,F-La-O,1.8843617840885367,4
3362,mb-dielectric-3363,PbClF,Cl-F-Pb,2.126213300682695,4
3363,mb-dielectric-3364,LiI,I-Li,2.0273134932713734,1
3365,mb-dielectric-3366,BaClF,Ba-Cl-F,1.7003084033982385,4
3366,mb-dielectric-3367,As2Os,As-Os,4.570010940905941,1
3368,mb-dielectric-3369,ErAgSe2,Ag-Er-Se,3.0448651311128168,0
3369,mb-dielectric-3370,ZnF2,F-Zn,1.5984367363145782,0
3370,mb-dielectric-3371,YOF,F-O-Y,1.8452946467524665,4
3371,mb-dielectric-3372,CO2,C-O,1.4019034679083056,1
3372,mb-dielectric-3373,P2Os,Os-P,4.267630099559551,2
3373,mb-dielectric-3374,PbBrF,Br-F-Pb,2.2823964014459306,0
3374,mb-dielectric-3375,RbAuSe,Au-Rb-Se,2.1037839717993894,1
3376,mb-dielectric-3377,NiP2,Ni-P,5.150436874672989,4
3377,mb-dielectric-3378,CsCaH3,Ca-Cs-H,1.8489394257113247,0
3378,mb-dielectric-3379,MgF2,F-Mg,1.4328293687665672,4
3380,mb-dielectric-3381,Ca3FeRhO6,Ca-Fe-O-Rh,2.3527289119994874,0
3381,mb-dielectric-3382,Y3AlO6,Al-O-Y,1.9917166799857187,1
3382,mb-dielectric-3383,LiNbO3,Li-Nb-O,2.1190568963569723,1
3385,mb-dielectric-3386,ZnCrF6,Cr-F-Zn,1.7175004124211077,2
3386,mb-dielectric-3387,K2PdBr4,Br-K-Pd,1.9454997644135896,1
3387,mb-dielectric-3388,YGaO3,Ga-O-Y,2.0597288656519916,0
3388,mb-dielectric-3389,TlCd(NO2)3,Cd-N-O-Tl,1.82873070734868,0
3391,mb-dielectric-3392,Na3Li5Mn5O9,Li-Mn-Na-O,2.0290080499265315,0
3392,mb-dielectric-3393,H6OF4,F-H-O,1.3317907743585953,2
3393,mb-dielectric-3394,MgTlP(H6O5)2,H-Mg-O-P-Tl,1.6157391497392146,4
3395,mb-dielectric-3396,SiO2,O-Si,1.4719147393786094,0
3396,mb-dielectric-3397,Mn(GaS2)2,Ga-Mn-S,2.463317816820774,2
3397,mb-dielectric-3398,H2O,H-O,1.3133900156972922,1
3399,mb-dielectric-3400,Al2O3,Al-O,1.7504500373713423,2
3400,mb-dielectric-3401,Ba2SrI6,Ba-I-Sr,1.9563618445130917,4
3401,mb-dielectric-3402,SiO2,O-Si,1.4354800590743155,0
3402,mb-dielectric-3403,Li4NbFe3O8,Fe-Li-Nb-O,1.931519091285406,1
3403,mb-dielectric-3404,CsScO2,Cs-O-Sc,1.849448025763362,2
3404,mb-dielectric-3405,SiO2,O-Si,1.4955278889631805,0
3405,mb-dielectric-3406,LiH4SNO4,H-Li-N-O-S,1.5074491699556574,1
3406,mb-dielectric-3407,SiO2,O-Si,1.59258699396088,0
3408,mb-dielectric-3409,SbOF,F-O-Sb,1.753806146642211,1
3409,mb-dielectric-3410,SiO2,O-Si,1.4659358785431238,0
3411,mb-dielectric-3412,TlF,F-Tl,1.999060779466197,2
3414,mb-dielectric-3415,NbO2F,F-Nb-O,2.2746648837429513,4
3415,mb-dielectric-3416,Sr3BiN,Bi-N-Sr,5.866422845312128,1
3416,mb-dielectric-3417,LiZnBO3,B-Li-O-Zn,1.7414433668655434,4
3417,mb-dielectric-3418,TiPbO3,O-Pb-Ti,2.5375495397463017,0
3419,mb-dielectric-3420,LiVTe(WO6)2,Li-O-Te-V-W,2.4488299246783147,0
3420,mb-dielectric-3421,AlAgS2,Ag-Al-S,2.3976252139704126,1
3421,mb-dielectric-3422,VSb3(PO4)4,O-P-Sb-V,1.966265495806708,0
3422,mb-dielectric-3423,NaH4ClO2,Cl-H-Na-O,1.4929835899968895,1
3423,mb-dielectric-3424,ScSbPt,Pt-Sb-Sc,4.2906363164453865,2
3424,mb-dielectric-3425,Li3SbO3,Li-O-Sb,2.022057368127819,4
3425,mb-dielectric-3426,SiO2,O-Si,1.438729184616294,0
3426,mb-dielectric-3427,CuBr,Br-Cu,2.5065456309431116,1
3428,mb-dielectric-3429,PPbSe3,P-Pb-Se,3.1911443088647684,2
3429,mb-dielectric-3430,H2O2,H-O,1.5376459280341492,1
3430,mb-dielectric-3431,Li2MnF4,F-Li-Mn,1.47951230703454,4
3431,mb-dielectric-3432,Rb2SnO3,O-Rb-Sn,1.864363698423674,1
3433,mb-dielectric-3434,FeHO2,Fe-H-O,2.105547593066157,4
3434,mb-dielectric-3435,PtF4,F-Pt,2.1083179709585234,0
3435,mb-dielectric-3436,LiNbO3,Li-Nb-O,2.410878124957004,1
3436,mb-dielectric-3437,Al2O3,Al-O,1.6206685863145085,2
3437,mb-dielectric-3438,Ca3AsBr3,As-Br-Ca,2.238350508745222,1
3438,mb-dielectric-3439,LiMnP(H6O5)2,H-Li-Mn-O-P,1.5273525024259025,2
3440,mb-dielectric-3441,K(SnSe2)2,K-Se-Sn,2.443729935979015,0
3441,mb-dielectric-3442,LiZrPCO7,C-Li-O-P-Zr,1.620287320199723,0
3442,mb-dielectric-3443,CsHgCl3,Cl-Cs-Hg,1.8034139846413504,0
3444,mb-dielectric-3445,Tl2S5,S-Tl,2.4543939509921113,1
3445,mb-dielectric-3446,NaH8SNO6,H-N-Na-O-S,1.4658907417221334,2
3447,mb-dielectric-3448,K2AgSbS4,Ag-K-S-Sb,2.2106717681887256,4
3448,mb-dielectric-3449,ReSbOF10,F-O-Re-Sb,1.4528851755501304,0
3449,mb-dielectric-3450,Ti7Sn3O20,O-Sn-Ti,2.602787352051642,0
3450,mb-dielectric-3451,H9C3N3O2,C-H-N-O,1.535534543191176,1
3451,mb-dielectric-3452,Ca4SnS6,Ca-S-Sn,2.0896388045146304,4
3452,mb-dielectric-3453,BaZn2(BO3)2,B-Ba-O-Zn,1.7876678475973475,4
3454,mb-dielectric-3455,OsOF4,F-O-Os,1.801859317482916,2
3456,mb-dielectric-3457,BaCu(SeO3)2,Ba-Cu-O-Se,2.05284371868229,0
3457,mb-dielectric-3458,Li5SiN3,Li-N-Si,2.1324206902016307,1
3458,mb-dielectric-3459,H9BrO4,Br-H-O,1.5403067876238163,1
3459,mb-dielectric-3460,K15Os7N19,K-N-Os,6.294849031814292,0
3460,mb-dielectric-3461,LiCu(PO3)4,Cu-Li-O-P,2.131372562458286,2
3461,mb-dielectric-3462,LiCoGeO4,Co-Ge-Li-O,2.036594215841732,0
3463,mb-dielectric-3464,Na15Mo7N19,Mo-N-Na,2.3394733737887825,1
3464,mb-dielectric-3465,KSnO2,K-O-Sn,1.9593698817051703,1
3465,mb-dielectric-3466,Li5TiN3,Li-N-Ti,2.361968599847734,2
3466,mb-dielectric-3467,K15Re7N19,K-N-Re,3.6717574357065947,4
3468,mb-dielectric-3469,Cd4GeSe6,Cd-Ge-Se,2.749672950249417,4
3470,mb-dielectric-3471,KY(PO3)4,K-O-P-Y,1.6347823504470964,0
3472,mb-dielectric-3473,Cs15W7N19,Cs-N-W,2.244494449387954,4
3474,mb-dielectric-3475,Al2O3,Al-O,1.7786699150464533,2
3475,mb-dielectric-3476,H2SO4,H-O-S,1.47738507731284,0
3477,mb-dielectric-3478,ZnTe,Te-Zn,2.969049455072556,1
3478,mb-dielectric-3479,Ag2GeS3,Ag-Ge-S,2.8442755961169914,4
3479,mb-dielectric-3480,B6O,B-O,2.3984022459356575,2
3480,mb-dielectric-3481,PbI2,I-Pb,2.31916608575871,2
3482,mb-dielectric-3483,KSnPCO7,C-K-O-P-Sn,1.546325752658001,1
3483,mb-dielectric-3484,TaSbRu,Ru-Sb-Ta,4.422581485964954,2
3485,mb-dielectric-3486,BaHgS2,Ba-Hg-S,2.5527847539500854,0
3487,mb-dielectric-3488,Cd(InSe2)2,Cd-In-Se,2.7391465215768704,2
3488,mb-dielectric-3489,BaTe2,Ba-Te,2.972148493375299,1
3489,mb-dielectric-3490,BaGe7N10,Ba-Ge-N,2.255709718322225,1
3490,mb-dielectric-3491,Na4Al3Ge3IO12,Al-Ge-I-Na-O,1.6016354141938793,0
3491,mb-dielectric-3492,RbS,Rb-S,1.7439709477702534,2
3492,mb-dielectric-3493,KAgSe,Ag-K-Se,2.660511166423976,2
3494,mb-dielectric-3495,MgMoN2,Mg-Mo-N,3.4342355287118376,0
3495,mb-dielectric-3496,BaCaGe,Ba-Ca-Ge,4.707228483938293,0
3496,mb-dielectric-3497,TaCl4F,Cl-F-Ta,1.6306765467130506,1
3497,mb-dielectric-3498,ZnPbF6,F-Pb-Zn,1.7054322032845506,1
3498,mb-dielectric-3499,BaCaSi,Ba-Ca-Si,4.8027075696944115,4
3499,mb-dielectric-3500,Li2CaGeO4,Ca-Ge-Li-O,1.814903486873797,2
3500,mb-dielectric-3501,Sr3(SiAs2)2,As-Si-Sr,3.1308145904840443,4
3501,mb-dielectric-3502,Fe2OF3,F-Fe-O,1.8115215519925048,2
3502,mb-dielectric-3503,RbNO3,N-O-Rb,1.5132854985097823,2
3503,mb-dielectric-3504,P2Ir,Ir-P,4.094427106853086,2
3504,mb-dielectric-3505,Ca4Sb2O,Ca-O-Sb,3.0230105303598673,2
3507,mb-dielectric-3508,NaGaTe2,Ga-Na-Te,3.1346892987982087,1
3508,mb-dielectric-3509,NaAlSe2,Al-Na-Se,2.3619163123757594,4
3509,mb-dielectric-3510,SiC,C-Si,2.67949000124116,1
3510,mb-dielectric-3511,PdS2,Pd-S,3.3015652853356294,1
3511,mb-dielectric-3512,K4ZnP2,K-P-Zn,2.164706831574812,1
3512,mb-dielectric-3513,YWN3,N-W-Y,2.7350051188251916,1
3513,mb-dielectric-3514,AgBr,Ag-Br,2.078184784854319,2
3514,mb-dielectric-3515,Ba2MgSi2O7,Ba-Mg-O-Si,1.7152073732739528,1
3515,mb-dielectric-3516,Zn(InTe2)2,In-Te-Zn,3.1808912273135026,0
3516,mb-dielectric-3517,KLaTe2,K-La-Te,2.4731426700994508,1
3517,mb-dielectric-3518,CrPb2O5,Cr-O-Pb,2.2525429291442296,0
3518,mb-dielectric-3519,La2Be2GeO7,Be-Ge-La-O,1.9750176370520507,2
3520,mb-dielectric-3521,AlHO2,Al-H-O,1.7048998015523766,2
3522,mb-dielectric-3523,Y2SiP4O15,O-P-Si-Y,1.6114516230198577,4
3523,mb-dielectric-3524,MnSbO4,Mn-O-Sb,2.1238888859825034,2
3525,mb-dielectric-3526,Sb2Se3,Sb-Se,3.970222495864264,2
3526,mb-dielectric-3527,Li4MnF8,F-Li-Mn,1.4815848496345616,4
3529,mb-dielectric-3530,Ge3N4,Ge-N,2.2724436186616717,2
3530,mb-dielectric-3531,Ca3PN,Ca-N-P,2.906028217344077,1
3531,mb-dielectric-3532,YNiBi,Bi-Ni-Y,4.959267284589526,2
3534,mb-dielectric-3535,BeS,Be-S,2.29683608470435,4
3535,mb-dielectric-3536,ZrS2,S-Zr,2.836488439367737,1
3537,mb-dielectric-3538,ZnSnF6,F-Sn-Zn,1.5251111434908544,1
3539,mb-dielectric-3540,CdSnF6,Cd-F-Sn,1.5026975743641915,0
3540,mb-dielectric-3541,Ca(BC)2,B-C-Ca,3.9806103384615126,1
3541,mb-dielectric-3542,MnH8(NF3)2,F-H-Mn-N,1.5507703462043152,2
3542,mb-dielectric-3543,ZnP2,P-Zn,3.1409128184865835,4
3544,mb-dielectric-3545,CoBiO3,Bi-Co-O,2.584880848317771,1
3545,mb-dielectric-3546,Rb2HfF6,F-Hf-Rb,1.45582130313672,2
3546,mb-dielectric-3547,Rb2ZrF6,F-Rb-Zr,1.4682811946853602,0
3547,mb-dielectric-3548,Mg(BeN)2,Be-Mg-N,2.1691804904156773,1
3549,mb-dielectric-3550,Mg3P2,Mg-P,2.705365040063911,0
3550,mb-dielectric-3551,Ca(BeN)2,Be-Ca-N,2.3036244630292226,4
3551,mb-dielectric-3552,Sr(BeN)2,Be-N-Sr,2.271775883899354,2
3552,mb-dielectric-3553,SiRu,Ru-Si,6.666162614278173,0
3554,mb-dielectric-3555,K2Zn(PO3)4,K-O-P-Zn,1.5831972924012556,2
3555,mb-dielectric-3556,Te2Ru,Ru-Te,4.608000289351843,0
3556,mb-dielectric-3557,ZnPdF6,F-Pd-Zn,2.018855781542265,2
3558,mb-dielectric-3559,CsNbF6,Cs-F-Nb,1.4777394898966458,2
3559,mb-dielectric-3560,GaSe,Ga-Se,2.8722232967976193,0
3560,mb-dielectric-3561,Li3CrClO4,Cl-Cr-Li-O,1.8200303111029041,1
3561,mb-dielectric-3562,Ta2O5,O-Ta,2.372340616356265,2
3562,mb-dielectric-3563,Tl2SnF6,F-Sn-Tl,1.6854178512562843,2
3565,mb-dielectric-3566,HgO,Hg-O,2.3584753549698068,4
3566,mb-dielectric-3567,Sm3Si6N11,N-Si-Sm,2.3087508166394515,0
3568,mb-dielectric-3569,KSbO2,K-O-Sb,1.9073389840298445,4
3570,mb-dielectric-3571,Na2AgAs,Ag-As-Na,3.248785465370098,1
3571,mb-dielectric-3572,Sr3P14,P-Sr,2.8046390142048585,0
3572,mb-dielectric-3573,ZnAsHPbO5,As-H-O-Pb-Zn,2.0718053319106344,2
3574,mb-dielectric-3575,FeOF,F-Fe-O,2.1097051136750524,2
3575,mb-dielectric-3576,LiVO2,Li-O-V,2.190977027112176,4
3576,mb-dielectric-3577,Mg4P6SN12,Mg-N-P-S,1.9751184774590111,1
3577,mb-dielectric-3578,Na2Sn2O3,Na-O-Sn,2.5308054053996334,4
3578,mb-dielectric-3579,Si3Os2,Os-Si,4.352930047680528,1
3580,mb-dielectric-3581,K3Cu3As2,As-Cu-K,2.788638257883826,1
3581,mb-dielectric-3582,K3Ag3As2,Ag-As-K,2.810603553212961,0
3582,mb-dielectric-3583,BaLiSb,Ba-Li-Sb,3.231463290832813,2
3585,mb-dielectric-3586,SiAs,As-Si,2.9376294297727013,1
3586,mb-dielectric-3587,Sc2TeO6,O-Sc-Te,2.108943574399283,1
3587,mb-dielectric-3588,LiH5S(NO2)2,H-Li-N-O-S,1.5543979541931983,1
3588,mb-dielectric-3589,Na6MnSe4,Mn-Na-Se,2.1575954980795977,1
3590,mb-dielectric-3591,Te2O5,O-Te,2.225234070084913,2
3592,mb-dielectric-3593,Sr3P4,P-Sr,3.074789965718779,0
3593,mb-dielectric-3594,LiFeF4,F-Fe-Li,1.5663331382701973,4
3594,mb-dielectric-3595,Ba3P4,Ba-P,3.1231394461340254,2
3595,mb-dielectric-3596,TaS2,S-Ta,1.0000000000000058,0
3596,mb-dielectric-3597,Mg(ScS2)2,Mg-S-Sc,2.5215074856125295,2
3597,mb-dielectric-3598,Cd4SiSe6,Cd-Se-Si,2.6870316336061246,1
3598,mb-dielectric-3599,Cs2Ni3Se4,Cs-Ni-Se,2.806732085540047,4
3599,mb-dielectric-3600,Li2CaSiO4,Ca-Li-O-Si,1.745535829862376,0
3600,mb-dielectric-3601,AgClO3,Ag-Cl-O,1.7986789596812434,1
3602,mb-dielectric-3603,KCd(NO2)3,Cd-K-N-O,1.6779875843799763,0
3603,mb-dielectric-3604,EuGePt,Eu-Ge-Pt,1.0,4
3606,mb-dielectric-3607,BaCu2SnSe4,Ba-Cu-Se-Sn,3.3238531856850946,2
3607,mb-dielectric-3608,Li2MnF4,F-Li-Mn,1.475068359997823,4
3608,mb-dielectric-3609,CaReN3,Ca-N-Re,2.519787689469095,0
3609,mb-dielectric-3610,SrAgP,Ag-P-Sr,11.214826495908737,0
3610,mb-dielectric-3611,Sr2Ge,Ge-Sr,4.347451360663317,1
3611,mb-dielectric-3612,CsSrSiHO4,Cs-H-O-Si-Sr,1.7196182715940187,1
3612,mb-dielectric-3613,SrCaGe,Ca-Ge-Sr,4.153793446959056,1
3613,mb-dielectric-3614,TeF6,F-Te,1.3655279809167833,1
3614,mb-dielectric-3615,Sr(As3Pt2)2,As-Pt-Sr,5.0640892567167,4
3615,mb-dielectric-3616,Ba(As3Pt2)2,As-Ba-Pt,5.016007708659825,4
3616,mb-dielectric-3617,Mg3B(OF)3,B-F-Mg-O,1.5303594349041048,0
3617,mb-dielectric-3618,SrGe2,Ge-Sr,4.183857868841468,1
3618,mb-dielectric-3619,KAuF6,Au-F-K,1.5703952793272584,0
3619,mb-dielectric-3620,Be2C,Be-C,2.645562322078273,2
3621,mb-dielectric-3622,Sb2Ir,Ir-Sb,4.985980344927164,4
3622,mb-dielectric-3623,Na2PtS2,Na-Pt-S,2.4971394300946352,4
3623,mb-dielectric-3624,Li8GeO6,Ge-Li-O,1.7091521289809175,2
3624,mb-dielectric-3625,KLiZnS2,K-Li-S-Zn,2.0920411085827157,0
3625,mb-dielectric-3626,H3F2,F-H,1.307040550250833,2
3626,mb-dielectric-3627,K2ZnTe2,K-Te-Zn,2.2109909543008057,1
3627,mb-dielectric-3628,RhF3,F-Rh,2.9334280287922643,4
3628,mb-dielectric-3629,MgTe2,Mg-Te,3.2293962283993585,2
3629,mb-dielectric-3630,K3SbS4,K-S-Sb,1.9296057455691131,0
3630,mb-dielectric-3631,Zn3P2,P-Zn,3.704951641609735,4
3631,mb-dielectric-3632,Si2CN4,C-N-Si,1.8773641095962177,2
3632,mb-dielectric-3633,RbAs,As-Rb,2.7980350247986534,1
3633,mb-dielectric-3634,AgSnF6,Ag-F-Sn,1.895912005693654,4
3634,mb-dielectric-3635,K2SrBe2F8,Be-F-K-Sr,1.428985654235115,0
3636,mb-dielectric-3637,Li2Mn3F8,F-Li-Mn,1.4668616158315682,4
3639,mb-dielectric-3640,HgS,Hg-S,2.5632821407978748,2
3641,mb-dielectric-3642,Ge2N2O,Ge-N-O,2.122038171192969,2
3642,mb-dielectric-3643,NaLi2MnPCO7,C-Li-Mn-Na-O-P,1.633483292435728,2
3643,mb-dielectric-3644,ZrSe2,Se-Zr,3.5069930139652348,1
3644,mb-dielectric-3645,TlF3,F-Tl,1.9712094426180762,2
3646,mb-dielectric-3647,Sb2O5,O-Sb,2.424183711411518,0
3647,mb-dielectric-3648,Mg3Sb2,Mg-Sb,3.8472501001798074,0
3648,mb-dielectric-3649,Rb2P3,P-Rb,2.133307291509591,1
3649,mb-dielectric-3650,BaN6,Ba-N,1.7256882684888368,1
3650,mb-dielectric-3651,TiSnO4,O-Sn-Ti,2.3297755256676553,0
3651,mb-dielectric-3652,Sr2H6Ru,H-Ru-Sr,2.070308189618155,1
3652,mb-dielectric-3653,Eu4Cl6O,Cl-Eu-O,2.0226844373979764,0
3653,mb-dielectric-3654,H7NF4,F-H-N,1.3479552415912452,0
3654,mb-dielectric-3655,TlSe,Se-Tl,3.3809761903025595,4
3655,mb-dielectric-3656,LiN3,Li-N,1.6621271511784796,2
3656,mb-dielectric-3657,GaCuO2,Cu-Ga-O,2.4161043023843227,1
3657,mb-dielectric-3658,AlHO2,Al-H-O,1.7564168070250297,2
3658,mb-dielectric-3659,GaAgO2,Ag-Ga-O,2.476466501556872,2
3660,mb-dielectric-3661,ScAuO2,Au-O-Sc,2.6746311272148735,4
3661,mb-dielectric-3662,ScAgSe2,Ag-Sc-Se,3.5002380871401706,0
3662,mb-dielectric-3663,PtO2,O-Pt,4.618982571952399,2
3663,mb-dielectric-3664,CsAu,Au-Cs,2.2340546098965426,1
3664,mb-dielectric-3665,BaAl4S7,Al-Ba-S,2.209580729459777,4
3665,mb-dielectric-3666,SrSnO3,O-Sn-Sr,2.124082233185251,2
3666,mb-dielectric-3667,Cs2CaF4,Ca-Cs-F,1.5060122855917153,1
3667,mb-dielectric-3668,RuSe2,Ru-Se,4.425155364504166,0
3668,mb-dielectric-3669,Al2CdSe4,Al-Cd-Se,2.4790242704203873,0
3670,mb-dielectric-3671,K2Hg3(GeSe4)2,Ge-Hg-K-Se,2.504509466276113,1
3672,mb-dielectric-3673,CrSbSe3,Cr-Sb-Se,4.1041848561356655,0
3673,mb-dielectric-3674,Li2FeO3,Fe-Li-O,3.312081822660787,2
3674,mb-dielectric-3675,Li10BrN3,Br-Li-N,2.261559565137891,4
3675,mb-dielectric-3676,SiSbPt,Pt-Sb-Si,5.731113911506791,1
3676,mb-dielectric-3677,Li2CrO2,Cr-Li-O,2.1194040829126157,4
3677,mb-dielectric-3678,Cs3W2N5,Cs-N-W,2.3260766682692697,4
3678,mb-dielectric-3679,SrO2,O-Sr,1.809051316753124,1
3680,mb-dielectric-3681,LiMnP2(HO4)2,H-Li-Mn-O-P,1.7990296458554167,2
3681,mb-dielectric-3682,Sr3As4,As-Sr,3.415747843932825,1
3682,mb-dielectric-3683,KSb,K-Sb,2.937345740630476,4
3684,mb-dielectric-3685,ErSbPd,Er-Pd-Sb,4.282918864512845,2
3685,mb-dielectric-3686,Li2HfN2,Hf-Li-N,2.6615128529967076,4
3686,mb-dielectric-3687,GaSe,Ga-Se,2.5476786819901123,0
3690,mb-dielectric-3691,Li6CrO4,Cr-Li-O,1.897175362594375,4
3691,mb-dielectric-3692,NaZnAs,As-Na-Zn,4.255114569550389,2
3693,mb-dielectric-3694,Li2CrO4,Cr-Li-O,1.7095182557278137,4
3694,mb-dielectric-3695,Sr6Cu3N5,Cu-N-Sr,2.7086609853086694,4
3696,mb-dielectric-3697,GeS,Ge-S,4.258638280013929,0
3697,mb-dielectric-3698,GaSe,Ga-Se,2.55636460624299,0
3698,mb-dielectric-3699,Rb2As3,As-Rb,2.350673662300383,1
3699,mb-dielectric-3700,LiSbO3,Li-O-Sb,2.125411960067977,4
3700,mb-dielectric-3701,CoSb3,Co-Sb,5.923174824365747,4
3701,mb-dielectric-3702,ZnSeO4,O-Se-Zn,1.9401971549303951,4
3702,mb-dielectric-3703,H4NCl,Cl-H-N,1.6710780951230255,0
3703,mb-dielectric-3704,NaSi,Na-Si,3.0070472781894386,4
3704,mb-dielectric-3705,CdSb,Cd-Sb,5.275260688661113,2
3705,mb-dielectric-3706,KGeBr3,Br-Ge-K,2.2281809045327368,4
3707,mb-dielectric-3708,NaSe,Na-Se,2.5052611307569976,0
3708,mb-dielectric-3709,Na2CuAs,As-Cu-Na,3.222473170304987,2
3709,mb-dielectric-3710,K2CuAs,As-Cu-K,2.626915618489993,1
3710,mb-dielectric-3711,ScTlS2,S-Sc-Tl,2.9409602173439886,2
3711,mb-dielectric-3712,ScTlSe2,Sc-Se-Tl,3.138743697723655,2
3712,mb-dielectric-3713,MgH2,H-Mg,1.9875445487669787,4
3713,mb-dielectric-3714,Y2WO6,O-W-Y,2.1210542975919626,0
3714,mb-dielectric-3715,CaY2O4,Ca-O-Y,1.9314655920656028,4
3715,mb-dielectric-3716,LiFePO4,Fe-Li-O-P,1.6285671616485455,2
3716,mb-dielectric-3717,K7NbAs4,As-K-Nb,2.470641482152628,4
3717,mb-dielectric-3718,PNO,N-O-P,1.7893143938391598,2
3718,mb-dielectric-3719,Nb2NiO6,Nb-Ni-O,2.5944727145735538,0
3719,mb-dielectric-3720,YF3,F-Y,1.629212488699167,0
3721,mb-dielectric-3722,ZrCoBi,Bi-Co-Zr,4.574705127109284,0
3722,mb-dielectric-3723,LiYS2,Li-S-Y,2.4170026892827443,0
3726,mb-dielectric-3727,LiFe2(PO4)2,Fe-Li-O-P,1.9149233173184925,2
3727,mb-dielectric-3728,FeS2,Fe-S,4.604454365068679,0
3728,mb-dielectric-3729,Al4C3,Al-C,2.8576213885023467,0
3730,mb-dielectric-3731,Nb2O5,Nb-O,2.2841482730628604,4
3731,mb-dielectric-3732,LiHS,H-Li-S,1.7575279039984921,0
3733,mb-dielectric-3734,As2Rh,As-Rh,5.543284225078126,1
3734,mb-dielectric-3735,Na3P,Na-P,3.156369222169388,0
3737,mb-dielectric-3738,Cr4OF11,Cr-F-O,1.8535020007182799,2
3739,mb-dielectric-3740,Mg3As2,As-Mg,2.889463618044022,4
3740,mb-dielectric-3741,Cd3P2,Cd-P,4.131343607108951,1
3741,mb-dielectric-3742,SrN6,N-Sr,1.6997058569137626,1
3742,mb-dielectric-3743,Ba2TaN3,Ba-N-Ta,2.4973437221709522,4
3743,mb-dielectric-3744,P2O5,O-P,1.5737428845479355,1
3744,mb-dielectric-3745,FeAs2,As-Fe,5.532961834918678,2
3745,mb-dielectric-3746,BaSe,Ba-Se,2.300869400900478,1
3746,mb-dielectric-3747,RbO3,O-Rb,1.527416118809802,2
3747,mb-dielectric-3748,TiPb9O11,O-Pb-Ti,2.5719574913546217,0
3748,mb-dielectric-3749,Sr3CrN4,Cr-N-Sr,2.4256436259269414,2
3749,mb-dielectric-3750,Mn(PtO2)3,Mn-O-Pt,4.027546482247804,0
3750,mb-dielectric-3751,Li2Mn(NiO3)2,Li-Mn-Ni-O,2.989832768648742,1
3751,mb-dielectric-3752,Cs3MgH5,Cs-H-Mg,1.743414274730287,0
3753,mb-dielectric-3754,HgHClO4,Cl-H-Hg-O,1.793692652974119,4
3755,mb-dielectric-3756,KInP2S7,In-K-P-S,2.1835684860643445,4
3756,mb-dielectric-3757,Mn6O7F5,F-Mn-O,3.509569394289467,4
3757,mb-dielectric-3758,Li5(CoO3)2,Co-Li-O,2.0348863195110765,0
3758,mb-dielectric-3759,CsLiMoO4,Cs-Li-Mo-O,1.579829737661624,1
3759,mb-dielectric-3760,Nb3TeI7,I-Nb-Te,3.0197385648429895,2
3760,mb-dielectric-3761,Mg(InTe2)2,In-Mg-Te,3.024516655599701,4
3761,mb-dielectric-3762,VPH7N2O5,H-N-O-P-V,1.6915436736898044,0
3763,mb-dielectric-3764,La3MnGaS7,Ga-La-Mn-S,2.7628197552496183,1
3764,mb-dielectric-3765,CsBeH3,Be-Cs-H,1.4992947230837126,2
3766,mb-dielectric-3767,NdBiPd,Bi-Nd-Pd,5.098115534194965,0
3767,mb-dielectric-3768,Li7FeO6,Fe-Li-O,2.6539441569500495,2
3768,mb-dielectric-3769,YClO,Cl-O-Y,2.0632813671431243,4
3769,mb-dielectric-3770,KGaS2,Ga-K-S,2.057069436520489,2
3770,mb-dielectric-3771,Ca3BiN,Bi-Ca-N,4.316408692420126,1
3772,mb-dielectric-3773,IF7,F-I,1.4061768499545757,0
3774,mb-dielectric-3775,LiFeSiO4,Fe-Li-O-Si,1.8862119004325397,2
3775,mb-dielectric-3776,CsNO3,Cs-N-O,1.63631598415465,0
3776,mb-dielectric-3777,H2SeO3,H-O-Se,1.6846364592991567,2
3777,mb-dielectric-3778,K5CuSb2,Cu-K-Sb,2.6230503871129365,1
3778,mb-dielectric-3779,BaLaTaMnO6,Ba-La-Mn-O-Ta,2.299453630756663,2
3779,mb-dielectric-3780,H5ClO2,Cl-H-O,1.5511286213592992,4
3780,mb-dielectric-3781,PdCl2,Cl-Pd,1.9479904175071936,1
3781,mb-dielectric-3782,LiGe2N3,Ge-Li-N,2.281686949021126,4
3782,mb-dielectric-3783,SrCuN,Cu-N-Sr,3.4655546934557724,4
3783,mb-dielectric-3784,MnI2,I-Mn,2.2303960784279258,4
3784,mb-dielectric-3785,Ba(CuS)2,Ba-Cu-S,3.2567044692449523,4
3785,mb-dielectric-3786,Mn3TeO6,Mn-O-Te,2.1512778373174695,2
3786,mb-dielectric-3787,H5BrO2,Br-H-O,1.6058227382456218,1
3787,mb-dielectric-3788,PH6NO4,H-N-O-P,1.5012843390466266,4
3788,mb-dielectric-3789,Ho2Cu2O5,Cu-Ho-O,2.3529008337227757,2
3789,mb-dielectric-3790,Sr3Fe2O5,Fe-O-Sr,2.1399042034375357,2
3790,mb-dielectric-3791,K4HgAs2,As-Hg-K,2.3178508723959506,0
3791,mb-dielectric-3792,Li3VF7,F-Li-V,1.4313129171032686,4
3792,mb-dielectric-3793,BaNiO3,Ba-Ni-O,2.4181152440140994,0
3793,mb-dielectric-3794,LiMnAlO4,Al-Li-Mn-O,2.3148048873861202,2
3794,mb-dielectric-3795,AsF3,As-F,1.479076288318715,0
3795,mb-dielectric-3796,NaH9O5,H-Na-O,1.434039399737678,1
3796,mb-dielectric-3797,MgSiAs2,As-Mg-Si,3.189110272996738,1
3797,mb-dielectric-3798,Ba2In2O5,Ba-In-O,2.1567106126382987,4
3798,mb-dielectric-3799,Li2MnO2,Li-Mn-O,1.9255006275425244,2
3799,mb-dielectric-3800,RbMnBr3,Br-Mn-Rb,1.8282130619815677,1
3800,mb-dielectric-3801,Sr(YS2)2,S-Sr-Y,2.7138368287967003,1
3801,mb-dielectric-3802,ClF,Cl-F,1.6829537525830391,4
3802,mb-dielectric-3803,Co(AsO3)2,As-Co-O,2.1095759447497087,2
3803,mb-dielectric-3804,CsBiO2,Bi-Cs-O,1.929542432806288,0
3804,mb-dielectric-3805,BaNaP,Ba-Na-P,2.9494858874047862,4
3805,mb-dielectric-3806,Li3MnF7,F-Li-Mn,1.4459618482749355,4
3806,mb-dielectric-3807,H3SO4F,F-H-O-S,1.4415269681833913,2
3807,mb-dielectric-3808,PHF4,F-H-P,1.3391539617733779,1
3808,mb-dielectric-3809,Fe4O3F5,F-Fe-O,2.02430778292235,2
3809,mb-dielectric-3810,H8S(NO2)2,H-N-O-S,1.514664539317755,4
3811,mb-dielectric-3812,RbBiO2,Bi-O-Rb,1.9606156346073174,1
3813,mb-dielectric-3814,BrNO3,Br-N-O,1.8460769214742923,1
3815,mb-dielectric-3816,Li4MoO5,Li-Mo-O,2.0803716815351367,2
3816,mb-dielectric-3817,BaLiLaTeO6,Ba-La-Li-O-Te,2.105636483346542,1
3819,mb-dielectric-3820,Cl2O,Cl-O,1.7396359772463137,2
3820,mb-dielectric-3821,SrCa2I6,Ca-I-Sr,1.934581177757432,0
3821,mb-dielectric-3822,FeOF,F-Fe-O,2.132934520013839,2
3822,mb-dielectric-3823,Li(CoO2)2,Co-Li-O,3.165077934796133,0
3823,mb-dielectric-3824,Rb2PdBr6,Br-Pd-Rb,2.1634380816961998,0
3824,mb-dielectric-3825,Rb2CaH4,Ca-H-Rb,1.719562638192245,0
3825,mb-dielectric-3826,Na4P2H4CO9,C-H-Na-O-P,1.5475408449106172,1
3826,mb-dielectric-3827,Sr2PdO3,O-Pd-Sr,2.38565155334567,2
3828,mb-dielectric-3829,MgH2(SeO4)2,H-Mg-O-Se,1.63258486252119,4
3829,mb-dielectric-3830,SCl,Cl-S,1.6188473265456553,1
3830,mb-dielectric-3831,Al(HO)3,Al-H-O,1.6035181113206465,2
3832,mb-dielectric-3833,CdCO3,C-Cd-O,1.8223460154427324,0
3833,mb-dielectric-3834,KCu2H20N3(Cl2O)4,Cl-Cu-H-K-N-O,1.7324731840156526,2
3835,mb-dielectric-3836,K2HBrO,Br-H-K-O,1.56833244775037,2
3836,mb-dielectric-3837,Rb2PtI6,I-Pt-Rb,2.268615583713262,1
3837,mb-dielectric-3838,BaGeN2,Ba-Ge-N,2.55305418404441,1
3838,mb-dielectric-3839,Ca4HfN4,Ca-Hf-N,2.4340997651424785,4
3841,mb-dielectric-3842,RuS3Cl8,Cl-Ru-S,1.931752227038102,4
3842,mb-dielectric-3843,Rb2Te,Rb-Te,1.8549932614432985,1
3844,mb-dielectric-3845,SCl2,Cl-S,1.6446884203398526,1
3845,mb-dielectric-3846,Cs2LiMnO4,Cs-Li-Mn-O,1.785609139761555,2
3846,mb-dielectric-3847,Li4NbCr(WO6)2,Cr-Li-Nb-O-W,2.3619688115355517,2
3847,mb-dielectric-3848,K4BeAs2,As-Be-K,2.1619693954047206,0
3850,mb-dielectric-3851,Ag3AsS3,Ag-As-S,3.2444311263079593,4
3851,mb-dielectric-3852,CsHF2,Cs-F-H,1.4456248937166705,1
3852,mb-dielectric-3853,Rb2PdCl6,Cl-Pd-Rb,1.8455588132956793,0
3853,mb-dielectric-3854,FeOF,F-Fe-O,2.1336942142678272,2
3854,mb-dielectric-3855,SIO3F,F-I-O-S,1.7394457929658709,4
3855,mb-dielectric-3856,NaH9O5,H-Na-O,1.4297126750971094,1
3856,mb-dielectric-3857,LuGaO3,Ga-Lu-O,2.028449161384054,4
3857,mb-dielectric-3858,MoPbO4,Mo-O-Pb,2.263151227960182,4
3858,mb-dielectric-3859,K2PdF4,F-K-Pd,1.5140807992530207,2
3860,mb-dielectric-3861,La2SO2,La-O-S,2.2630136985886766,4
3861,mb-dielectric-3862,H2O,H-O,1.5410249835742442,1
3862,mb-dielectric-3863,Ag3SbS3,Ag-S-Sb,3.5658098659389745,4
3863,mb-dielectric-3864,SbSO4F3,F-O-S-Sb,1.5129585806183414,4
3864,mb-dielectric-3865,BP,B-P,3.031743392835216,1
3866,mb-dielectric-3867,RbTaO3,O-Rb-Ta,2.2993740452566693,1
3868,mb-dielectric-3869,FeSeCl7,Cl-Fe-Se,1.8797162906495581,4
3869,mb-dielectric-3870,Fe4O3F5,F-Fe-O,2.031088624358868,2
3870,mb-dielectric-3871,KGeCl3,Cl-Ge-K,1.7988743702660253,1
3873,mb-dielectric-3874,La2TeO2,La-O-Te,2.548589348378173,1
3875,mb-dielectric-3876,Ca(AsO3)2,As-Ca-O,1.9046755629240448,0
3876,mb-dielectric-3877,NbCl3O,Cl-Nb-O,1.8588387952339134,0
3877,mb-dielectric-3878,Ag3SI,Ag-I-S,2.864542779106874,4
3878,mb-dielectric-3879,Fe(HO)2,Fe-H-O,1.7778799172047588,4
3879,mb-dielectric-3880,MnCl2,Cl-Mn,1.7826945896603412,1
3880,mb-dielectric-3881,TePbO3,O-Pb-Te,2.2987514002170832,1
3881,mb-dielectric-3882,RbLiBr2,Br-Li-Rb,1.6577493779217622,0
3883,mb-dielectric-3884,Bi2S3,Bi-S,3.5301295538077166,4
3885,mb-dielectric-3886,RbLiCl2,Cl-Li-Rb,1.5859356859595544,4
3886,mb-dielectric-3887,Li2AlCoO4,Al-Co-Li-O,1.9504243982613971,2
3887,mb-dielectric-3888,NbAsO4,As-Nb-O,2.37817535097814,1
3888,mb-dielectric-3889,Li2AlNiO4,Al-Li-Ni-O,2.279162858010224,0
3889,mb-dielectric-3890,LiVSiO4,Li-O-Si-V,1.7886510745997015,4
3890,mb-dielectric-3891,Li2Ni(PO3)4,Li-Ni-O-P,1.6121953975867813,2
3891,mb-dielectric-3892,KPF6,F-K-P,1.3634515026229144,1
3892,mb-dielectric-3893,ClO3,Cl-O,2.03412552873639,2
3893,mb-dielectric-3894,SbCl3,Cl-Sb,1.7182355290626874,2
3895,mb-dielectric-3896,TlBr,Br-Tl,2.682908869119486,4
3896,mb-dielectric-3897,PBr5,Br-P,2.26789182575654,1
3897,mb-dielectric-3898,Ba4LiNb3O12,Ba-Li-Nb-O,2.2451711144884543,1
3898,mb-dielectric-3899,Li2CoOF3,Co-F-Li-O,1.7618148786596926,1
3899,mb-dielectric-3900,P2Pd,P-Pd,4.753560069386889,1
3900,mb-dielectric-3901,ScCuO2,Cu-O-Sc,2.4330196601479903,0
3901,mb-dielectric-3902,CdCl2,Cd-Cl,1.7360202571782501,4
3902,mb-dielectric-3903,LiMn(PO3)3,Li-Mn-O-P,1.677664646664126,1
3904,mb-dielectric-3905,FeOF,F-Fe-O,2.119719635549318,2
3905,mb-dielectric-3906,LaCl3,Cl-La,1.9339941399428666,4
3907,mb-dielectric-3908,SiH3F,F-H-Si,1.410200931309672,4
3909,mb-dielectric-3910,LiYS2,Li-S-Y,2.4559634269216257,0
3910,mb-dielectric-3911,LiSnPCO7,C-Li-O-P-Sn,1.6068206703508225,4
3911,mb-dielectric-3912,BiCl3,Bi-Cl,1.9822546086043875,4
3912,mb-dielectric-3913,NdH3(CO2)3,C-H-Nd-O,1.7444565533903837,0
3913,mb-dielectric-3914,BN,B-N,1.927802894488975,0
3914,mb-dielectric-3915,LiMnF3,F-Li-Mn,1.4797857953095779,4
3917,mb-dielectric-3918,CuBr,Br-Cu,2.190738079582617,1
3918,mb-dielectric-3919,Al(HO)3,Al-H-O,1.6940623758685314,2
3919,mb-dielectric-3920,Na8TiO6,Na-O-Ti,1.7499751426806038,0
3920,mb-dielectric-3921,H7ClO3,Cl-H-O,1.5251557297535225,4
3921,mb-dielectric-3922,K4CdP2,Cd-K-P,2.22151101471981,4
3922,mb-dielectric-3923,BPO4,B-O-P,1.6082787900941387,1
3923,mb-dielectric-3924,Ca2NCl,Ca-Cl-N,2.1458440452806746,4
3924,mb-dielectric-3925,LiSn(PO3)3,Li-O-P-Sn,1.5598994625722946,1
3925,mb-dielectric-3926,Na4I2O,I-Na-O,1.8592088819351855,2
3926,mb-dielectric-3927,CuSnF6,Cu-F-Sn,2.4113900555488734,1
3927,mb-dielectric-3928,InS,In-S,2.9621501199860436,0
3928,mb-dielectric-3929,LiLuO2,Li-Lu-O,1.9243003923504256,4
3929,mb-dielectric-3930,K2ReCl6,Cl-K-Re,1.7397379112958375,4
3930,mb-dielectric-3931,K4V5CdClO15,Cd-Cl-K-O-V,1.8455127562098652,4
3931,mb-dielectric-3932,TeRhCl,Cl-Rh-Te,3.139504791098963,0
3932,mb-dielectric-3933,CsClO4,Cl-Cs-O,1.441892506395676,4
3933,mb-dielectric-3934,PtI2,I-Pt,2.7352635461078822,2
3934,mb-dielectric-3935,BaPbF6,Ba-F-Pb,1.6135593161289798,2
3935,mb-dielectric-3936,BaIF,Ba-F-I,1.9103228348458103,2
3936,mb-dielectric-3937,CsVBr3,Br-Cs-V,1.864644917046319,0
3937,mb-dielectric-3938,ScBrO,Br-O-Sc,2.167802420271122,2
3938,mb-dielectric-3939,LiMgH3,H-Li-Mg,1.9846254054606856,2
3939,mb-dielectric-3940,BaMo4(PO8)2,Ba-Mo-O-P,1.9990631972668262,2
3940,mb-dielectric-3941,SrClF,Cl-F-Sr,1.6918089923707897,2
3941,mb-dielectric-3942,ZrCl2,Cl-Zr,2.938341652474512,1
3943,mb-dielectric-3944,LiGaBr4,Br-Ga-Li,1.7397317800933187,2
3944,mb-dielectric-3945,CsNaF3,Cs-F-Na,4.561659602966155,2
3945,mb-dielectric-3946,FeSi2,Fe-Si,4.963399372741335,4
3946,mb-dielectric-3947,C(ClF)2,C-Cl-F,1.4199867370272639,0
3947,mb-dielectric-3948,HoSbPt,Ho-Pt-Sb,4.946589127873871,4
3948,mb-dielectric-3949,NaClO4,Cl-Na-O,1.4758048651497304,4
3949,mb-dielectric-3950,Na3VSO3,Na-O-S-V,1.8033611211660638,1
3950,mb-dielectric-3951,Ca3Ti2O7,Ca-O-Ti,2.3037928147585958,1
3951,mb-dielectric-3952,Ca2NF,Ca-F-N,2.1393799829581686,4
3952,mb-dielectric-3953,Ba2SnO4,Ba-O-Sn,2.0856085442862917,2
3953,mb-dielectric-3954,BaNb3NO7,Ba-N-Nb-O,2.291975883779326,0
3955,mb-dielectric-3956,KV(SO4)2,K-O-S-V,1.6917526262000517,0
3956,mb-dielectric-3957,WOF3,F-O-W,1.7635565391182293,0
3957,mb-dielectric-3958,Ag3SI,Ag-I-S,2.9322507282518258,4
3958,mb-dielectric-3959,Co(HO)2,Co-H-O,1.82848862907776,0
3959,mb-dielectric-3960,AgI,Ag-I,2.427352591295001,0
3960,mb-dielectric-3961,LiNb(TeO4)3,Li-Nb-O-Te,2.3609515031020862,4
3961,mb-dielectric-3962,Li2MnWO6,Li-Mn-O-W,2.9132472718028346,1
3962,mb-dielectric-3963,CrSBr,Br-Cr-S,3.9894409382769402,1
3964,mb-dielectric-3965,CsNb(CuTe2)2,Cs-Cu-Nb-Te,2.724320282198846,2
3965,mb-dielectric-3966,Li2MnF5,F-Li-Mn,1.5193000581408094,4
3966,mb-dielectric-3967,CsMgBr3,Br-Cs-Mg,1.7231148152884863,4
3968,mb-dielectric-3969,Ca2BrN,Br-Ca-N,2.226612973404522,0
3969,mb-dielectric-3970,VCu3Se4,Cu-Se-V,2.8649097717031156,1
3970,mb-dielectric-3971,CsMgI3,Cs-I-Mg,1.872383685751049,4
3971,mb-dielectric-3972,LiMnSbO4,Li-Mn-O-Sb,1.997745398990447,1
3973,mb-dielectric-3974,Cu2S,Cu-S,3.613049173943434,0
3974,mb-dielectric-3975,Si2Os,Os-Si,4.139243087004307,1
3975,mb-dielectric-3976,K2ReBr6,Br-K-Re,1.8941885685784592,0
3976,mb-dielectric-3977,BaP3Pt2,Ba-P-Pt,4.431026968999399,4
3978,mb-dielectric-3979,YOF,F-O-Y,1.8864450694361592,4
3980,mb-dielectric-3981,Ca2AsAu,As-Au-Ca,6.203542939321042,4
3982,mb-dielectric-3983,Nd2AlNO3,Al-N-Nd-O,2.4440600101743275,0
3983,mb-dielectric-3984,SiO2,O-Si,1.509375809178527,0
3984,mb-dielectric-3985,CsGeI3,Cs-Ge-I,2.4749990572388856,4
3986,mb-dielectric-3987,Li2CuSbO5,Cu-Li-O-Sb,2.822298590392826,2
3987,mb-dielectric-3988,BaAlSiH,Al-Ba-H-Si,3.7896385051875368,4
3990,mb-dielectric-3991,BaMgSiO4,Ba-Mg-O-Si,1.70751495845083,1
3991,mb-dielectric-3992,Sr2NCl,Cl-N-Sr,2.160888860322662,2
3992,mb-dielectric-3993,Sr2SnO4,O-Sn-Sr,1.9890099714849756,2
3993,mb-dielectric-3994,SeO2,O-Se,1.9666690112980374,2
3994,mb-dielectric-3995,KNO3,K-N-O,1.4668178709937616,0
3995,mb-dielectric-3996,K2SeBr6,Br-K-Se,2.044549094543832,4
3996,mb-dielectric-3997,LiV(PO4)2,Li-O-P-V,2.4452491352280106,4
3997,mb-dielectric-3998,RbSb,Rb-Sb,2.7890939986549994,1
3998,mb-dielectric-3999,NbAlFe2,Al-Fe-Nb,6.777898273063713,1
4000,mb-dielectric-4001,ScSbPd,Pd-Sb-Sc,4.238488055899174,4
4001,mb-dielectric-4002,NaZnP,Na-P-Zn,3.07412079571813,1
4002,mb-dielectric-4003,SrIF,F-I-Sr,1.8330449167073526,2
4003,mb-dielectric-4004,CrSbO4,Cr-O-Sb,2.2799157148163762,2
4004,mb-dielectric-4005,LiMn(PO3)3,Li-Mn-O-P,1.6274616226914072,1
4005,mb-dielectric-4006,Li4WO5,Li-O-W,2.030898323402725,1
4006,mb-dielectric-4007,GdClO,Cl-Gd-O,2.1330729007701543,0
4007,mb-dielectric-4008,SiCl4,Cl-Si,1.4524691620363808,0
4008,mb-dielectric-4009,NaClO4,Cl-Na-O,1.4842640151491464,4
4010,mb-dielectric-4011,B6P,B-P,2.743659356890737,1
4011,mb-dielectric-4012,Sr2BrN,Br-N-Sr,2.2316733631963244,0
4012,mb-dielectric-4013,P3Ru,P-Ru,4.174805384685614,2
4013,mb-dielectric-4014,Rb2SnCl6,Cl-Rb-Sn,1.653159097001861,4
4014,mb-dielectric-4015,S(ClO)2,Cl-O-S,1.4774930343885422,2
4015,mb-dielectric-4016,SiO2,O-Si,1.497380824417534,0
4016,mb-dielectric-4017,HoHSe,H-Ho-Se,2.9619894778116063,0
4017,mb-dielectric-4018,Cs2PtI6,Cs-I-Pt,2.190957933568482,0
4018,mb-dielectric-4019,SCl2O,Cl-O-S,1.53687995627505,2
4019,mb-dielectric-4020,LiSiNiO4,Li-Ni-O-Si,2.930803359717832,1
4020,mb-dielectric-4021,SBr2O,Br-O-S,1.6729215960907036,4
4021,mb-dielectric-4022,Tb2CdS4,Cd-S-Tb,2.9065866005792205,4
4022,mb-dielectric-4023,KPWCO7,C-K-O-P-W,1.591597206163251,0
4024,mb-dielectric-4025,Rh2S3,Rh-S,5.008193287004806,0
4025,mb-dielectric-4026,CuPO4,Cu-O-P,3.5072602792873337,1
4026,mb-dielectric-4027,Na2(GaSb)3,Ga-Na-Sb,4.335512272692428,2
4028,mb-dielectric-4029,K2PdCl6,Cl-K-Pd,1.8895734968505498,0
4029,mb-dielectric-4030,BaBrF,Ba-Br-F,1.7830685161634519,2
4030,mb-dielectric-4031,SrSeO3,O-Se-Sr,1.841564009205219,1
4031,mb-dielectric-4032,MnP4,Mn-P,4.412746688099526,0
4032,mb-dielectric-4033,GaCl3,Cl-Ga,1.5337318322236824,1
4033,mb-dielectric-4034,CCl3F,C-Cl-F,1.4538454755119838,0
4034,mb-dielectric-4035,BiOF,Bi-F-O,2.2186645382601973,1
4035,mb-dielectric-4036,Cs2Li3F5,Cs-F-Li,1.5104470640619396,4
4036,mb-dielectric-4037,Si3As4,As-Si,4.082142207224045,1
4037,mb-dielectric-4038,Mn3OF5,F-Mn-O,2.5269187429225606,4
4038,mb-dielectric-4039,Ge2N2O,Ge-N-O,2.083091772662293,2
4040,mb-dielectric-4041,SiCl2O,Cl-O-Si,1.4796395957574715,2
4041,mb-dielectric-4042,Ag5P(S2Cl)2,Ag-Cl-P-S,2.5537948886575315,2
4043,mb-dielectric-4044,SbSe(BrF2)3,Br-F-Sb-Se,1.623963053766926,0
4044,mb-dielectric-4045,SiO2,O-Si,1.5234593310401605,0
4045,mb-dielectric-4046,KSc2F7,F-K-Sc,1.555075453689189,2
4046,mb-dielectric-4047,LiTaO3,Li-O-Ta,2.2893958446260463,4
4047,mb-dielectric-4048,GaPO4,Ga-O-P,1.6403884702512792,1
4048,mb-dielectric-4049,H4BrN,Br-H-N,1.749045168084575,2
4052,mb-dielectric-4053,RbTl(SO4)2,O-Rb-S-Tl,1.7574025340446786,4
4053,mb-dielectric-4054,LiFeF4,F-Fe-Li,1.5178054557775114,4
4054,mb-dielectric-4055,CdPS3,Cd-P-S,2.273788175417108,2
4055,mb-dielectric-4056,Al(MoS2)4,Al-Mo-S,3.956925068787631,1
4056,mb-dielectric-4057,Li2Ti3NiO8,Li-Ni-O-Ti,2.299867315013341,4
4057,mb-dielectric-4058,Zn(FeO2)2,Fe-O-Zn,2.3622319248258976,1
4059,mb-dielectric-4060,Ba2ZnGe2S6O,Ba-Ge-O-S-Zn,2.1759969362723526,2
4060,mb-dielectric-4061,BeTe,Be-Te,2.7269004382265205,2
4061,mb-dielectric-4062,KTa(AgSe2)2,Ag-K-Se-Ta,2.1904699647944654,1
4062,mb-dielectric-4063,Ag5SbS4,Ag-S-Sb,3.1114061129977872,4
4063,mb-dielectric-4064,SiO2,O-Si,1.4543665287677656,0
4065,mb-dielectric-4066,BiBrO,Bi-Br-O,2.4299705759535444,1
4067,mb-dielectric-4068,KLiS,K-Li-S,1.91261670667875,1
4068,mb-dielectric-4069,KLiSe,K-Li-Se,2.0086245708610324,4
4069,mb-dielectric-4070,LiVBO4,B-Li-O-V,1.9681865595855828,2
4071,mb-dielectric-4072,Te2Mo,Mo-Te,3.7733716134690045,1
4072,mb-dielectric-4073,VO2,O-V,3.1761619530185965,4
4074,mb-dielectric-4075,Fe3PO7,Fe-O-P,2.1150059889592114,0
4075,mb-dielectric-4076,PI2,I-P,1.9467922333931784,0
4076,mb-dielectric-4077,HfNCl,Cl-Hf-N,2.1539875425204658,2
4077,mb-dielectric-4078,MoSe2,Mo-Se,3.265016589799872,4
4078,mb-dielectric-4079,FeS2,Fe-S,4.589081244286994,0
4079,mb-dielectric-4080,Hg2GeSe4,Ge-Hg-Se,3.2707950613472154,0
4081,mb-dielectric-4082,SiSe2,Se-Si,1.9611221277707862,4
4083,mb-dielectric-4084,FeP2,Fe-P,4.800867977078034,2
4084,mb-dielectric-4085,FeSe2,Fe-Se,5.167268782119493,1
4085,mb-dielectric-4086,RbBe2BO3F2,B-Be-F-O-Rb,1.4801549468439732,4
4087,mb-dielectric-4088,Rb2S,Rb-S,1.782601095778256,2
4088,mb-dielectric-4089,FeSbS,Fe-S-Sb,5.261241931964987,4
4089,mb-dielectric-4090,MoS2,Mo-S,3.083450448226339,0
4090,mb-dielectric-4091,AlHO2,Al-H-O,1.7855760975102684,2
4091,mb-dielectric-4092,CuI,Cu-I,2.610555489117419,1
4092,mb-dielectric-4093,Sr2TiO4,O-Sr-Ti,2.2428115539801103,0
4094,mb-dielectric-4095,AlCuS2,Al-Cu-S,2.5695894613731585,0
4095,mb-dielectric-4096,LiCrO2,Cr-Li-O,2.126782703208462,4
4096,mb-dielectric-4097,Mg(AlSe2)2,Al-Mg-Se,2.324556947033133,1
4098,mb-dielectric-4099,Na2H4Pt,H-Na-Pt,1.857809821626889,0
4100,mb-dielectric-4101,HfVF6,F-Hf-V,1.4754660280738674,1
4101,mb-dielectric-4102,BaSnO3,Ba-O-Sn,2.338302161825969,2
4102,mb-dielectric-4103,SiO2,O-Si,1.4996078376251127,0
4103,mb-dielectric-4104,AgNO2,Ag-N-O,1.89030006436368,4
4104,mb-dielectric-4105,ZnGeP2,Ge-P-Zn,3.50414040837649,4
4106,mb-dielectric-4107,BaAg2GeS4,Ag-Ba-Ge-S,2.569205194867341,4
4108,mb-dielectric-4109,TmBiO3,Bi-O-Tm,2.3549079245977604,2
4109,mb-dielectric-4110,NaTi2BiO6,Bi-Na-O-Ti,2.5511167489291093,4
4110,mb-dielectric-4111,Ti3Zn2O8,O-Ti-Zn,2.444471040259357,1
4111,mb-dielectric-4112,NaTaO3,Na-O-Ta,2.359734307077812,2
4112,mb-dielectric-4113,RbI,I-Rb,1.6459040069214355,0
4114,mb-dielectric-4115,Te3As2,As-Te,5.724275791166367,4
4115,mb-dielectric-4116,Ni3TeO6,Ni-O-Te,2.1747918674362072,0
4117,mb-dielectric-4118,ScBO3,B-O-Sc,1.9757827984539813,0
4119,mb-dielectric-4120,Cs2SnF6,Cs-F-Sn,1.4830710254963007,0
4120,mb-dielectric-4121,NaSbO3,Na-O-Sb,1.8169035013817787,0
4121,mb-dielectric-4122,MgTiO3,Mg-O-Ti,2.1830635965694327,2
4122,mb-dielectric-4123,CaMgAsO4F,As-Ca-F-Mg-O,1.7216260724481764,2
4123,mb-dielectric-4124,TiMnO3,Mn-O-Ti,2.4126993181911445,2
4124,mb-dielectric-4125,CoAgO2,Ag-Co-O,3.261002351016228,4
4125,mb-dielectric-4126,LiTa2CuO6,Cu-Li-O-Ta,2.7197367519669977,1
4126,mb-dielectric-4127,CsAuI3,Au-Cs-I,2.999563412676362,4
4127,mb-dielectric-4128,WN2,N-W,3.2333328522336404,2
4128,mb-dielectric-4129,TiFeO3,Fe-O-Ti,2.4124432290384195,1
4129,mb-dielectric-4130,MnSnO3,Mn-O-Sn,2.2370179555232252,1
4130,mb-dielectric-4131,GaPO4,Ga-O-P,1.6329211044423835,1
4131,mb-dielectric-4132,NaRhO2,Na-O-Rh,2.6311660279554165,4
4132,mb-dielectric-4133,KNiIO6,I-K-Ni-O,2.22819164346337,4
4133,mb-dielectric-4134,NaS,Na-S,2.021055829685374,4
4134,mb-dielectric-4135,HfS3,Hf-S,2.5428986085436702,0
4136,mb-dielectric-4137,CsAuBr3,Au-Br-Cs,3.0075291076452366,2
4137,mb-dielectric-4138,Te,Te,6.949286917854712,0
4138,mb-dielectric-4139,HgPS3,Hg-P-S,2.469775698317562,0
4139,mb-dielectric-4140,FeOF,F-Fe-O,2.082898381262674,2
4140,mb-dielectric-4141,Be4TeO7,Be-O-Te,1.8467850443405711,2
4143,mb-dielectric-4144,Mg(HO)2,H-Mg-O,1.6077331868192557,0
4144,mb-dielectric-4145,ZnGeAs2,As-Ge-Zn,4.216764755117364,0
4145,mb-dielectric-4146,ICl3,Cl-I,1.776607253540673,2
4146,mb-dielectric-4147,AlAs,Al-As,3.0768597628101286,1
4147,mb-dielectric-4148,Co4B6O13,B-Co-O,1.8756340261362279,0
4148,mb-dielectric-4149,LaAlO3,Al-La-O,2.1681984072804203,2
4149,mb-dielectric-4150,MgVO3,Mg-O-V,1.8170094477831424,1
4150,mb-dielectric-4151,InF3,F-In,1.5083103129070128,1
4151,mb-dielectric-4152,LiCaAs,As-Ca-Li,2.577353034930729,4
4152,mb-dielectric-4153,AgPS3,Ag-P-S,2.310309286654056,2
4153,mb-dielectric-4154,Mg2H6Ru,H-Mg-Ru,2.2993983995819414,1
4154,mb-dielectric-4155,BP,B-P,3.025809147980086,1
4155,mb-dielectric-4156,LiZnAs,As-Li-Zn,3.5584592171331697,0
4157,mb-dielectric-4158,AlP,Al-P,2.8641860973058355,0
4158,mb-dielectric-4159,NaHO,H-Na-O,1.5343340574985618,1
4159,mb-dielectric-4160,BAs,As-B,3.139232868074619,2
4161,mb-dielectric-4162,BCl3,B-Cl,1.4252485163413922,0
4162,mb-dielectric-4163,Li2HN,H-Li-N,1.910297795283936,2
4163,mb-dielectric-4164,ZnCdSe2,Cd-Se-Zn,2.7555262050408205,4
4164,mb-dielectric-4165,Na2TlSb,Na-Sb-Tl,5.920239944461704,2
4165,mb-dielectric-4166,Li2Mn3CoO8,Co-Li-Mn-O,2.6309612311852857,0
4166,mb-dielectric-4167,SnS,S-Sn,4.4643775228654965,1
4167,mb-dielectric-4168,NaNbO3,Na-Nb-O,2.6598898473433072,1
4168,mb-dielectric-4169,BAs,As-B,3.1305475027008707,2
4169,mb-dielectric-4170,InCuSe2,Cu-In-Se,4.059720844261982,2
4170,mb-dielectric-4171,TeO3,O-Te,2.343714999738737,2
4171,mb-dielectric-4172,HfSe3,Hf-Se,3.0899838187278585,4
4172,mb-dielectric-4173,NdOF,F-Nd-O,1.917949165124041,0
4173,mb-dielectric-4174,Mg3(AsO4)2,As-Mg-O,1.7767138205124653,2
4174,mb-dielectric-4175,P2Ru,P-Ru,4.456156789581504,2
4175,mb-dielectric-4176,SnO2,O-Sn,2.107210039002479,4
4176,mb-dielectric-4177,WS2,S-W,3.042038790024324,0
4177,mb-dielectric-4178,CaSnF4,Ca-F-Sn,1.733348768432326,4
4178,mb-dielectric-4179,CoCO3,C-Co-O,1.913786909071468,1
4179,mb-dielectric-4180,BaP3,Ba-P,3.165069772796126,2
4180,mb-dielectric-4181,CaSe,Ca-Se,2.3700210969525224,1
4181,mb-dielectric-4182,MnCO3,C-Mn-O,1.7858001941240083,0
4182,mb-dielectric-4183,CrHO2,Cr-H-O,2.0969688441494228,1
4183,mb-dielectric-4184,NiO,Ni-O,2.252404155375784,2
4184,mb-dielectric-4185,TlClO3,Cl-O-Tl,1.7659567756129635,4
4185,mb-dielectric-4186,GdAlPd,Al-Gd-Pd,1.0000000000000024,1
4186,mb-dielectric-4187,CsSnI3,Cs-I-Sn,2.8360501876142226,2
4187,mb-dielectric-4188,Li6PS5Br,Br-Li-P-S,1.917450129729586,1
4188,mb-dielectric-4189,P3N5,N-P,2.2703011547663303,1
4189,mb-dielectric-4190,SrS,S-Sr,2.155458187949844,2
4191,mb-dielectric-4192,Cd4B6O13,B-Cd-O,1.8589838622215085,0
4192,mb-dielectric-4193,MnPS3,Mn-P-S,2.392524886669593,0
4193,mb-dielectric-4194,ZrS3,S-Zr,2.5879206582376773,1
4194,mb-dielectric-4195,SrZrO3,O-Sr-Zr,2.1506841547129345,4
4195,mb-dielectric-4196,LiRhO2,Li-O-Rh,2.75382418949842,4
4196,mb-dielectric-4197,TiCdO3,Cd-O-Ti,2.3948529530362994,0
4197,mb-dielectric-4198,N2,N,2.1607949925895324,0
4198,mb-dielectric-4199,Sr2TaN3,N-Sr-Ta,2.399369083738473,0
4199,mb-dielectric-4200,NaNO3,N-Na-O,1.4864672885738148,4
4200,mb-dielectric-4201,MgH4(ClO)2,Cl-H-Mg-O,1.5699256882622696,4
4201,mb-dielectric-4202,InCuS2,Cu-In-S,62.06299756430305,4
4202,mb-dielectric-4203,Li2FeSiO4,Fe-Li-O-Si,1.7496190061458137,2
4204,mb-dielectric-4205,KBe2BO3F2,B-Be-F-K-O,1.4705418502488594,1
4205,mb-dielectric-4206,ZrSe3,Se-Zr,3.1302289586120264,1
4206,mb-dielectric-4207,CdPS3,Cd-P-S,2.282644665002996,2
4207,mb-dielectric-4208,Ca(NdS2)2,Ca-Nd-S,2.7779480436706034,0
4208,mb-dielectric-4209,LiVF6,F-Li-V,1.7178648569275365,4
4209,mb-dielectric-4210,Cr2O3,Cr-O,2.5136295139345552,0
4212,mb-dielectric-4213,Na2ZnS2,Na-S-Zn,2.073214332061846,2
4213,mb-dielectric-4214,Rb15W7N19,N-Rb-W,2.176509973941463,0
4214,mb-dielectric-4215,RbNO3,N-O-Rb,1.4325889152160787,2
4216,mb-dielectric-4217,GeBi2O5,Bi-Ge-O,2.287999271561647,4
4217,mb-dielectric-4218,Ca4I6O,Ca-I-O,2.132657340815286,0
4218,mb-dielectric-4219,BaF2,Ba-F,1.5636495771112642,0
4219,mb-dielectric-4220,NbCoSn,Co-Nb-Sn,4.997299270606329,1
4221,mb-dielectric-4222,GeTe,Ge-Te,6.144398967081048,2
4222,mb-dielectric-4223,Rb3YF6,F-Rb-Y,1.3888561240579744,1
4223,mb-dielectric-4224,LiV2CrO6,Cr-Li-O-V,3.1794037659093815,2
4224,mb-dielectric-4225,CdBiO3,Bi-Cd-O,2.7973782368496387,0
4225,mb-dielectric-4226,Ca6GaN5,Ca-Ga-N,2.375244127803851,2
4226,mb-dielectric-4227,ZnSe,Se-Zn,2.705908350258746,2
4227,mb-dielectric-4228,Na2O2,Na-O,1.5782796541382225,0
4228,mb-dielectric-4229,CrAgS2,Ag-Cr-S,3.537217409207413,2
4229,mb-dielectric-4230,Li2NbFe3O8,Fe-Li-Nb-O,2.219020053987795,1
4230,mb-dielectric-4231,K2SiF6,F-K-Si,1.3630407183939905,1
4231,mb-dielectric-4232,CdF2,Cd-F,1.6742162345408136,1
4232,mb-dielectric-4233,HoHO2,H-Ho-O,1.9049022722089095,1
4233,mb-dielectric-4234,Cu2WS4,Cu-S-W,2.45277224109102,2
4234,mb-dielectric-4235,S,S,2.069875680646868,2
4235,mb-dielectric-4236,Na2Se,Na-Se,1.9900586257796562,0
4236,mb-dielectric-4237,SbO2F,F-O-Sb,2.0439915198780385,1
4237,mb-dielectric-4238,VSbRu,Ru-Sb-V,5.667688947004768,1
4239,mb-dielectric-4240,Ag3Te2Au,Ag-Au-Te,4.848814288050233,0
4240,mb-dielectric-4241,Ba2AsAu,As-Au-Ba,4.486019505084658,0
4241,mb-dielectric-4242,MgCrF6,Cr-F-Mg,1.5868852090389827,4
4242,mb-dielectric-4243,Rb2SiF6,F-Rb-Si,1.371504648187535,0
4243,mb-dielectric-4244,V2O5,O-V,2.209901958609627,4
4244,mb-dielectric-4245,MoS2,Mo-S,3.1726727428673382,0
4245,mb-dielectric-4246,KSbS2,K-S-Sb,2.294531469966508,0
4246,mb-dielectric-4247,KN3,K-N,1.5728954192792264,2
4247,mb-dielectric-4248,HgTe,Hg-Te,3.9126655875502543,1
4248,mb-dielectric-4249,LiFeSiO4,Fe-Li-O-Si,1.7429219718621944,2
4249,mb-dielectric-4250,CsCdCl3,Cd-Cl-Cs,1.8459924160190906,1
4250,mb-dielectric-4251,CrSi2,Cr-Si,5.545099307797232,0
4251,mb-dielectric-4252,CdP4,Cd-P,3.5701540583005658,1
4252,mb-dielectric-4253,Na3W2N5,N-Na-W,2.2855283123747703,4
4253,mb-dielectric-4254,Ga2O3,Ga-O,2.007652028287969,4
4254,mb-dielectric-4255,GaS,Ga-S,2.3239334471251545,0
4255,mb-dielectric-4256,Al2O3,Al-O,1.7939713858582833,2
4256,mb-dielectric-4257,Li2GeO3,Ge-Li-O,1.7894701264154518,2
4258,mb-dielectric-4259,NbFeSb,Fe-Nb-Sb,4.97181063597559,0
4259,mb-dielectric-4260,NbNO,N-Nb-O,3.055765097865563,1
4261,mb-dielectric-4262,SrHfN2,Hf-N-Sr,2.572084239159622,2
4262,mb-dielectric-4263,Hg3(SeCl)2,Cl-Hg-Se,2.3733267790171664,0
4265,mb-dielectric-4266,Li2TeO4,Li-O-Te,1.8398767168844041,2
4266,mb-dielectric-4267,LiMnO2,Li-Mn-O,2.1469278836541243,2
4267,mb-dielectric-4268,KNbO3,K-Nb-O,2.3813898602846755,1
4268,mb-dielectric-4269,CuBS2,B-Cu-S,2.886527209872329,1
4269,mb-dielectric-4270,Sr2Si,Si-Sr,4.107878609047091,2
4270,mb-dielectric-4271,ReSe2,Re-Se,3.4174551935614317,1
4271,mb-dielectric-4272,BaH2,Ba-H,2.0643804558914685,1
4273,mb-dielectric-4274,Li3ZrNb(TeO6)2,Li-Nb-O-Te-Zr,2.225588461508551,4
4274,mb-dielectric-4275,Rb2V(PO4)2,O-P-Rb-V,1.616972273520277,0
4275,mb-dielectric-4276,TlGeF3,F-Ge-Tl,1.7421504910119945,0
4276,mb-dielectric-4277,ZnSbAsO5,As-O-Sb-Zn,2.033263463431697,4
4277,mb-dielectric-4278,MgP4,Mg-P,3.2071794461800853,0
4279,mb-dielectric-4280,KPSe6,K-P-Se,2.587695113416571,2
4281,mb-dielectric-4282,BNF8,B-F-N,1.3695498043761192,4
4282,mb-dielectric-4283,Pr4Ag2Se7,Ag-Pr-Se,3.136884547870174,0
4283,mb-dielectric-4284,H7BrO3,Br-H-O,1.5790309264440223,1
4285,mb-dielectric-4286,LiAgF2,Ag-F-Li,1.9356461453478526,0
4286,mb-dielectric-4287,GaP,Ga-P,3.210822220761114,4
4287,mb-dielectric-4288,LiFePO4,Fe-Li-O-P,1.6465331254892301,2
4288,mb-dielectric-4289,Li5(FeO2)4,Fe-Li-O,2.171828338827296,2
4289,mb-dielectric-4290,LiCoOF2,Co-F-Li-O,2.4372788788592357,1
4290,mb-dielectric-4291,Li2VCrO4,Cr-Li-O-V,2.2609631428515886,2
4293,mb-dielectric-4294,Ba(NdS2)2,Ba-Nd-S,2.748638268913051,2
4294,mb-dielectric-4295,BeF2,Be-F,1.2316764997352183,0
4295,mb-dielectric-4296,Li3Cr2FeO6,Cr-Fe-Li-O,2.146192520100034,1
4296,mb-dielectric-4297,Cu2Se,Cu-Se,1.0,1
4297,mb-dielectric-4298,Te2Mo2W(SeS)2,Mo-S-Se-Te-W,1.0000000000485465,0
4299,mb-dielectric-4300,Ga3Os,Ga-Os,4.1824291984443684,1
4300,mb-dielectric-4301,Li3MnSi2O7,Li-Mn-O-Si,1.878194079428428,1
4301,mb-dielectric-4302,Li2Ge2O5,Ge-Li-O,1.6985767571705437,2
4303,mb-dielectric-4304,Pb7(BrF6)2,Br-F-Pb,2.0076843211355047,0
4304,mb-dielectric-4305,Li2Mn3NiO8,Li-Mn-Ni-O,2.4041547371165612,1
4305,mb-dielectric-4306,BrF3,Br-F,1.7601323813849912,1
4306,mb-dielectric-4307,LiSO3F,F-Li-O-S,1.4074800176221447,1
4307,mb-dielectric-4308,LiNi2OF3,F-Li-Ni-O,1.6760650345377506,4
4308,mb-dielectric-4309,Li2ZrN2,Li-N-Zr,2.7710683258748188,4
4309,mb-dielectric-4310,CdTe,Cd-Te,2.9848566688089626,0
4310,mb-dielectric-4311,V3Zn2O8,O-V-Zn,2.5345428910686603,1
4311,mb-dielectric-4312,BPS4,B-P-S,1.8067505823069954,1
4313,mb-dielectric-4314,NaLi3(H2N)4,H-Li-N-Na,1.5966559846545947,1
4314,mb-dielectric-4315,YCuSe2,Cu-Se-Y,3.159491731275776,0
4315,mb-dielectric-4316,Li2VOF5,F-Li-O-V,1.501001110370453,1
4316,mb-dielectric-4317,Na4SnSe4,Na-Se-Sn,2.198704542831225,1
4317,mb-dielectric-4318,LiAlO2,Al-Li-O,1.6528749700647858,4
4318,mb-dielectric-4319,BaMgF4,Ba-F-Mg,1.5490857518773258,1
4319,mb-dielectric-4320,SnF2,F-Sn,1.822288030654503,1
4320,mb-dielectric-4321,Cu2SiS3,Cu-S-Si,3.0083417913085166,2
4322,mb-dielectric-4323,C3N4,C-N,2.2339099655064474,4
4323,mb-dielectric-4324,MnCO3,C-Mn-O,1.766548801099666,0
4324,mb-dielectric-4325,Li7V(O2F)2,F-Li-O-V,1.7290048197349441,1
4325,mb-dielectric-4326,LiSn2P4H3O16,H-Li-O-P-Sn,1.7011434389844966,0
4326,mb-dielectric-4327,Sr2Si5N8,N-Si-Sr,2.139908720794729,4
4329,mb-dielectric-4330,KCuO,Cu-K-O,1.9443680207203569,2
4331,mb-dielectric-4332,Ca(SnO2)2,Ca-O-Sn,2.2967627217455444,1
4332,mb-dielectric-4333,Sr2GeN2,Ge-N-Sr,5.898406338438657,4
4333,mb-dielectric-4334,NbO2F,F-Nb-O,2.3184599054832353,4
4334,mb-dielectric-4335,CsNiCl3,Cl-Cs-Ni,1.8654024588097122,2
4335,mb-dielectric-4336,Rb2PbO3,O-Pb-Rb,2.0708505498948977,4
4336,mb-dielectric-4337,Te2SO7,O-S-Te,2.0519031816015754,0
4337,mb-dielectric-4338,Na2CdSnS4,Cd-Na-S-Sn,2.113555377399261,2
4340,mb-dielectric-4341,K2NaAs,As-K-Na,3.1522185837914174,0
4341,mb-dielectric-4342,CsNO2,Cs-N-O,1.5537401112584206,0
4342,mb-dielectric-4343,Mg2NF,F-Mg-N,1.9465471995304777,2
4344,mb-dielectric-4345,CaCrF6,Ca-Cr-F,1.5374602433884135,4
4345,mb-dielectric-4346,LiScO2,Li-O-Sc,2.06315801624596,4
4346,mb-dielectric-4347,Si3Os2,Os-Si,4.432316098835913,1
4347,mb-dielectric-4348,Co(PtO2)3,Co-O-Pt,3.9821729830165165,0
4348,mb-dielectric-4349,CsHO,Cs-H-O,1.6762191583043868,1
4349,mb-dielectric-4350,ZnCN2,C-N-Zn,1.8859669491625066,0
4350,mb-dielectric-4351,SrHfO3,Hf-O-Sr,2.0871714511909736,0
4351,mb-dielectric-4352,MgH2,H-Mg,2.171032396503255,4
4352,mb-dielectric-4353,Mg(PtO2)3,Mg-O-Pt,3.874928644504288,2
4353,mb-dielectric-4354,LiVF6,F-Li-V,1.4314356429822523,4
4354,mb-dielectric-4355,LiGaO2,Ga-Li-O,1.823549652006584,1
4355,mb-dielectric-4356,Hg3Cl4O,Cl-Hg-O,2.035566014650471,1
4356,mb-dielectric-4357,ZrVF6,F-V-Zr,1.547578754054217,2
4358,mb-dielectric-4359,TlBrO3,Br-O-Tl,1.8871088998783387,1
4361,mb-dielectric-4362,ScSnAu,Au-Sc-Sn,4.592049651299512,4
4362,mb-dielectric-4363,FeH4S2NO8,Fe-H-N-O-S,1.755922929212248,4
4363,mb-dielectric-4364,Li6PS5I,I-Li-P-S,1.9817895952900741,1
4366,mb-dielectric-4367,MnP4,Mn-P,4.435425571464367,0
4369,mb-dielectric-4370,BaTe3,Ba-Te,3.7254402871785954,1
4370,mb-dielectric-4371,Ca5(SnAs3)2,As-Ca-Sn,3.93916234750486,2
4371,mb-dielectric-4372,Na4P2O7,Na-O-P,1.5137517409844103,4
4372,mb-dielectric-4373,FePO4,Fe-O-P,1.7262366581671238,0
4373,mb-dielectric-4374,SiO2,O-Si,1.5370968306084904,0
4374,mb-dielectric-4375,SrNb6O16,Nb-O-Sr,2.5786559160410008,4
4375,mb-dielectric-4376,Te(HO)6,H-O-Te,1.6140193100868816,1
4377,mb-dielectric-4378,FeSeBr7,Br-Fe-Se,2.180963548526201,0
4379,mb-dielectric-4380,Na3WN3,N-Na-W,2.1359083937909586,4
4380,mb-dielectric-4381,Li2MnSiO4,Li-Mn-O-Si,1.72140949999315,1
4381,mb-dielectric-4382,Ca3GaAs3,As-Ca-Ga,3.448526255276786,0
4383,mb-dielectric-4384,CaCO3,C-Ca-O,1.6465947690106797,1
4384,mb-dielectric-4385,CuP2,Cu-P,4.036087214122113,1
4387,mb-dielectric-4388,Li8Mn3CrO12,Cr-Li-Mn-O,2.6186640359796702,4
4388,mb-dielectric-4389,Mg2VN3,Mg-N-V,2.498795309744277,0
4389,mb-dielectric-4390,H7NO6,H-N-O,1.4546020074233366,0
4390,mb-dielectric-4391,Sn4OF6,F-O-Sn,1.8451706334826237,0
4391,mb-dielectric-4392,NaZr2SN2Cl,Cl-N-Na-S-Zr,2.4945010189080565,4
4392,mb-dielectric-4393,AlInCl4,Al-Cl-In,1.7360875553957524,2
4393,mb-dielectric-4394,ZnGeN2,Ge-N-Zn,2.4325427711210614,0
4394,mb-dielectric-4395,BaCoN,Ba-Co-N,9.523672575920138,2
4396,mb-dielectric-4397,K2HS2NO6,H-K-N-O-S,1.4356522327267607,1
4397,mb-dielectric-4398,BH4O2F3,B-F-H-O,1.3935566009315876,0
4398,mb-dielectric-4399,Ca4SiN4,Ca-N-Si,2.40906572485407,1
4399,mb-dielectric-4400,MnPH6NO5,H-Mn-N-O-P,1.6364484919076026,0
4400,mb-dielectric-4401,Ag3SI,Ag-I-S,2.941669423983599,4
4401,mb-dielectric-4402,Li4MnV2WO12,Li-Mn-O-V-W,2.800014642818855,2
4402,mb-dielectric-4403,Al(HO)3,Al-H-O,1.6199503078798436,2
4403,mb-dielectric-4404,NaV(OF)2,F-Na-O-V,1.8562304993364016,2
4404,mb-dielectric-4405,Li3Mn4(BO3)4,B-Li-Mn-O,1.9646103939458326,4
4405,mb-dielectric-4406,LiCrP2O7,Cr-Li-O-P,1.7508278994045456,4
4406,mb-dielectric-4407,BaSi2,Ba-Si,3.5132605938074106,4
4407,mb-dielectric-4408,Ba2Si5N8,Ba-N-Si,2.228562615977692,2
4408,mb-dielectric-4409,LiMn(PO3)4,Li-Mn-O-P,1.6287375479186323,1
4409,mb-dielectric-4410,Mn4OF8,F-Mn-O,1.9505832461087118,4
4410,mb-dielectric-4411,CrP2O7,Cr-O-P,2.331510454619494,2
4413,mb-dielectric-4414,Nb3TeI7,I-Nb-Te,2.936437751199009,2
4414,mb-dielectric-4415,V2O5,O-V,2.12694977216984,4
4415,mb-dielectric-4416,Li3MnV(P2O7)2,Li-Mn-O-P-V,1.6830746665948406,2
4416,mb-dielectric-4417,AsPbClO2,As-Cl-O-Pb,2.1108195091006716,4
4417,mb-dielectric-4418,SrAlH5,Al-H-Sr,2.128335030017596,1
4418,mb-dielectric-4419,Nd3Al3Si3(NO6)2,Al-N-Nd-O-Si,1.9422149726536453,4
4419,mb-dielectric-4420,Sb2O3,O-Sb,2.2375581929117883,0
4420,mb-dielectric-4421,K6CoSe4,Co-K-Se,2.0991275965664093,1
4424,mb-dielectric-4425,Te,Te,10.881819700769668,0
4425,mb-dielectric-4426,Li2Cr(H2O3)2,Cr-H-Li-O,1.6600029116440327,1
4426,mb-dielectric-4427,LiNbTe2WO12,Li-Nb-O-Te-W,2.372367734282918,0
4427,mb-dielectric-4428,CaZnAsHO5,As-Ca-H-O-Zn,1.8669311717361192,1
4428,mb-dielectric-4429,RbPS3,P-Rb-S,1.8712185869107114,0
4429,mb-dielectric-4430,Na4Al3Ge3B(HO3)4,Al-B-Ge-H-Na-O,1.5703598313762364,4
4430,mb-dielectric-4431,Ag2GePbS4,Ag-Ge-Pb-S,2.9279896402366816,0
4431,mb-dielectric-4432,Ca5Al6O14,Al-Ca-O,1.7549945868862376,2
4433,mb-dielectric-4434,Ca4ZrN4,Ca-N-Zr,2.4726394803933713,1
4436,mb-dielectric-4437,KNa(BH4)2,B-H-K-Na,1.5561705133755963,4
4437,mb-dielectric-4438,VBrO,Br-O-V,2.098171743844308,2
4438,mb-dielectric-4439,P(HO)3,H-O-P,1.5692940026224107,0
4439,mb-dielectric-4440,Lu2Sb2O7,Lu-O-Sb,2.154090063112497,4
4440,mb-dielectric-4441,LiScAs2O7,As-Li-O-Sc,1.8668637693557968,2
4442,mb-dielectric-4443,Mg2PN3,Mg-N-P,2.101834040387902,2
4443,mb-dielectric-4444,LiV(TeO4)3,Li-O-Te-V,2.2403193224776388,0
4444,mb-dielectric-4445,Na2CaSiO4,Ca-Na-O-Si,1.6812718400068445,2
4446,mb-dielectric-4447,Rb2As2Pt,As-Pt-Rb,2.892891921013758,0
4447,mb-dielectric-4448,LiCuS,Cu-Li-S,2.1496834650710794,0
4448,mb-dielectric-4449,KTa(CuSe2)2,Cu-K-Se-Ta,2.3756744305565105,4
4449,mb-dielectric-4450,NaClO3,Cl-Na-O,1.530454507654507,4
4450,mb-dielectric-4451,Ga2Te5,Ga-Te,3.7223200650592463,2
4451,mb-dielectric-4452,Li2VCr3O8,Cr-Li-O-V,2.5769265931855103,2
4452,mb-dielectric-4453,NdHO2,H-Nd-O,1.9605394665754627,2
4453,mb-dielectric-4454,TaAsO4,As-O-Ta,2.387299729820284,2
4454,mb-dielectric-4455,CrO3,Cr-O,2.09495401699735,0
4455,mb-dielectric-4456,K2MnH4(Cl2O)2,Cl-H-K-Mn-O,1.641002335972337,4
4456,mb-dielectric-4457,InSiTe3,In-Si-Te,3.54221997246548,2
4457,mb-dielectric-4458,TiBrN,Br-N-Ti,3.030498858823962,4
4458,mb-dielectric-4459,CaBr2,Br-Ca,1.7691806012954134,2
4459,mb-dielectric-4460,TiS3,S-Ti,3.168069864549497,2
4460,mb-dielectric-4461,H4CSN2,C-H-N-S,1.3694719176870087,4
4461,mb-dielectric-4462,Bi2O3,Bi-O,2.4951655255714003,4
4462,mb-dielectric-4463,Na3AsSe3,As-Na-Se,2.314664770544538,0
4463,mb-dielectric-4464,Ca5(GaAs3)2,As-Ca-Ga,3.7399197852360415,0
4464,mb-dielectric-4465,Li2MnBr4,Br-Li-Mn,1.9121541081547622,2
4465,mb-dielectric-4466,Na8Al6Si6CO27,Al-C-Na-O-Si,1.4688212961419098,4
4466,mb-dielectric-4467,Ca4Sb2S,Ca-S-Sb,3.0611080782400784,4
4467,mb-dielectric-4468,BaLiAs,As-Ba-Li,3.233096400253685,2
4468,mb-dielectric-4469,FeCl2,Cl-Fe,55.88597915995247,2
4469,mb-dielectric-4470,Ca2B2O5,B-Ca-O,1.6984477226769938,1
4471,mb-dielectric-4472,KVN2,K-N-V,3.5877492015654235,2
4472,mb-dielectric-4473,La3CuSnS7,Cu-La-S-Sn,2.7463078244557177,4
4474,mb-dielectric-4475,Rb2Pd3S4,Pd-Rb-S,2.689557055524758,2
4475,mb-dielectric-4476,SiCl2,Cl-Si,1.70496715510886,0
4476,mb-dielectric-4477,BaAl2Si3(NO)4,Al-Ba-N-O-Si,1.8433833025174118,1
4477,mb-dielectric-4478,SrGeN2,Ge-N-Sr,2.3920395760382673,4
4478,mb-dielectric-4479,ZnMo2O7,Mo-O-Zn,1.8230234959173364,2
4479,mb-dielectric-4480,LiSi2NiO6,Li-Ni-O-Si,1.8360254173984993,1
4482,mb-dielectric-4483,LiClO4,Cl-Li-O,1.5238110119040351,0
4484,mb-dielectric-4485,Ca2BeSi2O7,Be-Ca-O-Si,1.7298714788484528,2
4487,mb-dielectric-4488,Dy3CuGeSe7,Cu-Dy-Ge-Se,3.136551875334866,4
4488,mb-dielectric-4489,InBr,Br-In,2.615849129175877,1
4490,mb-dielectric-4491,Si,Si,3.606020382637906,2
4491,mb-dielectric-4492,RbC2N3,C-N-Rb,1.6355476147150225,2
4494,mb-dielectric-4495,YAgTe2,Ag-Te-Y,3.3514599803667657,2
4495,mb-dielectric-4496,K3As,As-K,3.7143415746715376,4
4496,mb-dielectric-4497,CdHgO2,Cd-Hg-O,2.40984715974548,2
4497,mb-dielectric-4498,NaLiSO4,Li-Na-O-S,1.5100310151340162,1
4498,mb-dielectric-4499,Ca(TbS2)2,Ca-S-Tb,2.7685363160582406,2
4499,mb-dielectric-4500,H4CSN2,C-H-N-S,1.7428649785147827,4
4500,mb-dielectric-4501,SrSe,Se-Sr,2.2753021777337876,1
4501,mb-dielectric-4502,CsCuSe4,Cs-Cu-Se,2.807886809209611,4
4502,mb-dielectric-4503,KF,F-K,1.4470659971128883,0
4503,mb-dielectric-4504,AgBr,Ag-Br,2.6130442016927824,2
4504,mb-dielectric-4505,Li2Te,Li-Te,2.228751518957051,0
4505,mb-dielectric-4506,Sr2BiAu,Au-Bi-Sr,5.218648771473319,4
4506,mb-dielectric-4507,Sc4C3,C-Sc,4.095160436417602,1
4507,mb-dielectric-4508,VRe2O9,O-Re-V,1.8323021039119067,4
4508,mb-dielectric-4509,Rb2O,O-Rb,1.8686001890952786,2
4509,mb-dielectric-4510,KZnF3,F-K-Zn,1.5328874714081269,1
4511,mb-dielectric-4512,NaSmO2,Na-O-Sm,1.9679518964310756,2
4514,mb-dielectric-4515,CaTe,Ca-Te,2.567489045741018,2
4516,mb-dielectric-4517,CrSi2,Cr-Si,5.530526647616844,0
4518,mb-dielectric-4519,CaO,Ca-O,1.9695177074605386,0
4519,mb-dielectric-4520,H2S,H-S,1.6121285101794254,0
4520,mb-dielectric-4521,GaCuS2,Cu-Ga-S,2.9624314335644395,4
4522,mb-dielectric-4523,CdAs2,As-Cd,3.8776681996615783,0
4523,mb-dielectric-4524,SrCa(CO3)2,C-Ca-O-Sr,1.6691703528000568,2
4525,mb-dielectric-4526,NbO2F,F-Nb-O,2.025471220893219,4
4527,mb-dielectric-4528,Li2Ta2(OF2)3,F-Li-O-Ta,1.6777932927906638,4
4529,mb-dielectric-4530,Sr(ErS2)2,Er-S-Sr,2.7038399237627466,0
4531,mb-dielectric-4532,NaF,F-Na,1.3852797551398057,1
4532,mb-dielectric-4533,Ba(PO3)2,Ba-O-P,1.6489882756809804,4
4534,mb-dielectric-4535,Na2PO3F,F-Na-O-P,1.4853846864252596,4
4535,mb-dielectric-4536,Zr2SeN2,N-Se-Zr,3.2989191664341626,1
4536,mb-dielectric-4537,H2O,H-O,1.4759687214391322,1
4537,mb-dielectric-4538,CsCaBr3,Br-Ca-Cs,1.7241165853851064,1
4538,mb-dielectric-4539,Ag2S,Ag-S,3.2924825992959583,2
4539,mb-dielectric-4540,SiO2,O-Si,1.4557910793333873,0
4540,mb-dielectric-4541,K2O,K-O,1.7838161340227878,2
4543,mb-dielectric-4544,SiO2,O-Si,1.4920604321988213,0
4544,mb-dielectric-4545,TlBr,Br-Tl,2.14876297746711,4
4545,mb-dielectric-4546,Li2TlBi,Bi-Li-Tl,9.769216959408778,2
4546,mb-dielectric-4547,Na3OsN2,N-Na-Os,2.225850698796605,4
4547,mb-dielectric-4548,InGeCl3,Cl-Ge-In,1.8873430177544994,2
4548,mb-dielectric-4549,Al2CdTe4,Al-Cd-Te,2.822188925875327,4
4549,mb-dielectric-4550,PdF4,F-Pd,2.312417638172943,0
4551,mb-dielectric-4552,Sr2HgPb,Hg-Pb-Sr,9.775962765886545,4
4552,mb-dielectric-4553,Tl3VS4,S-Tl-V,2.7242892651111785,0
4553,mb-dielectric-4554,LiAlO2,Al-Li-O,1.758407992095877,4
4554,mb-dielectric-4555,Sb2O3,O-Sb,2.060744202142034,0
4555,mb-dielectric-4556,PNF2,F-N-P,1.5368852700619304,0
4556,mb-dielectric-4557,Sr(PrS2)2,Pr-S-Sr,2.7369265000483054,4
4558,mb-dielectric-4559,Sr(GdS2)2,Gd-S-Sr,2.8005733936529995,4
4559,mb-dielectric-4560,Li3Sb,Li-Sb,3.1917080066948627,4
4560,mb-dielectric-4561,Y4Te3N2,N-Te-Y,2.9993037525399124,4
4561,mb-dielectric-4562,Li2Ti(TeO4)3,Li-O-Te-Ti,2.1129403683019548,1
4562,mb-dielectric-4563,SrF2,F-Sr,1.5261061562028153,0
4563,mb-dielectric-4564,MoF6,F-Mo,1.3860802045095735,2
4564,mb-dielectric-4565,NaNbN2,N-Na-Nb,2.5931195498858126,0
4566,mb-dielectric-4567,TlCl,Cl-Tl,2.019486155766691,4
4568,mb-dielectric-4569,BaO,Ba-O,2.064945519862451,1
4570,mb-dielectric-4571,SrO,O-Sr,1.9743353311938125,1
4571,mb-dielectric-4572,Ba2Ti(GeO4)2,Ba-Ge-O-Ti,1.8578130512334479,0
4573,mb-dielectric-4574,KNa2Sb,K-Na-Sb,3.0237842736103575,0
4574,mb-dielectric-4575,CaS,Ca-S,2.2333830840230333,0
4575,mb-dielectric-4576,YN,N-Y,3.927849284277742,0
4576,mb-dielectric-4577,LiCl,Cl-Li,1.7854971296533293,2
4577,mb-dielectric-4578,BPO4,B-O-P,1.6632627573537524,1
4578,mb-dielectric-4579,H2,H,1.1229425630903853,1
4579,mb-dielectric-4580,CeO2,Ce-O,2.8222331583340186,4
4581,mb-dielectric-4582,Na2Te,Na-Te,2.079102370414536,1
4582,mb-dielectric-4583,RbF,F-Rb,1.4349216006458494,4
4584,mb-dielectric-4585,KBr,Br-K,1.6595180023127352,2
4585,mb-dielectric-4586,CaMg2N2,Ca-Mg-N,2.4174805066432294,4
4588,mb-dielectric-4589,RbAlO2,Al-O-Rb,1.6711440193272795,1
4589,mb-dielectric-4590,BaO2,Ba-O,1.8761663039071308,1
4590,mb-dielectric-4591,K2Sn2O3,K-O-Sn,2.2098023290179984,1
4591,mb-dielectric-4592,Li2MnP2HO8,H-Li-Mn-O-P,1.8535591888760032,2
4592,mb-dielectric-4593,Sr5(SiN3)2,N-Si-Sr,2.330222521563123,4
4593,mb-dielectric-4594,Ca(HO)2,Ca-H-O,1.6263500033305665,1
4594,mb-dielectric-4595,Na2O,Na-O,1.8088670486016276,0
4595,mb-dielectric-4596,Li2O,Li-O,1.7092905230475297,1
4596,mb-dielectric-4597,MoSBr,Br-Mo-S,2.886779000893554,2
4597,mb-dielectric-4598,RbCl,Cl-Rb,1.5102979838429307,1
4598,mb-dielectric-4599,CaF2,Ca-F,1.536229149573748,2
4599,mb-dielectric-4600,AlGa3N4,Al-Ga-N,2.3573234822569424,1
4601,mb-dielectric-4602,BN,B-N,1.8909612194154957,0
4602,mb-dielectric-4603,LiF,F-Li,1.4543039572249332,2
4604,mb-dielectric-4605,RbBr,Br-Rb,1.5662056059151577,4
4609,mb-dielectric-4610,Rb3BrO,Br-O-Rb,1.8600943524455957,2
4611,mb-dielectric-4612,Ca2BiAu,Au-Bi-Ca,6.7268082327356415,0
4612,mb-dielectric-4613,H4NF,F-H-N,1.3336228852265566,0
4613,mb-dielectric-4614,NaCaAs,As-Ca-Na,2.5550108936493046,1
4614,mb-dielectric-4615,TlI,I-Tl,2.7237841324158674,4
4615,mb-dielectric-4616,NbCu3Se4,Cu-Nb-Se,2.7123699968846435,1
4616,mb-dielectric-4617,NaInTe2,In-Na-Te,3.073866457736902,4
4618,mb-dielectric-4619,Li3VS4,Li-S-V,1.7793327401023116,2
4619,mb-dielectric-4620,RbIO3,I-O-Rb,1.840225348519397,1
4620,mb-dielectric-4621,TlNO2,N-O-Tl,2.0202050225987787,2
4621,mb-dielectric-4622,KNa2CuO2,Cu-K-Na-O,1.8275043091604461,0
4622,mb-dielectric-4623,NaH,H-Na,1.7697457444503844,4
4623,mb-dielectric-4624,Li2CrWO6,Cr-Li-O-W,2.9391058731072173,4
4624,mb-dielectric-4625,NaSbF6,F-Na-Sb,1.3164345787011331,4
4625,mb-dielectric-4626,LiMn2(CO3)4,C-Li-Mn-O,1.9169762648504547,4
4627,mb-dielectric-4628,LiCrO2,Cr-Li-O,2.148335790016697,4
4630,mb-dielectric-4631,MgS,Mg-S,2.3238617285261154,4
4633,mb-dielectric-4634,Nd(PO3)3,Nd-O-P,1.6655688717872543,1
4634,mb-dielectric-4635,CsCl,Cl-Cs,1.6223439832538753,0
4635,mb-dielectric-4636,H6CNF,C-F-H-N,1.412383564522512,4
4636,mb-dielectric-4637,Sr2SnHg,Hg-Sn-Sr,8.319696148297727,2
4638,mb-dielectric-4639,CaCdGe,Ca-Cd-Ge,1.0,0
4639,mb-dielectric-4640,BaMgO2,Ba-Mg-O,1.9090904466089031,2
4640,mb-dielectric-4641,KNO2,K-N-O,1.4875324086105375,0
4641,mb-dielectric-4642,CsAlO2,Al-Cs-O,1.7960557712201892,2
4642,mb-dielectric-4643,K3CrO4,Cr-K-O,1.653402350709994,4
4643,mb-dielectric-4644,H12OsN5Cl3O,Cl-H-N-O-Os,1.6914716472153275,4
4646,mb-dielectric-4647,Ca3V2O7,Ca-O-V,2.4161158912601852,0
4647,mb-dielectric-4648,Re2O7,O-Re,1.5843084716472777,1
4650,mb-dielectric-4651,Sr(MgAs)2,As-Mg-Sr,2.9742814820041685,0
4651,mb-dielectric-4652,Ca2Tl2O5,Ca-O-Tl,2.4065481503597637,0
4652,mb-dielectric-4653,SnF4,F-Sn,1.5883249588775015,1
4653,mb-dielectric-4654,Zn3Mo2O7,Mo-O-Zn,2.4928594023731065,2
4654,mb-dielectric-4655,CsGeBr3,Br-Cs-Ge,2.1160692332719173,4
4656,mb-dielectric-4657,CsK2Bi,Bi-Cs-K,3.4020460020405365,1
4657,mb-dielectric-4658,AlFe(WO4)2,Al-Fe-O-W,2.132404198707803,0
4658,mb-dielectric-4659,Ba2YCr3O7,Ba-Cr-O-Y,2.4300441011159153,0
4659,mb-dielectric-4660,LiCuS,Cu-Li-S,2.6781400262122212,0
4660,mb-dielectric-4661,Cs2MgP4(HO2)8,Cs-H-Mg-O-P,1.5453422490395667,4
4661,mb-dielectric-4662,Er2Be2GeO7,Be-Er-Ge-O,1.9367237799954848,0
4662,mb-dielectric-4663,Dy2Be2GeO7,Be-Dy-Ge-O,1.9430048893402196,1
4663,mb-dielectric-4664,Mg(SbO3)2,Mg-O-Sb,2.1162911510972457,1
4664,mb-dielectric-4665,Sr4MgCr2(SO3)2,Cr-Mg-O-S-Sr,2.1846424573981587,1
4666,mb-dielectric-4667,LiMnPO4,Li-Mn-O-P,1.6219987669539087,1
4667,mb-dielectric-4668,Sm2Be2GeO7,Be-Ge-O-Sm,1.956367381994837,4
4668,mb-dielectric-4669,H4SO5,H-O-S,1.501110699893027,0
4669,mb-dielectric-4670,Zr2SN2,N-S-Zr,3.0886556406739043,4
4671,mb-dielectric-4672,RbSrCO3F,C-F-O-Rb-Sr,1.5378396101891414,4
4672,mb-dielectric-4673,Zn2CuWO6,Cu-O-W-Zn,2.5738881742090767,2
4673,mb-dielectric-4674,Mg2SnWO6,Mg-O-Sn-W,2.2116958802391133,0
4674,mb-dielectric-4675,Na3GePCO7,C-Ge-Na-O-P,1.6584924881751297,0
4675,mb-dielectric-4676,Ag2H2IOF,Ag-F-H-I-O,2.0236486849253255,2
4678,mb-dielectric-4679,TeS7Br2,Br-S-Te,1.8409236811991962,2
4680,mb-dielectric-4681,CaFe2(SiO3)4,Ca-Fe-O-Si,1.8716966456488973,4
4681,mb-dielectric-4682,Mn2ZnO4,Mn-O-Zn,3.1857533907486726,1
4682,mb-dielectric-4683,NaHO,H-Na-O,1.5454990564000137,1
4683,mb-dielectric-4684,Ca2CrWO6,Ca-Cr-O-W,2.255897677939612,1
4684,mb-dielectric-4685,MgV2O4,Mg-O-V,2.1743921756052487,1
4685,mb-dielectric-4686,Ca2Sn3O8,Ca-O-Sn,1.933461231401694,1
4686,mb-dielectric-4687,Ba8P5Br,Ba-Br-P,2.949222778970758,0
4687,mb-dielectric-4688,TiF4,F-Ti,1.5646068728810656,4
4689,mb-dielectric-4690,Li2WS4,Li-S-W,1.7991919482552898,1
4691,mb-dielectric-4692,LiLaNb2O7,La-Li-Nb-O,2.1768326378785607,0
4692,mb-dielectric-4693,CsNaS,Cs-Na-S,1.9605632694032937,0
4693,mb-dielectric-4694,K2PdCl4,Cl-K-Pd,1.8294736948095207,0
4694,mb-dielectric-4695,WF4,F-W,1.503084051763795,1
4695,mb-dielectric-4696,LiHSeO3,H-Li-O-Se,1.642558979154173,1
4696,mb-dielectric-4697,NaHfPCO7,C-Hf-Na-O-P,1.5729050617673443,1
4698,mb-dielectric-4699,SnO2,O-Sn,2.17780455198961,4
4699,mb-dielectric-4700,Li4Al3Ge3ClO12,Al-Cl-Ge-Li-O,1.612166864812697,0
4700,mb-dielectric-4701,MgFeF4,F-Fe-Mg,1.535095081766288,0
4702,mb-dielectric-4703,Ge2N2O,Ge-N-O,2.0910606559032825,2
4705,mb-dielectric-4706,ZrSiPt,Pt-Si-Zr,4.056564104427945,4
4706,mb-dielectric-4707,Au(OF3)2,Au-F-O,2.976079524027094,4
4707,mb-dielectric-4708,Cs2HfF6,Cs-F-Hf,1.4890547337153208,0
4708,mb-dielectric-4709,CdSiAs2,As-Cd-Si,3.7516148078749585,1
4709,mb-dielectric-4710,La2ZnGa2S6O,Ga-La-O-S-Zn,2.419686963224789,0
4710,mb-dielectric-4711,Rb2MgP4(HO2)8,H-Mg-O-P-Rb,1.526895652405014,0
4711,mb-dielectric-4712,MoF4,F-Mo,1.6277126077208266,2
4712,mb-dielectric-4713,Mo2O5,Mo-O,1.9247618034447795,1
4713,mb-dielectric-4714,Li2Mn2Si2O7,Li-Mn-O-Si,1.7696952656695824,1
4714,mb-dielectric-4715,MnCu2SiS4,Cu-Mn-S-Si,2.835042562878613,1
4715,mb-dielectric-4716,Ca2ZnN2,Ca-N-Zn,2.5205810539864615,2
4716,mb-dielectric-4717,Sr2AsAu,As-Au-Sr,4.783777691323036,2
4717,mb-dielectric-4718,Sr2SbAu,Au-Sb-Sr,5.227213406778045,1
4719,mb-dielectric-4720,BaCuPClO4,Ba-Cl-Cu-O-P,1.9667517213246142,0
4722,mb-dielectric-4723,Cd(SbO3)2,Cd-O-Sb,2.060176610552277,2
4723,mb-dielectric-4724,MgMn2O4,Mg-Mn-O,2.9420776672277027,2
4724,mb-dielectric-4725,ZnCr2O7,Cr-O-Zn,1.8991837720452434,1
4725,mb-dielectric-4726,MgCuF4,Cu-F-Mg,1.6547591623500362,2
4728,mb-dielectric-4729,CrCuSe2,Cr-Cu-Se,4.461101956542428,2
4729,mb-dielectric-4730,BaCuB2O5,B-Ba-Cu-O,1.9877158582990007,4
4730,mb-dielectric-4731,TiNCl,Cl-N-Ti,2.9276512201194094,1
4731,mb-dielectric-4732,Ba(MgSb)2,Ba-Mg-Sb,3.264920928087952,4
4732,mb-dielectric-4733,YCr(WO4)2,Cr-O-W-Y,2.1688898081737578,2
4733,mb-dielectric-4734,Ca3Mo2O7,Ca-Mo-O,2.2470000741729703,4
4734,mb-dielectric-4735,Mg2Ti3O8,Mg-O-Ti,2.244229192098414,2
4735,mb-dielectric-4736,Rb2ZnCl4,Cl-Rb-Zn,1.585442735221511,1
4736,mb-dielectric-4737,LiHfPCO7,C-Hf-Li-O-P,1.5967435611268328,2
4737,mb-dielectric-4738,TlH4NCl4,Cl-H-N-Tl,1.6905391644876693,2
4738,mb-dielectric-4739,CaCr2O4,Ca-Cr-O,2.0966540010216206,2
4739,mb-dielectric-4740,KYSiS4,K-S-Si-Y,2.125647744414237,2
4740,mb-dielectric-4741,YFe(WO4)2,Fe-O-W-Y,2.129931376046343,2
4742,mb-dielectric-4743,TeBr2,Br-Te,2.3036926878383754,0
4743,mb-dielectric-4744,CrPO5,Cr-O-P,2.194524490504956,2
4744,mb-dielectric-4745,NaLi2Bi,Bi-Li-Na,4.063563460806292,0
4745,mb-dielectric-4746,RbF2,F-Rb,1.4274686219551962,4
4746,mb-dielectric-4747,LiMnPO4,Li-Mn-O-P,1.5475493530094577,1
4747,mb-dielectric-4748,Li5Mn(SiO4)2,Li-Mn-O-Si,1.9922823595063026,1
4748,mb-dielectric-4749,Sr3MoN4,Mo-N-Sr,2.2858304107406275,4
4749,mb-dielectric-4750,Rb2SeCl6,Cl-Rb-Se,1.7934413846011281,0
4750,mb-dielectric-4751,Zn3W2O7,O-W-Zn,2.2951649904382325,4
4752,mb-dielectric-4753,MgCrO2,Cr-Mg-O,2.045618899298044,2
4754,mb-dielectric-4755,NaSrFeF6,F-Fe-Na-Sr,1.4800124999472133,2
4755,mb-dielectric-4756,H5NO,H-N-O,1.446835627614047,0
4756,mb-dielectric-4757,CsNdNb2O7,Cs-Nb-Nd-O,2.134236865954667,2
4757,mb-dielectric-4758,MoWO6,Mo-O-W,2.506033451390962,2
4758,mb-dielectric-4759,Cr2O5,Cr-O,2.4582941917787897,0
4760,mb-dielectric-4761,La4MnS6O,La-Mn-O-S,2.6906188879004733,2
4762,mb-dielectric-4763,K2ZnH4(I2O7)2,H-I-K-O-Zn,1.832887066897467,4
4763,mb-dielectric-4764,CsGeBr3,Br-Cs-Ge,2.559278804663532,4
